0.040000 0.000000 -0.160000 0.493069
0.040000 0.000000 -0.158325 0.493069
0.040000 0.000000 -0.156649 0.493069
0.040000 0.000000 -0.154974 0.493069
0.040000 0.000000 -0.153298 0.493069
0.040000 0.000000 -0.151623 0.493069
0.040000 0.000000 -0.149948 0.493069
0.040000 0.000000 -0.148272 0.493069
0.040000 0.000000 -0.146597 0.493069
0.040000 0.000000 -0.144921 0.493069
0.040000 0.000000 -0.143246 0.493069
0.040000 0.000000 -0.141571 0.493069
0.040000 0.000000 -0.139895 0.493069
0.040000 0.000000 -0.138220 0.493069
0.040000 0.000000 -0.136545 0.493069
0.040000 0.000000 -0.134869 0.493069
0.040000 0.000000 -0.133194 0.493069
0.040000 0.000000 -0.131518 0.493069
0.040000 0.000000 -0.129843 0.493069
0.040000 0.000000 -0.128168 0.493069
0.040000 0.000000 -0.126492 0.493069
0.040000 0.000000 -0.124817 0.493069
0.040000 0.000000 -0.123141 0.493069
0.040000 0.000000 -0.121466 0.493069
0.040000 0.000000 -0.119791 0.493069
0.040000 0.000000 -0.118115 0.493069
0.040000 0.000000 -0.116440 0.493069
0.040000 0.000000 -0.114764 0.493069
0.040000 0.000000 -0.113089 0.493069
0.040000 0.000000 -0.111414 0.493069
0.040000 0.000000 -0.109738 0.493069
0.040000 0.000000 -0.108063 0.493069
0.040000 0.000000 -0.106387 0.493069
0.040000 0.000000 -0.104712 0.493069
0.040000 0.000000 -0.103037 0.493069
0.040000 0.000000 -0.101361 0.493069
0.040000 0.000000 -0.099686 0.493069
0.040000 0.000000 -0.098010 0.493069
0.040000 0.000000 -0.096335 0.493069
0.040000 0.000000 -0.094660 0.493069
0.040000 0.000000 -0.092984 0.493069
0.040000 0.000000 -0.091309 0.493069
0.040000 0.000000 -0.089634 0.493069
0.040000 0.000000 -0.087958 0.493069
0.040000 0.000000 -0.086283 0.493069
0.040000 0.000000 -0.084607 0.493069
0.040000 0.000000 -0.082932 0.493069
0.040000 0.000000 -0.081257 0.493069
0.040000 0.000000 -0.079581 0.493069
0.040000 0.000000 -0.077906 0.493069
0.040000 0.000000 -0.076230 0.493069
0.040000 0.000000 -0.074555 0.493069
0.040000 0.000000 -0.072880 0.493069
0.040000 0.000000 -0.071204 0.493069
0.040000 0.000000 -0.069529 0.493069
0.040000 0.000000 -0.067853 0.493069
0.040000 0.000000 -0.066178 0.493069
0.040000 0.000000 -0.064503 0.493069
0.040000 0.000000 -0.062827 0.493069
0.040000 0.000000 -0.061152 0.493069
0.040000 0.000000 -0.059476 0.493069
0.040000 0.000000 -0.057801 0.493069
0.040000 0.000000 -0.056126 0.493069
0.040000 0.000000 -0.054450 0.493069
0.040000 0.000000 -0.052775 0.493069
0.040000 0.000000 -0.051099 0.493069
0.040000 0.000000 -0.049424 0.493069
0.040000 0.000000 -0.047749 0.493069
0.040000 0.000000 -0.046073 0.493069
0.040000 0.000000 -0.044398 0.493069
0.040000 0.000000 -0.042723 0.493069
0.040000 0.000000 -0.041047 0.493069
0.040000 0.000000 -0.039372 0.493069
0.040000 0.000000 -0.037696 0.493069
0.040000 0.000000 -0.036021 0.493069
0.040000 0.000000 -0.034346 0.493069
0.040000 0.000000 -0.032670 0.493069
0.040000 0.000000 -0.030995 0.493069
0.040000 0.000000 -0.029319 0.493069
0.040000 0.000000 -0.027644 0.493069
0.040000 0.000000 -0.025969 0.493069
0.040000 0.000000 -0.024293 0.493069
0.040000 0.000000 -0.022618 0.493069
0.040000 0.000000 -0.020942 0.493069
0.040000 0.000000 -0.019267 0.493069
0.040000 0.000000 -0.017592 0.493069
0.040000 0.000000 -0.015916 0.493069
0.040000 0.000000 -0.014241 0.493069
0.040000 0.000000 -0.012565 0.493069
0.040000 0.000000 -0.010890 0.493069
0.040000 0.000000 -0.009215 0.493069
0.040000 0.000000 -0.007539 0.493069
0.040000 0.000000 -0.005864 0.493069
0.040000 0.000000 -0.004188 0.493069
0.040000 0.000000 -0.002513 0.493069
0.040000 0.000000 -0.000838 0.493069
0.040000 0.000000 0.000838 0.493069
0.040000 0.000000 0.002513 0.493069
0.040000 0.000000 0.004188 0.493069
0.040000 0.000000 0.005864 0.493069
0.040000 0.000000 0.007539 0.493069
0.040000 0.000000 0.009215 0.493069
0.040000 0.000000 0.010890 0.493069
0.040000 0.000000 0.012565 0.493069
0.040000 0.000000 0.014241 0.493069
0.040000 0.000000 0.015916 0.493069
0.040000 0.000000 0.017592 0.493069
0.040000 0.000000 0.019267 0.493069
0.040000 0.000000 0.020942 0.493069
0.040000 0.000000 0.022618 0.493069
0.040000 0.000000 0.024293 0.493069
0.040000 0.000000 0.025969 0.493069
0.040000 0.000000 0.027644 0.493069
0.040000 0.000000 0.029319 0.493069
0.040000 0.000000 0.030995 0.493069
0.040000 0.000000 0.032670 0.493069
0.040000 0.000000 0.034346 0.493069
0.040000 0.000000 0.036021 0.493069
0.040000 0.000000 0.037696 0.493069
0.040000 0.000000 0.039372 0.493069
0.040000 0.000000 0.041047 0.493069
0.040000 0.000000 0.042723 0.493069
0.040000 0.000000 0.044398 0.493069
0.040000 0.000000 0.046073 0.493069
0.040000 0.000000 0.047749 0.493069
0.040000 0.000000 0.049424 0.493069
0.040000 0.000000 0.051099 0.493069
0.040000 0.000000 0.052775 0.493069
0.040000 0.000000 0.054450 0.493069
0.040000 0.000000 0.056126 0.493069
0.040000 0.000000 0.057801 0.493069
0.040000 0.000000 0.059476 0.493069
0.040000 0.000000 0.061152 0.493069
0.040000 0.000000 0.062827 0.493069
0.040000 0.000000 0.064503 0.493069
0.040000 0.000000 0.066178 0.493069
0.040000 0.000000 0.067853 0.493069
0.040000 0.000000 0.069529 0.493069
0.040000 0.000000 0.071204 0.493069
0.040000 0.000000 0.072880 0.493069
0.040000 0.000000 0.074555 0.493069
0.040000 0.000000 0.076230 0.493069
0.040000 0.000000 0.077906 0.493069
0.040000 0.000000 0.079581 0.493069
0.040000 0.000000 0.081257 0.493069
0.040000 0.000000 0.082932 0.493069
0.040000 0.000000 0.084607 0.493069
0.040000 0.000000 0.086283 0.493069
0.040000 0.000000 0.087958 0.493069
0.040000 0.000000 0.089634 0.493069
0.040000 0.000000 0.091309 0.493069
0.040000 0.000000 0.092984 0.493069
0.040000 0.000000 0.094660 0.493069
0.040000 0.000000 0.096335 0.493069
0.040000 0.000000 0.098010 0.493069
0.040000 0.000000 0.099686 0.493069
0.040000 0.000000 0.101361 0.493069
0.040000 0.000000 0.103037 0.493069
0.040000 0.000000 0.104712 0.493069
0.040000 0.000000 0.106387 0.493069
0.040000 0.000000 0.108063 0.493069
0.040000 0.000000 0.109738 0.493069
0.040000 0.000000 0.111414 0.493069
0.040000 0.000000 0.113089 0.493069
0.040000 0.000000 0.114764 0.493069
0.040000 0.000000 0.116440 0.493069
0.040000 0.000000 0.118115 0.493069
0.040000 0.000000 0.119791 0.493069
0.040000 0.000000 0.121466 0.493069
0.040000 0.000000 0.123141 0.493069
0.040000 0.000000 0.124817 0.493069
0.040000 0.000000 0.126492 0.493069
0.040000 0.000000 0.128168 0.493069
0.040000 0.000000 0.129843 0.493069
0.040000 0.000000 0.131518 0.493069
0.040000 0.000000 0.133194 0.493069
0.040000 0.000000 0.134869 0.493069
0.040000 0.000000 0.136545 0.493069
0.040000 0.000000 0.138220 0.493069
0.040000 0.000000 0.139895 0.493069
0.040000 0.000000 0.141571 0.493069
0.040000 0.000000 0.143246 0.493069
0.040000 0.000000 0.144921 0.493069
0.040000 0.000000 0.146597 0.493069
0.040000 0.000000 0.148272 0.493069
0.040000 0.000000 0.149948 0.493069
0.040000 0.000000 0.151623 0.493069
0.040000 0.000000 0.153298 0.493069
0.040000 0.000000 0.154974 0.493069
0.040000 0.000000 0.156649 0.493069
0.040000 0.000000 0.158325 0.493069
0.040000 0.000000 0.160000 0.493069
0.040000 0.001702 -0.160000 0.500461
0.040000 0.001702 -0.158325 0.500461
0.040000 0.001702 -0.156649 0.500461
0.040000 0.001702 -0.154974 0.500461
0.040000 0.001702 -0.153298 0.500461
0.040000 0.001702 -0.151623 0.500461
0.040000 0.001702 -0.149948 0.500461
0.040000 0.001702 -0.148272 0.500461
0.040000 0.001702 -0.146597 0.500461
0.040000 0.001702 -0.144921 0.500461
0.040000 0.001702 -0.143246 0.500461
0.040000 0.001702 -0.141571 0.500461
0.040000 0.001702 -0.139895 0.500461
0.040000 0.001702 -0.138220 0.500461
0.040000 0.001702 -0.136545 0.500461
0.040000 0.001702 -0.134869 0.500461
0.040000 0.001702 -0.133194 0.500461
0.040000 0.001702 -0.131518 0.500461
0.040000 0.001702 -0.129843 0.500461
0.040000 0.001702 -0.128168 0.500461
0.040000 0.001702 -0.126492 0.500461
0.040000 0.001702 -0.124817 0.500461
0.040000 0.001702 -0.123141 0.500461
0.040000 0.001702 -0.121466 0.500461
0.040000 0.001702 -0.119791 0.500461
0.040000 0.001702 -0.118115 0.500461
0.040000 0.001702 -0.116440 0.500461
0.040000 0.001702 -0.114764 0.500461
0.040000 0.001702 -0.113089 0.500461
0.040000 0.001702 -0.111414 0.500461
0.040000 0.001702 -0.109738 0.500461
0.040000 0.001702 -0.108063 0.500461
0.040000 0.001702 -0.106387 0.500461
0.040000 0.001702 -0.104712 0.500461
0.040000 0.001702 -0.103037 0.500461
0.040000 0.001702 -0.101361 0.500461
0.040000 0.001702 -0.099686 0.500461
0.040000 0.001702 -0.098010 0.500461
0.040000 0.001702 -0.096335 0.500461
0.040000 0.001702 -0.094660 0.500461
0.040000 0.001702 -0.092984 0.500461
0.040000 0.001702 -0.091309 0.500461
0.040000 0.001702 -0.089634 0.500461
0.040000 0.001702 -0.087958 0.500461
0.040000 0.001702 -0.086283 0.500461
0.040000 0.001702 -0.084607 0.500461
0.040000 0.001702 -0.082932 0.500461
0.040000 0.001702 -0.081257 0.500461
0.040000 0.001702 -0.079581 0.500461
0.040000 0.001702 -0.077906 0.500461
0.040000 0.001702 -0.076230 0.500461
0.040000 0.001702 -0.074555 0.500461
0.040000 0.001702 -0.072880 0.500461
0.040000 0.001702 -0.071204 0.500461
0.040000 0.001702 -0.069529 0.500461
0.040000 0.001702 -0.067853 0.500461
0.040000 0.001702 -0.066178 0.500461
0.040000 0.001702 -0.064503 0.500461
0.040000 0.001702 -0.062827 0.500461
0.040000 0.001702 -0.061152 0.500461
0.040000 0.001702 -0.059476 0.500461
0.040000 0.001702 -0.057801 0.500461
0.040000 0.001702 -0.056126 0.500461
0.040000 0.001702 -0.054450 0.500461
0.040000 0.001702 -0.052775 0.500461
0.040000 0.001702 -0.051099 0.500461
0.040000 0.001702 -0.049424 0.500461
0.040000 0.001702 -0.047749 0.500461
0.040000 0.001702 -0.046073 0.500461
0.040000 0.001702 -0.044398 0.500461
0.040000 0.001702 -0.042723 0.500461
0.040000 0.001702 -0.041047 0.500461
0.040000 0.001702 -0.039372 0.500461
0.040000 0.001702 -0.037696 0.500461
0.040000 0.001702 -0.036021 0.500461
0.040000 0.001702 -0.034346 0.500461
0.040000 0.001702 -0.032670 0.500461
0.040000 0.001702 -0.030995 0.500461
0.040000 0.001702 -0.029319 0.500461
0.040000 0.001702 -0.027644 0.500461
0.040000 0.001702 -0.025969 0.500461
0.040000 0.001702 -0.024293 0.500461
0.040000 0.001702 -0.022618 0.500461
0.040000 0.001702 -0.020942 0.500461
0.040000 0.001702 -0.019267 0.500461
0.040000 0.001702 -0.017592 0.500461
0.040000 0.001702 -0.015916 0.500461
0.040000 0.001702 -0.014241 0.500461
0.040000 0.001702 -0.012565 0.500461
0.040000 0.001702 -0.010890 0.500461
0.040000 0.001702 -0.009215 0.500461
0.040000 0.001702 -0.007539 0.500461
0.040000 0.001702 -0.005864 0.500461
0.040000 0.001702 -0.004188 0.500461
0.040000 0.001702 -0.002513 0.500461
0.040000 0.001702 -0.000838 0.500461
0.040000 0.001702 0.000838 0.500461
0.040000 0.001702 0.002513 0.500461
0.040000 0.001702 0.004188 0.500461
0.040000 0.001702 0.005864 0.500461
0.040000 0.001702 0.007539 0.500461
0.040000 0.001702 0.009215 0.500461
0.040000 0.001702 0.010890 0.500461
0.040000 0.001702 0.012565 0.500461
0.040000 0.001702 0.014241 0.500461
0.040000 0.001702 0.015916 0.500461
0.040000 0.001702 0.017592 0.500461
0.040000 0.001702 0.019267 0.500461
0.040000 0.001702 0.020942 0.500461
0.040000 0.001702 0.022618 0.500461
0.040000 0.001702 0.024293 0.500461
0.040000 0.001702 0.025969 0.500461
0.040000 0.001702 0.027644 0.500461
0.040000 0.001702 0.029319 0.500461
0.040000 0.001702 0.030995 0.500461
0.040000 0.001702 0.032670 0.500461
0.040000 0.001702 0.034346 0.500461
0.040000 0.001702 0.036021 0.500461
0.040000 0.001702 0.037696 0.500461
0.040000 0.001702 0.039372 0.500461
0.040000 0.001702 0.041047 0.500461
0.040000 0.001702 0.042723 0.500461
0.040000 0.001702 0.044398 0.500461
0.040000 0.001702 0.046073 0.500461
0.040000 0.001702 0.047749 0.500461
0.040000 0.001702 0.049424 0.500461
0.040000 0.001702 0.051099 0.500461
0.040000 0.001702 0.052775 0.500461
0.040000 0.001702 0.054450 0.500461
0.040000 0.001702 0.056126 0.500461
0.040000 0.001702 0.057801 0.500461
0.040000 0.001702 0.059476 0.500461
0.040000 0.001702 0.061152 0.500461
0.040000 0.001702 0.062827 0.500461
0.040000 0.001702 0.064503 0.500461
0.040000 0.001702 0.066178 0.500461
0.040000 0.001702 0.067853 0.500461
0.040000 0.001702 0.069529 0.500461
0.040000 0.001702 0.071204 0.500461
0.040000 0.001702 0.072880 0.500461
0.040000 0.001702 0.074555 0.500461
0.040000 0.001702 0.076230 0.500461
0.040000 0.001702 0.077906 0.500461
0.040000 0.001702 0.079581 0.500461
0.040000 0.001702 0.081257 0.500461
0.040000 0.001702 0.082932 0.500461
0.040000 0.001702 0.084607 0.500461
0.040000 0.001702 0.086283 0.500461
0.040000 0.001702 0.087958 0.500461
0.040000 0.001702 0.089634 0.500461
0.040000 0.001702 0.091309 0.500461
0.040000 0.001702 0.092984 0.500461
0.040000 0.001702 0.094660 0.500461
0.040000 0.001702 0.096335 0.500461
0.040000 0.001702 0.098010 0.500461
0.040000 0.001702 0.099686 0.500461
0.040000 0.001702 0.101361 0.500461
0.040000 0.001702 0.103037 0.500461
0.040000 0.001702 0.104712 0.500461
0.040000 0.001702 0.106387 0.500461
0.040000 0.001702 0.108063 0.500461
0.040000 0.001702 0.109738 0.500461
0.040000 0.001702 0.111414 0.500461
0.040000 0.001702 0.113089 0.500461
0.040000 0.001702 0.114764 0.500461
0.040000 0.001702 0.116440 0.500461
0.040000 0.001702 0.118115 0.500461
0.040000 0.001702 0.119791 0.500461
0.040000 0.001702 0.121466 0.500461
0.040000 0.001702 0.123141 0.500461
0.040000 0.001702 0.124817 0.500461
0.040000 0.001702 0.126492 0.500461
0.040000 0.001702 0.128168 0.500461
0.040000 0.001702 0.129843 0.500461
0.040000 0.001702 0.131518 0.500461
0.040000 0.001702 0.133194 0.500461
0.040000 0.001702 0.134869 0.500461
0.040000 0.001702 0.136545 0.500461
0.040000 0.001702 0.138220 0.500461
0.040000 0.001702 0.139895 0.500461
0.040000 0.001702 0.141571 0.500461
0.040000 0.001702 0.143246 0.500461
0.040000 0.001702 0.144921 0.500461
0.040000 0.001702 0.146597 0.500461
0.040000 0.001702 0.148272 0.500461
0.040000 0.001702 0.149948 0.500461
0.040000 0.001702 0.151623 0.500461
0.040000 0.001702 0.153298 0.500461
0.040000 0.001702 0.154974 0.500461
0.040000 0.001702 0.156649 0.500461
0.040000 0.001702 0.158325 0.500461
0.040000 0.001702 0.160000 0.500461
0.040000 0.003404 -0.160000 0.507791
0.040000 0.003404 -0.158325 0.507791
0.040000 0.003404 -0.156649 0.507791
0.040000 0.003404 -0.154974 0.507791
0.040000 0.003404 -0.153298 0.507791
0.040000 0.003404 -0.151623 0.507791
0.040000 0.003404 -0.149948 0.507791
0.040000 0.003404 -0.148272 0.507791
0.040000 0.003404 -0.146597 0.507791
0.040000 0.003404 -0.144921 0.507791
0.040000 0.003404 -0.143246 0.507791
0.040000 0.003404 -0.141571 0.507791
0.040000 0.003404 -0.139895 0.507791
0.040000 0.003404 -0.138220 0.507791
0.040000 0.003404 -0.136545 0.507791
0.040000 0.003404 -0.134869 0.507791
0.040000 0.003404 -0.133194 0.507791
0.040000 0.003404 -0.131518 0.507791
0.040000 0.003404 -0.129843 0.507791
0.040000 0.003404 -0.128168 0.507791
0.040000 0.003404 -0.126492 0.507791
0.040000 0.003404 -0.124817 0.507791
0.040000 0.003404 -0.123141 0.507791
0.040000 0.003404 -0.121466 0.507791
0.040000 0.003404 -0.119791 0.507791
0.040000 0.003404 -0.118115 0.507791
0.040000 0.003404 -0.116440 0.507791
0.040000 0.003404 -0.114764 0.507791
0.040000 0.003404 -0.113089 0.507791
0.040000 0.003404 -0.111414 0.507791
0.040000 0.003404 -0.109738 0.507791
0.040000 0.003404 -0.108063 0.507791
0.040000 0.003404 -0.106387 0.507791
0.040000 0.003404 -0.104712 0.507791
0.040000 0.003404 -0.103037 0.507791
0.040000 0.003404 -0.101361 0.507791
0.040000 0.003404 -0.099686 0.507791
0.040000 0.003404 -0.098010 0.507791
0.040000 0.003404 -0.096335 0.507791
0.040000 0.003404 -0.094660 0.507791
0.040000 0.003404 -0.092984 0.507791
0.040000 0.003404 -0.091309 0.507791
0.040000 0.003404 -0.089634 0.507791
0.040000 0.003404 -0.087958 0.507791
0.040000 0.003404 -0.086283 0.507791
0.040000 0.003404 -0.084607 0.507791
0.040000 0.003404 -0.082932 0.507791
0.040000 0.003404 -0.081257 0.507791
0.040000 0.003404 -0.079581 0.507791
0.040000 0.003404 -0.077906 0.507791
0.040000 0.003404 -0.076230 0.507791
0.040000 0.003404 -0.074555 0.507791
0.040000 0.003404 -0.072880 0.507791
0.040000 0.003404 -0.071204 0.507791
0.040000 0.003404 -0.069529 0.507791
0.040000 0.003404 -0.067853 0.507791
0.040000 0.003404 -0.066178 0.507791
0.040000 0.003404 -0.064503 0.507791
0.040000 0.003404 -0.062827 0.507791
0.040000 0.003404 -0.061152 0.507791
0.040000 0.003404 -0.059476 0.507791
0.040000 0.003404 -0.057801 0.507791
0.040000 0.003404 -0.056126 0.507791
0.040000 0.003404 -0.054450 0.507791
0.040000 0.003404 -0.052775 0.507791
0.040000 0.003404 -0.051099 0.507791
0.040000 0.003404 -0.049424 0.507791
0.040000 0.003404 -0.047749 0.507791
0.040000 0.003404 -0.046073 0.507791
0.040000 0.003404 -0.044398 0.507791
0.040000 0.003404 -0.042723 0.507791
0.040000 0.003404 -0.041047 0.507791
0.040000 0.003404 -0.039372 0.507791
0.040000 0.003404 -0.037696 0.507791
0.040000 0.003404 -0.036021 0.507791
0.040000 0.003404 -0.034346 0.507791
0.040000 0.003404 -0.032670 0.507791
0.040000 0.003404 -0.030995 0.507791
0.040000 0.003404 -0.029319 0.507791
0.040000 0.003404 -0.027644 0.507791
0.040000 0.003404 -0.025969 0.507791
0.040000 0.003404 -0.024293 0.507791
0.040000 0.003404 -0.022618 0.507791
0.040000 0.003404 -0.020942 0.507791
0.040000 0.003404 -0.019267 0.507791
0.040000 0.003404 -0.017592 0.507791
0.040000 0.003404 -0.015916 0.507791
0.040000 0.003404 -0.014241 0.507791
0.040000 0.003404 -0.012565 0.507791
0.040000 0.003404 -0.010890 0.507791
0.040000 0.003404 -0.009215 0.507791
0.040000 0.003404 -0.007539 0.507791
0.040000 0.003404 -0.005864 0.507791
0.040000 0.003404 -0.004188 0.507791
0.040000 0.003404 -0.002513 0.507791
0.040000 0.003404 -0.000838 0.507791
0.040000 0.003404 0.000838 0.507791
0.040000 0.003404 0.002513 0.507791
0.040000 0.003404 0.004188 0.507791
0.040000 0.003404 0.005864 0.507791
0.040000 0.003404 0.007539 0.507791
0.040000 0.003404 0.009215 0.507791
0.040000 0.003404 0.010890 0.507791
0.040000 0.003404 0.012565 0.507791
0.040000 0.003404 0.014241 0.507791
0.040000 0.003404 0.015916 0.507791
0.040000 0.003404 0.017592 0.507791
0.040000 0.003404 0.019267 0.507791
0.040000 0.003404 0.020942 0.507791
0.040000 0.003404 0.022618 0.507791
0.040000 0.003404 0.024293 0.507791
0.040000 0.003404 0.025969 0.507791
0.040000 0.003404 0.027644 0.507791
0.040000 0.003404 0.029319 0.507791
0.040000 0.003404 0.030995 0.507791
0.040000 0.003404 0.032670 0.507791
0.040000 0.003404 0.034346 0.507791
0.040000 0.003404 0.036021 0.507791
0.040000 0.003404 0.037696 0.507791
0.040000 0.003404 0.039372 0.507791
0.040000 0.003404 0.041047 0.507791
0.040000 0.003404 0.042723 0.507791
0.040000 0.003404 0.044398 0.507791
0.040000 0.003404 0.046073 0.507791
0.040000 0.003404 0.047749 0.507791
0.040000 0.003404 0.049424 0.507791
0.040000 0.003404 0.051099 0.507791
0.040000 0.003404 0.052775 0.507791
0.040000 0.003404 0.054450 0.507791
0.040000 0.003404 0.056126 0.507791
0.040000 0.003404 0.057801 0.507791
0.040000 0.003404 0.059476 0.507791
0.040000 0.003404 0.061152 0.507791
0.040000 0.003404 0.062827 0.507791
0.040000 0.003404 0.064503 0.507791
0.040000 0.003404 0.066178 0.507791
0.040000 0.003404 0.067853 0.507791
0.040000 0.003404 0.069529 0.507791
0.040000 0.003404 0.071204 0.507791
0.040000 0.003404 0.072880 0.507791
0.040000 0.003404 0.074555 0.507791
0.040000 0.003404 0.076230 0.507791
0.040000 0.003404 0.077906 0.507791
0.040000 0.003404 0.079581 0.507791
0.040000 0.003404 0.081257 0.507791
0.040000 0.003404 0.082932 0.507791
0.040000 0.003404 0.084607 0.507791
0.040000 0.003404 0.086283 0.507791
0.040000 0.003404 0.087958 0.507791
0.040000 0.003404 0.089634 0.507791
0.040000 0.003404 0.091309 0.507791
0.040000 0.003404 0.092984 0.507791
0.040000 0.003404 0.094660 0.507791
0.040000 0.003404 0.096335 0.507791
0.040000 0.003404 0.098010 0.507791
0.040000 0.003404 0.099686 0.507791
0.040000 0.003404 0.101361 0.507791
0.040000 0.003404 0.103037 0.507791
0.040000 0.003404 0.104712 0.507791
0.040000 0.003404 0.106387 0.507791
0.040000 0.003404 0.108063 0.507791
0.040000 0.003404 0.109738 0.507791
0.040000 0.003404 0.111414 0.507791
0.040000 0.003404 0.113089 0.507791
0.040000 0.003404 0.114764 0.507791
0.040000 0.003404 0.116440 0.507791
0.040000 0.003404 0.118115 0.507791
0.040000 0.003404 0.119791 0.507791
0.040000 0.003404 0.121466 0.507791
0.040000 0.003404 0.123141 0.507791
0.040000 0.003404 0.124817 0.507791
0.040000 0.003404 0.126492 0.507791
0.040000 0.003404 0.128168 0.507791
0.040000 0.003404 0.129843 0.507791
0.040000 0.003404 0.131518 0.507791
0.040000 0.003404 0.133194 0.507791
0.040000 0.003404 0.134869 0.507791
0.040000 0.003404 0.136545 0.507791
0.040000 0.003404 0.138220 0.507791
0.040000 0.003404 0.139895 0.507791
0.040000 0.003404 0.141571 0.507791
0.040000 0.003404 0.143246 0.507791
0.040000 0.003404 0.144921 0.507791
0.040000 0.003404 0.146597 0.507791
0.040000 0.003404 0.148272 0.507791
0.040000 0.003404 0.149948 0.507791
0.040000 0.003404 0.151623 0.507791
0.040000 0.003404 0.153298 0.507791
0.040000 0.003404 0.154974 0.507791
0.040000 0.003404 0.156649 0.507791
0.040000 0.003404 0.158325 0.507791
0.040000 0.003404 0.160000 0.507791
0.040000 0.005106 -0.160000 0.515041
0.040000 0.005106 -0.158325 0.515041
0.040000 0.005106 -0.156649 0.515041
0.040000 0.005106 -0.154974 0.515041
0.040000 0.005106 -0.153298 0.515041
0.040000 0.005106 -0.151623 0.515041
0.040000 0.005106 -0.149948 0.515041
0.040000 0.005106 -0.148272 0.515041
0.040000 0.005106 -0.146597 0.515041
0.040000 0.005106 -0.144921 0.515041
0.040000 0.005106 -0.143246 0.515041
0.040000 0.005106 -0.141571 0.515041
0.040000 0.005106 -0.139895 0.515041
0.040000 0.005106 -0.138220 0.515041
0.040000 0.005106 -0.136545 0.515041
0.040000 0.005106 -0.134869 0.515041
0.040000 0.005106 -0.133194 0.515041
0.040000 0.005106 -0.131518 0.515041
0.040000 0.005106 -0.129843 0.515041
0.040000 0.005106 -0.128168 0.515041
0.040000 0.005106 -0.126492 0.515041
0.040000 0.005106 -0.124817 0.515041
0.040000 0.005106 -0.123141 0.515041
0.040000 0.005106 -0.121466 0.515041
0.040000 0.005106 -0.119791 0.515041
0.040000 0.005106 -0.118115 0.515041
0.040000 0.005106 -0.116440 0.515041
0.040000 0.005106 -0.114764 0.515041
0.040000 0.005106 -0.113089 0.515041
0.040000 0.005106 -0.111414 0.515041
0.040000 0.005106 -0.109738 0.515041
0.040000 0.005106 -0.108063 0.515041
0.040000 0.005106 -0.106387 0.515041
0.040000 0.005106 -0.104712 0.515041
0.040000 0.005106 -0.103037 0.515041
0.040000 0.005106 -0.101361 0.515041
0.040000 0.005106 -0.099686 0.515041
0.040000 0.005106 -0.098010 0.515041
0.040000 0.005106 -0.096335 0.515041
0.040000 0.005106 -0.094660 0.515041
0.040000 0.005106 -0.092984 0.515041
0.040000 0.005106 -0.091309 0.515041
0.040000 0.005106 -0.089634 0.515041
0.040000 0.005106 -0.087958 0.515041
0.040000 0.005106 -0.086283 0.515041
0.040000 0.005106 -0.084607 0.515041
0.040000 0.005106 -0.082932 0.515041
0.040000 0.005106 -0.081257 0.515041
0.040000 0.005106 -0.079581 0.515041
0.040000 0.005106 -0.077906 0.515041
0.040000 0.005106 -0.076230 0.515041
0.040000 0.005106 -0.074555 0.515041
0.040000 0.005106 -0.072880 0.515041
0.040000 0.005106 -0.071204 0.515041
0.040000 0.005106 -0.069529 0.515041
0.040000 0.005106 -0.067853 0.515041
0.040000 0.005106 -0.066178 0.515041
0.040000 0.005106 -0.064503 0.515041
0.040000 0.005106 -0.062827 0.515041
0.040000 0.005106 -0.061152 0.515041
0.040000 0.005106 -0.059476 0.515041
0.040000 0.005106 -0.057801 0.515041
0.040000 0.005106 -0.056126 0.515041
0.040000 0.005106 -0.054450 0.515041
0.040000 0.005106 -0.052775 0.515041
0.040000 0.005106 -0.051099 0.515041
0.040000 0.005106 -0.049424 0.515041
0.040000 0.005106 -0.047749 0.515041
0.040000 0.005106 -0.046073 0.515041
0.040000 0.005106 -0.044398 0.515041
0.040000 0.005106 -0.042723 0.515041
0.040000 0.005106 -0.041047 0.515041
0.040000 0.005106 -0.039372 0.515041
0.040000 0.005106 -0.037696 0.515041
0.040000 0.005106 -0.036021 0.515041
0.040000 0.005106 -0.034346 0.515041
0.040000 0.005106 -0.032670 0.515041
0.040000 0.005106 -0.030995 0.515041
0.040000 0.005106 -0.029319 0.515041
0.040000 0.005106 -0.027644 0.515041
0.040000 0.005106 -0.025969 0.515041
0.040000 0.005106 -0.024293 0.515041
0.040000 0.005106 -0.022618 0.515041
0.040000 0.005106 -0.020942 0.515041
0.040000 0.005106 -0.019267 0.515041
0.040000 0.005106 -0.017592 0.515041
0.040000 0.005106 -0.015916 0.515041
0.040000 0.005106 -0.014241 0.515041
0.040000 0.005106 -0.012565 0.515041
0.040000 0.005106 -0.010890 0.515041
0.040000 0.005106 -0.009215 0.515041
0.040000 0.005106 -0.007539 0.515041
0.040000 0.005106 -0.005864 0.515041
0.040000 0.005106 -0.004188 0.515041
0.040000 0.005106 -0.002513 0.515041
0.040000 0.005106 -0.000838 0.515041
0.040000 0.005106 0.000838 0.515041
0.040000 0.005106 0.002513 0.515041
0.040000 0.005106 0.004188 0.515041
0.040000 0.005106 0.005864 0.515041
0.040000 0.005106 0.007539 0.515041
0.040000 0.005106 0.009215 0.515041
0.040000 0.005106 0.010890 0.515041
0.040000 0.005106 0.012565 0.515041
0.040000 0.005106 0.014241 0.515041
0.040000 0.005106 0.015916 0.515041
0.040000 0.005106 0.017592 0.515041
0.040000 0.005106 0.019267 0.515041
0.040000 0.005106 0.020942 0.515041
0.040000 0.005106 0.022618 0.515041
0.040000 0.005106 0.024293 0.515041
0.040000 0.005106 0.025969 0.515041
0.040000 0.005106 0.027644 0.515041
0.040000 0.005106 0.029319 0.515041
0.040000 0.005106 0.030995 0.515041
0.040000 0.005106 0.032670 0.515041
0.040000 0.005106 0.034346 0.515041
0.040000 0.005106 0.036021 0.515041
0.040000 0.005106 0.037696 0.515041
0.040000 0.005106 0.039372 0.515041
0.040000 0.005106 0.041047 0.515041
0.040000 0.005106 0.042723 0.515041
0.040000 0.005106 0.044398 0.515041
0.040000 0.005106 0.046073 0.515041
0.040000 0.005106 0.047749 0.515041
0.040000 0.005106 0.049424 0.515041
0.040000 0.005106 0.051099 0.515041
0.040000 0.005106 0.052775 0.515041
0.040000 0.005106 0.054450 0.515041
0.040000 0.005106 0.056126 0.515041
0.040000 0.005106 0.057801 0.515041
0.040000 0.005106 0.059476 0.515041
0.040000 0.005106 0.061152 0.515041
0.040000 0.005106 0.062827 0.515041
0.040000 0.005106 0.064503 0.515041
0.040000 0.005106 0.066178 0.515041
0.040000 0.005106 0.067853 0.515041
0.040000 0.005106 0.069529 0.515041
0.040000 0.005106 0.071204 0.515041
0.040000 0.005106 0.072880 0.515041
0.040000 0.005106 0.074555 0.515041
0.040000 0.005106 0.076230 0.515041
0.040000 0.005106 0.077906 0.515041
0.040000 0.005106 0.079581 0.515041
0.040000 0.005106 0.081257 0.515041
0.040000 0.005106 0.082932 0.515041
0.040000 0.005106 0.084607 0.515041
0.040000 0.005106 0.086283 0.515041
0.040000 0.005106 0.087958 0.515041
0.040000 0.005106 0.089634 0.515041
0.040000 0.005106 0.091309 0.515041
0.040000 0.005106 0.092984 0.515041
0.040000 0.005106 0.094660 0.515041
0.040000 0.005106 0.096335 0.515041
0.040000 0.005106 0.098010 0.515041
0.040000 0.005106 0.099686 0.515041
0.040000 0.005106 0.101361 0.515041
0.040000 0.005106 0.103037 0.515041
0.040000 0.005106 0.104712 0.515041
0.040000 0.005106 0.106387 0.515041
0.040000 0.005106 0.108063 0.515041
0.040000 0.005106 0.109738 0.515041
0.040000 0.005106 0.111414 0.515041
0.040000 0.005106 0.113089 0.515041
0.040000 0.005106 0.114764 0.515041
0.040000 0.005106 0.116440 0.515041
0.040000 0.005106 0.118115 0.515041
0.040000 0.005106 0.119791 0.515041
0.040000 0.005106 0.121466 0.515041
0.040000 0.005106 0.123141 0.515041
0.040000 0.005106 0.124817 0.515041
0.040000 0.005106 0.126492 0.515041
0.040000 0.005106 0.128168 0.515041
0.040000 0.005106 0.129843 0.515041
0.040000 0.005106 0.131518 0.515041
0.040000 0.005106 0.133194 0.515041
0.040000 0.005106 0.134869 0.515041
0.040000 0.005106 0.136545 0.515041
0.040000 0.005106 0.138220 0.515041
0.040000 0.005106 0.139895 0.515041
0.040000 0.005106 0.141571 0.515041
0.040000 0.005106 0.143246 0.515041
0.040000 0.005106 0.144921 0.515041
0.040000 0.005106 0.146597 0.515041
0.040000 0.005106 0.148272 0.515041
0.040000 0.005106 0.149948 0.515041
0.040000 0.005106 0.151623 0.515041
0.040000 0.005106 0.153298 0.515041
0.040000 0.005106 0.154974 0.515041
0.040000 0.005106 0.156649 0.515041
0.040000 0.005106 0.158325 0.515041
0.040000 0.005106 0.160000 0.515041
0.040000 0.006809 -0.160000 0.522192
0.040000 0.006809 -0.158325 0.522192
0.040000 0.006809 -0.156649 0.522192
0.040000 0.006809 -0.154974 0.522192
0.040000 0.006809 -0.153298 0.522192
0.040000 0.006809 -0.151623 0.522192
0.040000 0.006809 -0.149948 0.522192
0.040000 0.006809 -0.148272 0.522192
0.040000 0.006809 -0.146597 0.522192
0.040000 0.006809 -0.144921 0.522192
0.040000 0.006809 -0.143246 0.522192
0.040000 0.006809 -0.141571 0.522192
0.040000 0.006809 -0.139895 0.522192
0.040000 0.006809 -0.138220 0.522192
0.040000 0.006809 -0.136545 0.522192
0.040000 0.006809 -0.134869 0.522192
0.040000 0.006809 -0.133194 0.522192
0.040000 0.006809 -0.131518 0.522192
0.040000 0.006809 -0.129843 0.522192
0.040000 0.006809 -0.128168 0.522192
0.040000 0.006809 -0.126492 0.522192
0.040000 0.006809 -0.124817 0.522192
0.040000 0.006809 -0.123141 0.522192
0.040000 0.006809 -0.121466 0.522192
0.040000 0.006809 -0.119791 0.522192
0.040000 0.006809 -0.118115 0.522192
0.040000 0.006809 -0.116440 0.522192
0.040000 0.006809 -0.114764 0.522192
0.040000 0.006809 -0.113089 0.522192
0.040000 0.006809 -0.111414 0.522192
0.040000 0.006809 -0.109738 0.522192
0.040000 0.006809 -0.108063 0.522192
0.040000 0.006809 -0.106387 0.522192
0.040000 0.006809 -0.104712 0.522192
0.040000 0.006809 -0.103037 0.522192
0.040000 0.006809 -0.101361 0.522192
0.040000 0.006809 -0.099686 0.522192
0.040000 0.006809 -0.098010 0.522192
0.040000 0.006809 -0.096335 0.522192
0.040000 0.006809 -0.094660 0.522192
0.040000 0.006809 -0.092984 0.522192
0.040000 0.006809 -0.091309 0.522192
0.040000 0.006809 -0.089634 0.522192
0.040000 0.006809 -0.087958 0.522192
0.040000 0.006809 -0.086283 0.522192
0.040000 0.006809 -0.084607 0.522192
0.040000 0.006809 -0.082932 0.522192
0.040000 0.006809 -0.081257 0.522192
0.040000 0.006809 -0.079581 0.522192
0.040000 0.006809 -0.077906 0.522192
0.040000 0.006809 -0.076230 0.522192
0.040000 0.006809 -0.074555 0.522192
0.040000 0.006809 -0.072880 0.522192
0.040000 0.006809 -0.071204 0.522192
0.040000 0.006809 -0.069529 0.522192
0.040000 0.006809 -0.067853 0.522192
0.040000 0.006809 -0.066178 0.522192
0.040000 0.006809 -0.064503 0.522192
0.040000 0.006809 -0.062827 0.522192
0.040000 0.006809 -0.061152 0.522192
0.040000 0.006809 -0.059476 0.522192
0.040000 0.006809 -0.057801 0.522192
0.040000 0.006809 -0.056126 0.522192
0.040000 0.006809 -0.054450 0.522192
0.040000 0.006809 -0.052775 0.522192
0.040000 0.006809 -0.051099 0.522192
0.040000 0.006809 -0.049424 0.522192
0.040000 0.006809 -0.047749 0.522192
0.040000 0.006809 -0.046073 0.522192
0.040000 0.006809 -0.044398 0.522192
0.040000 0.006809 -0.042723 0.522192
0.040000 0.006809 -0.041047 0.522192
0.040000 0.006809 -0.039372 0.522192
0.040000 0.006809 -0.037696 0.522192
0.040000 0.006809 -0.036021 0.522192
0.040000 0.006809 -0.034346 0.522192
0.040000 0.006809 -0.032670 0.522192
0.040000 0.006809 -0.030995 0.522192
0.040000 0.006809 -0.029319 0.522192
0.040000 0.006809 -0.027644 0.522192
0.040000 0.006809 -0.025969 0.522192
0.040000 0.006809 -0.024293 0.522192
0.040000 0.006809 -0.022618 0.522192
0.040000 0.006809 -0.020942 0.522192
0.040000 0.006809 -0.019267 0.522192
0.040000 0.006809 -0.017592 0.522192
0.040000 0.006809 -0.015916 0.522192
0.040000 0.006809 -0.014241 0.522192
0.040000 0.006809 -0.012565 0.522192
0.040000 0.006809 -0.010890 0.522192
0.040000 0.006809 -0.009215 0.522192
0.040000 0.006809 -0.007539 0.522192
0.040000 0.006809 -0.005864 0.522192
0.040000 0.006809 -0.004188 0.522192
0.040000 0.006809 -0.002513 0.522192
0.040000 0.006809 -0.000838 0.522192
0.040000 0.006809 0.000838 0.522192
0.040000 0.006809 0.002513 0.522192
0.040000 0.006809 0.004188 0.522192
0.040000 0.006809 0.005864 0.522192
0.040000 0.006809 0.007539 0.522192
0.040000 0.006809 0.009215 0.522192
0.040000 0.006809 0.010890 0.522192
0.040000 0.006809 0.012565 0.522192
0.040000 0.006809 0.014241 0.522192
0.040000 0.006809 0.015916 0.522192
0.040000 0.006809 0.017592 0.522192
0.040000 0.006809 0.019267 0.522192
0.040000 0.006809 0.020942 0.522192
0.040000 0.006809 0.022618 0.522192
0.040000 0.006809 0.024293 0.522192
0.040000 0.006809 0.025969 0.522192
0.040000 0.006809 0.027644 0.522192
0.040000 0.006809 0.029319 0.522192
0.040000 0.006809 0.030995 0.522192
0.040000 0.006809 0.032670 0.522192
0.040000 0.006809 0.034346 0.522192
0.040000 0.006809 0.036021 0.522192
0.040000 0.006809 0.037696 0.522192
0.040000 0.006809 0.039372 0.522192
0.040000 0.006809 0.041047 0.522192
0.040000 0.006809 0.042723 0.522192
0.040000 0.006809 0.044398 0.522192
0.040000 0.006809 0.046073 0.522192
0.040000 0.006809 0.047749 0.522192
0.040000 0.006809 0.049424 0.522192
0.040000 0.006809 0.051099 0.522192
0.040000 0.006809 0.052775 0.522192
0.040000 0.006809 0.054450 0.522192
0.040000 0.006809 0.056126 0.522192
0.040000 0.006809 0.057801 0.522192
0.040000 0.006809 0.059476 0.522192
0.040000 0.006809 0.061152 0.522192
0.040000 0.006809 0.062827 0.522192
0.040000 0.006809 0.064503 0.522192
0.040000 0.006809 0.066178 0.522192
0.040000 0.006809 0.067853 0.522192
0.040000 0.006809 0.069529 0.522192
0.040000 0.006809 0.071204 0.522192
0.040000 0.006809 0.072880 0.522192
0.040000 0.006809 0.074555 0.522192
0.040000 0.006809 0.076230 0.522192
0.040000 0.006809 0.077906 0.522192
0.040000 0.006809 0.079581 0.522192
0.040000 0.006809 0.081257 0.522192
0.040000 0.006809 0.082932 0.522192
0.040000 0.006809 0.084607 0.522192
0.040000 0.006809 0.086283 0.522192
0.040000 0.006809 0.087958 0.522192
0.040000 0.006809 0.089634 0.522192
0.040000 0.006809 0.091309 0.522192
0.040000 0.006809 0.092984 0.522192
0.040000 0.006809 0.094660 0.522192
0.040000 0.006809 0.096335 0.522192
0.040000 0.006809 0.098010 0.522192
0.040000 0.006809 0.099686 0.522192
0.040000 0.006809 0.101361 0.522192
0.040000 0.006809 0.103037 0.522192
0.040000 0.006809 0.104712 0.522192
0.040000 0.006809 0.106387 0.522192
0.040000 0.006809 0.108063 0.522192
0.040000 0.006809 0.109738 0.522192
0.040000 0.006809 0.111414 0.522192
0.040000 0.006809 0.113089 0.522192
0.040000 0.006809 0.114764 0.522192
0.040000 0.006809 0.116440 0.522192
0.040000 0.006809 0.118115 0.522192
0.040000 0.006809 0.119791 0.522192
0.040000 0.006809 0.121466 0.522192
0.040000 0.006809 0.123141 0.522192
0.040000 0.006809 0.124817 0.522192
0.040000 0.006809 0.126492 0.522192
0.040000 0.006809 0.128168 0.522192
0.040000 0.006809 0.129843 0.522192
0.040000 0.006809 0.131518 0.522192
0.040000 0.006809 0.133194 0.522192
0.040000 0.006809 0.134869 0.522192
0.040000 0.006809 0.136545 0.522192
0.040000 0.006809 0.138220 0.522192
0.040000 0.006809 0.139895 0.522192
0.040000 0.006809 0.141571 0.522192
0.040000 0.006809 0.143246 0.522192
0.040000 0.006809 0.144921 0.522192
0.040000 0.006809 0.146597 0.522192
0.040000 0.006809 0.148272 0.522192
0.040000 0.006809 0.149948 0.522192
0.040000 0.006809 0.151623 0.522192
0.040000 0.006809 0.153298 0.522192
0.040000 0.006809 0.154974 0.522192
0.040000 0.006809 0.156649 0.522192
0.040000 0.006809 0.158325 0.522192
0.040000 0.006809 0.160000 0.522192
0.040000 0.008511 -0.160000 0.529223
0.040000 0.008511 -0.158325 0.529223
0.040000 0.008511 -0.156649 0.529223
0.040000 0.008511 -0.154974 0.529223
0.040000 0.008511 -0.153298 0.529223
0.040000 0.008511 -0.151623 0.529223
0.040000 0.008511 -0.149948 0.529223
0.040000 0.008511 -0.148272 0.529223
0.040000 0.008511 -0.146597 0.529223
0.040000 0.008511 -0.144921 0.529223
0.040000 0.008511 -0.143246 0.529223
0.040000 0.008511 -0.141571 0.529223
0.040000 0.008511 -0.139895 0.529223
0.040000 0.008511 -0.138220 0.529223
0.040000 0.008511 -0.136545 0.529223
0.040000 0.008511 -0.134869 0.529223
0.040000 0.008511 -0.133194 0.529223
0.040000 0.008511 -0.131518 0.529223
0.040000 0.008511 -0.129843 0.529223
0.040000 0.008511 -0.128168 0.529223
0.040000 0.008511 -0.126492 0.529223
0.040000 0.008511 -0.124817 0.529223
0.040000 0.008511 -0.123141 0.529223
0.040000 0.008511 -0.121466 0.529223
0.040000 0.008511 -0.119791 0.529223
0.040000 0.008511 -0.118115 0.529223
0.040000 0.008511 -0.116440 0.529223
0.040000 0.008511 -0.114764 0.529223
0.040000 0.008511 -0.113089 0.529223
0.040000 0.008511 -0.111414 0.529223
0.040000 0.008511 -0.109738 0.529223
0.040000 0.008511 -0.108063 0.529223
0.040000 0.008511 -0.106387 0.529223
0.040000 0.008511 -0.104712 0.529223
0.040000 0.008511 -0.103037 0.529223
0.040000 0.008511 -0.101361 0.529223
0.040000 0.008511 -0.099686 0.529223
0.040000 0.008511 -0.098010 0.529223
0.040000 0.008511 -0.096335 0.529223
0.040000 0.008511 -0.094660 0.529223
0.040000 0.008511 -0.092984 0.529223
0.040000 0.008511 -0.091309 0.529223
0.040000 0.008511 -0.089634 0.529223
0.040000 0.008511 -0.087958 0.529223
0.040000 0.008511 -0.086283 0.529223
0.040000 0.008511 -0.084607 0.529223
0.040000 0.008511 -0.082932 0.529223
0.040000 0.008511 -0.081257 0.529223
0.040000 0.008511 -0.079581 0.529223
0.040000 0.008511 -0.077906 0.529223
0.040000 0.008511 -0.076230 0.529223
0.040000 0.008511 -0.074555 0.529223
0.040000 0.008511 -0.072880 0.529223
0.040000 0.008511 -0.071204 0.529223
0.040000 0.008511 -0.069529 0.529223
0.040000 0.008511 -0.067853 0.529223
0.040000 0.008511 -0.066178 0.529223
0.040000 0.008511 -0.064503 0.529223
0.040000 0.008511 -0.062827 0.529223
0.040000 0.008511 -0.061152 0.529223
0.040000 0.008511 -0.059476 0.529223
0.040000 0.008511 -0.057801 0.529223
0.040000 0.008511 -0.056126 0.529223
0.040000 0.008511 -0.054450 0.529223
0.040000 0.008511 -0.052775 0.529223
0.040000 0.008511 -0.051099 0.529223
0.040000 0.008511 -0.049424 0.529223
0.040000 0.008511 -0.047749 0.529223
0.040000 0.008511 -0.046073 0.529223
0.040000 0.008511 -0.044398 0.529223
0.040000 0.008511 -0.042723 0.529223
0.040000 0.008511 -0.041047 0.529223
0.040000 0.008511 -0.039372 0.529223
0.040000 0.008511 -0.037696 0.529223
0.040000 0.008511 -0.036021 0.529223
0.040000 0.008511 -0.034346 0.529223
0.040000 0.008511 -0.032670 0.529223
0.040000 0.008511 -0.030995 0.529223
0.040000 0.008511 -0.029319 0.529223
0.040000 0.008511 -0.027644 0.529223
0.040000 0.008511 -0.025969 0.529223
0.040000 0.008511 -0.024293 0.529223
0.040000 0.008511 -0.022618 0.529223
0.040000 0.008511 -0.020942 0.529223
0.040000 0.008511 -0.019267 0.529223
0.040000 0.008511 -0.017592 0.529223
0.040000 0.008511 -0.015916 0.529223
0.040000 0.008511 -0.014241 0.529223
0.040000 0.008511 -0.012565 0.529223
0.040000 0.008511 -0.010890 0.529223
0.040000 0.008511 -0.009215 0.529223
0.040000 0.008511 -0.007539 0.529223
0.040000 0.008511 -0.005864 0.529223
0.040000 0.008511 -0.004188 0.529223
0.040000 0.008511 -0.002513 0.529223
0.040000 0.008511 -0.000838 0.529223
0.040000 0.008511 0.000838 0.529223
0.040000 0.008511 0.002513 0.529223
0.040000 0.008511 0.004188 0.529223
0.040000 0.008511 0.005864 0.529223
0.040000 0.008511 0.007539 0.529223
0.040000 0.008511 0.009215 0.529223
0.040000 0.008511 0.010890 0.529223
0.040000 0.008511 0.012565 0.529223
0.040000 0.008511 0.014241 0.529223
0.040000 0.008511 0.015916 0.529223
0.040000 0.008511 0.017592 0.529223
0.040000 0.008511 0.019267 0.529223
0.040000 0.008511 0.020942 0.529223
0.040000 0.008511 0.022618 0.529223
0.040000 0.008511 0.024293 0.529223
0.040000 0.008511 0.025969 0.529223
0.040000 0.008511 0.027644 0.529223
0.040000 0.008511 0.029319 0.529223
0.040000 0.008511 0.030995 0.529223
0.040000 0.008511 0.032670 0.529223
0.040000 0.008511 0.034346 0.529223
0.040000 0.008511 0.036021 0.529223
0.040000 0.008511 0.037696 0.529223
0.040000 0.008511 0.039372 0.529223
0.040000 0.008511 0.041047 0.529223
0.040000 0.008511 0.042723 0.529223
0.040000 0.008511 0.044398 0.529223
0.040000 0.008511 0.046073 0.529223
0.040000 0.008511 0.047749 0.529223
0.040000 0.008511 0.049424 0.529223
0.040000 0.008511 0.051099 0.529223
0.040000 0.008511 0.052775 0.529223
0.040000 0.008511 0.054450 0.529223
0.040000 0.008511 0.056126 0.529223
0.040000 0.008511 0.057801 0.529223
0.040000 0.008511 0.059476 0.529223
0.040000 0.008511 0.061152 0.529223
0.040000 0.008511 0.062827 0.529223
0.040000 0.008511 0.064503 0.529223
0.040000 0.008511 0.066178 0.529223
0.040000 0.008511 0.067853 0.529223
0.040000 0.008511 0.069529 0.529223
0.040000 0.008511 0.071204 0.529223
0.040000 0.008511 0.072880 0.529223
0.040000 0.008511 0.074555 0.529223
0.040000 0.008511 0.076230 0.529223
0.040000 0.008511 0.077906 0.529223
0.040000 0.008511 0.079581 0.529223
0.040000 0.008511 0.081257 0.529223
0.040000 0.008511 0.082932 0.529223
0.040000 0.008511 0.084607 0.529223
0.040000 0.008511 0.086283 0.529223
0.040000 0.008511 0.087958 0.529223
0.040000 0.008511 0.089634 0.529223
0.040000 0.008511 0.091309 0.529223
0.040000 0.008511 0.092984 0.529223
0.040000 0.008511 0.094660 0.529223
0.040000 0.008511 0.096335 0.529223
0.040000 0.008511 0.098010 0.529223
0.040000 0.008511 0.099686 0.529223
0.040000 0.008511 0.101361 0.529223
0.040000 0.008511 0.103037 0.529223
0.040000 0.008511 0.104712 0.529223
0.040000 0.008511 0.106387 0.529223
0.040000 0.008511 0.108063 0.529223
0.040000 0.008511 0.109738 0.529223
0.040000 0.008511 0.111414 0.529223
0.040000 0.008511 0.113089 0.529223
0.040000 0.008511 0.114764 0.529223
0.040000 0.008511 0.116440 0.529223
0.040000 0.008511 0.118115 0.529223
0.040000 0.008511 0.119791 0.529223
0.040000 0.008511 0.121466 0.529223
0.040000 0.008511 0.123141 0.529223
0.040000 0.008511 0.124817 0.529223
0.040000 0.008511 0.126492 0.529223
0.040000 0.008511 0.128168 0.529223
0.040000 0.008511 0.129843 0.529223
0.040000 0.008511 0.131518 0.529223
0.040000 0.008511 0.133194 0.529223
0.040000 0.008511 0.134869 0.529223
0.040000 0.008511 0.136545 0.529223
0.040000 0.008511 0.138220 0.529223
0.040000 0.008511 0.139895 0.529223
0.040000 0.008511 0.141571 0.529223
0.040000 0.008511 0.143246 0.529223
0.040000 0.008511 0.144921 0.529223
0.040000 0.008511 0.146597 0.529223
0.040000 0.008511 0.148272 0.529223
0.040000 0.008511 0.149948 0.529223
0.040000 0.008511 0.151623 0.529223
0.040000 0.008511 0.153298 0.529223
0.040000 0.008511 0.154974 0.529223
0.040000 0.008511 0.156649 0.529223
0.040000 0.008511 0.158325 0.529223
0.040000 0.008511 0.160000 0.529223
0.040000 0.010213 -0.160000 0.536114
0.040000 0.010213 -0.158325 0.536114
0.040000 0.010213 -0.156649 0.536114
0.040000 0.010213 -0.154974 0.536114
0.040000 0.010213 -0.153298 0.536114
0.040000 0.010213 -0.151623 0.536114
0.040000 0.010213 -0.149948 0.536114
0.040000 0.010213 -0.148272 0.536114
0.040000 0.010213 -0.146597 0.536114
0.040000 0.010213 -0.144921 0.536114
0.040000 0.010213 -0.143246 0.536114
0.040000 0.010213 -0.141571 0.536114
0.040000 0.010213 -0.139895 0.536114
0.040000 0.010213 -0.138220 0.536114
0.040000 0.010213 -0.136545 0.536114
0.040000 0.010213 -0.134869 0.536114
0.040000 0.010213 -0.133194 0.536114
0.040000 0.010213 -0.131518 0.536114
0.040000 0.010213 -0.129843 0.536114
0.040000 0.010213 -0.128168 0.536114
0.040000 0.010213 -0.126492 0.536114
0.040000 0.010213 -0.124817 0.536114
0.040000 0.010213 -0.123141 0.536114
0.040000 0.010213 -0.121466 0.536114
0.040000 0.010213 -0.119791 0.536114
0.040000 0.010213 -0.118115 0.536114
0.040000 0.010213 -0.116440 0.536114
0.040000 0.010213 -0.114764 0.536114
0.040000 0.010213 -0.113089 0.536114
0.040000 0.010213 -0.111414 0.536114
0.040000 0.010213 -0.109738 0.536114
0.040000 0.010213 -0.108063 0.536114
0.040000 0.010213 -0.106387 0.536114
0.040000 0.010213 -0.104712 0.536114
0.040000 0.010213 -0.103037 0.536114
0.040000 0.010213 -0.101361 0.536114
0.040000 0.010213 -0.099686 0.536114
0.040000 0.010213 -0.098010 0.536114
0.040000 0.010213 -0.096335 0.536114
0.040000 0.010213 -0.094660 0.536114
0.040000 0.010213 -0.092984 0.536114
0.040000 0.010213 -0.091309 0.536114
0.040000 0.010213 -0.089634 0.536114
0.040000 0.010213 -0.087958 0.536114
0.040000 0.010213 -0.086283 0.536114
0.040000 0.010213 -0.084607 0.536114
0.040000 0.010213 -0.082932 0.536114
0.040000 0.010213 -0.081257 0.536114
0.040000 0.010213 -0.079581 0.536114
0.040000 0.010213 -0.077906 0.536114
0.040000 0.010213 -0.076230 0.536114
0.040000 0.010213 -0.074555 0.536114
0.040000 0.010213 -0.072880 0.536114
0.040000 0.010213 -0.071204 0.536114
0.040000 0.010213 -0.069529 0.536114
0.040000 0.010213 -0.067853 0.536114
0.040000 0.010213 -0.066178 0.536114
0.040000 0.010213 -0.064503 0.536114
0.040000 0.010213 -0.062827 0.536114
0.040000 0.010213 -0.061152 0.536114
0.040000 0.010213 -0.059476 0.536114
0.040000 0.010213 -0.057801 0.536114
0.040000 0.010213 -0.056126 0.536114
0.040000 0.010213 -0.054450 0.536114
0.040000 0.010213 -0.052775 0.536114
0.040000 0.010213 -0.051099 0.536114
0.040000 0.010213 -0.049424 0.536114
0.040000 0.010213 -0.047749 0.536114
0.040000 0.010213 -0.046073 0.536114
0.040000 0.010213 -0.044398 0.536114
0.040000 0.010213 -0.042723 0.536114
0.040000 0.010213 -0.041047 0.536114
0.040000 0.010213 -0.039372 0.536114
0.040000 0.010213 -0.037696 0.536114
0.040000 0.010213 -0.036021 0.536114
0.040000 0.010213 -0.034346 0.536114
0.040000 0.010213 -0.032670 0.536114
0.040000 0.010213 -0.030995 0.536114
0.040000 0.010213 -0.029319 0.536114
0.040000 0.010213 -0.027644 0.536114
0.040000 0.010213 -0.025969 0.536114
0.040000 0.010213 -0.024293 0.536114
0.040000 0.010213 -0.022618 0.536114
0.040000 0.010213 -0.020942 0.536114
0.040000 0.010213 -0.019267 0.536114
0.040000 0.010213 -0.017592 0.536114
0.040000 0.010213 -0.015916 0.536114
0.040000 0.010213 -0.014241 0.536114
0.040000 0.010213 -0.012565 0.536114
0.040000 0.010213 -0.010890 0.536114
0.040000 0.010213 -0.009215 0.536114
0.040000 0.010213 -0.007539 0.536114
0.040000 0.010213 -0.005864 0.536114
0.040000 0.010213 -0.004188 0.536114
0.040000 0.010213 -0.002513 0.536114
0.040000 0.010213 -0.000838 0.536114
0.040000 0.010213 0.000838 0.536114
0.040000 0.010213 0.002513 0.536114
0.040000 0.010213 0.004188 0.536114
0.040000 0.010213 0.005864 0.536114
0.040000 0.010213 0.007539 0.536114
0.040000 0.010213 0.009215 0.536114
0.040000 0.010213 0.010890 0.536114
0.040000 0.010213 0.012565 0.536114
0.040000 0.010213 0.014241 0.536114
0.040000 0.010213 0.015916 0.536114
0.040000 0.010213 0.017592 0.536114
0.040000 0.010213 0.019267 0.536114
0.040000 0.010213 0.020942 0.536114
0.040000 0.010213 0.022618 0.536114
0.040000 0.010213 0.024293 0.536114
0.040000 0.010213 0.025969 0.536114
0.040000 0.010213 0.027644 0.536114
0.040000 0.010213 0.029319 0.536114
0.040000 0.010213 0.030995 0.536114
0.040000 0.010213 0.032670 0.536114
0.040000 0.010213 0.034346 0.536114
0.040000 0.010213 0.036021 0.536114
0.040000 0.010213 0.037696 0.536114
0.040000 0.010213 0.039372 0.536114
0.040000 0.010213 0.041047 0.536114
0.040000 0.010213 0.042723 0.536114
0.040000 0.010213 0.044398 0.536114
0.040000 0.010213 0.046073 0.536114
0.040000 0.010213 0.047749 0.536114
0.040000 0.010213 0.049424 0.536114
0.040000 0.010213 0.051099 0.536114
0.040000 0.010213 0.052775 0.536114
0.040000 0.010213 0.054450 0.536114
0.040000 0.010213 0.056126 0.536114
0.040000 0.010213 0.057801 0.536114
0.040000 0.010213 0.059476 0.536114
0.040000 0.010213 0.061152 0.536114
0.040000 0.010213 0.062827 0.536114
0.040000 0.010213 0.064503 0.536114
0.040000 0.010213 0.066178 0.536114
0.040000 0.010213 0.067853 0.536114
0.040000 0.010213 0.069529 0.536114
0.040000 0.010213 0.071204 0.536114
0.040000 0.010213 0.072880 0.536114
0.040000 0.010213 0.074555 0.536114
0.040000 0.010213 0.076230 0.536114
0.040000 0.010213 0.077906 0.536114
0.040000 0.010213 0.079581 0.536114
0.040000 0.010213 0.081257 0.536114
0.040000 0.010213 0.082932 0.536114
0.040000 0.010213 0.084607 0.536114
0.040000 0.010213 0.086283 0.536114
0.040000 0.010213 0.087958 0.536114
0.040000 0.010213 0.089634 0.536114
0.040000 0.010213 0.091309 0.536114
0.040000 0.010213 0.092984 0.536114
0.040000 0.010213 0.094660 0.536114
0.040000 0.010213 0.096335 0.536114
0.040000 0.010213 0.098010 0.536114
0.040000 0.010213 0.099686 0.536114
0.040000 0.010213 0.101361 0.536114
0.040000 0.010213 0.103037 0.536114
0.040000 0.010213 0.104712 0.536114
0.040000 0.010213 0.106387 0.536114
0.040000 0.010213 0.108063 0.536114
0.040000 0.010213 0.109738 0.536114
0.040000 0.010213 0.111414 0.536114
0.040000 0.010213 0.113089 0.536114
0.040000 0.010213 0.114764 0.536114
0.040000 0.010213 0.116440 0.536114
0.040000 0.010213 0.118115 0.536114
0.040000 0.010213 0.119791 0.536114
0.040000 0.010213 0.121466 0.536114
0.040000 0.010213 0.123141 0.536114
0.040000 0.010213 0.124817 0.536114
0.040000 0.010213 0.126492 0.536114
0.040000 0.010213 0.128168 0.536114
0.040000 0.010213 0.129843 0.536114
0.040000 0.010213 0.131518 0.536114
0.040000 0.010213 0.133194 0.536114
0.040000 0.010213 0.134869 0.536114
0.040000 0.010213 0.136545 0.536114
0.040000 0.010213 0.138220 0.536114
0.040000 0.010213 0.139895 0.536114
0.040000 0.010213 0.141571 0.536114
0.040000 0.010213 0.143246 0.536114
0.040000 0.010213 0.144921 0.536114
0.040000 0.010213 0.146597 0.536114
0.040000 0.010213 0.148272 0.536114
0.040000 0.010213 0.149948 0.536114
0.040000 0.010213 0.151623 0.536114
0.040000 0.010213 0.153298 0.536114
0.040000 0.010213 0.154974 0.536114
0.040000 0.010213 0.156649 0.536114
0.040000 0.010213 0.158325 0.536114
0.040000 0.010213 0.160000 0.536114
0.040000 0.011915 -0.160000 0.542841
0.040000 0.011915 -0.158325 0.542841
0.040000 0.011915 -0.156649 0.542841
0.040000 0.011915 -0.154974 0.542841
0.040000 0.011915 -0.153298 0.542841
0.040000 0.011915 -0.151623 0.542841
0.040000 0.011915 -0.149948 0.542841
0.040000 0.011915 -0.148272 0.542841
0.040000 0.011915 -0.146597 0.542841
0.040000 0.011915 -0.144921 0.542841
0.040000 0.011915 -0.143246 0.542841
0.040000 0.011915 -0.141571 0.542841
0.040000 0.011915 -0.139895 0.542841
0.040000 0.011915 -0.138220 0.542841
0.040000 0.011915 -0.136545 0.542841
0.040000 0.011915 -0.134869 0.542841
0.040000 0.011915 -0.133194 0.542841
0.040000 0.011915 -0.131518 0.542841
0.040000 0.011915 -0.129843 0.542841
0.040000 0.011915 -0.128168 0.542841
0.040000 0.011915 -0.126492 0.542841
0.040000 0.011915 -0.124817 0.542841
0.040000 0.011915 -0.123141 0.542841
0.040000 0.011915 -0.121466 0.542841
0.040000 0.011915 -0.119791 0.542841
0.040000 0.011915 -0.118115 0.542841
0.040000 0.011915 -0.116440 0.542841
0.040000 0.011915 -0.114764 0.542841
0.040000 0.011915 -0.113089 0.542841
0.040000 0.011915 -0.111414 0.542841
0.040000 0.011915 -0.109738 0.542841
0.040000 0.011915 -0.108063 0.542841
0.040000 0.011915 -0.106387 0.542841
0.040000 0.011915 -0.104712 0.542841
0.040000 0.011915 -0.103037 0.542841
0.040000 0.011915 -0.101361 0.542841
0.040000 0.011915 -0.099686 0.542841
0.040000 0.011915 -0.098010 0.542841
0.040000 0.011915 -0.096335 0.542841
0.040000 0.011915 -0.094660 0.542841
0.040000 0.011915 -0.092984 0.542841
0.040000 0.011915 -0.091309 0.542841
0.040000 0.011915 -0.089634 0.542841
0.040000 0.011915 -0.087958 0.542841
0.040000 0.011915 -0.086283 0.542841
0.040000 0.011915 -0.084607 0.542841
0.040000 0.011915 -0.082932 0.542841
0.040000 0.011915 -0.081257 0.542841
0.040000 0.011915 -0.079581 0.542841
0.040000 0.011915 -0.077906 0.542841
0.040000 0.011915 -0.076230 0.542841
0.040000 0.011915 -0.074555 0.542841
0.040000 0.011915 -0.072880 0.542841
0.040000 0.011915 -0.071204 0.542841
0.040000 0.011915 -0.069529 0.542841
0.040000 0.011915 -0.067853 0.542841
0.040000 0.011915 -0.066178 0.542841
0.040000 0.011915 -0.064503 0.542841
0.040000 0.011915 -0.062827 0.542841
0.040000 0.011915 -0.061152 0.542841
0.040000 0.011915 -0.059476 0.542841
0.040000 0.011915 -0.057801 0.542841
0.040000 0.011915 -0.056126 0.542841
0.040000 0.011915 -0.054450 0.542841
0.040000 0.011915 -0.052775 0.542841
0.040000 0.011915 -0.051099 0.542841
0.040000 0.011915 -0.049424 0.542841
0.040000 0.011915 -0.047749 0.542841
0.040000 0.011915 -0.046073 0.542841
0.040000 0.011915 -0.044398 0.542841
0.040000 0.011915 -0.042723 0.542841
0.040000 0.011915 -0.041047 0.542841
0.040000 0.011915 -0.039372 0.542841
0.040000 0.011915 -0.037696 0.542841
0.040000 0.011915 -0.036021 0.542841
0.040000 0.011915 -0.034346 0.542841
0.040000 0.011915 -0.032670 0.542841
0.040000 0.011915 -0.030995 0.542841
0.040000 0.011915 -0.029319 0.542841
0.040000 0.011915 -0.027644 0.542841
0.040000 0.011915 -0.025969 0.542841
0.040000 0.011915 -0.024293 0.542841
0.040000 0.011915 -0.022618 0.542841
0.040000 0.011915 -0.020942 0.542841
0.040000 0.011915 -0.019267 0.542841
0.040000 0.011915 -0.017592 0.542841
0.040000 0.011915 -0.015916 0.542841
0.040000 0.011915 -0.014241 0.542841
0.040000 0.011915 -0.012565 0.542841
0.040000 0.011915 -0.010890 0.542841
0.040000 0.011915 -0.009215 0.542841
0.040000 0.011915 -0.007539 0.542841
0.040000 0.011915 -0.005864 0.542841
0.040000 0.011915 -0.004188 0.542841
0.040000 0.011915 -0.002513 0.542841
0.040000 0.011915 -0.000838 0.542841
0.040000 0.011915 0.000838 0.542841
0.040000 0.011915 0.002513 0.542841
0.040000 0.011915 0.004188 0.542841
0.040000 0.011915 0.005864 0.542841
0.040000 0.011915 0.007539 0.542841
0.040000 0.011915 0.009215 0.542841
0.040000 0.011915 0.010890 0.542841
0.040000 0.011915 0.012565 0.542841
0.040000 0.011915 0.014241 0.542841
0.040000 0.011915 0.015916 0.542841
0.040000 0.011915 0.017592 0.542841
0.040000 0.011915 0.019267 0.542841
0.040000 0.011915 0.020942 0.542841
0.040000 0.011915 0.022618 0.542841
0.040000 0.011915 0.024293 0.542841
0.040000 0.011915 0.025969 0.542841
0.040000 0.011915 0.027644 0.542841
0.040000 0.011915 0.029319 0.542841
0.040000 0.011915 0.030995 0.542841
0.040000 0.011915 0.032670 0.542841
0.040000 0.011915 0.034346 0.542841
0.040000 0.011915 0.036021 0.542841
0.040000 0.011915 0.037696 0.542841
0.040000 0.011915 0.039372 0.542841
0.040000 0.011915 0.041047 0.542841
0.040000 0.011915 0.042723 0.542841
0.040000 0.011915 0.044398 0.542841
0.040000 0.011915 0.046073 0.542841
0.040000 0.011915 0.047749 0.542841
0.040000 0.011915 0.049424 0.542841
0.040000 0.011915 0.051099 0.542841
0.040000 0.011915 0.052775 0.542841
0.040000 0.011915 0.054450 0.542841
0.040000 0.011915 0.056126 0.542841
0.040000 0.011915 0.057801 0.542841
0.040000 0.011915 0.059476 0.542841
0.040000 0.011915 0.061152 0.542841
0.040000 0.011915 0.062827 0.542841
0.040000 0.011915 0.064503 0.542841
0.040000 0.011915 0.066178 0.542841
0.040000 0.011915 0.067853 0.542841
0.040000 0.011915 0.069529 0.542841
0.040000 0.011915 0.071204 0.542841
0.040000 0.011915 0.072880 0.542841
0.040000 0.011915 0.074555 0.542841
0.040000 0.011915 0.076230 0.542841
0.040000 0.011915 0.077906 0.542841
0.040000 0.011915 0.079581 0.542841
0.040000 0.011915 0.081257 0.542841
0.040000 0.011915 0.082932 0.542841
0.040000 0.011915 0.084607 0.542841
0.040000 0.011915 0.086283 0.542841
0.040000 0.011915 0.087958 0.542841
0.040000 0.011915 0.089634 0.542841
0.040000 0.011915 0.091309 0.542841
0.040000 0.011915 0.092984 0.542841
0.040000 0.011915 0.094660 0.542841
0.040000 0.011915 0.096335 0.542841
0.040000 0.011915 0.098010 0.542841
0.040000 0.011915 0.099686 0.542841
0.040000 0.011915 0.101361 0.542841
0.040000 0.011915 0.103037 0.542841
0.040000 0.011915 0.104712 0.542841
0.040000 0.011915 0.106387 0.542841
0.040000 0.011915 0.108063 0.542841
0.040000 0.011915 0.109738 0.542841
0.040000 0.011915 0.111414 0.542841
0.040000 0.011915 0.113089 0.542841
0.040000 0.011915 0.114764 0.542841
0.040000 0.011915 0.116440 0.542841
0.040000 0.011915 0.118115 0.542841
0.040000 0.011915 0.119791 0.542841
0.040000 0.011915 0.121466 0.542841
0.040000 0.011915 0.123141 0.542841
0.040000 0.011915 0.124817 0.542841
0.040000 0.011915 0.126492 0.542841
0.040000 0.011915 0.128168 0.542841
0.040000 0.011915 0.129843 0.542841
0.040000 0.011915 0.131518 0.542841
0.040000 0.011915 0.133194 0.542841
0.040000 0.011915 0.134869 0.542841
0.040000 0.011915 0.136545 0.542841
0.040000 0.011915 0.138220 0.542841
0.040000 0.011915 0.139895 0.542841
0.040000 0.011915 0.141571 0.542841
0.040000 0.011915 0.143246 0.542841
0.040000 0.011915 0.144921 0.542841
0.040000 0.011915 0.146597 0.542841
0.040000 0.011915 0.148272 0.542841
0.040000 0.011915 0.149948 0.542841
0.040000 0.011915 0.151623 0.542841
0.040000 0.011915 0.153298 0.542841
0.040000 0.011915 0.154974 0.542841
0.040000 0.011915 0.156649 0.542841
0.040000 0.011915 0.158325 0.542841
0.040000 0.011915 0.160000 0.542841
0.040000 0.013617 -0.160000 0.549380
0.040000 0.013617 -0.158325 0.549380
0.040000 0.013617 -0.156649 0.549380
0.040000 0.013617 -0.154974 0.549380
0.040000 0.013617 -0.153298 0.549380
0.040000 0.013617 -0.151623 0.549380
0.040000 0.013617 -0.149948 0.549380
0.040000 0.013617 -0.148272 0.549380
0.040000 0.013617 -0.146597 0.549380
0.040000 0.013617 -0.144921 0.549380
0.040000 0.013617 -0.143246 0.549380
0.040000 0.013617 -0.141571 0.549380
0.040000 0.013617 -0.139895 0.549380
0.040000 0.013617 -0.138220 0.549380
0.040000 0.013617 -0.136545 0.549380
0.040000 0.013617 -0.134869 0.549380
0.040000 0.013617 -0.133194 0.549380
0.040000 0.013617 -0.131518 0.549380
0.040000 0.013617 -0.129843 0.549380
0.040000 0.013617 -0.128168 0.549380
0.040000 0.013617 -0.126492 0.549380
0.040000 0.013617 -0.124817 0.549380
0.040000 0.013617 -0.123141 0.549380
0.040000 0.013617 -0.121466 0.549380
0.040000 0.013617 -0.119791 0.549380
0.040000 0.013617 -0.118115 0.549380
0.040000 0.013617 -0.116440 0.549380
0.040000 0.013617 -0.114764 0.549380
0.040000 0.013617 -0.113089 0.549380
0.040000 0.013617 -0.111414 0.549380
0.040000 0.013617 -0.109738 0.549380
0.040000 0.013617 -0.108063 0.549380
0.040000 0.013617 -0.106387 0.549380
0.040000 0.013617 -0.104712 0.549380
0.040000 0.013617 -0.103037 0.549380
0.040000 0.013617 -0.101361 0.549380
0.040000 0.013617 -0.099686 0.549380
0.040000 0.013617 -0.098010 0.549380
0.040000 0.013617 -0.096335 0.549380
0.040000 0.013617 -0.094660 0.549380
0.040000 0.013617 -0.092984 0.549380
0.040000 0.013617 -0.091309 0.549380
0.040000 0.013617 -0.089634 0.549380
0.040000 0.013617 -0.087958 0.549380
0.040000 0.013617 -0.086283 0.549380
0.040000 0.013617 -0.084607 0.549380
0.040000 0.013617 -0.082932 0.549380
0.040000 0.013617 -0.081257 0.549380
0.040000 0.013617 -0.079581 0.549380
0.040000 0.013617 -0.077906 0.549380
0.040000 0.013617 -0.076230 0.549380
0.040000 0.013617 -0.074555 0.549380
0.040000 0.013617 -0.072880 0.549380
0.040000 0.013617 -0.071204 0.549380
0.040000 0.013617 -0.069529 0.549380
0.040000 0.013617 -0.067853 0.549380
0.040000 0.013617 -0.066178 0.549380
0.040000 0.013617 -0.064503 0.549380
0.040000 0.013617 -0.062827 0.549380
0.040000 0.013617 -0.061152 0.549380
0.040000 0.013617 -0.059476 0.549380
0.040000 0.013617 -0.057801 0.549380
0.040000 0.013617 -0.056126 0.549380
0.040000 0.013617 -0.054450 0.549380
0.040000 0.013617 -0.052775 0.549380
0.040000 0.013617 -0.051099 0.549380
0.040000 0.013617 -0.049424 0.549380
0.040000 0.013617 -0.047749 0.549380
0.040000 0.013617 -0.046073 0.549380
0.040000 0.013617 -0.044398 0.549380
0.040000 0.013617 -0.042723 0.549380
0.040000 0.013617 -0.041047 0.549380
0.040000 0.013617 -0.039372 0.549380
0.040000 0.013617 -0.037696 0.549380
0.040000 0.013617 -0.036021 0.549380
0.040000 0.013617 -0.034346 0.549380
0.040000 0.013617 -0.032670 0.549380
0.040000 0.013617 -0.030995 0.549380
0.040000 0.013617 -0.029319 0.549380
0.040000 0.013617 -0.027644 0.549380
0.040000 0.013617 -0.025969 0.549380
0.040000 0.013617 -0.024293 0.549380
0.040000 0.013617 -0.022618 0.549380
0.040000 0.013617 -0.020942 0.549380
0.040000 0.013617 -0.019267 0.549380
0.040000 0.013617 -0.017592 0.549380
0.040000 0.013617 -0.015916 0.549380
0.040000 0.013617 -0.014241 0.549380
0.040000 0.013617 -0.012565 0.549380
0.040000 0.013617 -0.010890 0.549380
0.040000 0.013617 -0.009215 0.549380
0.040000 0.013617 -0.007539 0.549380
0.040000 0.013617 -0.005864 0.549380
0.040000 0.013617 -0.004188 0.549380
0.040000 0.013617 -0.002513 0.549380
0.040000 0.013617 -0.000838 0.549380
0.040000 0.013617 0.000838 0.549380
0.040000 0.013617 0.002513 0.549380
0.040000 0.013617 0.004188 0.549380
0.040000 0.013617 0.005864 0.549380
0.040000 0.013617 0.007539 0.549380
0.040000 0.013617 0.009215 0.549380
0.040000 0.013617 0.010890 0.549380
0.040000 0.013617 0.012565 0.549380
0.040000 0.013617 0.014241 0.549380
0.040000 0.013617 0.015916 0.549380
0.040000 0.013617 0.017592 0.549380
0.040000 0.013617 0.019267 0.549380
0.040000 0.013617 0.020942 0.549380
0.040000 0.013617 0.022618 0.549380
0.040000 0.013617 0.024293 0.549380
0.040000 0.013617 0.025969 0.549380
0.040000 0.013617 0.027644 0.549380
0.040000 0.013617 0.029319 0.549380
0.040000 0.013617 0.030995 0.549380
0.040000 0.013617 0.032670 0.549380
0.040000 0.013617 0.034346 0.549380
0.040000 0.013617 0.036021 0.549380
0.040000 0.013617 0.037696 0.549380
0.040000 0.013617 0.039372 0.549380
0.040000 0.013617 0.041047 0.549380
0.040000 0.013617 0.042723 0.549380
0.040000 0.013617 0.044398 0.549380
0.040000 0.013617 0.046073 0.549380
0.040000 0.013617 0.047749 0.549380
0.040000 0.013617 0.049424 0.549380
0.040000 0.013617 0.051099 0.549380
0.040000 0.013617 0.052775 0.549380
0.040000 0.013617 0.054450 0.549380
0.040000 0.013617 0.056126 0.549380
0.040000 0.013617 0.057801 0.549380
0.040000 0.013617 0.059476 0.549380
0.040000 0.013617 0.061152 0.549380
0.040000 0.013617 0.062827 0.549380
0.040000 0.013617 0.064503 0.549380
0.040000 0.013617 0.066178 0.549380
0.040000 0.013617 0.067853 0.549380
0.040000 0.013617 0.069529 0.549380
0.040000 0.013617 0.071204 0.549380
0.040000 0.013617 0.072880 0.549380
0.040000 0.013617 0.074555 0.549380
0.040000 0.013617 0.076230 0.549380
0.040000 0.013617 0.077906 0.549380
0.040000 0.013617 0.079581 0.549380
0.040000 0.013617 0.081257 0.549380
0.040000 0.013617 0.082932 0.549380
0.040000 0.013617 0.084607 0.549380
0.040000 0.013617 0.086283 0.549380
0.040000 0.013617 0.087958 0.549380
0.040000 0.013617 0.089634 0.549380
0.040000 0.013617 0.091309 0.549380
0.040000 0.013617 0.092984 0.549380
0.040000 0.013617 0.094660 0.549380
0.040000 0.013617 0.096335 0.549380
0.040000 0.013617 0.098010 0.549380
0.040000 0.013617 0.099686 0.549380
0.040000 0.013617 0.101361 0.549380
0.040000 0.013617 0.103037 0.549380
0.040000 0.013617 0.104712 0.549380
0.040000 0.013617 0.106387 0.549380
0.040000 0.013617 0.108063 0.549380
0.040000 0.013617 0.109738 0.549380
0.040000 0.013617 0.111414 0.549380
0.040000 0.013617 0.113089 0.549380
0.040000 0.013617 0.114764 0.549380
0.040000 0.013617 0.116440 0.549380
0.040000 0.013617 0.118115 0.549380
0.040000 0.013617 0.119791 0.549380
0.040000 0.013617 0.121466 0.549380
0.040000 0.013617 0.123141 0.549380
0.040000 0.013617 0.124817 0.549380
0.040000 0.013617 0.126492 0.549380
0.040000 0.013617 0.128168 0.549380
0.040000 0.013617 0.129843 0.549380
0.040000 0.013617 0.131518 0.549380
0.040000 0.013617 0.133194 0.549380
0.040000 0.013617 0.134869 0.549380
0.040000 0.013617 0.136545 0.549380
0.040000 0.013617 0.138220 0.549380
0.040000 0.013617 0.139895 0.549380
0.040000 0.013617 0.141571 0.549380
0.040000 0.013617 0.143246 0.549380
0.040000 0.013617 0.144921 0.549380
0.040000 0.013617 0.146597 0.549380
0.040000 0.013617 0.148272 0.549380
0.040000 0.013617 0.149948 0.549380
0.040000 0.013617 0.151623 0.549380
0.040000 0.013617 0.153298 0.549380
0.040000 0.013617 0.154974 0.549380
0.040000 0.013617 0.156649 0.549380
0.040000 0.013617 0.158325 0.549380
0.040000 0.013617 0.160000 0.549380
0.040000 0.015319 -0.160000 0.555704
0.040000 0.015319 -0.158325 0.555704
0.040000 0.015319 -0.156649 0.555704
0.040000 0.015319 -0.154974 0.555704
0.040000 0.015319 -0.153298 0.555704
0.040000 0.015319 -0.151623 0.555704
0.040000 0.015319 -0.149948 0.555704
0.040000 0.015319 -0.148272 0.555704
0.040000 0.015319 -0.146597 0.555704
0.040000 0.015319 -0.144921 0.555704
0.040000 0.015319 -0.143246 0.555704
0.040000 0.015319 -0.141571 0.555704
0.040000 0.015319 -0.139895 0.555704
0.040000 0.015319 -0.138220 0.555704
0.040000 0.015319 -0.136545 0.555704
0.040000 0.015319 -0.134869 0.555704
0.040000 0.015319 -0.133194 0.555704
0.040000 0.015319 -0.131518 0.555704
0.040000 0.015319 -0.129843 0.555704
0.040000 0.015319 -0.128168 0.555704
0.040000 0.015319 -0.126492 0.555704
0.040000 0.015319 -0.124817 0.555704
0.040000 0.015319 -0.123141 0.555704
0.040000 0.015319 -0.121466 0.555704
0.040000 0.015319 -0.119791 0.555704
0.040000 0.015319 -0.118115 0.555704
0.040000 0.015319 -0.116440 0.555704
0.040000 0.015319 -0.114764 0.555704
0.040000 0.015319 -0.113089 0.555704
0.040000 0.015319 -0.111414 0.555704
0.040000 0.015319 -0.109738 0.555704
0.040000 0.015319 -0.108063 0.555704
0.040000 0.015319 -0.106387 0.555704
0.040000 0.015319 -0.104712 0.555704
0.040000 0.015319 -0.103037 0.555704
0.040000 0.015319 -0.101361 0.555704
0.040000 0.015319 -0.099686 0.555704
0.040000 0.015319 -0.098010 0.555704
0.040000 0.015319 -0.096335 0.555704
0.040000 0.015319 -0.094660 0.555704
0.040000 0.015319 -0.092984 0.555704
0.040000 0.015319 -0.091309 0.555704
0.040000 0.015319 -0.089634 0.555704
0.040000 0.015319 -0.087958 0.555704
0.040000 0.015319 -0.086283 0.555704
0.040000 0.015319 -0.084607 0.555704
0.040000 0.015319 -0.082932 0.555704
0.040000 0.015319 -0.081257 0.555704
0.040000 0.015319 -0.079581 0.555704
0.040000 0.015319 -0.077906 0.555704
0.040000 0.015319 -0.076230 0.555704
0.040000 0.015319 -0.074555 0.555704
0.040000 0.015319 -0.072880 0.555704
0.040000 0.015319 -0.071204 0.555704
0.040000 0.015319 -0.069529 0.555704
0.040000 0.015319 -0.067853 0.555704
0.040000 0.015319 -0.066178 0.555704
0.040000 0.015319 -0.064503 0.555704
0.040000 0.015319 -0.062827 0.555704
0.040000 0.015319 -0.061152 0.555704
0.040000 0.015319 -0.059476 0.555704
0.040000 0.015319 -0.057801 0.555704
0.040000 0.015319 -0.056126 0.555704
0.040000 0.015319 -0.054450 0.555704
0.040000 0.015319 -0.052775 0.555704
0.040000 0.015319 -0.051099 0.555704
0.040000 0.015319 -0.049424 0.555704
0.040000 0.015319 -0.047749 0.555704
0.040000 0.015319 -0.046073 0.555704
0.040000 0.015319 -0.044398 0.555704
0.040000 0.015319 -0.042723 0.555704
0.040000 0.015319 -0.041047 0.555704
0.040000 0.015319 -0.039372 0.555704
0.040000 0.015319 -0.037696 0.555704
0.040000 0.015319 -0.036021 0.555704
0.040000 0.015319 -0.034346 0.555704
0.040000 0.015319 -0.032670 0.555704
0.040000 0.015319 -0.030995 0.555704
0.040000 0.015319 -0.029319 0.555704
0.040000 0.015319 -0.027644 0.555704
0.040000 0.015319 -0.025969 0.555704
0.040000 0.015319 -0.024293 0.555704
0.040000 0.015319 -0.022618 0.555704
0.040000 0.015319 -0.020942 0.555704
0.040000 0.015319 -0.019267 0.555704
0.040000 0.015319 -0.017592 0.555704
0.040000 0.015319 -0.015916 0.555704
0.040000 0.015319 -0.014241 0.555704
0.040000 0.015319 -0.012565 0.555704
0.040000 0.015319 -0.010890 0.555704
0.040000 0.015319 -0.009215 0.555704
0.040000 0.015319 -0.007539 0.555704
0.040000 0.015319 -0.005864 0.555704
0.040000 0.015319 -0.004188 0.555704
0.040000 0.015319 -0.002513 0.555704
0.040000 0.015319 -0.000838 0.555704
0.040000 0.015319 0.000838 0.555704
0.040000 0.015319 0.002513 0.555704
0.040000 0.015319 0.004188 0.555704
0.040000 0.015319 0.005864 0.555704
0.040000 0.015319 0.007539 0.555704
0.040000 0.015319 0.009215 0.555704
0.040000 0.015319 0.010890 0.555704
0.040000 0.015319 0.012565 0.555704
0.040000 0.015319 0.014241 0.555704
0.040000 0.015319 0.015916 0.555704
0.040000 0.015319 0.017592 0.555704
0.040000 0.015319 0.019267 0.555704
0.040000 0.015319 0.020942 0.555704
0.040000 0.015319 0.022618 0.555704
0.040000 0.015319 0.024293 0.555704
0.040000 0.015319 0.025969 0.555704
0.040000 0.015319 0.027644 0.555704
0.040000 0.015319 0.029319 0.555704
0.040000 0.015319 0.030995 0.555704
0.040000 0.015319 0.032670 0.555704
0.040000 0.015319 0.034346 0.555704
0.040000 0.015319 0.036021 0.555704
0.040000 0.015319 0.037696 0.555704
0.040000 0.015319 0.039372 0.555704
0.040000 0.015319 0.041047 0.555704
0.040000 0.015319 0.042723 0.555704
0.040000 0.015319 0.044398 0.555704
0.040000 0.015319 0.046073 0.555704
0.040000 0.015319 0.047749 0.555704
0.040000 0.015319 0.049424 0.555704
0.040000 0.015319 0.051099 0.555704
0.040000 0.015319 0.052775 0.555704
0.040000 0.015319 0.054450 0.555704
0.040000 0.015319 0.056126 0.555704
0.040000 0.015319 0.057801 0.555704
0.040000 0.015319 0.059476 0.555704
0.040000 0.015319 0.061152 0.555704
0.040000 0.015319 0.062827 0.555704
0.040000 0.015319 0.064503 0.555704
0.040000 0.015319 0.066178 0.555704
0.040000 0.015319 0.067853 0.555704
0.040000 0.015319 0.069529 0.555704
0.040000 0.015319 0.071204 0.555704
0.040000 0.015319 0.072880 0.555704
0.040000 0.015319 0.074555 0.555704
0.040000 0.015319 0.076230 0.555704
0.040000 0.015319 0.077906 0.555704
0.040000 0.015319 0.079581 0.555704
0.040000 0.015319 0.081257 0.555704
0.040000 0.015319 0.082932 0.555704
0.040000 0.015319 0.084607 0.555704
0.040000 0.015319 0.086283 0.555704
0.040000 0.015319 0.087958 0.555704
0.040000 0.015319 0.089634 0.555704
0.040000 0.015319 0.091309 0.555704
0.040000 0.015319 0.092984 0.555704
0.040000 0.015319 0.094660 0.555704
0.040000 0.015319 0.096335 0.555704
0.040000 0.015319 0.098010 0.555704
0.040000 0.015319 0.099686 0.555704
0.040000 0.015319 0.101361 0.555704
0.040000 0.015319 0.103037 0.555704
0.040000 0.015319 0.104712 0.555704
0.040000 0.015319 0.106387 0.555704
0.040000 0.015319 0.108063 0.555704
0.040000 0.015319 0.109738 0.555704
0.040000 0.015319 0.111414 0.555704
0.040000 0.015319 0.113089 0.555704
0.040000 0.015319 0.114764 0.555704
0.040000 0.015319 0.116440 0.555704
0.040000 0.015319 0.118115 0.555704
0.040000 0.015319 0.119791 0.555704
0.040000 0.015319 0.121466 0.555704
0.040000 0.015319 0.123141 0.555704
0.040000 0.015319 0.124817 0.555704
0.040000 0.015319 0.126492 0.555704
0.040000 0.015319 0.128168 0.555704
0.040000 0.015319 0.129843 0.555704
0.040000 0.015319 0.131518 0.555704
0.040000 0.015319 0.133194 0.555704
0.040000 0.015319 0.134869 0.555704
0.040000 0.015319 0.136545 0.555704
0.040000 0.015319 0.138220 0.555704
0.040000 0.015319 0.139895 0.555704
0.040000 0.015319 0.141571 0.555704
0.040000 0.015319 0.143246 0.555704
0.040000 0.015319 0.144921 0.555704
0.040000 0.015319 0.146597 0.555704
0.040000 0.015319 0.148272 0.555704
0.040000 0.015319 0.149948 0.555704
0.040000 0.015319 0.151623 0.555704
0.040000 0.015319 0.153298 0.555704
0.040000 0.015319 0.154974 0.555704
0.040000 0.015319 0.156649 0.555704
0.040000 0.015319 0.158325 0.555704
0.040000 0.015319 0.160000 0.555704
0.040000 0.017021 -0.160000 0.561788
0.040000 0.017021 -0.158325 0.561788
0.040000 0.017021 -0.156649 0.561788
0.040000 0.017021 -0.154974 0.561788
0.040000 0.017021 -0.153298 0.561788
0.040000 0.017021 -0.151623 0.561788
0.040000 0.017021 -0.149948 0.561788
0.040000 0.017021 -0.148272 0.561788
0.040000 0.017021 -0.146597 0.561788
0.040000 0.017021 -0.144921 0.561788
0.040000 0.017021 -0.143246 0.561788
0.040000 0.017021 -0.141571 0.561788
0.040000 0.017021 -0.139895 0.561788
0.040000 0.017021 -0.138220 0.561788
0.040000 0.017021 -0.136545 0.561788
0.040000 0.017021 -0.134869 0.561788
0.040000 0.017021 -0.133194 0.561788
0.040000 0.017021 -0.131518 0.561788
0.040000 0.017021 -0.129843 0.561788
0.040000 0.017021 -0.128168 0.561788
0.040000 0.017021 -0.126492 0.561788
0.040000 0.017021 -0.124817 0.561788
0.040000 0.017021 -0.123141 0.561788
0.040000 0.017021 -0.121466 0.561788
0.040000 0.017021 -0.119791 0.561788
0.040000 0.017021 -0.118115 0.561788
0.040000 0.017021 -0.116440 0.561788
0.040000 0.017021 -0.114764 0.561788
0.040000 0.017021 -0.113089 0.561788
0.040000 0.017021 -0.111414 0.561788
0.040000 0.017021 -0.109738 0.561788
0.040000 0.017021 -0.108063 0.561788
0.040000 0.017021 -0.106387 0.561788
0.040000 0.017021 -0.104712 0.561788
0.040000 0.017021 -0.103037 0.561788
0.040000 0.017021 -0.101361 0.561788
0.040000 0.017021 -0.099686 0.561788
0.040000 0.017021 -0.098010 0.561788
0.040000 0.017021 -0.096335 0.561788
0.040000 0.017021 -0.094660 0.561788
0.040000 0.017021 -0.092984 0.561788
0.040000 0.017021 -0.091309 0.561788
0.040000 0.017021 -0.089634 0.561788
0.040000 0.017021 -0.087958 0.561788
0.040000 0.017021 -0.086283 0.561788
0.040000 0.017021 -0.084607 0.561788
0.040000 0.017021 -0.082932 0.561788
0.040000 0.017021 -0.081257 0.561788
0.040000 0.017021 -0.079581 0.561788
0.040000 0.017021 -0.077906 0.561788
0.040000 0.017021 -0.076230 0.561788
0.040000 0.017021 -0.074555 0.561788
0.040000 0.017021 -0.072880 0.561788
0.040000 0.017021 -0.071204 0.561788
0.040000 0.017021 -0.069529 0.561788
0.040000 0.017021 -0.067853 0.561788
0.040000 0.017021 -0.066178 0.561788
0.040000 0.017021 -0.064503 0.561788
0.040000 0.017021 -0.062827 0.561788
0.040000 0.017021 -0.061152 0.561788
0.040000 0.017021 -0.059476 0.561788
0.040000 0.017021 -0.057801 0.561788
0.040000 0.017021 -0.056126 0.561788
0.040000 0.017021 -0.054450 0.561788
0.040000 0.017021 -0.052775 0.561788
0.040000 0.017021 -0.051099 0.561788
0.040000 0.017021 -0.049424 0.561788
0.040000 0.017021 -0.047749 0.561788
0.040000 0.017021 -0.046073 0.561788
0.040000 0.017021 -0.044398 0.561788
0.040000 0.017021 -0.042723 0.561788
0.040000 0.017021 -0.041047 0.561788
0.040000 0.017021 -0.039372 0.561788
0.040000 0.017021 -0.037696 0.561788
0.040000 0.017021 -0.036021 0.561788
0.040000 0.017021 -0.034346 0.561788
0.040000 0.017021 -0.032670 0.561788
0.040000 0.017021 -0.030995 0.561788
0.040000 0.017021 -0.029319 0.561788
0.040000 0.017021 -0.027644 0.561788
0.040000 0.017021 -0.025969 0.561788
0.040000 0.017021 -0.024293 0.561788
0.040000 0.017021 -0.022618 0.561788
0.040000 0.017021 -0.020942 0.561788
0.040000 0.017021 -0.019267 0.561788
0.040000 0.017021 -0.017592 0.561788
0.040000 0.017021 -0.015916 0.561788
0.040000 0.017021 -0.014241 0.561788
0.040000 0.017021 -0.012565 0.561788
0.040000 0.017021 -0.010890 0.561788
0.040000 0.017021 -0.009215 0.561788
0.040000 0.017021 -0.007539 0.561788
0.040000 0.017021 -0.005864 0.561788
0.040000 0.017021 -0.004188 0.561788
0.040000 0.017021 -0.002513 0.561788
0.040000 0.017021 -0.000838 0.561788
0.040000 0.017021 0.000838 0.561788
0.040000 0.017021 0.002513 0.561788
0.040000 0.017021 0.004188 0.561788
0.040000 0.017021 0.005864 0.561788
0.040000 0.017021 0.007539 0.561788
0.040000 0.017021 0.009215 0.561788
0.040000 0.017021 0.010890 0.561788
0.040000 0.017021 0.012565 0.561788
0.040000 0.017021 0.014241 0.561788
0.040000 0.017021 0.015916 0.561788
0.040000 0.017021 0.017592 0.561788
0.040000 0.017021 0.019267 0.561788
0.040000 0.017021 0.020942 0.561788
0.040000 0.017021 0.022618 0.561788
0.040000 0.017021 0.024293 0.561788
0.040000 0.017021 0.025969 0.561788
0.040000 0.017021 0.027644 0.561788
0.040000 0.017021 0.029319 0.561788
0.040000 0.017021 0.030995 0.561788
0.040000 0.017021 0.032670 0.561788
0.040000 0.017021 0.034346 0.561788
0.040000 0.017021 0.036021 0.561788
0.040000 0.017021 0.037696 0.561788
0.040000 0.017021 0.039372 0.561788
0.040000 0.017021 0.041047 0.561788
0.040000 0.017021 0.042723 0.561788
0.040000 0.017021 0.044398 0.561788
0.040000 0.017021 0.046073 0.561788
0.040000 0.017021 0.047749 0.561788
0.040000 0.017021 0.049424 0.561788
0.040000 0.017021 0.051099 0.561788
0.040000 0.017021 0.052775 0.561788
0.040000 0.017021 0.054450 0.561788
0.040000 0.017021 0.056126 0.561788
0.040000 0.017021 0.057801 0.561788
0.040000 0.017021 0.059476 0.561788
0.040000 0.017021 0.061152 0.561788
0.040000 0.017021 0.062827 0.561788
0.040000 0.017021 0.064503 0.561788
0.040000 0.017021 0.066178 0.561788
0.040000 0.017021 0.067853 0.561788
0.040000 0.017021 0.069529 0.561788
0.040000 0.017021 0.071204 0.561788
0.040000 0.017021 0.072880 0.561788
0.040000 0.017021 0.074555 0.561788
0.040000 0.017021 0.076230 0.561788
0.040000 0.017021 0.077906 0.561788
0.040000 0.017021 0.079581 0.561788
0.040000 0.017021 0.081257 0.561788
0.040000 0.017021 0.082932 0.561788
0.040000 0.017021 0.084607 0.561788
0.040000 0.017021 0.086283 0.561788
0.040000 0.017021 0.087958 0.561788
0.040000 0.017021 0.089634 0.561788
0.040000 0.017021 0.091309 0.561788
0.040000 0.017021 0.092984 0.561788
0.040000 0.017021 0.094660 0.561788
0.040000 0.017021 0.096335 0.561788
0.040000 0.017021 0.098010 0.561788
0.040000 0.017021 0.099686 0.561788
0.040000 0.017021 0.101361 0.561788
0.040000 0.017021 0.103037 0.561788
0.040000 0.017021 0.104712 0.561788
0.040000 0.017021 0.106387 0.561788
0.040000 0.017021 0.108063 0.561788
0.040000 0.017021 0.109738 0.561788
0.040000 0.017021 0.111414 0.561788
0.040000 0.017021 0.113089 0.561788
0.040000 0.017021 0.114764 0.561788
0.040000 0.017021 0.116440 0.561788
0.040000 0.017021 0.118115 0.561788
0.040000 0.017021 0.119791 0.561788
0.040000 0.017021 0.121466 0.561788
0.040000 0.017021 0.123141 0.561788
0.040000 0.017021 0.124817 0.561788
0.040000 0.017021 0.126492 0.561788
0.040000 0.017021 0.128168 0.561788
0.040000 0.017021 0.129843 0.561788
0.040000 0.017021 0.131518 0.561788
0.040000 0.017021 0.133194 0.561788
0.040000 0.017021 0.134869 0.561788
0.040000 0.017021 0.136545 0.561788
0.040000 0.017021 0.138220 0.561788
0.040000 0.017021 0.139895 0.561788
0.040000 0.017021 0.141571 0.561788
0.040000 0.017021 0.143246 0.561788
0.040000 0.017021 0.144921 0.561788
0.040000 0.017021 0.146597 0.561788
0.040000 0.017021 0.148272 0.561788
0.040000 0.017021 0.149948 0.561788
0.040000 0.017021 0.151623 0.561788
0.040000 0.017021 0.153298 0.561788
0.040000 0.017021 0.154974 0.561788
0.040000 0.017021 0.156649 0.561788
0.040000 0.017021 0.158325 0.561788
0.040000 0.017021 0.160000 0.561788
0.040000 0.018723 -0.160000 0.567603
0.040000 0.018723 -0.158325 0.567603
0.040000 0.018723 -0.156649 0.567603
0.040000 0.018723 -0.154974 0.567603
0.040000 0.018723 -0.153298 0.567603
0.040000 0.018723 -0.151623 0.567603
0.040000 0.018723 -0.149948 0.567603
0.040000 0.018723 -0.148272 0.567603
0.040000 0.018723 -0.146597 0.567603
0.040000 0.018723 -0.144921 0.567603
0.040000 0.018723 -0.143246 0.567603
0.040000 0.018723 -0.141571 0.567603
0.040000 0.018723 -0.139895 0.567603
0.040000 0.018723 -0.138220 0.567603
0.040000 0.018723 -0.136545 0.567603
0.040000 0.018723 -0.134869 0.567603
0.040000 0.018723 -0.133194 0.567603
0.040000 0.018723 -0.131518 0.567603
0.040000 0.018723 -0.129843 0.567603
0.040000 0.018723 -0.128168 0.567603
0.040000 0.018723 -0.126492 0.567603
0.040000 0.018723 -0.124817 0.567603
0.040000 0.018723 -0.123141 0.567603
0.040000 0.018723 -0.121466 0.567603
0.040000 0.018723 -0.119791 0.567603
0.040000 0.018723 -0.118115 0.567603
0.040000 0.018723 -0.116440 0.567603
0.040000 0.018723 -0.114764 0.567603
0.040000 0.018723 -0.113089 0.567603
0.040000 0.018723 -0.111414 0.567603
0.040000 0.018723 -0.109738 0.567603
0.040000 0.018723 -0.108063 0.567603
0.040000 0.018723 -0.106387 0.567603
0.040000 0.018723 -0.104712 0.567603
0.040000 0.018723 -0.103037 0.567603
0.040000 0.018723 -0.101361 0.567603
0.040000 0.018723 -0.099686 0.567603
0.040000 0.018723 -0.098010 0.567603
0.040000 0.018723 -0.096335 0.567603
0.040000 0.018723 -0.094660 0.567603
0.040000 0.018723 -0.092984 0.567603
0.040000 0.018723 -0.091309 0.567603
0.040000 0.018723 -0.089634 0.567603
0.040000 0.018723 -0.087958 0.567603
0.040000 0.018723 -0.086283 0.567603
0.040000 0.018723 -0.084607 0.567603
0.040000 0.018723 -0.082932 0.567603
0.040000 0.018723 -0.081257 0.567603
0.040000 0.018723 -0.079581 0.567603
0.040000 0.018723 -0.077906 0.567603
0.040000 0.018723 -0.076230 0.567603
0.040000 0.018723 -0.074555 0.567603
0.040000 0.018723 -0.072880 0.567603
0.040000 0.018723 -0.071204 0.567603
0.040000 0.018723 -0.069529 0.567603
0.040000 0.018723 -0.067853 0.567603
0.040000 0.018723 -0.066178 0.567603
0.040000 0.018723 -0.064503 0.567603
0.040000 0.018723 -0.062827 0.567603
0.040000 0.018723 -0.061152 0.567603
0.040000 0.018723 -0.059476 0.567603
0.040000 0.018723 -0.057801 0.567603
0.040000 0.018723 -0.056126 0.567603
0.040000 0.018723 -0.054450 0.567603
0.040000 0.018723 -0.052775 0.567603
0.040000 0.018723 -0.051099 0.567603
0.040000 0.018723 -0.049424 0.567603
0.040000 0.018723 -0.047749 0.567603
0.040000 0.018723 -0.046073 0.567603
0.040000 0.018723 -0.044398 0.567603
0.040000 0.018723 -0.042723 0.567603
0.040000 0.018723 -0.041047 0.567603
0.040000 0.018723 -0.039372 0.567603
0.040000 0.018723 -0.037696 0.567603
0.040000 0.018723 -0.036021 0.567603
0.040000 0.018723 -0.034346 0.567603
0.040000 0.018723 -0.032670 0.567603
0.040000 0.018723 -0.030995 0.567603
0.040000 0.018723 -0.029319 0.567603
0.040000 0.018723 -0.027644 0.567603
0.040000 0.018723 -0.025969 0.567603
0.040000 0.018723 -0.024293 0.567603
0.040000 0.018723 -0.022618 0.567603
0.040000 0.018723 -0.020942 0.567603
0.040000 0.018723 -0.019267 0.567603
0.040000 0.018723 -0.017592 0.567603
0.040000 0.018723 -0.015916 0.567603
0.040000 0.018723 -0.014241 0.567603
0.040000 0.018723 -0.012565 0.567603
0.040000 0.018723 -0.010890 0.567603
0.040000 0.018723 -0.009215 0.567603
0.040000 0.018723 -0.007539 0.567603
0.040000 0.018723 -0.005864 0.567603
0.040000 0.018723 -0.004188 0.567603
0.040000 0.018723 -0.002513 0.567603
0.040000 0.018723 -0.000838 0.567603
0.040000 0.018723 0.000838 0.567603
0.040000 0.018723 0.002513 0.567603
0.040000 0.018723 0.004188 0.567603
0.040000 0.018723 0.005864 0.567603
0.040000 0.018723 0.007539 0.567603
0.040000 0.018723 0.009215 0.567603
0.040000 0.018723 0.010890 0.567603
0.040000 0.018723 0.012565 0.567603
0.040000 0.018723 0.014241 0.567603
0.040000 0.018723 0.015916 0.567603
0.040000 0.018723 0.017592 0.567603
0.040000 0.018723 0.019267 0.567603
0.040000 0.018723 0.020942 0.567603
0.040000 0.018723 0.022618 0.567603
0.040000 0.018723 0.024293 0.567603
0.040000 0.018723 0.025969 0.567603
0.040000 0.018723 0.027644 0.567603
0.040000 0.018723 0.029319 0.567603
0.040000 0.018723 0.030995 0.567603
0.040000 0.018723 0.032670 0.567603
0.040000 0.018723 0.034346 0.567603
0.040000 0.018723 0.036021 0.567603
0.040000 0.018723 0.037696 0.567603
0.040000 0.018723 0.039372 0.567603
0.040000 0.018723 0.041047 0.567603
0.040000 0.018723 0.042723 0.567603
0.040000 0.018723 0.044398 0.567603
0.040000 0.018723 0.046073 0.567603
0.040000 0.018723 0.047749 0.567603
0.040000 0.018723 0.049424 0.567603
0.040000 0.018723 0.051099 0.567603
0.040000 0.018723 0.052775 0.567603
0.040000 0.018723 0.054450 0.567603
0.040000 0.018723 0.056126 0.567603
0.040000 0.018723 0.057801 0.567603
0.040000 0.018723 0.059476 0.567603
0.040000 0.018723 0.061152 0.567603
0.040000 0.018723 0.062827 0.567603
0.040000 0.018723 0.064503 0.567603
0.040000 0.018723 0.066178 0.567603
0.040000 0.018723 0.067853 0.567603
0.040000 0.018723 0.069529 0.567603
0.040000 0.018723 0.071204 0.567603
0.040000 0.018723 0.072880 0.567603
0.040000 0.018723 0.074555 0.567603
0.040000 0.018723 0.076230 0.567603
0.040000 0.018723 0.077906 0.567603
0.040000 0.018723 0.079581 0.567603
0.040000 0.018723 0.081257 0.567603
0.040000 0.018723 0.082932 0.567603
0.040000 0.018723 0.084607 0.567603
0.040000 0.018723 0.086283 0.567603
0.040000 0.018723 0.087958 0.567603
0.040000 0.018723 0.089634 0.567603
0.040000 0.018723 0.091309 0.567603
0.040000 0.018723 0.092984 0.567603
0.040000 0.018723 0.094660 0.567603
0.040000 0.018723 0.096335 0.567603
0.040000 0.018723 0.098010 0.567603
0.040000 0.018723 0.099686 0.567603
0.040000 0.018723 0.101361 0.567603
0.040000 0.018723 0.103037 0.567603
0.040000 0.018723 0.104712 0.567603
0.040000 0.018723 0.106387 0.567603
0.040000 0.018723 0.108063 0.567603
0.040000 0.018723 0.109738 0.567603
0.040000 0.018723 0.111414 0.567603
0.040000 0.018723 0.113089 0.567603
0.040000 0.018723 0.114764 0.567603
0.040000 0.018723 0.116440 0.567603
0.040000 0.018723 0.118115 0.567603
0.040000 0.018723 0.119791 0.567603
0.040000 0.018723 0.121466 0.567603
0.040000 0.018723 0.123141 0.567603
0.040000 0.018723 0.124817 0.567603
0.040000 0.018723 0.126492 0.567603
0.040000 0.018723 0.128168 0.567603
0.040000 0.018723 0.129843 0.567603
0.040000 0.018723 0.131518 0.567603
0.040000 0.018723 0.133194 0.567603
0.040000 0.018723 0.134869 0.567603
0.040000 0.018723 0.136545 0.567603
0.040000 0.018723 0.138220 0.567603
0.040000 0.018723 0.139895 0.567603
0.040000 0.018723 0.141571 0.567603
0.040000 0.018723 0.143246 0.567603
0.040000 0.018723 0.144921 0.567603
0.040000 0.018723 0.146597 0.567603
0.040000 0.018723 0.148272 0.567603
0.040000 0.018723 0.149948 0.567603
0.040000 0.018723 0.151623 0.567603
0.040000 0.018723 0.153298 0.567603
0.040000 0.018723 0.154974 0.567603
0.040000 0.018723 0.156649 0.567603
0.040000 0.018723 0.158325 0.567603
0.040000 0.018723 0.160000 0.567603
0.040000 0.020426 -0.160000 0.573121
0.040000 0.020426 -0.158325 0.573121
0.040000 0.020426 -0.156649 0.573121
0.040000 0.020426 -0.154974 0.573121
0.040000 0.020426 -0.153298 0.573121
0.040000 0.020426 -0.151623 0.573121
0.040000 0.020426 -0.149948 0.573121
0.040000 0.020426 -0.148272 0.573121
0.040000 0.020426 -0.146597 0.573121
0.040000 0.020426 -0.144921 0.573121
0.040000 0.020426 -0.143246 0.573121
0.040000 0.020426 -0.141571 0.573121
0.040000 0.020426 -0.139895 0.573121
0.040000 0.020426 -0.138220 0.573121
0.040000 0.020426 -0.136545 0.573121
0.040000 0.020426 -0.134869 0.573121
0.040000 0.020426 -0.133194 0.573121
0.040000 0.020426 -0.131518 0.573121
0.040000 0.020426 -0.129843 0.573121
0.040000 0.020426 -0.128168 0.573121
0.040000 0.020426 -0.126492 0.573121
0.040000 0.020426 -0.124817 0.573121
0.040000 0.020426 -0.123141 0.573121
0.040000 0.020426 -0.121466 0.573121
0.040000 0.020426 -0.119791 0.573121
0.040000 0.020426 -0.118115 0.573121
0.040000 0.020426 -0.116440 0.573121
0.040000 0.020426 -0.114764 0.573121
0.040000 0.020426 -0.113089 0.573121
0.040000 0.020426 -0.111414 0.573121
0.040000 0.020426 -0.109738 0.573121
0.040000 0.020426 -0.108063 0.573121
0.040000 0.020426 -0.106387 0.573121
0.040000 0.020426 -0.104712 0.573121
0.040000 0.020426 -0.103037 0.573121
0.040000 0.020426 -0.101361 0.573121
0.040000 0.020426 -0.099686 0.573121
0.040000 0.020426 -0.098010 0.573121
0.040000 0.020426 -0.096335 0.573121
0.040000 0.020426 -0.094660 0.573121
0.040000 0.020426 -0.092984 0.573121
0.040000 0.020426 -0.091309 0.573121
0.040000 0.020426 -0.089634 0.573121
0.040000 0.020426 -0.087958 0.573121
0.040000 0.020426 -0.086283 0.573121
0.040000 0.020426 -0.084607 0.573121
0.040000 0.020426 -0.082932 0.573121
0.040000 0.020426 -0.081257 0.573121
0.040000 0.020426 -0.079581 0.573121
0.040000 0.020426 -0.077906 0.573121
0.040000 0.020426 -0.076230 0.573121
0.040000 0.020426 -0.074555 0.573121
0.040000 0.020426 -0.072880 0.573121
0.040000 0.020426 -0.071204 0.573121
0.040000 0.020426 -0.069529 0.573121
0.040000 0.020426 -0.067853 0.573121
0.040000 0.020426 -0.066178 0.573121
0.040000 0.020426 -0.064503 0.573121
0.040000 0.020426 -0.062827 0.573121
0.040000 0.020426 -0.061152 0.573121
0.040000 0.020426 -0.059476 0.573121
0.040000 0.020426 -0.057801 0.573121
0.040000 0.020426 -0.056126 0.573121
0.040000 0.020426 -0.054450 0.573121
0.040000 0.020426 -0.052775 0.573121
0.040000 0.020426 -0.051099 0.573121
0.040000 0.020426 -0.049424 0.573121
0.040000 0.020426 -0.047749 0.573121
0.040000 0.020426 -0.046073 0.573121
0.040000 0.020426 -0.044398 0.573121
0.040000 0.020426 -0.042723 0.573121
0.040000 0.020426 -0.041047 0.573121
0.040000 0.020426 -0.039372 0.573121
0.040000 0.020426 -0.037696 0.573121
0.040000 0.020426 -0.036021 0.573121
0.040000 0.020426 -0.034346 0.573121
0.040000 0.020426 -0.032670 0.573121
0.040000 0.020426 -0.030995 0.573121
0.040000 0.020426 -0.029319 0.573121
0.040000 0.020426 -0.027644 0.573121
0.040000 0.020426 -0.025969 0.573121
0.040000 0.020426 -0.024293 0.573121
0.040000 0.020426 -0.022618 0.573121
0.040000 0.020426 -0.020942 0.573121
0.040000 0.020426 -0.019267 0.573121
0.040000 0.020426 -0.017592 0.573121
0.040000 0.020426 -0.015916 0.573121
0.040000 0.020426 -0.014241 0.573121
0.040000 0.020426 -0.012565 0.573121
0.040000 0.020426 -0.010890 0.573121
0.040000 0.020426 -0.009215 0.573121
0.040000 0.020426 -0.007539 0.573121
0.040000 0.020426 -0.005864 0.573121
0.040000 0.020426 -0.004188 0.573121
0.040000 0.020426 -0.002513 0.573121
0.040000 0.020426 -0.000838 0.573121
0.040000 0.020426 0.000838 0.573121
0.040000 0.020426 0.002513 0.573121
0.040000 0.020426 0.004188 0.573121
0.040000 0.020426 0.005864 0.573121
0.040000 0.020426 0.007539 0.573121
0.040000 0.020426 0.009215 0.573121
0.040000 0.020426 0.010890 0.573121
0.040000 0.020426 0.012565 0.573121
0.040000 0.020426 0.014241 0.573121
0.040000 0.020426 0.015916 0.573121
0.040000 0.020426 0.017592 0.573121
0.040000 0.020426 0.019267 0.573121
0.040000 0.020426 0.020942 0.573121
0.040000 0.020426 0.022618 0.573121
0.040000 0.020426 0.024293 0.573121
0.040000 0.020426 0.025969 0.573121
0.040000 0.020426 0.027644 0.573121
0.040000 0.020426 0.029319 0.573121
0.040000 0.020426 0.030995 0.573121
0.040000 0.020426 0.032670 0.573121
0.040000 0.020426 0.034346 0.573121
0.040000 0.020426 0.036021 0.573121
0.040000 0.020426 0.037696 0.573121
0.040000 0.020426 0.039372 0.573121
0.040000 0.020426 0.041047 0.573121
0.040000 0.020426 0.042723 0.573121
0.040000 0.020426 0.044398 0.573121
0.040000 0.020426 0.046073 0.573121
0.040000 0.020426 0.047749 0.573121
0.040000 0.020426 0.049424 0.573121
0.040000 0.020426 0.051099 0.573121
0.040000 0.020426 0.052775 0.573121
0.040000 0.020426 0.054450 0.573121
0.040000 0.020426 0.056126 0.573121
0.040000 0.020426 0.057801 0.573121
0.040000 0.020426 0.059476 0.573121
0.040000 0.020426 0.061152 0.573121
0.040000 0.020426 0.062827 0.573121
0.040000 0.020426 0.064503 0.573121
0.040000 0.020426 0.066178 0.573121
0.040000 0.020426 0.067853 0.573121
0.040000 0.020426 0.069529 0.573121
0.040000 0.020426 0.071204 0.573121
0.040000 0.020426 0.072880 0.573121
0.040000 0.020426 0.074555 0.573121
0.040000 0.020426 0.076230 0.573121
0.040000 0.020426 0.077906 0.573121
0.040000 0.020426 0.079581 0.573121
0.040000 0.020426 0.081257 0.573121
0.040000 0.020426 0.082932 0.573121
0.040000 0.020426 0.084607 0.573121
0.040000 0.020426 0.086283 0.573121
0.040000 0.020426 0.087958 0.573121
0.040000 0.020426 0.089634 0.573121
0.040000 0.020426 0.091309 0.573121
0.040000 0.020426 0.092984 0.573121
0.040000 0.020426 0.094660 0.573121
0.040000 0.020426 0.096335 0.573121
0.040000 0.020426 0.098010 0.573121
0.040000 0.020426 0.099686 0.573121
0.040000 0.020426 0.101361 0.573121
0.040000 0.020426 0.103037 0.573121
0.040000 0.020426 0.104712 0.573121
0.040000 0.020426 0.106387 0.573121
0.040000 0.020426 0.108063 0.573121
0.040000 0.020426 0.109738 0.573121
0.040000 0.020426 0.111414 0.573121
0.040000 0.020426 0.113089 0.573121
0.040000 0.020426 0.114764 0.573121
0.040000 0.020426 0.116440 0.573121
0.040000 0.020426 0.118115 0.573121
0.040000 0.020426 0.119791 0.573121
0.040000 0.020426 0.121466 0.573121
0.040000 0.020426 0.123141 0.573121
0.040000 0.020426 0.124817 0.573121
0.040000 0.020426 0.126492 0.573121
0.040000 0.020426 0.128168 0.573121
0.040000 0.020426 0.129843 0.573121
0.040000 0.020426 0.131518 0.573121
0.040000 0.020426 0.133194 0.573121
0.040000 0.020426 0.134869 0.573121
0.040000 0.020426 0.136545 0.573121
0.040000 0.020426 0.138220 0.573121
0.040000 0.020426 0.139895 0.573121
0.040000 0.020426 0.141571 0.573121
0.040000 0.020426 0.143246 0.573121
0.040000 0.020426 0.144921 0.573121
0.040000 0.020426 0.146597 0.573121
0.040000 0.020426 0.148272 0.573121
0.040000 0.020426 0.149948 0.573121
0.040000 0.020426 0.151623 0.573121
0.040000 0.020426 0.153298 0.573121
0.040000 0.020426 0.154974 0.573121
0.040000 0.020426 0.156649 0.573121
0.040000 0.020426 0.158325 0.573121
0.040000 0.020426 0.160000 0.573121
0.040000 0.022128 -0.160000 0.578313
0.040000 0.022128 -0.158325 0.578313
0.040000 0.022128 -0.156649 0.578313
0.040000 0.022128 -0.154974 0.578313
0.040000 0.022128 -0.153298 0.578313
0.040000 0.022128 -0.151623 0.578313
0.040000 0.022128 -0.149948 0.578313
0.040000 0.022128 -0.148272 0.578313
0.040000 0.022128 -0.146597 0.578313
0.040000 0.022128 -0.144921 0.578313
0.040000 0.022128 -0.143246 0.578313
0.040000 0.022128 -0.141571 0.578313
0.040000 0.022128 -0.139895 0.578313
0.040000 0.022128 -0.138220 0.578313
0.040000 0.022128 -0.136545 0.578313
0.040000 0.022128 -0.134869 0.578313
0.040000 0.022128 -0.133194 0.578313
0.040000 0.022128 -0.131518 0.578313
0.040000 0.022128 -0.129843 0.578313
0.040000 0.022128 -0.128168 0.578313
0.040000 0.022128 -0.126492 0.578313
0.040000 0.022128 -0.124817 0.578313
0.040000 0.022128 -0.123141 0.578313
0.040000 0.022128 -0.121466 0.578313
0.040000 0.022128 -0.119791 0.578313
0.040000 0.022128 -0.118115 0.578313
0.040000 0.022128 -0.116440 0.578313
0.040000 0.022128 -0.114764 0.578313
0.040000 0.022128 -0.113089 0.578313
0.040000 0.022128 -0.111414 0.578313
0.040000 0.022128 -0.109738 0.578313
0.040000 0.022128 -0.108063 0.578313
0.040000 0.022128 -0.106387 0.578313
0.040000 0.022128 -0.104712 0.578313
0.040000 0.022128 -0.103037 0.578313
0.040000 0.022128 -0.101361 0.578313
0.040000 0.022128 -0.099686 0.578313
0.040000 0.022128 -0.098010 0.578313
0.040000 0.022128 -0.096335 0.578313
0.040000 0.022128 -0.094660 0.578313
0.040000 0.022128 -0.092984 0.578313
0.040000 0.022128 -0.091309 0.578313
0.040000 0.022128 -0.089634 0.578313
0.040000 0.022128 -0.087958 0.578313
0.040000 0.022128 -0.086283 0.578313
0.040000 0.022128 -0.084607 0.578313
0.040000 0.022128 -0.082932 0.578313
0.040000 0.022128 -0.081257 0.578313
0.040000 0.022128 -0.079581 0.578313
0.040000 0.022128 -0.077906 0.578313
0.040000 0.022128 -0.076230 0.578313
0.040000 0.022128 -0.074555 0.578313
0.040000 0.022128 -0.072880 0.578313
0.040000 0.022128 -0.071204 0.578313
0.040000 0.022128 -0.069529 0.578313
0.040000 0.022128 -0.067853 0.578313
0.040000 0.022128 -0.066178 0.578313
0.040000 0.022128 -0.064503 0.578313
0.040000 0.022128 -0.062827 0.578313
0.040000 0.022128 -0.061152 0.578313
0.040000 0.022128 -0.059476 0.578313
0.040000 0.022128 -0.057801 0.578313
0.040000 0.022128 -0.056126 0.578313
0.040000 0.022128 -0.054450 0.578313
0.040000 0.022128 -0.052775 0.578313
0.040000 0.022128 -0.051099 0.578313
0.040000 0.022128 -0.049424 0.578313
0.040000 0.022128 -0.047749 0.578313
0.040000 0.022128 -0.046073 0.578313
0.040000 0.022128 -0.044398 0.578313
0.040000 0.022128 -0.042723 0.578313
0.040000 0.022128 -0.041047 0.578313
0.040000 0.022128 -0.039372 0.578313
0.040000 0.022128 -0.037696 0.578313
0.040000 0.022128 -0.036021 0.578313
0.040000 0.022128 -0.034346 0.578313
0.040000 0.022128 -0.032670 0.578313
0.040000 0.022128 -0.030995 0.578313
0.040000 0.022128 -0.029319 0.578313
0.040000 0.022128 -0.027644 0.578313
0.040000 0.022128 -0.025969 0.578313
0.040000 0.022128 -0.024293 0.578313
0.040000 0.022128 -0.022618 0.578313
0.040000 0.022128 -0.020942 0.578313
0.040000 0.022128 -0.019267 0.578313
0.040000 0.022128 -0.017592 0.578313
0.040000 0.022128 -0.015916 0.578313
0.040000 0.022128 -0.014241 0.578313
0.040000 0.022128 -0.012565 0.578313
0.040000 0.022128 -0.010890 0.578313
0.040000 0.022128 -0.009215 0.578313
0.040000 0.022128 -0.007539 0.578313
0.040000 0.022128 -0.005864 0.578313
0.040000 0.022128 -0.004188 0.578313
0.040000 0.022128 -0.002513 0.578313
0.040000 0.022128 -0.000838 0.578313
0.040000 0.022128 0.000838 0.578313
0.040000 0.022128 0.002513 0.578313
0.040000 0.022128 0.004188 0.578313
0.040000 0.022128 0.005864 0.578313
0.040000 0.022128 0.007539 0.578313
0.040000 0.022128 0.009215 0.578313
0.040000 0.022128 0.010890 0.578313
0.040000 0.022128 0.012565 0.578313
0.040000 0.022128 0.014241 0.578313
0.040000 0.022128 0.015916 0.578313
0.040000 0.022128 0.017592 0.578313
0.040000 0.022128 0.019267 0.578313
0.040000 0.022128 0.020942 0.578313
0.040000 0.022128 0.022618 0.578313
0.040000 0.022128 0.024293 0.578313
0.040000 0.022128 0.025969 0.578313
0.040000 0.022128 0.027644 0.578313
0.040000 0.022128 0.029319 0.578313
0.040000 0.022128 0.030995 0.578313
0.040000 0.022128 0.032670 0.578313
0.040000 0.022128 0.034346 0.578313
0.040000 0.022128 0.036021 0.578313
0.040000 0.022128 0.037696 0.578313
0.040000 0.022128 0.039372 0.578313
0.040000 0.022128 0.041047 0.578313
0.040000 0.022128 0.042723 0.578313
0.040000 0.022128 0.044398 0.578313
0.040000 0.022128 0.046073 0.578313
0.040000 0.022128 0.047749 0.578313
0.040000 0.022128 0.049424 0.578313
0.040000 0.022128 0.051099 0.578313
0.040000 0.022128 0.052775 0.578313
0.040000 0.022128 0.054450 0.578313
0.040000 0.022128 0.056126 0.578313
0.040000 0.022128 0.057801 0.578313
0.040000 0.022128 0.059476 0.578313
0.040000 0.022128 0.061152 0.578313
0.040000 0.022128 0.062827 0.578313
0.040000 0.022128 0.064503 0.578313
0.040000 0.022128 0.066178 0.578313
0.040000 0.022128 0.067853 0.578313
0.040000 0.022128 0.069529 0.578313
0.040000 0.022128 0.071204 0.578313
0.040000 0.022128 0.072880 0.578313
0.040000 0.022128 0.074555 0.578313
0.040000 0.022128 0.076230 0.578313
0.040000 0.022128 0.077906 0.578313
0.040000 0.022128 0.079581 0.578313
0.040000 0.022128 0.081257 0.578313
0.040000 0.022128 0.082932 0.578313
0.040000 0.022128 0.084607 0.578313
0.040000 0.022128 0.086283 0.578313
0.040000 0.022128 0.087958 0.578313
0.040000 0.022128 0.089634 0.578313
0.040000 0.022128 0.091309 0.578313
0.040000 0.022128 0.092984 0.578313
0.040000 0.022128 0.094660 0.578313
0.040000 0.022128 0.096335 0.578313
0.040000 0.022128 0.098010 0.578313
0.040000 0.022128 0.099686 0.578313
0.040000 0.022128 0.101361 0.578313
0.040000 0.022128 0.103037 0.578313
0.040000 0.022128 0.104712 0.578313
0.040000 0.022128 0.106387 0.578313
0.040000 0.022128 0.108063 0.578313
0.040000 0.022128 0.109738 0.578313
0.040000 0.022128 0.111414 0.578313
0.040000 0.022128 0.113089 0.578313
0.040000 0.022128 0.114764 0.578313
0.040000 0.022128 0.116440 0.578313
0.040000 0.022128 0.118115 0.578313
0.040000 0.022128 0.119791 0.578313
0.040000 0.022128 0.121466 0.578313
0.040000 0.022128 0.123141 0.578313
0.040000 0.022128 0.124817 0.578313
0.040000 0.022128 0.126492 0.578313
0.040000 0.022128 0.128168 0.578313
0.040000 0.022128 0.129843 0.578313
0.040000 0.022128 0.131518 0.578313
0.040000 0.022128 0.133194 0.578313
0.040000 0.022128 0.134869 0.578313
0.040000 0.022128 0.136545 0.578313
0.040000 0.022128 0.138220 0.578313
0.040000 0.022128 0.139895 0.578313
0.040000 0.022128 0.141571 0.578313
0.040000 0.022128 0.143246 0.578313
0.040000 0.022128 0.144921 0.578313
0.040000 0.022128 0.146597 0.578313
0.040000 0.022128 0.148272 0.578313
0.040000 0.022128 0.149948 0.578313
0.040000 0.022128 0.151623 0.578313
0.040000 0.022128 0.153298 0.578313
0.040000 0.022128 0.154974 0.578313
0.040000 0.022128 0.156649 0.578313
0.040000 0.022128 0.158325 0.578313
0.040000 0.022128 0.160000 0.578313
0.040000 0.023830 -0.160000 0.583150
0.040000 0.023830 -0.158325 0.583150
0.040000 0.023830 -0.156649 0.583150
0.040000 0.023830 -0.154974 0.583150
0.040000 0.023830 -0.153298 0.583150
0.040000 0.023830 -0.151623 0.583150
0.040000 0.023830 -0.149948 0.583150
0.040000 0.023830 -0.148272 0.583150
0.040000 0.023830 -0.146597 0.583150
0.040000 0.023830 -0.144921 0.583150
0.040000 0.023830 -0.143246 0.583150
0.040000 0.023830 -0.141571 0.583150
0.040000 0.023830 -0.139895 0.583150
0.040000 0.023830 -0.138220 0.583150
0.040000 0.023830 -0.136545 0.583150
0.040000 0.023830 -0.134869 0.583150
0.040000 0.023830 -0.133194 0.583150
0.040000 0.023830 -0.131518 0.583150
0.040000 0.023830 -0.129843 0.583150
0.040000 0.023830 -0.128168 0.583150
0.040000 0.023830 -0.126492 0.583150
0.040000 0.023830 -0.124817 0.583150
0.040000 0.023830 -0.123141 0.583150
0.040000 0.023830 -0.121466 0.583150
0.040000 0.023830 -0.119791 0.583150
0.040000 0.023830 -0.118115 0.583150
0.040000 0.023830 -0.116440 0.583150
0.040000 0.023830 -0.114764 0.583150
0.040000 0.023830 -0.113089 0.583150
0.040000 0.023830 -0.111414 0.583150
0.040000 0.023830 -0.109738 0.583150
0.040000 0.023830 -0.108063 0.583150
0.040000 0.023830 -0.106387 0.583150
0.040000 0.023830 -0.104712 0.583150
0.040000 0.023830 -0.103037 0.583150
0.040000 0.023830 -0.101361 0.583150
0.040000 0.023830 -0.099686 0.583150
0.040000 0.023830 -0.098010 0.583150
0.040000 0.023830 -0.096335 0.583150
0.040000 0.023830 -0.094660 0.583150
0.040000 0.023830 -0.092984 0.583150
0.040000 0.023830 -0.091309 0.583150
0.040000 0.023830 -0.089634 0.583150
0.040000 0.023830 -0.087958 0.583150
0.040000 0.023830 -0.086283 0.583150
0.040000 0.023830 -0.084607 0.583150
0.040000 0.023830 -0.082932 0.583150
0.040000 0.023830 -0.081257 0.583150
0.040000 0.023830 -0.079581 0.583150
0.040000 0.023830 -0.077906 0.583150
0.040000 0.023830 -0.076230 0.583150
0.040000 0.023830 -0.074555 0.583150
0.040000 0.023830 -0.072880 0.583150
0.040000 0.023830 -0.071204 0.583150
0.040000 0.023830 -0.069529 0.583150
0.040000 0.023830 -0.067853 0.583150
0.040000 0.023830 -0.066178 0.583150
0.040000 0.023830 -0.064503 0.583150
0.040000 0.023830 -0.062827 0.583150
0.040000 0.023830 -0.061152 0.583150
0.040000 0.023830 -0.059476 0.583150
0.040000 0.023830 -0.057801 0.583150
0.040000 0.023830 -0.056126 0.583150
0.040000 0.023830 -0.054450 0.583150
0.040000 0.023830 -0.052775 0.583150
0.040000 0.023830 -0.051099 0.583150
0.040000 0.023830 -0.049424 0.583150
0.040000 0.023830 -0.047749 0.583150
0.040000 0.023830 -0.046073 0.583150
0.040000 0.023830 -0.044398 0.583150
0.040000 0.023830 -0.042723 0.583150
0.040000 0.023830 -0.041047 0.583150
0.040000 0.023830 -0.039372 0.583150
0.040000 0.023830 -0.037696 0.583150
0.040000 0.023830 -0.036021 0.583150
0.040000 0.023830 -0.034346 0.583150
0.040000 0.023830 -0.032670 0.583150
0.040000 0.023830 -0.030995 0.583150
0.040000 0.023830 -0.029319 0.583150
0.040000 0.023830 -0.027644 0.583150
0.040000 0.023830 -0.025969 0.583150
0.040000 0.023830 -0.024293 0.583150
0.040000 0.023830 -0.022618 0.583150
0.040000 0.023830 -0.020942 0.583150
0.040000 0.023830 -0.019267 0.583150
0.040000 0.023830 -0.017592 0.583150
0.040000 0.023830 -0.015916 0.583150
0.040000 0.023830 -0.014241 0.583150
0.040000 0.023830 -0.012565 0.583150
0.040000 0.023830 -0.010890 0.583150
0.040000 0.023830 -0.009215 0.583150
0.040000 0.023830 -0.007539 0.583150
0.040000 0.023830 -0.005864 0.583150
0.040000 0.023830 -0.004188 0.583150
0.040000 0.023830 -0.002513 0.583150
0.040000 0.023830 -0.000838 0.583150
0.040000 0.023830 0.000838 0.583150
0.040000 0.023830 0.002513 0.583150
0.040000 0.023830 0.004188 0.583150
0.040000 0.023830 0.005864 0.583150
0.040000 0.023830 0.007539 0.583150
0.040000 0.023830 0.009215 0.583150
0.040000 0.023830 0.010890 0.583150
0.040000 0.023830 0.012565 0.583150
0.040000 0.023830 0.014241 0.583150
0.040000 0.023830 0.015916 0.583150
0.040000 0.023830 0.017592 0.583150
0.040000 0.023830 0.019267 0.583150
0.040000 0.023830 0.020942 0.583150
0.040000 0.023830 0.022618 0.583150
0.040000 0.023830 0.024293 0.583150
0.040000 0.023830 0.025969 0.583150
0.040000 0.023830 0.027644 0.583150
0.040000 0.023830 0.029319 0.583150
0.040000 0.023830 0.030995 0.583150
0.040000 0.023830 0.032670 0.583150
0.040000 0.023830 0.034346 0.583150
0.040000 0.023830 0.036021 0.583150
0.040000 0.023830 0.037696 0.583150
0.040000 0.023830 0.039372 0.583150
0.040000 0.023830 0.041047 0.583150
0.040000 0.023830 0.042723 0.583150
0.040000 0.023830 0.044398 0.583150
0.040000 0.023830 0.046073 0.583150
0.040000 0.023830 0.047749 0.583150
0.040000 0.023830 0.049424 0.583150
0.040000 0.023830 0.051099 0.583150
0.040000 0.023830 0.052775 0.583150
0.040000 0.023830 0.054450 0.583150
0.040000 0.023830 0.056126 0.583150
0.040000 0.023830 0.057801 0.583150
0.040000 0.023830 0.059476 0.583150
0.040000 0.023830 0.061152 0.583150
0.040000 0.023830 0.062827 0.583150
0.040000 0.023830 0.064503 0.583150
0.040000 0.023830 0.066178 0.583150
0.040000 0.023830 0.067853 0.583150
0.040000 0.023830 0.069529 0.583150
0.040000 0.023830 0.071204 0.583150
0.040000 0.023830 0.072880 0.583150
0.040000 0.023830 0.074555 0.583150
0.040000 0.023830 0.076230 0.583150
0.040000 0.023830 0.077906 0.583150
0.040000 0.023830 0.079581 0.583150
0.040000 0.023830 0.081257 0.583150
0.040000 0.023830 0.082932 0.583150
0.040000 0.023830 0.084607 0.583150
0.040000 0.023830 0.086283 0.583150
0.040000 0.023830 0.087958 0.583150
0.040000 0.023830 0.089634 0.583150
0.040000 0.023830 0.091309 0.583150
0.040000 0.023830 0.092984 0.583150
0.040000 0.023830 0.094660 0.583150
0.040000 0.023830 0.096335 0.583150
0.040000 0.023830 0.098010 0.583150
0.040000 0.023830 0.099686 0.583150
0.040000 0.023830 0.101361 0.583150
0.040000 0.023830 0.103037 0.583150
0.040000 0.023830 0.104712 0.583150
0.040000 0.023830 0.106387 0.583150
0.040000 0.023830 0.108063 0.583150
0.040000 0.023830 0.109738 0.583150
0.040000 0.023830 0.111414 0.583150
0.040000 0.023830 0.113089 0.583150
0.040000 0.023830 0.114764 0.583150
0.040000 0.023830 0.116440 0.583150
0.040000 0.023830 0.118115 0.583150
0.040000 0.023830 0.119791 0.583150
0.040000 0.023830 0.121466 0.583150
0.040000 0.023830 0.123141 0.583150
0.040000 0.023830 0.124817 0.583150
0.040000 0.023830 0.126492 0.583150
0.040000 0.023830 0.128168 0.583150
0.040000 0.023830 0.129843 0.583150
0.040000 0.023830 0.131518 0.583150
0.040000 0.023830 0.133194 0.583150
0.040000 0.023830 0.134869 0.583150
0.040000 0.023830 0.136545 0.583150
0.040000 0.023830 0.138220 0.583150
0.040000 0.023830 0.139895 0.583150
0.040000 0.023830 0.141571 0.583150
0.040000 0.023830 0.143246 0.583150
0.040000 0.023830 0.144921 0.583150
0.040000 0.023830 0.146597 0.583150
0.040000 0.023830 0.148272 0.583150
0.040000 0.023830 0.149948 0.583150
0.040000 0.023830 0.151623 0.583150
0.040000 0.023830 0.153298 0.583150
0.040000 0.023830 0.154974 0.583150
0.040000 0.023830 0.156649 0.583150
0.040000 0.023830 0.158325 0.583150
0.040000 0.023830 0.160000 0.583150
0.040000 0.025532 -0.160000 0.587604
0.040000 0.025532 -0.158325 0.587604
0.040000 0.025532 -0.156649 0.587604
0.040000 0.025532 -0.154974 0.587604
0.040000 0.025532 -0.153298 0.587604
0.040000 0.025532 -0.151623 0.587604
0.040000 0.025532 -0.149948 0.587604
0.040000 0.025532 -0.148272 0.587604
0.040000 0.025532 -0.146597 0.587604
0.040000 0.025532 -0.144921 0.587604
0.040000 0.025532 -0.143246 0.587604
0.040000 0.025532 -0.141571 0.587604
0.040000 0.025532 -0.139895 0.587604
0.040000 0.025532 -0.138220 0.587604
0.040000 0.025532 -0.136545 0.587604
0.040000 0.025532 -0.134869 0.587604
0.040000 0.025532 -0.133194 0.587604
0.040000 0.025532 -0.131518 0.587604
0.040000 0.025532 -0.129843 0.587604
0.040000 0.025532 -0.128168 0.587604
0.040000 0.025532 -0.126492 0.587604
0.040000 0.025532 -0.124817 0.587604
0.040000 0.025532 -0.123141 0.587604
0.040000 0.025532 -0.121466 0.587604
0.040000 0.025532 -0.119791 0.587604
0.040000 0.025532 -0.118115 0.587604
0.040000 0.025532 -0.116440 0.587604
0.040000 0.025532 -0.114764 0.587604
0.040000 0.025532 -0.113089 0.587604
0.040000 0.025532 -0.111414 0.587604
0.040000 0.025532 -0.109738 0.587604
0.040000 0.025532 -0.108063 0.587604
0.040000 0.025532 -0.106387 0.587604
0.040000 0.025532 -0.104712 0.587604
0.040000 0.025532 -0.103037 0.587604
0.040000 0.025532 -0.101361 0.587604
0.040000 0.025532 -0.099686 0.587604
0.040000 0.025532 -0.098010 0.587604
0.040000 0.025532 -0.096335 0.587604
0.040000 0.025532 -0.094660 0.587604
0.040000 0.025532 -0.092984 0.587604
0.040000 0.025532 -0.091309 0.587604
0.040000 0.025532 -0.089634 0.587604
0.040000 0.025532 -0.087958 0.587604
0.040000 0.025532 -0.086283 0.587604
0.040000 0.025532 -0.084607 0.587604
0.040000 0.025532 -0.082932 0.587604
0.040000 0.025532 -0.081257 0.587604
0.040000 0.025532 -0.079581 0.587604
0.040000 0.025532 -0.077906 0.587604
0.040000 0.025532 -0.076230 0.587604
0.040000 0.025532 -0.074555 0.587604
0.040000 0.025532 -0.072880 0.587604
0.040000 0.025532 -0.071204 0.587604
0.040000 0.025532 -0.069529 0.587604
0.040000 0.025532 -0.067853 0.587604
0.040000 0.025532 -0.066178 0.587604
0.040000 0.025532 -0.064503 0.587604
0.040000 0.025532 -0.062827 0.587604
0.040000 0.025532 -0.061152 0.587604
0.040000 0.025532 -0.059476 0.587604
0.040000 0.025532 -0.057801 0.587604
0.040000 0.025532 -0.056126 0.587604
0.040000 0.025532 -0.054450 0.587604
0.040000 0.025532 -0.052775 0.587604
0.040000 0.025532 -0.051099 0.587604
0.040000 0.025532 -0.049424 0.587604
0.040000 0.025532 -0.047749 0.587604
0.040000 0.025532 -0.046073 0.587604
0.040000 0.025532 -0.044398 0.587604
0.040000 0.025532 -0.042723 0.587604
0.040000 0.025532 -0.041047 0.587604
0.040000 0.025532 -0.039372 0.587604
0.040000 0.025532 -0.037696 0.587604
0.040000 0.025532 -0.036021 0.587604
0.040000 0.025532 -0.034346 0.587604
0.040000 0.025532 -0.032670 0.587604
0.040000 0.025532 -0.030995 0.587604
0.040000 0.025532 -0.029319 0.587604
0.040000 0.025532 -0.027644 0.587604
0.040000 0.025532 -0.025969 0.587604
0.040000 0.025532 -0.024293 0.587604
0.040000 0.025532 -0.022618 0.587604
0.040000 0.025532 -0.020942 0.587604
0.040000 0.025532 -0.019267 0.587604
0.040000 0.025532 -0.017592 0.587604
0.040000 0.025532 -0.015916 0.587604
0.040000 0.025532 -0.014241 0.587604
0.040000 0.025532 -0.012565 0.587604
0.040000 0.025532 -0.010890 0.587604
0.040000 0.025532 -0.009215 0.587604
0.040000 0.025532 -0.007539 0.587604
0.040000 0.025532 -0.005864 0.587604
0.040000 0.025532 -0.004188 0.587604
0.040000 0.025532 -0.002513 0.587604
0.040000 0.025532 -0.000838 0.587604
0.040000 0.025532 0.000838 0.587604
0.040000 0.025532 0.002513 0.587604
0.040000 0.025532 0.004188 0.587604
0.040000 0.025532 0.005864 0.587604
0.040000 0.025532 0.007539 0.587604
0.040000 0.025532 0.009215 0.587604
0.040000 0.025532 0.010890 0.587604
0.040000 0.025532 0.012565 0.587604
0.040000 0.025532 0.014241 0.587604
0.040000 0.025532 0.015916 0.587604
0.040000 0.025532 0.017592 0.587604
0.040000 0.025532 0.019267 0.587604
0.040000 0.025532 0.020942 0.587604
0.040000 0.025532 0.022618 0.587604
0.040000 0.025532 0.024293 0.587604
0.040000 0.025532 0.025969 0.587604
0.040000 0.025532 0.027644 0.587604
0.040000 0.025532 0.029319 0.587604
0.040000 0.025532 0.030995 0.587604
0.040000 0.025532 0.032670 0.587604
0.040000 0.025532 0.034346 0.587604
0.040000 0.025532 0.036021 0.587604
0.040000 0.025532 0.037696 0.587604
0.040000 0.025532 0.039372 0.587604
0.040000 0.025532 0.041047 0.587604
0.040000 0.025532 0.042723 0.587604
0.040000 0.025532 0.044398 0.587604
0.040000 0.025532 0.046073 0.587604
0.040000 0.025532 0.047749 0.587604
0.040000 0.025532 0.049424 0.587604
0.040000 0.025532 0.051099 0.587604
0.040000 0.025532 0.052775 0.587604
0.040000 0.025532 0.054450 0.587604
0.040000 0.025532 0.056126 0.587604
0.040000 0.025532 0.057801 0.587604
0.040000 0.025532 0.059476 0.587604
0.040000 0.025532 0.061152 0.587604
0.040000 0.025532 0.062827 0.587604
0.040000 0.025532 0.064503 0.587604
0.040000 0.025532 0.066178 0.587604
0.040000 0.025532 0.067853 0.587604
0.040000 0.025532 0.069529 0.587604
0.040000 0.025532 0.071204 0.587604
0.040000 0.025532 0.072880 0.587604
0.040000 0.025532 0.074555 0.587604
0.040000 0.025532 0.076230 0.587604
0.040000 0.025532 0.077906 0.587604
0.040000 0.025532 0.079581 0.587604
0.040000 0.025532 0.081257 0.587604
0.040000 0.025532 0.082932 0.587604
0.040000 0.025532 0.084607 0.587604
0.040000 0.025532 0.086283 0.587604
0.040000 0.025532 0.087958 0.587604
0.040000 0.025532 0.089634 0.587604
0.040000 0.025532 0.091309 0.587604
0.040000 0.025532 0.092984 0.587604
0.040000 0.025532 0.094660 0.587604
0.040000 0.025532 0.096335 0.587604
0.040000 0.025532 0.098010 0.587604
0.040000 0.025532 0.099686 0.587604
0.040000 0.025532 0.101361 0.587604
0.040000 0.025532 0.103037 0.587604
0.040000 0.025532 0.104712 0.587604
0.040000 0.025532 0.106387 0.587604
0.040000 0.025532 0.108063 0.587604
0.040000 0.025532 0.109738 0.587604
0.040000 0.025532 0.111414 0.587604
0.040000 0.025532 0.113089 0.587604
0.040000 0.025532 0.114764 0.587604
0.040000 0.025532 0.116440 0.587604
0.040000 0.025532 0.118115 0.587604
0.040000 0.025532 0.119791 0.587604
0.040000 0.025532 0.121466 0.587604
0.040000 0.025532 0.123141 0.587604
0.040000 0.025532 0.124817 0.587604
0.040000 0.025532 0.126492 0.587604
0.040000 0.025532 0.128168 0.587604
0.040000 0.025532 0.129843 0.587604
0.040000 0.025532 0.131518 0.587604
0.040000 0.025532 0.133194 0.587604
0.040000 0.025532 0.134869 0.587604
0.040000 0.025532 0.136545 0.587604
0.040000 0.025532 0.138220 0.587604
0.040000 0.025532 0.139895 0.587604
0.040000 0.025532 0.141571 0.587604
0.040000 0.025532 0.143246 0.587604
0.040000 0.025532 0.144921 0.587604
0.040000 0.025532 0.146597 0.587604
0.040000 0.025532 0.148272 0.587604
0.040000 0.025532 0.149948 0.587604
0.040000 0.025532 0.151623 0.587604
0.040000 0.025532 0.153298 0.587604
0.040000 0.025532 0.154974 0.587604
0.040000 0.025532 0.156649 0.587604
0.040000 0.025532 0.158325 0.587604
0.040000 0.025532 0.160000 0.587604
0.040000 0.027234 -0.160000 0.591646
0.040000 0.027234 -0.158325 0.591646
0.040000 0.027234 -0.156649 0.591646
0.040000 0.027234 -0.154974 0.591646
0.040000 0.027234 -0.153298 0.591646
0.040000 0.027234 -0.151623 0.591646
0.040000 0.027234 -0.149948 0.591646
0.040000 0.027234 -0.148272 0.591646
0.040000 0.027234 -0.146597 0.591646
0.040000 0.027234 -0.144921 0.591646
0.040000 0.027234 -0.143246 0.591646
0.040000 0.027234 -0.141571 0.591646
0.040000 0.027234 -0.139895 0.591646
0.040000 0.027234 -0.138220 0.591646
0.040000 0.027234 -0.136545 0.591646
0.040000 0.027234 -0.134869 0.591646
0.040000 0.027234 -0.133194 0.591646
0.040000 0.027234 -0.131518 0.591646
0.040000 0.027234 -0.129843 0.591646
0.040000 0.027234 -0.128168 0.591646
0.040000 0.027234 -0.126492 0.591646
0.040000 0.027234 -0.124817 0.591646
0.040000 0.027234 -0.123141 0.591646
0.040000 0.027234 -0.121466 0.591646
0.040000 0.027234 -0.119791 0.591646
0.040000 0.027234 -0.118115 0.591646
0.040000 0.027234 -0.116440 0.591646
0.040000 0.027234 -0.114764 0.591646
0.040000 0.027234 -0.113089 0.591646
0.040000 0.027234 -0.111414 0.591646
0.040000 0.027234 -0.109738 0.591646
0.040000 0.027234 -0.108063 0.591646
0.040000 0.027234 -0.106387 0.591646
0.040000 0.027234 -0.104712 0.591646
0.040000 0.027234 -0.103037 0.591646
0.040000 0.027234 -0.101361 0.591646
0.040000 0.027234 -0.099686 0.591646
0.040000 0.027234 -0.098010 0.591646
0.040000 0.027234 -0.096335 0.591646
0.040000 0.027234 -0.094660 0.591646
0.040000 0.027234 -0.092984 0.591646
0.040000 0.027234 -0.091309 0.591646
0.040000 0.027234 -0.089634 0.591646
0.040000 0.027234 -0.087958 0.591646
0.040000 0.027234 -0.086283 0.591646
0.040000 0.027234 -0.084607 0.591646
0.040000 0.027234 -0.082932 0.591646
0.040000 0.027234 -0.081257 0.591646
0.040000 0.027234 -0.079581 0.591646
0.040000 0.027234 -0.077906 0.591646
0.040000 0.027234 -0.076230 0.591646
0.040000 0.027234 -0.074555 0.591646
0.040000 0.027234 -0.072880 0.591646
0.040000 0.027234 -0.071204 0.591646
0.040000 0.027234 -0.069529 0.591646
0.040000 0.027234 -0.067853 0.591646
0.040000 0.027234 -0.066178 0.591646
0.040000 0.027234 -0.064503 0.591646
0.040000 0.027234 -0.062827 0.591646
0.040000 0.027234 -0.061152 0.591646
0.040000 0.027234 -0.059476 0.591646
0.040000 0.027234 -0.057801 0.591646
0.040000 0.027234 -0.056126 0.591646
0.040000 0.027234 -0.054450 0.591646
0.040000 0.027234 -0.052775 0.591646
0.040000 0.027234 -0.051099 0.591646
0.040000 0.027234 -0.049424 0.591646
0.040000 0.027234 -0.047749 0.591646
0.040000 0.027234 -0.046073 0.591646
0.040000 0.027234 -0.044398 0.591646
0.040000 0.027234 -0.042723 0.591646
0.040000 0.027234 -0.041047 0.591646
0.040000 0.027234 -0.039372 0.591646
0.040000 0.027234 -0.037696 0.591646
0.040000 0.027234 -0.036021 0.591646
0.040000 0.027234 -0.034346 0.591646
0.040000 0.027234 -0.032670 0.591646
0.040000 0.027234 -0.030995 0.591646
0.040000 0.027234 -0.029319 0.591646
0.040000 0.027234 -0.027644 0.591646
0.040000 0.027234 -0.025969 0.591646
0.040000 0.027234 -0.024293 0.591646
0.040000 0.027234 -0.022618 0.591646
0.040000 0.027234 -0.020942 0.591646
0.040000 0.027234 -0.019267 0.591646
0.040000 0.027234 -0.017592 0.591646
0.040000 0.027234 -0.015916 0.591646
0.040000 0.027234 -0.014241 0.591646
0.040000 0.027234 -0.012565 0.591646
0.040000 0.027234 -0.010890 0.591646
0.040000 0.027234 -0.009215 0.591646
0.040000 0.027234 -0.007539 0.591646
0.040000 0.027234 -0.005864 0.591646
0.040000 0.027234 -0.004188 0.591646
0.040000 0.027234 -0.002513 0.591646
0.040000 0.027234 -0.000838 0.591646
0.040000 0.027234 0.000838 0.591646
0.040000 0.027234 0.002513 0.591646
0.040000 0.027234 0.004188 0.591646
0.040000 0.027234 0.005864 0.591646
0.040000 0.027234 0.007539 0.591646
0.040000 0.027234 0.009215 0.591646
0.040000 0.027234 0.010890 0.591646
0.040000 0.027234 0.012565 0.591646
0.040000 0.027234 0.014241 0.591646
0.040000 0.027234 0.015916 0.591646
0.040000 0.027234 0.017592 0.591646
0.040000 0.027234 0.019267 0.591646
0.040000 0.027234 0.020942 0.591646
0.040000 0.027234 0.022618 0.591646
0.040000 0.027234 0.024293 0.591646
0.040000 0.027234 0.025969 0.591646
0.040000 0.027234 0.027644 0.591646
0.040000 0.027234 0.029319 0.591646
0.040000 0.027234 0.030995 0.591646
0.040000 0.027234 0.032670 0.591646
0.040000 0.027234 0.034346 0.591646
0.040000 0.027234 0.036021 0.591646
0.040000 0.027234 0.037696 0.591646
0.040000 0.027234 0.039372 0.591646
0.040000 0.027234 0.041047 0.591646
0.040000 0.027234 0.042723 0.591646
0.040000 0.027234 0.044398 0.591646
0.040000 0.027234 0.046073 0.591646
0.040000 0.027234 0.047749 0.591646
0.040000 0.027234 0.049424 0.591646
0.040000 0.027234 0.051099 0.591646
0.040000 0.027234 0.052775 0.591646
0.040000 0.027234 0.054450 0.591646
0.040000 0.027234 0.056126 0.591646
0.040000 0.027234 0.057801 0.591646
0.040000 0.027234 0.059476 0.591646
0.040000 0.027234 0.061152 0.591646
0.040000 0.027234 0.062827 0.591646
0.040000 0.027234 0.064503 0.591646
0.040000 0.027234 0.066178 0.591646
0.040000 0.027234 0.067853 0.591646
0.040000 0.027234 0.069529 0.591646
0.040000 0.027234 0.071204 0.591646
0.040000 0.027234 0.072880 0.591646
0.040000 0.027234 0.074555 0.591646
0.040000 0.027234 0.076230 0.591646
0.040000 0.027234 0.077906 0.591646
0.040000 0.027234 0.079581 0.591646
0.040000 0.027234 0.081257 0.591646
0.040000 0.027234 0.082932 0.591646
0.040000 0.027234 0.084607 0.591646
0.040000 0.027234 0.086283 0.591646
0.040000 0.027234 0.087958 0.591646
0.040000 0.027234 0.089634 0.591646
0.040000 0.027234 0.091309 0.591646
0.040000 0.027234 0.092984 0.591646
0.040000 0.027234 0.094660 0.591646
0.040000 0.027234 0.096335 0.591646
0.040000 0.027234 0.098010 0.591646
0.040000 0.027234 0.099686 0.591646
0.040000 0.027234 0.101361 0.591646
0.040000 0.027234 0.103037 0.591646
0.040000 0.027234 0.104712 0.591646
0.040000 0.027234 0.106387 0.591646
0.040000 0.027234 0.108063 0.591646
0.040000 0.027234 0.109738 0.591646
0.040000 0.027234 0.111414 0.591646
0.040000 0.027234 0.113089 0.591646
0.040000 0.027234 0.114764 0.591646
0.040000 0.027234 0.116440 0.591646
0.040000 0.027234 0.118115 0.591646
0.040000 0.027234 0.119791 0.591646
0.040000 0.027234 0.121466 0.591646
0.040000 0.027234 0.123141 0.591646
0.040000 0.027234 0.124817 0.591646
0.040000 0.027234 0.126492 0.591646
0.040000 0.027234 0.128168 0.591646
0.040000 0.027234 0.129843 0.591646
0.040000 0.027234 0.131518 0.591646
0.040000 0.027234 0.133194 0.591646
0.040000 0.027234 0.134869 0.591646
0.040000 0.027234 0.136545 0.591646
0.040000 0.027234 0.138220 0.591646
0.040000 0.027234 0.139895 0.591646
0.040000 0.027234 0.141571 0.591646
0.040000 0.027234 0.143246 0.591646
0.040000 0.027234 0.144921 0.591646
0.040000 0.027234 0.146597 0.591646
0.040000 0.027234 0.148272 0.591646
0.040000 0.027234 0.149948 0.591646
0.040000 0.027234 0.151623 0.591646
0.040000 0.027234 0.153298 0.591646
0.040000 0.027234 0.154974 0.591646
0.040000 0.027234 0.156649 0.591646
0.040000 0.027234 0.158325 0.591646
0.040000 0.027234 0.160000 0.591646
0.040000 0.028936 -0.160000 0.595250
0.040000 0.028936 -0.158325 0.595250
0.040000 0.028936 -0.156649 0.595250
0.040000 0.028936 -0.154974 0.595250
0.040000 0.028936 -0.153298 0.595250
0.040000 0.028936 -0.151623 0.595250
0.040000 0.028936 -0.149948 0.595250
0.040000 0.028936 -0.148272 0.595250
0.040000 0.028936 -0.146597 0.595250
0.040000 0.028936 -0.144921 0.595250
0.040000 0.028936 -0.143246 0.595250
0.040000 0.028936 -0.141571 0.595250
0.040000 0.028936 -0.139895 0.595250
0.040000 0.028936 -0.138220 0.595250
0.040000 0.028936 -0.136545 0.595250
0.040000 0.028936 -0.134869 0.595250
0.040000 0.028936 -0.133194 0.595250
0.040000 0.028936 -0.131518 0.595250
0.040000 0.028936 -0.129843 0.595250
0.040000 0.028936 -0.128168 0.595250
0.040000 0.028936 -0.126492 0.595250
0.040000 0.028936 -0.124817 0.595250
0.040000 0.028936 -0.123141 0.595250
0.040000 0.028936 -0.121466 0.595250
0.040000 0.028936 -0.119791 0.595250
0.040000 0.028936 -0.118115 0.595250
0.040000 0.028936 -0.116440 0.595250
0.040000 0.028936 -0.114764 0.595250
0.040000 0.028936 -0.113089 0.595250
0.040000 0.028936 -0.111414 0.595250
0.040000 0.028936 -0.109738 0.595250
0.040000 0.028936 -0.108063 0.595250
0.040000 0.028936 -0.106387 0.595250
0.040000 0.028936 -0.104712 0.595250
0.040000 0.028936 -0.103037 0.595250
0.040000 0.028936 -0.101361 0.595250
0.040000 0.028936 -0.099686 0.595250
0.040000 0.028936 -0.098010 0.595250
0.040000 0.028936 -0.096335 0.595250
0.040000 0.028936 -0.094660 0.595250
0.040000 0.028936 -0.092984 0.595250
0.040000 0.028936 -0.091309 0.595250
0.040000 0.028936 -0.089634 0.595250
0.040000 0.028936 -0.087958 0.595250
0.040000 0.028936 -0.086283 0.595250
0.040000 0.028936 -0.084607 0.595250
0.040000 0.028936 -0.082932 0.595250
0.040000 0.028936 -0.081257 0.595250
0.040000 0.028936 -0.079581 0.595250
0.040000 0.028936 -0.077906 0.595250
0.040000 0.028936 -0.076230 0.595250
0.040000 0.028936 -0.074555 0.595250
0.040000 0.028936 -0.072880 0.595250
0.040000 0.028936 -0.071204 0.595250
0.040000 0.028936 -0.069529 0.595250
0.040000 0.028936 -0.067853 0.595250
0.040000 0.028936 -0.066178 0.595250
0.040000 0.028936 -0.064503 0.595250
0.040000 0.028936 -0.062827 0.595250
0.040000 0.028936 -0.061152 0.595250
0.040000 0.028936 -0.059476 0.595250
0.040000 0.028936 -0.057801 0.595250
0.040000 0.028936 -0.056126 0.595250
0.040000 0.028936 -0.054450 0.595250
0.040000 0.028936 -0.052775 0.595250
0.040000 0.028936 -0.051099 0.595250
0.040000 0.028936 -0.049424 0.595250
0.040000 0.028936 -0.047749 0.595250
0.040000 0.028936 -0.046073 0.595250
0.040000 0.028936 -0.044398 0.595250
0.040000 0.028936 -0.042723 0.595250
0.040000 0.028936 -0.041047 0.595250
0.040000 0.028936 -0.039372 0.595250
0.040000 0.028936 -0.037696 0.595250
0.040000 0.028936 -0.036021 0.595250
0.040000 0.028936 -0.034346 0.595250
0.040000 0.028936 -0.032670 0.595250
0.040000 0.028936 -0.030995 0.595250
0.040000 0.028936 -0.029319 0.595250
0.040000 0.028936 -0.027644 0.595250
0.040000 0.028936 -0.025969 0.595250
0.040000 0.028936 -0.024293 0.595250
0.040000 0.028936 -0.022618 0.595250
0.040000 0.028936 -0.020942 0.595250
0.040000 0.028936 -0.019267 0.595250
0.040000 0.028936 -0.017592 0.595250
0.040000 0.028936 -0.015916 0.595250
0.040000 0.028936 -0.014241 0.595250
0.040000 0.028936 -0.012565 0.595250
0.040000 0.028936 -0.010890 0.595250
0.040000 0.028936 -0.009215 0.595250
0.040000 0.028936 -0.007539 0.595250
0.040000 0.028936 -0.005864 0.595250
0.040000 0.028936 -0.004188 0.595250
0.040000 0.028936 -0.002513 0.595250
0.040000 0.028936 -0.000838 0.595250
0.040000 0.028936 0.000838 0.595250
0.040000 0.028936 0.002513 0.595250
0.040000 0.028936 0.004188 0.595250
0.040000 0.028936 0.005864 0.595250
0.040000 0.028936 0.007539 0.595250
0.040000 0.028936 0.009215 0.595250
0.040000 0.028936 0.010890 0.595250
0.040000 0.028936 0.012565 0.595250
0.040000 0.028936 0.014241 0.595250
0.040000 0.028936 0.015916 0.595250
0.040000 0.028936 0.017592 0.595250
0.040000 0.028936 0.019267 0.595250
0.040000 0.028936 0.020942 0.595250
0.040000 0.028936 0.022618 0.595250
0.040000 0.028936 0.024293 0.595250
0.040000 0.028936 0.025969 0.595250
0.040000 0.028936 0.027644 0.595250
0.040000 0.028936 0.029319 0.595250
0.040000 0.028936 0.030995 0.595250
0.040000 0.028936 0.032670 0.595250
0.040000 0.028936 0.034346 0.595250
0.040000 0.028936 0.036021 0.595250
0.040000 0.028936 0.037696 0.595250
0.040000 0.028936 0.039372 0.595250
0.040000 0.028936 0.041047 0.595250
0.040000 0.028936 0.042723 0.595250
0.040000 0.028936 0.044398 0.595250
0.040000 0.028936 0.046073 0.595250
0.040000 0.028936 0.047749 0.595250
0.040000 0.028936 0.049424 0.595250
0.040000 0.028936 0.051099 0.595250
0.040000 0.028936 0.052775 0.595250
0.040000 0.028936 0.054450 0.595250
0.040000 0.028936 0.056126 0.595250
0.040000 0.028936 0.057801 0.595250
0.040000 0.028936 0.059476 0.595250
0.040000 0.028936 0.061152 0.595250
0.040000 0.028936 0.062827 0.595250
0.040000 0.028936 0.064503 0.595250
0.040000 0.028936 0.066178 0.595250
0.040000 0.028936 0.067853 0.595250
0.040000 0.028936 0.069529 0.595250
0.040000 0.028936 0.071204 0.595250
0.040000 0.028936 0.072880 0.595250
0.040000 0.028936 0.074555 0.595250
0.040000 0.028936 0.076230 0.595250
0.040000 0.028936 0.077906 0.595250
0.040000 0.028936 0.079581 0.595250
0.040000 0.028936 0.081257 0.595250
0.040000 0.028936 0.082932 0.595250
0.040000 0.028936 0.084607 0.595250
0.040000 0.028936 0.086283 0.595250
0.040000 0.028936 0.087958 0.595250
0.040000 0.028936 0.089634 0.595250
0.040000 0.028936 0.091309 0.595250
0.040000 0.028936 0.092984 0.595250
0.040000 0.028936 0.094660 0.595250
0.040000 0.028936 0.096335 0.595250
0.040000 0.028936 0.098010 0.595250
0.040000 0.028936 0.099686 0.595250
0.040000 0.028936 0.101361 0.595250
0.040000 0.028936 0.103037 0.595250
0.040000 0.028936 0.104712 0.595250
0.040000 0.028936 0.106387 0.595250
0.040000 0.028936 0.108063 0.595250
0.040000 0.028936 0.109738 0.595250
0.040000 0.028936 0.111414 0.595250
0.040000 0.028936 0.113089 0.595250
0.040000 0.028936 0.114764 0.595250
0.040000 0.028936 0.116440 0.595250
0.040000 0.028936 0.118115 0.595250
0.040000 0.028936 0.119791 0.595250
0.040000 0.028936 0.121466 0.595250
0.040000 0.028936 0.123141 0.595250
0.040000 0.028936 0.124817 0.595250
0.040000 0.028936 0.126492 0.595250
0.040000 0.028936 0.128168 0.595250
0.040000 0.028936 0.129843 0.595250
0.040000 0.028936 0.131518 0.595250
0.040000 0.028936 0.133194 0.595250
0.040000 0.028936 0.134869 0.595250
0.040000 0.028936 0.136545 0.595250
0.040000 0.028936 0.138220 0.595250
0.040000 0.028936 0.139895 0.595250
0.040000 0.028936 0.141571 0.595250
0.040000 0.028936 0.143246 0.595250
0.040000 0.028936 0.144921 0.595250
0.040000 0.028936 0.146597 0.595250
0.040000 0.028936 0.148272 0.595250
0.040000 0.028936 0.149948 0.595250
0.040000 0.028936 0.151623 0.595250
0.040000 0.028936 0.153298 0.595250
0.040000 0.028936 0.154974 0.595250
0.040000 0.028936 0.156649 0.595250
0.040000 0.028936 0.158325 0.595250
0.040000 0.028936 0.160000 0.595250
0.040000 0.030638 -0.160000 0.598391
0.040000 0.030638 -0.158325 0.598391
0.040000 0.030638 -0.156649 0.598391
0.040000 0.030638 -0.154974 0.598391
0.040000 0.030638 -0.153298 0.598391
0.040000 0.030638 -0.151623 0.598391
0.040000 0.030638 -0.149948 0.598391
0.040000 0.030638 -0.148272 0.598391
0.040000 0.030638 -0.146597 0.598391
0.040000 0.030638 -0.144921 0.598391
0.040000 0.030638 -0.143246 0.598391
0.040000 0.030638 -0.141571 0.598391
0.040000 0.030638 -0.139895 0.598391
0.040000 0.030638 -0.138220 0.598391
0.040000 0.030638 -0.136545 0.598391
0.040000 0.030638 -0.134869 0.598391
0.040000 0.030638 -0.133194 0.598391
0.040000 0.030638 -0.131518 0.598391
0.040000 0.030638 -0.129843 0.598391
0.040000 0.030638 -0.128168 0.598391
0.040000 0.030638 -0.126492 0.598391
0.040000 0.030638 -0.124817 0.598391
0.040000 0.030638 -0.123141 0.598391
0.040000 0.030638 -0.121466 0.598391
0.040000 0.030638 -0.119791 0.598391
0.040000 0.030638 -0.118115 0.598391
0.040000 0.030638 -0.116440 0.598391
0.040000 0.030638 -0.114764 0.598391
0.040000 0.030638 -0.113089 0.598391
0.040000 0.030638 -0.111414 0.598391
0.040000 0.030638 -0.109738 0.598391
0.040000 0.030638 -0.108063 0.598391
0.040000 0.030638 -0.106387 0.598391
0.040000 0.030638 -0.104712 0.598391
0.040000 0.030638 -0.103037 0.598391
0.040000 0.030638 -0.101361 0.598391
0.040000 0.030638 -0.099686 0.598391
0.040000 0.030638 -0.098010 0.598391
0.040000 0.030638 -0.096335 0.598391
0.040000 0.030638 -0.094660 0.598391
0.040000 0.030638 -0.092984 0.598391
0.040000 0.030638 -0.091309 0.598391
0.040000 0.030638 -0.089634 0.598391
0.040000 0.030638 -0.087958 0.598391
0.040000 0.030638 -0.086283 0.598391
0.040000 0.030638 -0.084607 0.598391
0.040000 0.030638 -0.082932 0.598391
0.040000 0.030638 -0.081257 0.598391
0.040000 0.030638 -0.079581 0.598391
0.040000 0.030638 -0.077906 0.598391
0.040000 0.030638 -0.076230 0.598391
0.040000 0.030638 -0.074555 0.598391
0.040000 0.030638 -0.072880 0.598391
0.040000 0.030638 -0.071204 0.598391
0.040000 0.030638 -0.069529 0.598391
0.040000 0.030638 -0.067853 0.598391
0.040000 0.030638 -0.066178 0.598391
0.040000 0.030638 -0.064503 0.598391
0.040000 0.030638 -0.062827 0.598391
0.040000 0.030638 -0.061152 0.598391
0.040000 0.030638 -0.059476 0.598391
0.040000 0.030638 -0.057801 0.598391
0.040000 0.030638 -0.056126 0.598391
0.040000 0.030638 -0.054450 0.598391
0.040000 0.030638 -0.052775 0.598391
0.040000 0.030638 -0.051099 0.598391
0.040000 0.030638 -0.049424 0.598391
0.040000 0.030638 -0.047749 0.598391
0.040000 0.030638 -0.046073 0.598391
0.040000 0.030638 -0.044398 0.598391
0.040000 0.030638 -0.042723 0.598391
0.040000 0.030638 -0.041047 0.598391
0.040000 0.030638 -0.039372 0.598391
0.040000 0.030638 -0.037696 0.598391
0.040000 0.030638 -0.036021 0.598391
0.040000 0.030638 -0.034346 0.598391
0.040000 0.030638 -0.032670 0.598391
0.040000 0.030638 -0.030995 0.598391
0.040000 0.030638 -0.029319 0.598391
0.040000 0.030638 -0.027644 0.598391
0.040000 0.030638 -0.025969 0.598391
0.040000 0.030638 -0.024293 0.598391
0.040000 0.030638 -0.022618 0.598391
0.040000 0.030638 -0.020942 0.598391
0.040000 0.030638 -0.019267 0.598391
0.040000 0.030638 -0.017592 0.598391
0.040000 0.030638 -0.015916 0.598391
0.040000 0.030638 -0.014241 0.598391
0.040000 0.030638 -0.012565 0.598391
0.040000 0.030638 -0.010890 0.598391
0.040000 0.030638 -0.009215 0.598391
0.040000 0.030638 -0.007539 0.598391
0.040000 0.030638 -0.005864 0.598391
0.040000 0.030638 -0.004188 0.598391
0.040000 0.030638 -0.002513 0.598391
0.040000 0.030638 -0.000838 0.598391
0.040000 0.030638 0.000838 0.598391
0.040000 0.030638 0.002513 0.598391
0.040000 0.030638 0.004188 0.598391
0.040000 0.030638 0.005864 0.598391
0.040000 0.030638 0.007539 0.598391
0.040000 0.030638 0.009215 0.598391
0.040000 0.030638 0.010890 0.598391
0.040000 0.030638 0.012565 0.598391
0.040000 0.030638 0.014241 0.598391
0.040000 0.030638 0.015916 0.598391
0.040000 0.030638 0.017592 0.598391
0.040000 0.030638 0.019267 0.598391
0.040000 0.030638 0.020942 0.598391
0.040000 0.030638 0.022618 0.598391
0.040000 0.030638 0.024293 0.598391
0.040000 0.030638 0.025969 0.598391
0.040000 0.030638 0.027644 0.598391
0.040000 0.030638 0.029319 0.598391
0.040000 0.030638 0.030995 0.598391
0.040000 0.030638 0.032670 0.598391
0.040000 0.030638 0.034346 0.598391
0.040000 0.030638 0.036021 0.598391
0.040000 0.030638 0.037696 0.598391
0.040000 0.030638 0.039372 0.598391
0.040000 0.030638 0.041047 0.598391
0.040000 0.030638 0.042723 0.598391
0.040000 0.030638 0.044398 0.598391
0.040000 0.030638 0.046073 0.598391
0.040000 0.030638 0.047749 0.598391
0.040000 0.030638 0.049424 0.598391
0.040000 0.030638 0.051099 0.598391
0.040000 0.030638 0.052775 0.598391
0.040000 0.030638 0.054450 0.598391
0.040000 0.030638 0.056126 0.598391
0.040000 0.030638 0.057801 0.598391
0.040000 0.030638 0.059476 0.598391
0.040000 0.030638 0.061152 0.598391
0.040000 0.030638 0.062827 0.598391
0.040000 0.030638 0.064503 0.598391
0.040000 0.030638 0.066178 0.598391
0.040000 0.030638 0.067853 0.598391
0.040000 0.030638 0.069529 0.598391
0.040000 0.030638 0.071204 0.598391
0.040000 0.030638 0.072880 0.598391
0.040000 0.030638 0.074555 0.598391
0.040000 0.030638 0.076230 0.598391
0.040000 0.030638 0.077906 0.598391
0.040000 0.030638 0.079581 0.598391
0.040000 0.030638 0.081257 0.598391
0.040000 0.030638 0.082932 0.598391
0.040000 0.030638 0.084607 0.598391
0.040000 0.030638 0.086283 0.598391
0.040000 0.030638 0.087958 0.598391
0.040000 0.030638 0.089634 0.598391
0.040000 0.030638 0.091309 0.598391
0.040000 0.030638 0.092984 0.598391
0.040000 0.030638 0.094660 0.598391
0.040000 0.030638 0.096335 0.598391
0.040000 0.030638 0.098010 0.598391
0.040000 0.030638 0.099686 0.598391
0.040000 0.030638 0.101361 0.598391
0.040000 0.030638 0.103037 0.598391
0.040000 0.030638 0.104712 0.598391
0.040000 0.030638 0.106387 0.598391
0.040000 0.030638 0.108063 0.598391
0.040000 0.030638 0.109738 0.598391
0.040000 0.030638 0.111414 0.598391
0.040000 0.030638 0.113089 0.598391
0.040000 0.030638 0.114764 0.598391
0.040000 0.030638 0.116440 0.598391
0.040000 0.030638 0.118115 0.598391
0.040000 0.030638 0.119791 0.598391
0.040000 0.030638 0.121466 0.598391
0.040000 0.030638 0.123141 0.598391
0.040000 0.030638 0.124817 0.598391
0.040000 0.030638 0.126492 0.598391
0.040000 0.030638 0.128168 0.598391
0.040000 0.030638 0.129843 0.598391
0.040000 0.030638 0.131518 0.598391
0.040000 0.030638 0.133194 0.598391
0.040000 0.030638 0.134869 0.598391
0.040000 0.030638 0.136545 0.598391
0.040000 0.030638 0.138220 0.598391
0.040000 0.030638 0.139895 0.598391
0.040000 0.030638 0.141571 0.598391
0.040000 0.030638 0.143246 0.598391
0.040000 0.030638 0.144921 0.598391
0.040000 0.030638 0.146597 0.598391
0.040000 0.030638 0.148272 0.598391
0.040000 0.030638 0.149948 0.598391
0.040000 0.030638 0.151623 0.598391
0.040000 0.030638 0.153298 0.598391
0.040000 0.030638 0.154974 0.598391
0.040000 0.030638 0.156649 0.598391
0.040000 0.030638 0.158325 0.598391
0.040000 0.030638 0.160000 0.598391
0.040000 0.032340 -0.160000 0.601046
0.040000 0.032340 -0.158325 0.601046
0.040000 0.032340 -0.156649 0.601046
0.040000 0.032340 -0.154974 0.601046
0.040000 0.032340 -0.153298 0.601046
0.040000 0.032340 -0.151623 0.601046
0.040000 0.032340 -0.149948 0.601046
0.040000 0.032340 -0.148272 0.601046
0.040000 0.032340 -0.146597 0.601046
0.040000 0.032340 -0.144921 0.601046
0.040000 0.032340 -0.143246 0.601046
0.040000 0.032340 -0.141571 0.601046
0.040000 0.032340 -0.139895 0.601046
0.040000 0.032340 -0.138220 0.601046
0.040000 0.032340 -0.136545 0.601046
0.040000 0.032340 -0.134869 0.601046
0.040000 0.032340 -0.133194 0.601046
0.040000 0.032340 -0.131518 0.601046
0.040000 0.032340 -0.129843 0.601046
0.040000 0.032340 -0.128168 0.601046
0.040000 0.032340 -0.126492 0.601046
0.040000 0.032340 -0.124817 0.601046
0.040000 0.032340 -0.123141 0.601046
0.040000 0.032340 -0.121466 0.601046
0.040000 0.032340 -0.119791 0.601046
0.040000 0.032340 -0.118115 0.601046
0.040000 0.032340 -0.116440 0.601046
0.040000 0.032340 -0.114764 0.601046
0.040000 0.032340 -0.113089 0.601046
0.040000 0.032340 -0.111414 0.601046
0.040000 0.032340 -0.109738 0.601046
0.040000 0.032340 -0.108063 0.601046
0.040000 0.032340 -0.106387 0.601046
0.040000 0.032340 -0.104712 0.601046
0.040000 0.032340 -0.103037 0.601046
0.040000 0.032340 -0.101361 0.601046
0.040000 0.032340 -0.099686 0.601046
0.040000 0.032340 -0.098010 0.601046
0.040000 0.032340 -0.096335 0.601046
0.040000 0.032340 -0.094660 0.601046
0.040000 0.032340 -0.092984 0.601046
0.040000 0.032340 -0.091309 0.601046
0.040000 0.032340 -0.089634 0.601046
0.040000 0.032340 -0.087958 0.601046
0.040000 0.032340 -0.086283 0.601046
0.040000 0.032340 -0.084607 0.601046
0.040000 0.032340 -0.082932 0.601046
0.040000 0.032340 -0.081257 0.601046
0.040000 0.032340 -0.079581 0.601046
0.040000 0.032340 -0.077906 0.601046
0.040000 0.032340 -0.076230 0.601046
0.040000 0.032340 -0.074555 0.601046
0.040000 0.032340 -0.072880 0.601046
0.040000 0.032340 -0.071204 0.601046
0.040000 0.032340 -0.069529 0.601046
0.040000 0.032340 -0.067853 0.601046
0.040000 0.032340 -0.066178 0.601046
0.040000 0.032340 -0.064503 0.601046
0.040000 0.032340 -0.062827 0.601046
0.040000 0.032340 -0.061152 0.601046
0.040000 0.032340 -0.059476 0.601046
0.040000 0.032340 -0.057801 0.601046
0.040000 0.032340 -0.056126 0.601046
0.040000 0.032340 -0.054450 0.601046
0.040000 0.032340 -0.052775 0.601046
0.040000 0.032340 -0.051099 0.601046
0.040000 0.032340 -0.049424 0.601046
0.040000 0.032340 -0.047749 0.601046
0.040000 0.032340 -0.046073 0.601046
0.040000 0.032340 -0.044398 0.601046
0.040000 0.032340 -0.042723 0.601046
0.040000 0.032340 -0.041047 0.601046
0.040000 0.032340 -0.039372 0.601046
0.040000 0.032340 -0.037696 0.601046
0.040000 0.032340 -0.036021 0.601046
0.040000 0.032340 -0.034346 0.601046
0.040000 0.032340 -0.032670 0.601046
0.040000 0.032340 -0.030995 0.601046
0.040000 0.032340 -0.029319 0.601046
0.040000 0.032340 -0.027644 0.601046
0.040000 0.032340 -0.025969 0.601046
0.040000 0.032340 -0.024293 0.601046
0.040000 0.032340 -0.022618 0.601046
0.040000 0.032340 -0.020942 0.601046
0.040000 0.032340 -0.019267 0.601046
0.040000 0.032340 -0.017592 0.601046
0.040000 0.032340 -0.015916 0.601046
0.040000 0.032340 -0.014241 0.601046
0.040000 0.032340 -0.012565 0.601046
0.040000 0.032340 -0.010890 0.601046
0.040000 0.032340 -0.009215 0.601046
0.040000 0.032340 -0.007539 0.601046
0.040000 0.032340 -0.005864 0.601046
0.040000 0.032340 -0.004188 0.601046
0.040000 0.032340 -0.002513 0.601046
0.040000 0.032340 -0.000838 0.601046
0.040000 0.032340 0.000838 0.601046
0.040000 0.032340 0.002513 0.601046
0.040000 0.032340 0.004188 0.601046
0.040000 0.032340 0.005864 0.601046
0.040000 0.032340 0.007539 0.601046
0.040000 0.032340 0.009215 0.601046
0.040000 0.032340 0.010890 0.601046
0.040000 0.032340 0.012565 0.601046
0.040000 0.032340 0.014241 0.601046
0.040000 0.032340 0.015916 0.601046
0.040000 0.032340 0.017592 0.601046
0.040000 0.032340 0.019267 0.601046
0.040000 0.032340 0.020942 0.601046
0.040000 0.032340 0.022618 0.601046
0.040000 0.032340 0.024293 0.601046
0.040000 0.032340 0.025969 0.601046
0.040000 0.032340 0.027644 0.601046
0.040000 0.032340 0.029319 0.601046
0.040000 0.032340 0.030995 0.601046
0.040000 0.032340 0.032670 0.601046
0.040000 0.032340 0.034346 0.601046
0.040000 0.032340 0.036021 0.601046
0.040000 0.032340 0.037696 0.601046
0.040000 0.032340 0.039372 0.601046
0.040000 0.032340 0.041047 0.601046
0.040000 0.032340 0.042723 0.601046
0.040000 0.032340 0.044398 0.601046
0.040000 0.032340 0.046073 0.601046
0.040000 0.032340 0.047749 0.601046
0.040000 0.032340 0.049424 0.601046
0.040000 0.032340 0.051099 0.601046
0.040000 0.032340 0.052775 0.601046
0.040000 0.032340 0.054450 0.601046
0.040000 0.032340 0.056126 0.601046
0.040000 0.032340 0.057801 0.601046
0.040000 0.032340 0.059476 0.601046
0.040000 0.032340 0.061152 0.601046
0.040000 0.032340 0.062827 0.601046
0.040000 0.032340 0.064503 0.601046
0.040000 0.032340 0.066178 0.601046
0.040000 0.032340 0.067853 0.601046
0.040000 0.032340 0.069529 0.601046
0.040000 0.032340 0.071204 0.601046
0.040000 0.032340 0.072880 0.601046
0.040000 0.032340 0.074555 0.601046
0.040000 0.032340 0.076230 0.601046
0.040000 0.032340 0.077906 0.601046
0.040000 0.032340 0.079581 0.601046
0.040000 0.032340 0.081257 0.601046
0.040000 0.032340 0.082932 0.601046
0.040000 0.032340 0.084607 0.601046
0.040000 0.032340 0.086283 0.601046
0.040000 0.032340 0.087958 0.601046
0.040000 0.032340 0.089634 0.601046
0.040000 0.032340 0.091309 0.601046
0.040000 0.032340 0.092984 0.601046
0.040000 0.032340 0.094660 0.601046
0.040000 0.032340 0.096335 0.601046
0.040000 0.032340 0.098010 0.601046
0.040000 0.032340 0.099686 0.601046
0.040000 0.032340 0.101361 0.601046
0.040000 0.032340 0.103037 0.601046
0.040000 0.032340 0.104712 0.601046
0.040000 0.032340 0.106387 0.601046
0.040000 0.032340 0.108063 0.601046
0.040000 0.032340 0.109738 0.601046
0.040000 0.032340 0.111414 0.601046
0.040000 0.032340 0.113089 0.601046
0.040000 0.032340 0.114764 0.601046
0.040000 0.032340 0.116440 0.601046
0.040000 0.032340 0.118115 0.601046
0.040000 0.032340 0.119791 0.601046
0.040000 0.032340 0.121466 0.601046
0.040000 0.032340 0.123141 0.601046
0.040000 0.032340 0.124817 0.601046
0.040000 0.032340 0.126492 0.601046
0.040000 0.032340 0.128168 0.601046
0.040000 0.032340 0.129843 0.601046
0.040000 0.032340 0.131518 0.601046
0.040000 0.032340 0.133194 0.601046
0.040000 0.032340 0.134869 0.601046
0.040000 0.032340 0.136545 0.601046
0.040000 0.032340 0.138220 0.601046
0.040000 0.032340 0.139895 0.601046
0.040000 0.032340 0.141571 0.601046
0.040000 0.032340 0.143246 0.601046
0.040000 0.032340 0.144921 0.601046
0.040000 0.032340 0.146597 0.601046
0.040000 0.032340 0.148272 0.601046
0.040000 0.032340 0.149948 0.601046
0.040000 0.032340 0.151623 0.601046
0.040000 0.032340 0.153298 0.601046
0.040000 0.032340 0.154974 0.601046
0.040000 0.032340 0.156649 0.601046
0.040000 0.032340 0.158325 0.601046
0.040000 0.032340 0.160000 0.601046
0.040000 0.034043 -0.160000 0.603195
0.040000 0.034043 -0.158325 0.603195
0.040000 0.034043 -0.156649 0.603195
0.040000 0.034043 -0.154974 0.603195
0.040000 0.034043 -0.153298 0.603195
0.040000 0.034043 -0.151623 0.603195
0.040000 0.034043 -0.149948 0.603195
0.040000 0.034043 -0.148272 0.603195
0.040000 0.034043 -0.146597 0.603195
0.040000 0.034043 -0.144921 0.603195
0.040000 0.034043 -0.143246 0.603195
0.040000 0.034043 -0.141571 0.603195
0.040000 0.034043 -0.139895 0.603195
0.040000 0.034043 -0.138220 0.603195
0.040000 0.034043 -0.136545 0.603195
0.040000 0.034043 -0.134869 0.603195
0.040000 0.034043 -0.133194 0.603195
0.040000 0.034043 -0.131518 0.603195
0.040000 0.034043 -0.129843 0.603195
0.040000 0.034043 -0.128168 0.603195
0.040000 0.034043 -0.126492 0.603195
0.040000 0.034043 -0.124817 0.603195
0.040000 0.034043 -0.123141 0.603195
0.040000 0.034043 -0.121466 0.603195
0.040000 0.034043 -0.119791 0.603195
0.040000 0.034043 -0.118115 0.603195
0.040000 0.034043 -0.116440 0.603195
0.040000 0.034043 -0.114764 0.603195
0.040000 0.034043 -0.113089 0.603195
0.040000 0.034043 -0.111414 0.603195
0.040000 0.034043 -0.109738 0.603195
0.040000 0.034043 -0.108063 0.603195
0.040000 0.034043 -0.106387 0.603195
0.040000 0.034043 -0.104712 0.603195
0.040000 0.034043 -0.103037 0.603195
0.040000 0.034043 -0.101361 0.603195
0.040000 0.034043 -0.099686 0.603195
0.040000 0.034043 -0.098010 0.603195
0.040000 0.034043 -0.096335 0.603195
0.040000 0.034043 -0.094660 0.603195
0.040000 0.034043 -0.092984 0.603195
0.040000 0.034043 -0.091309 0.603195
0.040000 0.034043 -0.089634 0.603195
0.040000 0.034043 -0.087958 0.603195
0.040000 0.034043 -0.086283 0.603195
0.040000 0.034043 -0.084607 0.603195
0.040000 0.034043 -0.082932 0.603195
0.040000 0.034043 -0.081257 0.603195
0.040000 0.034043 -0.079581 0.603195
0.040000 0.034043 -0.077906 0.603195
0.040000 0.034043 -0.076230 0.603195
0.040000 0.034043 -0.074555 0.603195
0.040000 0.034043 -0.072880 0.603195
0.040000 0.034043 -0.071204 0.603195
0.040000 0.034043 -0.069529 0.603195
0.040000 0.034043 -0.067853 0.603195
0.040000 0.034043 -0.066178 0.603195
0.040000 0.034043 -0.064503 0.603195
0.040000 0.034043 -0.062827 0.603195
0.040000 0.034043 -0.061152 0.603195
0.040000 0.034043 -0.059476 0.603195
0.040000 0.034043 -0.057801 0.603195
0.040000 0.034043 -0.056126 0.603195
0.040000 0.034043 -0.054450 0.603195
0.040000 0.034043 -0.052775 0.603195
0.040000 0.034043 -0.051099 0.603195
0.040000 0.034043 -0.049424 0.603195
0.040000 0.034043 -0.047749 0.603195
0.040000 0.034043 -0.046073 0.603195
0.040000 0.034043 -0.044398 0.603195
0.040000 0.034043 -0.042723 0.603195
0.040000 0.034043 -0.041047 0.603195
0.040000 0.034043 -0.039372 0.603195
0.040000 0.034043 -0.037696 0.603195
0.040000 0.034043 -0.036021 0.603195
0.040000 0.034043 -0.034346 0.603195
0.040000 0.034043 -0.032670 0.603195
0.040000 0.034043 -0.030995 0.603195
0.040000 0.034043 -0.029319 0.603195
0.040000 0.034043 -0.027644 0.603195
0.040000 0.034043 -0.025969 0.603195
0.040000 0.034043 -0.024293 0.603195
0.040000 0.034043 -0.022618 0.603195
0.040000 0.034043 -0.020942 0.603195
0.040000 0.034043 -0.019267 0.603195
0.040000 0.034043 -0.017592 0.603195
0.040000 0.034043 -0.015916 0.603195
0.040000 0.034043 -0.014241 0.603195
0.040000 0.034043 -0.012565 0.603195
0.040000 0.034043 -0.010890 0.603195
0.040000 0.034043 -0.009215 0.603195
0.040000 0.034043 -0.007539 0.603195
0.040000 0.034043 -0.005864 0.603195
0.040000 0.034043 -0.004188 0.603195
0.040000 0.034043 -0.002513 0.603195
0.040000 0.034043 -0.000838 0.603195
0.040000 0.034043 0.000838 0.603195
0.040000 0.034043 0.002513 0.603195
0.040000 0.034043 0.004188 0.603195
0.040000 0.034043 0.005864 0.603195
0.040000 0.034043 0.007539 0.603195
0.040000 0.034043 0.009215 0.603195
0.040000 0.034043 0.010890 0.603195
0.040000 0.034043 0.012565 0.603195
0.040000 0.034043 0.014241 0.603195
0.040000 0.034043 0.015916 0.603195
0.040000 0.034043 0.017592 0.603195
0.040000 0.034043 0.019267 0.603195
0.040000 0.034043 0.020942 0.603195
0.040000 0.034043 0.022618 0.603195
0.040000 0.034043 0.024293 0.603195
0.040000 0.034043 0.025969 0.603195
0.040000 0.034043 0.027644 0.603195
0.040000 0.034043 0.029319 0.603195
0.040000 0.034043 0.030995 0.603195
0.040000 0.034043 0.032670 0.603195
0.040000 0.034043 0.034346 0.603195
0.040000 0.034043 0.036021 0.603195
0.040000 0.034043 0.037696 0.603195
0.040000 0.034043 0.039372 0.603195
0.040000 0.034043 0.041047 0.603195
0.040000 0.034043 0.042723 0.603195
0.040000 0.034043 0.044398 0.603195
0.040000 0.034043 0.046073 0.603195
0.040000 0.034043 0.047749 0.603195
0.040000 0.034043 0.049424 0.603195
0.040000 0.034043 0.051099 0.603195
0.040000 0.034043 0.052775 0.603195
0.040000 0.034043 0.054450 0.603195
0.040000 0.034043 0.056126 0.603195
0.040000 0.034043 0.057801 0.603195
0.040000 0.034043 0.059476 0.603195
0.040000 0.034043 0.061152 0.603195
0.040000 0.034043 0.062827 0.603195
0.040000 0.034043 0.064503 0.603195
0.040000 0.034043 0.066178 0.603195
0.040000 0.034043 0.067853 0.603195
0.040000 0.034043 0.069529 0.603195
0.040000 0.034043 0.071204 0.603195
0.040000 0.034043 0.072880 0.603195
0.040000 0.034043 0.074555 0.603195
0.040000 0.034043 0.076230 0.603195
0.040000 0.034043 0.077906 0.603195
0.040000 0.034043 0.079581 0.603195
0.040000 0.034043 0.081257 0.603195
0.040000 0.034043 0.082932 0.603195
0.040000 0.034043 0.084607 0.603195
0.040000 0.034043 0.086283 0.603195
0.040000 0.034043 0.087958 0.603195
0.040000 0.034043 0.089634 0.603195
0.040000 0.034043 0.091309 0.603195
0.040000 0.034043 0.092984 0.603195
0.040000 0.034043 0.094660 0.603195
0.040000 0.034043 0.096335 0.603195
0.040000 0.034043 0.098010 0.603195
0.040000 0.034043 0.099686 0.603195
0.040000 0.034043 0.101361 0.603195
0.040000 0.034043 0.103037 0.603195
0.040000 0.034043 0.104712 0.603195
0.040000 0.034043 0.106387 0.603195
0.040000 0.034043 0.108063 0.603195
0.040000 0.034043 0.109738 0.603195
0.040000 0.034043 0.111414 0.603195
0.040000 0.034043 0.113089 0.603195
0.040000 0.034043 0.114764 0.603195
0.040000 0.034043 0.116440 0.603195
0.040000 0.034043 0.118115 0.603195
0.040000 0.034043 0.119791 0.603195
0.040000 0.034043 0.121466 0.603195
0.040000 0.034043 0.123141 0.603195
0.040000 0.034043 0.124817 0.603195
0.040000 0.034043 0.126492 0.603195
0.040000 0.034043 0.128168 0.603195
0.040000 0.034043 0.129843 0.603195
0.040000 0.034043 0.131518 0.603195
0.040000 0.034043 0.133194 0.603195
0.040000 0.034043 0.134869 0.603195
0.040000 0.034043 0.136545 0.603195
0.040000 0.034043 0.138220 0.603195
0.040000 0.034043 0.139895 0.603195
0.040000 0.034043 0.141571 0.603195
0.040000 0.034043 0.143246 0.603195
0.040000 0.034043 0.144921 0.603195
0.040000 0.034043 0.146597 0.603195
0.040000 0.034043 0.148272 0.603195
0.040000 0.034043 0.149948 0.603195
0.040000 0.034043 0.151623 0.603195
0.040000 0.034043 0.153298 0.603195
0.040000 0.034043 0.154974 0.603195
0.040000 0.034043 0.156649 0.603195
0.040000 0.034043 0.158325 0.603195
0.040000 0.034043 0.160000 0.603195
0.040000 0.035745 -0.160000 0.604822
0.040000 0.035745 -0.158325 0.604822
0.040000 0.035745 -0.156649 0.604822
0.040000 0.035745 -0.154974 0.604822
0.040000 0.035745 -0.153298 0.604822
0.040000 0.035745 -0.151623 0.604822
0.040000 0.035745 -0.149948 0.604822
0.040000 0.035745 -0.148272 0.604822
0.040000 0.035745 -0.146597 0.604822
0.040000 0.035745 -0.144921 0.604822
0.040000 0.035745 -0.143246 0.604822
0.040000 0.035745 -0.141571 0.604822
0.040000 0.035745 -0.139895 0.604822
0.040000 0.035745 -0.138220 0.604822
0.040000 0.035745 -0.136545 0.604822
0.040000 0.035745 -0.134869 0.604822
0.040000 0.035745 -0.133194 0.604822
0.040000 0.035745 -0.131518 0.604822
0.040000 0.035745 -0.129843 0.604822
0.040000 0.035745 -0.128168 0.604822
0.040000 0.035745 -0.126492 0.604822
0.040000 0.035745 -0.124817 0.604822
0.040000 0.035745 -0.123141 0.604822
0.040000 0.035745 -0.121466 0.604822
0.040000 0.035745 -0.119791 0.604822
0.040000 0.035745 -0.118115 0.604822
0.040000 0.035745 -0.116440 0.604822
0.040000 0.035745 -0.114764 0.604822
0.040000 0.035745 -0.113089 0.604822
0.040000 0.035745 -0.111414 0.604822
0.040000 0.035745 -0.109738 0.604822
0.040000 0.035745 -0.108063 0.604822
0.040000 0.035745 -0.106387 0.604822
0.040000 0.035745 -0.104712 0.604822
0.040000 0.035745 -0.103037 0.604822
0.040000 0.035745 -0.101361 0.604822
0.040000 0.035745 -0.099686 0.604822
0.040000 0.035745 -0.098010 0.604822
0.040000 0.035745 -0.096335 0.604822
0.040000 0.035745 -0.094660 0.604822
0.040000 0.035745 -0.092984 0.604822
0.040000 0.035745 -0.091309 0.604822
0.040000 0.035745 -0.089634 0.604822
0.040000 0.035745 -0.087958 0.604822
0.040000 0.035745 -0.086283 0.604822
0.040000 0.035745 -0.084607 0.604822
0.040000 0.035745 -0.082932 0.604822
0.040000 0.035745 -0.081257 0.604822
0.040000 0.035745 -0.079581 0.604822
0.040000 0.035745 -0.077906 0.604822
0.040000 0.035745 -0.076230 0.604822
0.040000 0.035745 -0.074555 0.604822
0.040000 0.035745 -0.072880 0.604822
0.040000 0.035745 -0.071204 0.604822
0.040000 0.035745 -0.069529 0.604822
0.040000 0.035745 -0.067853 0.604822
0.040000 0.035745 -0.066178 0.604822
0.040000 0.035745 -0.064503 0.604822
0.040000 0.035745 -0.062827 0.604822
0.040000 0.035745 -0.061152 0.604822
0.040000 0.035745 -0.059476 0.604822
0.040000 0.035745 -0.057801 0.604822
0.040000 0.035745 -0.056126 0.604822
0.040000 0.035745 -0.054450 0.604822
0.040000 0.035745 -0.052775 0.604822
0.040000 0.035745 -0.051099 0.604822
0.040000 0.035745 -0.049424 0.604822
0.040000 0.035745 -0.047749 0.604822
0.040000 0.035745 -0.046073 0.604822
0.040000 0.035745 -0.044398 0.604822
0.040000 0.035745 -0.042723 0.604822
0.040000 0.035745 -0.041047 0.604822
0.040000 0.035745 -0.039372 0.604822
0.040000 0.035745 -0.037696 0.604822
0.040000 0.035745 -0.036021 0.604822
0.040000 0.035745 -0.034346 0.604822
0.040000 0.035745 -0.032670 0.604822
0.040000 0.035745 -0.030995 0.604822
0.040000 0.035745 -0.029319 0.604822
0.040000 0.035745 -0.027644 0.604822
0.040000 0.035745 -0.025969 0.604822
0.040000 0.035745 -0.024293 0.604822
0.040000 0.035745 -0.022618 0.604822
0.040000 0.035745 -0.020942 0.604822
0.040000 0.035745 -0.019267 0.604822
0.040000 0.035745 -0.017592 0.604822
0.040000 0.035745 -0.015916 0.604822
0.040000 0.035745 -0.014241 0.604822
0.040000 0.035745 -0.012565 0.604822
0.040000 0.035745 -0.010890 0.604822
0.040000 0.035745 -0.009215 0.604822
0.040000 0.035745 -0.007539 0.604822
0.040000 0.035745 -0.005864 0.604822
0.040000 0.035745 -0.004188 0.604822
0.040000 0.035745 -0.002513 0.604822
0.040000 0.035745 -0.000838 0.604822
0.040000 0.035745 0.000838 0.604822
0.040000 0.035745 0.002513 0.604822
0.040000 0.035745 0.004188 0.604822
0.040000 0.035745 0.005864 0.604822
0.040000 0.035745 0.007539 0.604822
0.040000 0.035745 0.009215 0.604822
0.040000 0.035745 0.010890 0.604822
0.040000 0.035745 0.012565 0.604822
0.040000 0.035745 0.014241 0.604822
0.040000 0.035745 0.015916 0.604822
0.040000 0.035745 0.017592 0.604822
0.040000 0.035745 0.019267 0.604822
0.040000 0.035745 0.020942 0.604822
0.040000 0.035745 0.022618 0.604822
0.040000 0.035745 0.024293 0.604822
0.040000 0.035745 0.025969 0.604822
0.040000 0.035745 0.027644 0.604822
0.040000 0.035745 0.029319 0.604822
0.040000 0.035745 0.030995 0.604822
0.040000 0.035745 0.032670 0.604822
0.040000 0.035745 0.034346 0.604822
0.040000 0.035745 0.036021 0.604822
0.040000 0.035745 0.037696 0.604822
0.040000 0.035745 0.039372 0.604822
0.040000 0.035745 0.041047 0.604822
0.040000 0.035745 0.042723 0.604822
0.040000 0.035745 0.044398 0.604822
0.040000 0.035745 0.046073 0.604822
0.040000 0.035745 0.047749 0.604822
0.040000 0.035745 0.049424 0.604822
0.040000 0.035745 0.051099 0.604822
0.040000 0.035745 0.052775 0.604822
0.040000 0.035745 0.054450 0.604822
0.040000 0.035745 0.056126 0.604822
0.040000 0.035745 0.057801 0.604822
0.040000 0.035745 0.059476 0.604822
0.040000 0.035745 0.061152 0.604822
0.040000 0.035745 0.062827 0.604822
0.040000 0.035745 0.064503 0.604822
0.040000 0.035745 0.066178 0.604822
0.040000 0.035745 0.067853 0.604822
0.040000 0.035745 0.069529 0.604822
0.040000 0.035745 0.071204 0.604822
0.040000 0.035745 0.072880 0.604822
0.040000 0.035745 0.074555 0.604822
0.040000 0.035745 0.076230 0.604822
0.040000 0.035745 0.077906 0.604822
0.040000 0.035745 0.079581 0.604822
0.040000 0.035745 0.081257 0.604822
0.040000 0.035745 0.082932 0.604822
0.040000 0.035745 0.084607 0.604822
0.040000 0.035745 0.086283 0.604822
0.040000 0.035745 0.087958 0.604822
0.040000 0.035745 0.089634 0.604822
0.040000 0.035745 0.091309 0.604822
0.040000 0.035745 0.092984 0.604822
0.040000 0.035745 0.094660 0.604822
0.040000 0.035745 0.096335 0.604822
0.040000 0.035745 0.098010 0.604822
0.040000 0.035745 0.099686 0.604822
0.040000 0.035745 0.101361 0.604822
0.040000 0.035745 0.103037 0.604822
0.040000 0.035745 0.104712 0.604822
0.040000 0.035745 0.106387 0.604822
0.040000 0.035745 0.108063 0.604822
0.040000 0.035745 0.109738 0.604822
0.040000 0.035745 0.111414 0.604822
0.040000 0.035745 0.113089 0.604822
0.040000 0.035745 0.114764 0.604822
0.040000 0.035745 0.116440 0.604822
0.040000 0.035745 0.118115 0.604822
0.040000 0.035745 0.119791 0.604822
0.040000 0.035745 0.121466 0.604822
0.040000 0.035745 0.123141 0.604822
0.040000 0.035745 0.124817 0.604822
0.040000 0.035745 0.126492 0.604822
0.040000 0.035745 0.128168 0.604822
0.040000 0.035745 0.129843 0.604822
0.040000 0.035745 0.131518 0.604822
0.040000 0.035745 0.133194 0.604822
0.040000 0.035745 0.134869 0.604822
0.040000 0.035745 0.136545 0.604822
0.040000 0.035745 0.138220 0.604822
0.040000 0.035745 0.139895 0.604822
0.040000 0.035745 0.141571 0.604822
0.040000 0.035745 0.143246 0.604822
0.040000 0.035745 0.144921 0.604822
0.040000 0.035745 0.146597 0.604822
0.040000 0.035745 0.148272 0.604822
0.040000 0.035745 0.149948 0.604822
0.040000 0.035745 0.151623 0.604822
0.040000 0.035745 0.153298 0.604822
0.040000 0.035745 0.154974 0.604822
0.040000 0.035745 0.156649 0.604822
0.040000 0.035745 0.158325 0.604822
0.040000 0.035745 0.160000 0.604822
0.040000 0.037447 -0.160000 0.605914
0.040000 0.037447 -0.158325 0.605914
0.040000 0.037447 -0.156649 0.605914
0.040000 0.037447 -0.154974 0.605914
0.040000 0.037447 -0.153298 0.605914
0.040000 0.037447 -0.151623 0.605914
0.040000 0.037447 -0.149948 0.605914
0.040000 0.037447 -0.148272 0.605914
0.040000 0.037447 -0.146597 0.605914
0.040000 0.037447 -0.144921 0.605914
0.040000 0.037447 -0.143246 0.605914
0.040000 0.037447 -0.141571 0.605914
0.040000 0.037447 -0.139895 0.605914
0.040000 0.037447 -0.138220 0.605914
0.040000 0.037447 -0.136545 0.605914
0.040000 0.037447 -0.134869 0.605914
0.040000 0.037447 -0.133194 0.605914
0.040000 0.037447 -0.131518 0.605914
0.040000 0.037447 -0.129843 0.605914
0.040000 0.037447 -0.128168 0.605914
0.040000 0.037447 -0.126492 0.605914
0.040000 0.037447 -0.124817 0.605914
0.040000 0.037447 -0.123141 0.605914
0.040000 0.037447 -0.121466 0.605914
0.040000 0.037447 -0.119791 0.605914
0.040000 0.037447 -0.118115 0.605914
0.040000 0.037447 -0.116440 0.605914
0.040000 0.037447 -0.114764 0.605914
0.040000 0.037447 -0.113089 0.605914
0.040000 0.037447 -0.111414 0.605914
0.040000 0.037447 -0.109738 0.605914
0.040000 0.037447 -0.108063 0.605914
0.040000 0.037447 -0.106387 0.605914
0.040000 0.037447 -0.104712 0.605914
0.040000 0.037447 -0.103037 0.605914
0.040000 0.037447 -0.101361 0.605914
0.040000 0.037447 -0.099686 0.605914
0.040000 0.037447 -0.098010 0.605914
0.040000 0.037447 -0.096335 0.605914
0.040000 0.037447 -0.094660 0.605914
0.040000 0.037447 -0.092984 0.605914
0.040000 0.037447 -0.091309 0.605914
0.040000 0.037447 -0.089634 0.605914
0.040000 0.037447 -0.087958 0.605914
0.040000 0.037447 -0.086283 0.605914
0.040000 0.037447 -0.084607 0.605914
0.040000 0.037447 -0.082932 0.605914
0.040000 0.037447 -0.081257 0.605914
0.040000 0.037447 -0.079581 0.605914
0.040000 0.037447 -0.077906 0.605914
0.040000 0.037447 -0.076230 0.605914
0.040000 0.037447 -0.074555 0.605914
0.040000 0.037447 -0.072880 0.605914
0.040000 0.037447 -0.071204 0.605914
0.040000 0.037447 -0.069529 0.605914
0.040000 0.037447 -0.067853 0.605914
0.040000 0.037447 -0.066178 0.605914
0.040000 0.037447 -0.064503 0.605914
0.040000 0.037447 -0.062827 0.605914
0.040000 0.037447 -0.061152 0.605914
0.040000 0.037447 -0.059476 0.605914
0.040000 0.037447 -0.057801 0.605914
0.040000 0.037447 -0.056126 0.605914
0.040000 0.037447 -0.054450 0.605914
0.040000 0.037447 -0.052775 0.605914
0.040000 0.037447 -0.051099 0.605914
0.040000 0.037447 -0.049424 0.605914
0.040000 0.037447 -0.047749 0.605914
0.040000 0.037447 -0.046073 0.605914
0.040000 0.037447 -0.044398 0.605914
0.040000 0.037447 -0.042723 0.605914
0.040000 0.037447 -0.041047 0.605914
0.040000 0.037447 -0.039372 0.605914
0.040000 0.037447 -0.037696 0.605914
0.040000 0.037447 -0.036021 0.605914
0.040000 0.037447 -0.034346 0.605914
0.040000 0.037447 -0.032670 0.605914
0.040000 0.037447 -0.030995 0.605914
0.040000 0.037447 -0.029319 0.605914
0.040000 0.037447 -0.027644 0.605914
0.040000 0.037447 -0.025969 0.605914
0.040000 0.037447 -0.024293 0.605914
0.040000 0.037447 -0.022618 0.605914
0.040000 0.037447 -0.020942 0.605914
0.040000 0.037447 -0.019267 0.605914
0.040000 0.037447 -0.017592 0.605914
0.040000 0.037447 -0.015916 0.605914
0.040000 0.037447 -0.014241 0.605914
0.040000 0.037447 -0.012565 0.605914
0.040000 0.037447 -0.010890 0.605914
0.040000 0.037447 -0.009215 0.605914
0.040000 0.037447 -0.007539 0.605914
0.040000 0.037447 -0.005864 0.605914
0.040000 0.037447 -0.004188 0.605914
0.040000 0.037447 -0.002513 0.605914
0.040000 0.037447 -0.000838 0.605914
0.040000 0.037447 0.000838 0.605914
0.040000 0.037447 0.002513 0.605914
0.040000 0.037447 0.004188 0.605914
0.040000 0.037447 0.005864 0.605914
0.040000 0.037447 0.007539 0.605914
0.040000 0.037447 0.009215 0.605914
0.040000 0.037447 0.010890 0.605914
0.040000 0.037447 0.012565 0.605914
0.040000 0.037447 0.014241 0.605914
0.040000 0.037447 0.015916 0.605914
0.040000 0.037447 0.017592 0.605914
0.040000 0.037447 0.019267 0.605914
0.040000 0.037447 0.020942 0.605914
0.040000 0.037447 0.022618 0.605914
0.040000 0.037447 0.024293 0.605914
0.040000 0.037447 0.025969 0.605914
0.040000 0.037447 0.027644 0.605914
0.040000 0.037447 0.029319 0.605914
0.040000 0.037447 0.030995 0.605914
0.040000 0.037447 0.032670 0.605914
0.040000 0.037447 0.034346 0.605914
0.040000 0.037447 0.036021 0.605914
0.040000 0.037447 0.037696 0.605914
0.040000 0.037447 0.039372 0.605914
0.040000 0.037447 0.041047 0.605914
0.040000 0.037447 0.042723 0.605914
0.040000 0.037447 0.044398 0.605914
0.040000 0.037447 0.046073 0.605914
0.040000 0.037447 0.047749 0.605914
0.040000 0.037447 0.049424 0.605914
0.040000 0.037447 0.051099 0.605914
0.040000 0.037447 0.052775 0.605914
0.040000 0.037447 0.054450 0.605914
0.040000 0.037447 0.056126 0.605914
0.040000 0.037447 0.057801 0.605914
0.040000 0.037447 0.059476 0.605914
0.040000 0.037447 0.061152 0.605914
0.040000 0.037447 0.062827 0.605914
0.040000 0.037447 0.064503 0.605914
0.040000 0.037447 0.066178 0.605914
0.040000 0.037447 0.067853 0.605914
0.040000 0.037447 0.069529 0.605914
0.040000 0.037447 0.071204 0.605914
0.040000 0.037447 0.072880 0.605914
0.040000 0.037447 0.074555 0.605914
0.040000 0.037447 0.076230 0.605914
0.040000 0.037447 0.077906 0.605914
0.040000 0.037447 0.079581 0.605914
0.040000 0.037447 0.081257 0.605914
0.040000 0.037447 0.082932 0.605914
0.040000 0.037447 0.084607 0.605914
0.040000 0.037447 0.086283 0.605914
0.040000 0.037447 0.087958 0.605914
0.040000 0.037447 0.089634 0.605914
0.040000 0.037447 0.091309 0.605914
0.040000 0.037447 0.092984 0.605914
0.040000 0.037447 0.094660 0.605914
0.040000 0.037447 0.096335 0.605914
0.040000 0.037447 0.098010 0.605914
0.040000 0.037447 0.099686 0.605914
0.040000 0.037447 0.101361 0.605914
0.040000 0.037447 0.103037 0.605914
0.040000 0.037447 0.104712 0.605914
0.040000 0.037447 0.106387 0.605914
0.040000 0.037447 0.108063 0.605914
0.040000 0.037447 0.109738 0.605914
0.040000 0.037447 0.111414 0.605914
0.040000 0.037447 0.113089 0.605914
0.040000 0.037447 0.114764 0.605914
0.040000 0.037447 0.116440 0.605914
0.040000 0.037447 0.118115 0.605914
0.040000 0.037447 0.119791 0.605914
0.040000 0.037447 0.121466 0.605914
0.040000 0.037447 0.123141 0.605914
0.040000 0.037447 0.124817 0.605914
0.040000 0.037447 0.126492 0.605914
0.040000 0.037447 0.128168 0.605914
0.040000 0.037447 0.129843 0.605914
0.040000 0.037447 0.131518 0.605914
0.040000 0.037447 0.133194 0.605914
0.040000 0.037447 0.134869 0.605914
0.040000 0.037447 0.136545 0.605914
0.040000 0.037447 0.138220 0.605914
0.040000 0.037447 0.139895 0.605914
0.040000 0.037447 0.141571 0.605914
0.040000 0.037447 0.143246 0.605914
0.040000 0.037447 0.144921 0.605914
0.040000 0.037447 0.146597 0.605914
0.040000 0.037447 0.148272 0.605914
0.040000 0.037447 0.149948 0.605914
0.040000 0.037447 0.151623 0.605914
0.040000 0.037447 0.153298 0.605914
0.040000 0.037447 0.154974 0.605914
0.040000 0.037447 0.156649 0.605914
0.040000 0.037447 0.158325 0.605914
0.040000 0.037447 0.160000 0.605914
0.040000 0.039149 -0.160000 0.606462
0.040000 0.039149 -0.158325 0.606462
0.040000 0.039149 -0.156649 0.606462
0.040000 0.039149 -0.154974 0.606462
0.040000 0.039149 -0.153298 0.606462
0.040000 0.039149 -0.151623 0.606462
0.040000 0.039149 -0.149948 0.606462
0.040000 0.039149 -0.148272 0.606462
0.040000 0.039149 -0.146597 0.606462
0.040000 0.039149 -0.144921 0.606462
0.040000 0.039149 -0.143246 0.606462
0.040000 0.039149 -0.141571 0.606462
0.040000 0.039149 -0.139895 0.606462
0.040000 0.039149 -0.138220 0.606462
0.040000 0.039149 -0.136545 0.606462
0.040000 0.039149 -0.134869 0.606462
0.040000 0.039149 -0.133194 0.606462
0.040000 0.039149 -0.131518 0.606462
0.040000 0.039149 -0.129843 0.606462
0.040000 0.039149 -0.128168 0.606462
0.040000 0.039149 -0.126492 0.606462
0.040000 0.039149 -0.124817 0.606462
0.040000 0.039149 -0.123141 0.606462
0.040000 0.039149 -0.121466 0.606462
0.040000 0.039149 -0.119791 0.606462
0.040000 0.039149 -0.118115 0.606462
0.040000 0.039149 -0.116440 0.606462
0.040000 0.039149 -0.114764 0.606462
0.040000 0.039149 -0.113089 0.606462
0.040000 0.039149 -0.111414 0.606462
0.040000 0.039149 -0.109738 0.606462
0.040000 0.039149 -0.108063 0.606462
0.040000 0.039149 -0.106387 0.606462
0.040000 0.039149 -0.104712 0.606462
0.040000 0.039149 -0.103037 0.606462
0.040000 0.039149 -0.101361 0.606462
0.040000 0.039149 -0.099686 0.606462
0.040000 0.039149 -0.098010 0.606462
0.040000 0.039149 -0.096335 0.606462
0.040000 0.039149 -0.094660 0.606462
0.040000 0.039149 -0.092984 0.606462
0.040000 0.039149 -0.091309 0.606462
0.040000 0.039149 -0.089634 0.606462
0.040000 0.039149 -0.087958 0.606462
0.040000 0.039149 -0.086283 0.606462
0.040000 0.039149 -0.084607 0.606462
0.040000 0.039149 -0.082932 0.606462
0.040000 0.039149 -0.081257 0.606462
0.040000 0.039149 -0.079581 0.606462
0.040000 0.039149 -0.077906 0.606462
0.040000 0.039149 -0.076230 0.606462
0.040000 0.039149 -0.074555 0.606462
0.040000 0.039149 -0.072880 0.606462
0.040000 0.039149 -0.071204 0.606462
0.040000 0.039149 -0.069529 0.606462
0.040000 0.039149 -0.067853 0.606462
0.040000 0.039149 -0.066178 0.606462
0.040000 0.039149 -0.064503 0.606462
0.040000 0.039149 -0.062827 0.606462
0.040000 0.039149 -0.061152 0.606462
0.040000 0.039149 -0.059476 0.606462
0.040000 0.039149 -0.057801 0.606462
0.040000 0.039149 -0.056126 0.606462
0.040000 0.039149 -0.054450 0.606462
0.040000 0.039149 -0.052775 0.606462
0.040000 0.039149 -0.051099 0.606462
0.040000 0.039149 -0.049424 0.606462
0.040000 0.039149 -0.047749 0.606462
0.040000 0.039149 -0.046073 0.606462
0.040000 0.039149 -0.044398 0.606462
0.040000 0.039149 -0.042723 0.606462
0.040000 0.039149 -0.041047 0.606462
0.040000 0.039149 -0.039372 0.606462
0.040000 0.039149 -0.037696 0.606462
0.040000 0.039149 -0.036021 0.606462
0.040000 0.039149 -0.034346 0.606462
0.040000 0.039149 -0.032670 0.606462
0.040000 0.039149 -0.030995 0.606462
0.040000 0.039149 -0.029319 0.606462
0.040000 0.039149 -0.027644 0.606462
0.040000 0.039149 -0.025969 0.606462
0.040000 0.039149 -0.024293 0.606462
0.040000 0.039149 -0.022618 0.606462
0.040000 0.039149 -0.020942 0.606462
0.040000 0.039149 -0.019267 0.606462
0.040000 0.039149 -0.017592 0.606462
0.040000 0.039149 -0.015916 0.606462
0.040000 0.039149 -0.014241 0.606462
0.040000 0.039149 -0.012565 0.606462
0.040000 0.039149 -0.010890 0.606462
0.040000 0.039149 -0.009215 0.606462
0.040000 0.039149 -0.007539 0.606462
0.040000 0.039149 -0.005864 0.606462
0.040000 0.039149 -0.004188 0.606462
0.040000 0.039149 -0.002513 0.606462
0.040000 0.039149 -0.000838 0.606462
0.040000 0.039149 0.000838 0.606462
0.040000 0.039149 0.002513 0.606462
0.040000 0.039149 0.004188 0.606462
0.040000 0.039149 0.005864 0.606462
0.040000 0.039149 0.007539 0.606462
0.040000 0.039149 0.009215 0.606462
0.040000 0.039149 0.010890 0.606462
0.040000 0.039149 0.012565 0.606462
0.040000 0.039149 0.014241 0.606462
0.040000 0.039149 0.015916 0.606462
0.040000 0.039149 0.017592 0.606462
0.040000 0.039149 0.019267 0.606462
0.040000 0.039149 0.020942 0.606462
0.040000 0.039149 0.022618 0.606462
0.040000 0.039149 0.024293 0.606462
0.040000 0.039149 0.025969 0.606462
0.040000 0.039149 0.027644 0.606462
0.040000 0.039149 0.029319 0.606462
0.040000 0.039149 0.030995 0.606462
0.040000 0.039149 0.032670 0.606462
0.040000 0.039149 0.034346 0.606462
0.040000 0.039149 0.036021 0.606462
0.040000 0.039149 0.037696 0.606462
0.040000 0.039149 0.039372 0.606462
0.040000 0.039149 0.041047 0.606462
0.040000 0.039149 0.042723 0.606462
0.040000 0.039149 0.044398 0.606462
0.040000 0.039149 0.046073 0.606462
0.040000 0.039149 0.047749 0.606462
0.040000 0.039149 0.049424 0.606462
0.040000 0.039149 0.051099 0.606462
0.040000 0.039149 0.052775 0.606462
0.040000 0.039149 0.054450 0.606462
0.040000 0.039149 0.056126 0.606462
0.040000 0.039149 0.057801 0.606462
0.040000 0.039149 0.059476 0.606462
0.040000 0.039149 0.061152 0.606462
0.040000 0.039149 0.062827 0.606462
0.040000 0.039149 0.064503 0.606462
0.040000 0.039149 0.066178 0.606462
0.040000 0.039149 0.067853 0.606462
0.040000 0.039149 0.069529 0.606462
0.040000 0.039149 0.071204 0.606462
0.040000 0.039149 0.072880 0.606462
0.040000 0.039149 0.074555 0.606462
0.040000 0.039149 0.076230 0.606462
0.040000 0.039149 0.077906 0.606462
0.040000 0.039149 0.079581 0.606462
0.040000 0.039149 0.081257 0.606462
0.040000 0.039149 0.082932 0.606462
0.040000 0.039149 0.084607 0.606462
0.040000 0.039149 0.086283 0.606462
0.040000 0.039149 0.087958 0.606462
0.040000 0.039149 0.089634 0.606462
0.040000 0.039149 0.091309 0.606462
0.040000 0.039149 0.092984 0.606462
0.040000 0.039149 0.094660 0.606462
0.040000 0.039149 0.096335 0.606462
0.040000 0.039149 0.098010 0.606462
0.040000 0.039149 0.099686 0.606462
0.040000 0.039149 0.101361 0.606462
0.040000 0.039149 0.103037 0.606462
0.040000 0.039149 0.104712 0.606462
0.040000 0.039149 0.106387 0.606462
0.040000 0.039149 0.108063 0.606462
0.040000 0.039149 0.109738 0.606462
0.040000 0.039149 0.111414 0.606462
0.040000 0.039149 0.113089 0.606462
0.040000 0.039149 0.114764 0.606462
0.040000 0.039149 0.116440 0.606462
0.040000 0.039149 0.118115 0.606462
0.040000 0.039149 0.119791 0.606462
0.040000 0.039149 0.121466 0.606462
0.040000 0.039149 0.123141 0.606462
0.040000 0.039149 0.124817 0.606462
0.040000 0.039149 0.126492 0.606462
0.040000 0.039149 0.128168 0.606462
0.040000 0.039149 0.129843 0.606462
0.040000 0.039149 0.131518 0.606462
0.040000 0.039149 0.133194 0.606462
0.040000 0.039149 0.134869 0.606462
0.040000 0.039149 0.136545 0.606462
0.040000 0.039149 0.138220 0.606462
0.040000 0.039149 0.139895 0.606462
0.040000 0.039149 0.141571 0.606462
0.040000 0.039149 0.143246 0.606462
0.040000 0.039149 0.144921 0.606462
0.040000 0.039149 0.146597 0.606462
0.040000 0.039149 0.148272 0.606462
0.040000 0.039149 0.149948 0.606462
0.040000 0.039149 0.151623 0.606462
0.040000 0.039149 0.153298 0.606462
0.040000 0.039149 0.154974 0.606462
0.040000 0.039149 0.156649 0.606462
0.040000 0.039149 0.158325 0.606462
0.040000 0.039149 0.160000 0.606462
0.040000 0.040851 -0.160000 0.606462
0.040000 0.040851 -0.158325 0.606462
0.040000 0.040851 -0.156649 0.606462
0.040000 0.040851 -0.154974 0.606462
0.040000 0.040851 -0.153298 0.606462
0.040000 0.040851 -0.151623 0.606462
0.040000 0.040851 -0.149948 0.606462
0.040000 0.040851 -0.148272 0.606462
0.040000 0.040851 -0.146597 0.606462
0.040000 0.040851 -0.144921 0.606462
0.040000 0.040851 -0.143246 0.606462
0.040000 0.040851 -0.141571 0.606462
0.040000 0.040851 -0.139895 0.606462
0.040000 0.040851 -0.138220 0.606462
0.040000 0.040851 -0.136545 0.606462
0.040000 0.040851 -0.134869 0.606462
0.040000 0.040851 -0.133194 0.606462
0.040000 0.040851 -0.131518 0.606462
0.040000 0.040851 -0.129843 0.606462
0.040000 0.040851 -0.128168 0.606462
0.040000 0.040851 -0.126492 0.606462
0.040000 0.040851 -0.124817 0.606462
0.040000 0.040851 -0.123141 0.606462
0.040000 0.040851 -0.121466 0.606462
0.040000 0.040851 -0.119791 0.606462
0.040000 0.040851 -0.118115 0.606462
0.040000 0.040851 -0.116440 0.606462
0.040000 0.040851 -0.114764 0.606462
0.040000 0.040851 -0.113089 0.606462
0.040000 0.040851 -0.111414 0.606462
0.040000 0.040851 -0.109738 0.606462
0.040000 0.040851 -0.108063 0.606462
0.040000 0.040851 -0.106387 0.606462
0.040000 0.040851 -0.104712 0.606462
0.040000 0.040851 -0.103037 0.606462
0.040000 0.040851 -0.101361 0.606462
0.040000 0.040851 -0.099686 0.606462
0.040000 0.040851 -0.098010 0.606462
0.040000 0.040851 -0.096335 0.606462
0.040000 0.040851 -0.094660 0.606462
0.040000 0.040851 -0.092984 0.606462
0.040000 0.040851 -0.091309 0.606462
0.040000 0.040851 -0.089634 0.606462
0.040000 0.040851 -0.087958 0.606462
0.040000 0.040851 -0.086283 0.606462
0.040000 0.040851 -0.084607 0.606462
0.040000 0.040851 -0.082932 0.606462
0.040000 0.040851 -0.081257 0.606462
0.040000 0.040851 -0.079581 0.606462
0.040000 0.040851 -0.077906 0.606462
0.040000 0.040851 -0.076230 0.606462
0.040000 0.040851 -0.074555 0.606462
0.040000 0.040851 -0.072880 0.606462
0.040000 0.040851 -0.071204 0.606462
0.040000 0.040851 -0.069529 0.606462
0.040000 0.040851 -0.067853 0.606462
0.040000 0.040851 -0.066178 0.606462
0.040000 0.040851 -0.064503 0.606462
0.040000 0.040851 -0.062827 0.606462
0.040000 0.040851 -0.061152 0.606462
0.040000 0.040851 -0.059476 0.606462
0.040000 0.040851 -0.057801 0.606462
0.040000 0.040851 -0.056126 0.606462
0.040000 0.040851 -0.054450 0.606462
0.040000 0.040851 -0.052775 0.606462
0.040000 0.040851 -0.051099 0.606462
0.040000 0.040851 -0.049424 0.606462
0.040000 0.040851 -0.047749 0.606462
0.040000 0.040851 -0.046073 0.606462
0.040000 0.040851 -0.044398 0.606462
0.040000 0.040851 -0.042723 0.606462
0.040000 0.040851 -0.041047 0.606462
0.040000 0.040851 -0.039372 0.606462
0.040000 0.040851 -0.037696 0.606462
0.040000 0.040851 -0.036021 0.606462
0.040000 0.040851 -0.034346 0.606462
0.040000 0.040851 -0.032670 0.606462
0.040000 0.040851 -0.030995 0.606462
0.040000 0.040851 -0.029319 0.606462
0.040000 0.040851 -0.027644 0.606462
0.040000 0.040851 -0.025969 0.606462
0.040000 0.040851 -0.024293 0.606462
0.040000 0.040851 -0.022618 0.606462
0.040000 0.040851 -0.020942 0.606462
0.040000 0.040851 -0.019267 0.606462
0.040000 0.040851 -0.017592 0.606462
0.040000 0.040851 -0.015916 0.606462
0.040000 0.040851 -0.014241 0.606462
0.040000 0.040851 -0.012565 0.606462
0.040000 0.040851 -0.010890 0.606462
0.040000 0.040851 -0.009215 0.606462
0.040000 0.040851 -0.007539 0.606462
0.040000 0.040851 -0.005864 0.606462
0.040000 0.040851 -0.004188 0.606462
0.040000 0.040851 -0.002513 0.606462
0.040000 0.040851 -0.000838 0.606462
0.040000 0.040851 0.000838 0.606462
0.040000 0.040851 0.002513 0.606462
0.040000 0.040851 0.004188 0.606462
0.040000 0.040851 0.005864 0.606462
0.040000 0.040851 0.007539 0.606462
0.040000 0.040851 0.009215 0.606462
0.040000 0.040851 0.010890 0.606462
0.040000 0.040851 0.012565 0.606462
0.040000 0.040851 0.014241 0.606462
0.040000 0.040851 0.015916 0.606462
0.040000 0.040851 0.017592 0.606462
0.040000 0.040851 0.019267 0.606462
0.040000 0.040851 0.020942 0.606462
0.040000 0.040851 0.022618 0.606462
0.040000 0.040851 0.024293 0.606462
0.040000 0.040851 0.025969 0.606462
0.040000 0.040851 0.027644 0.606462
0.040000 0.040851 0.029319 0.606462
0.040000 0.040851 0.030995 0.606462
0.040000 0.040851 0.032670 0.606462
0.040000 0.040851 0.034346 0.606462
0.040000 0.040851 0.036021 0.606462
0.040000 0.040851 0.037696 0.606462
0.040000 0.040851 0.039372 0.606462
0.040000 0.040851 0.041047 0.606462
0.040000 0.040851 0.042723 0.606462
0.040000 0.040851 0.044398 0.606462
0.040000 0.040851 0.046073 0.606462
0.040000 0.040851 0.047749 0.606462
0.040000 0.040851 0.049424 0.606462
0.040000 0.040851 0.051099 0.606462
0.040000 0.040851 0.052775 0.606462
0.040000 0.040851 0.054450 0.606462
0.040000 0.040851 0.056126 0.606462
0.040000 0.040851 0.057801 0.606462
0.040000 0.040851 0.059476 0.606462
0.040000 0.040851 0.061152 0.606462
0.040000 0.040851 0.062827 0.606462
0.040000 0.040851 0.064503 0.606462
0.040000 0.040851 0.066178 0.606462
0.040000 0.040851 0.067853 0.606462
0.040000 0.040851 0.069529 0.606462
0.040000 0.040851 0.071204 0.606462
0.040000 0.040851 0.072880 0.606462
0.040000 0.040851 0.074555 0.606462
0.040000 0.040851 0.076230 0.606462
0.040000 0.040851 0.077906 0.606462
0.040000 0.040851 0.079581 0.606462
0.040000 0.040851 0.081257 0.606462
0.040000 0.040851 0.082932 0.606462
0.040000 0.040851 0.084607 0.606462
0.040000 0.040851 0.086283 0.606462
0.040000 0.040851 0.087958 0.606462
0.040000 0.040851 0.089634 0.606462
0.040000 0.040851 0.091309 0.606462
0.040000 0.040851 0.092984 0.606462
0.040000 0.040851 0.094660 0.606462
0.040000 0.040851 0.096335 0.606462
0.040000 0.040851 0.098010 0.606462
0.040000 0.040851 0.099686 0.606462
0.040000 0.040851 0.101361 0.606462
0.040000 0.040851 0.103037 0.606462
0.040000 0.040851 0.104712 0.606462
0.040000 0.040851 0.106387 0.606462
0.040000 0.040851 0.108063 0.606462
0.040000 0.040851 0.109738 0.606462
0.040000 0.040851 0.111414 0.606462
0.040000 0.040851 0.113089 0.606462
0.040000 0.040851 0.114764 0.606462
0.040000 0.040851 0.116440 0.606462
0.040000 0.040851 0.118115 0.606462
0.040000 0.040851 0.119791 0.606462
0.040000 0.040851 0.121466 0.606462
0.040000 0.040851 0.123141 0.606462
0.040000 0.040851 0.124817 0.606462
0.040000 0.040851 0.126492 0.606462
0.040000 0.040851 0.128168 0.606462
0.040000 0.040851 0.129843 0.606462
0.040000 0.040851 0.131518 0.606462
0.040000 0.040851 0.133194 0.606462
0.040000 0.040851 0.134869 0.606462
0.040000 0.040851 0.136545 0.606462
0.040000 0.040851 0.138220 0.606462
0.040000 0.040851 0.139895 0.606462
0.040000 0.040851 0.141571 0.606462
0.040000 0.040851 0.143246 0.606462
0.040000 0.040851 0.144921 0.606462
0.040000 0.040851 0.146597 0.606462
0.040000 0.040851 0.148272 0.606462
0.040000 0.040851 0.149948 0.606462
0.040000 0.040851 0.151623 0.606462
0.040000 0.040851 0.153298 0.606462
0.040000 0.040851 0.154974 0.606462
0.040000 0.040851 0.156649 0.606462
0.040000 0.040851 0.158325 0.606462
0.040000 0.040851 0.160000 0.606462
0.040000 0.042553 -0.160000 0.605914
0.040000 0.042553 -0.158325 0.605914
0.040000 0.042553 -0.156649 0.605914
0.040000 0.042553 -0.154974 0.605914
0.040000 0.042553 -0.153298 0.605914
0.040000 0.042553 -0.151623 0.605914
0.040000 0.042553 -0.149948 0.605914
0.040000 0.042553 -0.148272 0.605914
0.040000 0.042553 -0.146597 0.605914
0.040000 0.042553 -0.144921 0.605914
0.040000 0.042553 -0.143246 0.605914
0.040000 0.042553 -0.141571 0.605914
0.040000 0.042553 -0.139895 0.605914
0.040000 0.042553 -0.138220 0.605914
0.040000 0.042553 -0.136545 0.605914
0.040000 0.042553 -0.134869 0.605914
0.040000 0.042553 -0.133194 0.605914
0.040000 0.042553 -0.131518 0.605914
0.040000 0.042553 -0.129843 0.605914
0.040000 0.042553 -0.128168 0.605914
0.040000 0.042553 -0.126492 0.605914
0.040000 0.042553 -0.124817 0.605914
0.040000 0.042553 -0.123141 0.605914
0.040000 0.042553 -0.121466 0.605914
0.040000 0.042553 -0.119791 0.605914
0.040000 0.042553 -0.118115 0.605914
0.040000 0.042553 -0.116440 0.605914
0.040000 0.042553 -0.114764 0.605914
0.040000 0.042553 -0.113089 0.605914
0.040000 0.042553 -0.111414 0.605914
0.040000 0.042553 -0.109738 0.605914
0.040000 0.042553 -0.108063 0.605914
0.040000 0.042553 -0.106387 0.605914
0.040000 0.042553 -0.104712 0.605914
0.040000 0.042553 -0.103037 0.605914
0.040000 0.042553 -0.101361 0.605914
0.040000 0.042553 -0.099686 0.605914
0.040000 0.042553 -0.098010 0.605914
0.040000 0.042553 -0.096335 0.605914
0.040000 0.042553 -0.094660 0.605914
0.040000 0.042553 -0.092984 0.605914
0.040000 0.042553 -0.091309 0.605914
0.040000 0.042553 -0.089634 0.605914
0.040000 0.042553 -0.087958 0.605914
0.040000 0.042553 -0.086283 0.605914
0.040000 0.042553 -0.084607 0.605914
0.040000 0.042553 -0.082932 0.605914
0.040000 0.042553 -0.081257 0.605914
0.040000 0.042553 -0.079581 0.605914
0.040000 0.042553 -0.077906 0.605914
0.040000 0.042553 -0.076230 0.605914
0.040000 0.042553 -0.074555 0.605914
0.040000 0.042553 -0.072880 0.605914
0.040000 0.042553 -0.071204 0.605914
0.040000 0.042553 -0.069529 0.605914
0.040000 0.042553 -0.067853 0.605914
0.040000 0.042553 -0.066178 0.605914
0.040000 0.042553 -0.064503 0.605914
0.040000 0.042553 -0.062827 0.605914
0.040000 0.042553 -0.061152 0.605914
0.040000 0.042553 -0.059476 0.605914
0.040000 0.042553 -0.057801 0.605914
0.040000 0.042553 -0.056126 0.605914
0.040000 0.042553 -0.054450 0.605914
0.040000 0.042553 -0.052775 0.605914
0.040000 0.042553 -0.051099 0.605914
0.040000 0.042553 -0.049424 0.605914
0.040000 0.042553 -0.047749 0.605914
0.040000 0.042553 -0.046073 0.605914
0.040000 0.042553 -0.044398 0.605914
0.040000 0.042553 -0.042723 0.605914
0.040000 0.042553 -0.041047 0.605914
0.040000 0.042553 -0.039372 0.605914
0.040000 0.042553 -0.037696 0.605914
0.040000 0.042553 -0.036021 0.605914
0.040000 0.042553 -0.034346 0.605914
0.040000 0.042553 -0.032670 0.605914
0.040000 0.042553 -0.030995 0.605914
0.040000 0.042553 -0.029319 0.605914
0.040000 0.042553 -0.027644 0.605914
0.040000 0.042553 -0.025969 0.605914
0.040000 0.042553 -0.024293 0.605914
0.040000 0.042553 -0.022618 0.605914
0.040000 0.042553 -0.020942 0.605914
0.040000 0.042553 -0.019267 0.605914
0.040000 0.042553 -0.017592 0.605914
0.040000 0.042553 -0.015916 0.605914
0.040000 0.042553 -0.014241 0.605914
0.040000 0.042553 -0.012565 0.605914
0.040000 0.042553 -0.010890 0.605914
0.040000 0.042553 -0.009215 0.605914
0.040000 0.042553 -0.007539 0.605914
0.040000 0.042553 -0.005864 0.605914
0.040000 0.042553 -0.004188 0.605914
0.040000 0.042553 -0.002513 0.605914
0.040000 0.042553 -0.000838 0.605914
0.040000 0.042553 0.000838 0.605914
0.040000 0.042553 0.002513 0.605914
0.040000 0.042553 0.004188 0.605914
0.040000 0.042553 0.005864 0.605914
0.040000 0.042553 0.007539 0.605914
0.040000 0.042553 0.009215 0.605914
0.040000 0.042553 0.010890 0.605914
0.040000 0.042553 0.012565 0.605914
0.040000 0.042553 0.014241 0.605914
0.040000 0.042553 0.015916 0.605914
0.040000 0.042553 0.017592 0.605914
0.040000 0.042553 0.019267 0.605914
0.040000 0.042553 0.020942 0.605914
0.040000 0.042553 0.022618 0.605914
0.040000 0.042553 0.024293 0.605914
0.040000 0.042553 0.025969 0.605914
0.040000 0.042553 0.027644 0.605914
0.040000 0.042553 0.029319 0.605914
0.040000 0.042553 0.030995 0.605914
0.040000 0.042553 0.032670 0.605914
0.040000 0.042553 0.034346 0.605914
0.040000 0.042553 0.036021 0.605914
0.040000 0.042553 0.037696 0.605914
0.040000 0.042553 0.039372 0.605914
0.040000 0.042553 0.041047 0.605914
0.040000 0.042553 0.042723 0.605914
0.040000 0.042553 0.044398 0.605914
0.040000 0.042553 0.046073 0.605914
0.040000 0.042553 0.047749 0.605914
0.040000 0.042553 0.049424 0.605914
0.040000 0.042553 0.051099 0.605914
0.040000 0.042553 0.052775 0.605914
0.040000 0.042553 0.054450 0.605914
0.040000 0.042553 0.056126 0.605914
0.040000 0.042553 0.057801 0.605914
0.040000 0.042553 0.059476 0.605914
0.040000 0.042553 0.061152 0.605914
0.040000 0.042553 0.062827 0.605914
0.040000 0.042553 0.064503 0.605914
0.040000 0.042553 0.066178 0.605914
0.040000 0.042553 0.067853 0.605914
0.040000 0.042553 0.069529 0.605914
0.040000 0.042553 0.071204 0.605914
0.040000 0.042553 0.072880 0.605914
0.040000 0.042553 0.074555 0.605914
0.040000 0.042553 0.076230 0.605914
0.040000 0.042553 0.077906 0.605914
0.040000 0.042553 0.079581 0.605914
0.040000 0.042553 0.081257 0.605914
0.040000 0.042553 0.082932 0.605914
0.040000 0.042553 0.084607 0.605914
0.040000 0.042553 0.086283 0.605914
0.040000 0.042553 0.087958 0.605914
0.040000 0.042553 0.089634 0.605914
0.040000 0.042553 0.091309 0.605914
0.040000 0.042553 0.092984 0.605914
0.040000 0.042553 0.094660 0.605914
0.040000 0.042553 0.096335 0.605914
0.040000 0.042553 0.098010 0.605914
0.040000 0.042553 0.099686 0.605914
0.040000 0.042553 0.101361 0.605914
0.040000 0.042553 0.103037 0.605914
0.040000 0.042553 0.104712 0.605914
0.040000 0.042553 0.106387 0.605914
0.040000 0.042553 0.108063 0.605914
0.040000 0.042553 0.109738 0.605914
0.040000 0.042553 0.111414 0.605914
0.040000 0.042553 0.113089 0.605914
0.040000 0.042553 0.114764 0.605914
0.040000 0.042553 0.116440 0.605914
0.040000 0.042553 0.118115 0.605914
0.040000 0.042553 0.119791 0.605914
0.040000 0.042553 0.121466 0.605914
0.040000 0.042553 0.123141 0.605914
0.040000 0.042553 0.124817 0.605914
0.040000 0.042553 0.126492 0.605914
0.040000 0.042553 0.128168 0.605914
0.040000 0.042553 0.129843 0.605914
0.040000 0.042553 0.131518 0.605914
0.040000 0.042553 0.133194 0.605914
0.040000 0.042553 0.134869 0.605914
0.040000 0.042553 0.136545 0.605914
0.040000 0.042553 0.138220 0.605914
0.040000 0.042553 0.139895 0.605914
0.040000 0.042553 0.141571 0.605914
0.040000 0.042553 0.143246 0.605914
0.040000 0.042553 0.144921 0.605914
0.040000 0.042553 0.146597 0.605914
0.040000 0.042553 0.148272 0.605914
0.040000 0.042553 0.149948 0.605914
0.040000 0.042553 0.151623 0.605914
0.040000 0.042553 0.153298 0.605914
0.040000 0.042553 0.154974 0.605914
0.040000 0.042553 0.156649 0.605914
0.040000 0.042553 0.158325 0.605914
0.040000 0.042553 0.160000 0.605914
0.040000 0.044255 -0.160000 0.604822
0.040000 0.044255 -0.158325 0.604822
0.040000 0.044255 -0.156649 0.604822
0.040000 0.044255 -0.154974 0.604822
0.040000 0.044255 -0.153298 0.604822
0.040000 0.044255 -0.151623 0.604822
0.040000 0.044255 -0.149948 0.604822
0.040000 0.044255 -0.148272 0.604822
0.040000 0.044255 -0.146597 0.604822
0.040000 0.044255 -0.144921 0.604822
0.040000 0.044255 -0.143246 0.604822
0.040000 0.044255 -0.141571 0.604822
0.040000 0.044255 -0.139895 0.604822
0.040000 0.044255 -0.138220 0.604822
0.040000 0.044255 -0.136545 0.604822
0.040000 0.044255 -0.134869 0.604822
0.040000 0.044255 -0.133194 0.604822
0.040000 0.044255 -0.131518 0.604822
0.040000 0.044255 -0.129843 0.604822
0.040000 0.044255 -0.128168 0.604822
0.040000 0.044255 -0.126492 0.604822
0.040000 0.044255 -0.124817 0.604822
0.040000 0.044255 -0.123141 0.604822
0.040000 0.044255 -0.121466 0.604822
0.040000 0.044255 -0.119791 0.604822
0.040000 0.044255 -0.118115 0.604822
0.040000 0.044255 -0.116440 0.604822
0.040000 0.044255 -0.114764 0.604822
0.040000 0.044255 -0.113089 0.604822
0.040000 0.044255 -0.111414 0.604822
0.040000 0.044255 -0.109738 0.604822
0.040000 0.044255 -0.108063 0.604822
0.040000 0.044255 -0.106387 0.604822
0.040000 0.044255 -0.104712 0.604822
0.040000 0.044255 -0.103037 0.604822
0.040000 0.044255 -0.101361 0.604822
0.040000 0.044255 -0.099686 0.604822
0.040000 0.044255 -0.098010 0.604822
0.040000 0.044255 -0.096335 0.604822
0.040000 0.044255 -0.094660 0.604822
0.040000 0.044255 -0.092984 0.604822
0.040000 0.044255 -0.091309 0.604822
0.040000 0.044255 -0.089634 0.604822
0.040000 0.044255 -0.087958 0.604822
0.040000 0.044255 -0.086283 0.604822
0.040000 0.044255 -0.084607 0.604822
0.040000 0.044255 -0.082932 0.604822
0.040000 0.044255 -0.081257 0.604822
0.040000 0.044255 -0.079581 0.604822
0.040000 0.044255 -0.077906 0.604822
0.040000 0.044255 -0.076230 0.604822
0.040000 0.044255 -0.074555 0.604822
0.040000 0.044255 -0.072880 0.604822
0.040000 0.044255 -0.071204 0.604822
0.040000 0.044255 -0.069529 0.604822
0.040000 0.044255 -0.067853 0.604822
0.040000 0.044255 -0.066178 0.604822
0.040000 0.044255 -0.064503 0.604822
0.040000 0.044255 -0.062827 0.604822
0.040000 0.044255 -0.061152 0.604822
0.040000 0.044255 -0.059476 0.604822
0.040000 0.044255 -0.057801 0.604822
0.040000 0.044255 -0.056126 0.604822
0.040000 0.044255 -0.054450 0.604822
0.040000 0.044255 -0.052775 0.604822
0.040000 0.044255 -0.051099 0.604822
0.040000 0.044255 -0.049424 0.604822
0.040000 0.044255 -0.047749 0.604822
0.040000 0.044255 -0.046073 0.604822
0.040000 0.044255 -0.044398 0.604822
0.040000 0.044255 -0.042723 0.604822
0.040000 0.044255 -0.041047 0.604822
0.040000 0.044255 -0.039372 0.604822
0.040000 0.044255 -0.037696 0.604822
0.040000 0.044255 -0.036021 0.604822
0.040000 0.044255 -0.034346 0.604822
0.040000 0.044255 -0.032670 0.604822
0.040000 0.044255 -0.030995 0.604822
0.040000 0.044255 -0.029319 0.604822
0.040000 0.044255 -0.027644 0.604822
0.040000 0.044255 -0.025969 0.604822
0.040000 0.044255 -0.024293 0.604822
0.040000 0.044255 -0.022618 0.604822
0.040000 0.044255 -0.020942 0.604822
0.040000 0.044255 -0.019267 0.604822
0.040000 0.044255 -0.017592 0.604822
0.040000 0.044255 -0.015916 0.604822
0.040000 0.044255 -0.014241 0.604822
0.040000 0.044255 -0.012565 0.604822
0.040000 0.044255 -0.010890 0.604822
0.040000 0.044255 -0.009215 0.604822
0.040000 0.044255 -0.007539 0.604822
0.040000 0.044255 -0.005864 0.604822
0.040000 0.044255 -0.004188 0.604822
0.040000 0.044255 -0.002513 0.604822
0.040000 0.044255 -0.000838 0.604822
0.040000 0.044255 0.000838 0.604822
0.040000 0.044255 0.002513 0.604822
0.040000 0.044255 0.004188 0.604822
0.040000 0.044255 0.005864 0.604822
0.040000 0.044255 0.007539 0.604822
0.040000 0.044255 0.009215 0.604822
0.040000 0.044255 0.010890 0.604822
0.040000 0.044255 0.012565 0.604822
0.040000 0.044255 0.014241 0.604822
0.040000 0.044255 0.015916 0.604822
0.040000 0.044255 0.017592 0.604822
0.040000 0.044255 0.019267 0.604822
0.040000 0.044255 0.020942 0.604822
0.040000 0.044255 0.022618 0.604822
0.040000 0.044255 0.024293 0.604822
0.040000 0.044255 0.025969 0.604822
0.040000 0.044255 0.027644 0.604822
0.040000 0.044255 0.029319 0.604822
0.040000 0.044255 0.030995 0.604822
0.040000 0.044255 0.032670 0.604822
0.040000 0.044255 0.034346 0.604822
0.040000 0.044255 0.036021 0.604822
0.040000 0.044255 0.037696 0.604822
0.040000 0.044255 0.039372 0.604822
0.040000 0.044255 0.041047 0.604822
0.040000 0.044255 0.042723 0.604822
0.040000 0.044255 0.044398 0.604822
0.040000 0.044255 0.046073 0.604822
0.040000 0.044255 0.047749 0.604822
0.040000 0.044255 0.049424 0.604822
0.040000 0.044255 0.051099 0.604822
0.040000 0.044255 0.052775 0.604822
0.040000 0.044255 0.054450 0.604822
0.040000 0.044255 0.056126 0.604822
0.040000 0.044255 0.057801 0.604822
0.040000 0.044255 0.059476 0.604822
0.040000 0.044255 0.061152 0.604822
0.040000 0.044255 0.062827 0.604822
0.040000 0.044255 0.064503 0.604822
0.040000 0.044255 0.066178 0.604822
0.040000 0.044255 0.067853 0.604822
0.040000 0.044255 0.069529 0.604822
0.040000 0.044255 0.071204 0.604822
0.040000 0.044255 0.072880 0.604822
0.040000 0.044255 0.074555 0.604822
0.040000 0.044255 0.076230 0.604822
0.040000 0.044255 0.077906 0.604822
0.040000 0.044255 0.079581 0.604822
0.040000 0.044255 0.081257 0.604822
0.040000 0.044255 0.082932 0.604822
0.040000 0.044255 0.084607 0.604822
0.040000 0.044255 0.086283 0.604822
0.040000 0.044255 0.087958 0.604822
0.040000 0.044255 0.089634 0.604822
0.040000 0.044255 0.091309 0.604822
0.040000 0.044255 0.092984 0.604822
0.040000 0.044255 0.094660 0.604822
0.040000 0.044255 0.096335 0.604822
0.040000 0.044255 0.098010 0.604822
0.040000 0.044255 0.099686 0.604822
0.040000 0.044255 0.101361 0.604822
0.040000 0.044255 0.103037 0.604822
0.040000 0.044255 0.104712 0.604822
0.040000 0.044255 0.106387 0.604822
0.040000 0.044255 0.108063 0.604822
0.040000 0.044255 0.109738 0.604822
0.040000 0.044255 0.111414 0.604822
0.040000 0.044255 0.113089 0.604822
0.040000 0.044255 0.114764 0.604822
0.040000 0.044255 0.116440 0.604822
0.040000 0.044255 0.118115 0.604822
0.040000 0.044255 0.119791 0.604822
0.040000 0.044255 0.121466 0.604822
0.040000 0.044255 0.123141 0.604822
0.040000 0.044255 0.124817 0.604822
0.040000 0.044255 0.126492 0.604822
0.040000 0.044255 0.128168 0.604822
0.040000 0.044255 0.129843 0.604822
0.040000 0.044255 0.131518 0.604822
0.040000 0.044255 0.133194 0.604822
0.040000 0.044255 0.134869 0.604822
0.040000 0.044255 0.136545 0.604822
0.040000 0.044255 0.138220 0.604822
0.040000 0.044255 0.139895 0.604822
0.040000 0.044255 0.141571 0.604822
0.040000 0.044255 0.143246 0.604822
0.040000 0.044255 0.144921 0.604822
0.040000 0.044255 0.146597 0.604822
0.040000 0.044255 0.148272 0.604822
0.040000 0.044255 0.149948 0.604822
0.040000 0.044255 0.151623 0.604822
0.040000 0.044255 0.153298 0.604822
0.040000 0.044255 0.154974 0.604822
0.040000 0.044255 0.156649 0.604822
0.040000 0.044255 0.158325 0.604822
0.040000 0.044255 0.160000 0.604822
0.040000 0.045957 -0.160000 0.603195
0.040000 0.045957 -0.158325 0.603195
0.040000 0.045957 -0.156649 0.603195
0.040000 0.045957 -0.154974 0.603195
0.040000 0.045957 -0.153298 0.603195
0.040000 0.045957 -0.151623 0.603195
0.040000 0.045957 -0.149948 0.603195
0.040000 0.045957 -0.148272 0.603195
0.040000 0.045957 -0.146597 0.603195
0.040000 0.045957 -0.144921 0.603195
0.040000 0.045957 -0.143246 0.603195
0.040000 0.045957 -0.141571 0.603195
0.040000 0.045957 -0.139895 0.603195
0.040000 0.045957 -0.138220 0.603195
0.040000 0.045957 -0.136545 0.603195
0.040000 0.045957 -0.134869 0.603195
0.040000 0.045957 -0.133194 0.603195
0.040000 0.045957 -0.131518 0.603195
0.040000 0.045957 -0.129843 0.603195
0.040000 0.045957 -0.128168 0.603195
0.040000 0.045957 -0.126492 0.603195
0.040000 0.045957 -0.124817 0.603195
0.040000 0.045957 -0.123141 0.603195
0.040000 0.045957 -0.121466 0.603195
0.040000 0.045957 -0.119791 0.603195
0.040000 0.045957 -0.118115 0.603195
0.040000 0.045957 -0.116440 0.603195
0.040000 0.045957 -0.114764 0.603195
0.040000 0.045957 -0.113089 0.603195
0.040000 0.045957 -0.111414 0.603195
0.040000 0.045957 -0.109738 0.603195
0.040000 0.045957 -0.108063 0.603195
0.040000 0.045957 -0.106387 0.603195
0.040000 0.045957 -0.104712 0.603195
0.040000 0.045957 -0.103037 0.603195
0.040000 0.045957 -0.101361 0.603195
0.040000 0.045957 -0.099686 0.603195
0.040000 0.045957 -0.098010 0.603195
0.040000 0.045957 -0.096335 0.603195
0.040000 0.045957 -0.094660 0.603195
0.040000 0.045957 -0.092984 0.603195
0.040000 0.045957 -0.091309 0.603195
0.040000 0.045957 -0.089634 0.603195
0.040000 0.045957 -0.087958 0.603195
0.040000 0.045957 -0.086283 0.603195
0.040000 0.045957 -0.084607 0.603195
0.040000 0.045957 -0.082932 0.603195
0.040000 0.045957 -0.081257 0.603195
0.040000 0.045957 -0.079581 0.603195
0.040000 0.045957 -0.077906 0.603195
0.040000 0.045957 -0.076230 0.603195
0.040000 0.045957 -0.074555 0.603195
0.040000 0.045957 -0.072880 0.603195
0.040000 0.045957 -0.071204 0.603195
0.040000 0.045957 -0.069529 0.603195
0.040000 0.045957 -0.067853 0.603195
0.040000 0.045957 -0.066178 0.603195
0.040000 0.045957 -0.064503 0.603195
0.040000 0.045957 -0.062827 0.603195
0.040000 0.045957 -0.061152 0.603195
0.040000 0.045957 -0.059476 0.603195
0.040000 0.045957 -0.057801 0.603195
0.040000 0.045957 -0.056126 0.603195
0.040000 0.045957 -0.054450 0.603195
0.040000 0.045957 -0.052775 0.603195
0.040000 0.045957 -0.051099 0.603195
0.040000 0.045957 -0.049424 0.603195
0.040000 0.045957 -0.047749 0.603195
0.040000 0.045957 -0.046073 0.603195
0.040000 0.045957 -0.044398 0.603195
0.040000 0.045957 -0.042723 0.603195
0.040000 0.045957 -0.041047 0.603195
0.040000 0.045957 -0.039372 0.603195
0.040000 0.045957 -0.037696 0.603195
0.040000 0.045957 -0.036021 0.603195
0.040000 0.045957 -0.034346 0.603195
0.040000 0.045957 -0.032670 0.603195
0.040000 0.045957 -0.030995 0.603195
0.040000 0.045957 -0.029319 0.603195
0.040000 0.045957 -0.027644 0.603195
0.040000 0.045957 -0.025969 0.603195
0.040000 0.045957 -0.024293 0.603195
0.040000 0.045957 -0.022618 0.603195
0.040000 0.045957 -0.020942 0.603195
0.040000 0.045957 -0.019267 0.603195
0.040000 0.045957 -0.017592 0.603195
0.040000 0.045957 -0.015916 0.603195
0.040000 0.045957 -0.014241 0.603195
0.040000 0.045957 -0.012565 0.603195
0.040000 0.045957 -0.010890 0.603195
0.040000 0.045957 -0.009215 0.603195
0.040000 0.045957 -0.007539 0.603195
0.040000 0.045957 -0.005864 0.603195
0.040000 0.045957 -0.004188 0.603195
0.040000 0.045957 -0.002513 0.603195
0.040000 0.045957 -0.000838 0.603195
0.040000 0.045957 0.000838 0.603195
0.040000 0.045957 0.002513 0.603195
0.040000 0.045957 0.004188 0.603195
0.040000 0.045957 0.005864 0.603195
0.040000 0.045957 0.007539 0.603195
0.040000 0.045957 0.009215 0.603195
0.040000 0.045957 0.010890 0.603195
0.040000 0.045957 0.012565 0.603195
0.040000 0.045957 0.014241 0.603195
0.040000 0.045957 0.015916 0.603195
0.040000 0.045957 0.017592 0.603195
0.040000 0.045957 0.019267 0.603195
0.040000 0.045957 0.020942 0.603195
0.040000 0.045957 0.022618 0.603195
0.040000 0.045957 0.024293 0.603195
0.040000 0.045957 0.025969 0.603195
0.040000 0.045957 0.027644 0.603195
0.040000 0.045957 0.029319 0.603195
0.040000 0.045957 0.030995 0.603195
0.040000 0.045957 0.032670 0.603195
0.040000 0.045957 0.034346 0.603195
0.040000 0.045957 0.036021 0.603195
0.040000 0.045957 0.037696 0.603195
0.040000 0.045957 0.039372 0.603195
0.040000 0.045957 0.041047 0.603195
0.040000 0.045957 0.042723 0.603195
0.040000 0.045957 0.044398 0.603195
0.040000 0.045957 0.046073 0.603195
0.040000 0.045957 0.047749 0.603195
0.040000 0.045957 0.049424 0.603195
0.040000 0.045957 0.051099 0.603195
0.040000 0.045957 0.052775 0.603195
0.040000 0.045957 0.054450 0.603195
0.040000 0.045957 0.056126 0.603195
0.040000 0.045957 0.057801 0.603195
0.040000 0.045957 0.059476 0.603195
0.040000 0.045957 0.061152 0.603195
0.040000 0.045957 0.062827 0.603195
0.040000 0.045957 0.064503 0.603195
0.040000 0.045957 0.066178 0.603195
0.040000 0.045957 0.067853 0.603195
0.040000 0.045957 0.069529 0.603195
0.040000 0.045957 0.071204 0.603195
0.040000 0.045957 0.072880 0.603195
0.040000 0.045957 0.074555 0.603195
0.040000 0.045957 0.076230 0.603195
0.040000 0.045957 0.077906 0.603195
0.040000 0.045957 0.079581 0.603195
0.040000 0.045957 0.081257 0.603195
0.040000 0.045957 0.082932 0.603195
0.040000 0.045957 0.084607 0.603195
0.040000 0.045957 0.086283 0.603195
0.040000 0.045957 0.087958 0.603195
0.040000 0.045957 0.089634 0.603195
0.040000 0.045957 0.091309 0.603195
0.040000 0.045957 0.092984 0.603195
0.040000 0.045957 0.094660 0.603195
0.040000 0.045957 0.096335 0.603195
0.040000 0.045957 0.098010 0.603195
0.040000 0.045957 0.099686 0.603195
0.040000 0.045957 0.101361 0.603195
0.040000 0.045957 0.103037 0.603195
0.040000 0.045957 0.104712 0.603195
0.040000 0.045957 0.106387 0.603195
0.040000 0.045957 0.108063 0.603195
0.040000 0.045957 0.109738 0.603195
0.040000 0.045957 0.111414 0.603195
0.040000 0.045957 0.113089 0.603195
0.040000 0.045957 0.114764 0.603195
0.040000 0.045957 0.116440 0.603195
0.040000 0.045957 0.118115 0.603195
0.040000 0.045957 0.119791 0.603195
0.040000 0.045957 0.121466 0.603195
0.040000 0.045957 0.123141 0.603195
0.040000 0.045957 0.124817 0.603195
0.040000 0.045957 0.126492 0.603195
0.040000 0.045957 0.128168 0.603195
0.040000 0.045957 0.129843 0.603195
0.040000 0.045957 0.131518 0.603195
0.040000 0.045957 0.133194 0.603195
0.040000 0.045957 0.134869 0.603195
0.040000 0.045957 0.136545 0.603195
0.040000 0.045957 0.138220 0.603195
0.040000 0.045957 0.139895 0.603195
0.040000 0.045957 0.141571 0.603195
0.040000 0.045957 0.143246 0.603195
0.040000 0.045957 0.144921 0.603195
0.040000 0.045957 0.146597 0.603195
0.040000 0.045957 0.148272 0.603195
0.040000 0.045957 0.149948 0.603195
0.040000 0.045957 0.151623 0.603195
0.040000 0.045957 0.153298 0.603195
0.040000 0.045957 0.154974 0.603195
0.040000 0.045957 0.156649 0.603195
0.040000 0.045957 0.158325 0.603195
0.040000 0.045957 0.160000 0.603195
0.040000 0.047660 -0.160000 0.601046
0.040000 0.047660 -0.158325 0.601046
0.040000 0.047660 -0.156649 0.601046
0.040000 0.047660 -0.154974 0.601046
0.040000 0.047660 -0.153298 0.601046
0.040000 0.047660 -0.151623 0.601046
0.040000 0.047660 -0.149948 0.601046
0.040000 0.047660 -0.148272 0.601046
0.040000 0.047660 -0.146597 0.601046
0.040000 0.047660 -0.144921 0.601046
0.040000 0.047660 -0.143246 0.601046
0.040000 0.047660 -0.141571 0.601046
0.040000 0.047660 -0.139895 0.601046
0.040000 0.047660 -0.138220 0.601046
0.040000 0.047660 -0.136545 0.601046
0.040000 0.047660 -0.134869 0.601046
0.040000 0.047660 -0.133194 0.601046
0.040000 0.047660 -0.131518 0.601046
0.040000 0.047660 -0.129843 0.601046
0.040000 0.047660 -0.128168 0.601046
0.040000 0.047660 -0.126492 0.601046
0.040000 0.047660 -0.124817 0.601046
0.040000 0.047660 -0.123141 0.601046
0.040000 0.047660 -0.121466 0.601046
0.040000 0.047660 -0.119791 0.601046
0.040000 0.047660 -0.118115 0.601046
0.040000 0.047660 -0.116440 0.601046
0.040000 0.047660 -0.114764 0.601046
0.040000 0.047660 -0.113089 0.601046
0.040000 0.047660 -0.111414 0.601046
0.040000 0.047660 -0.109738 0.601046
0.040000 0.047660 -0.108063 0.601046
0.040000 0.047660 -0.106387 0.601046
0.040000 0.047660 -0.104712 0.601046
0.040000 0.047660 -0.103037 0.601046
0.040000 0.047660 -0.101361 0.601046
0.040000 0.047660 -0.099686 0.601046
0.040000 0.047660 -0.098010 0.601046
0.040000 0.047660 -0.096335 0.601046
0.040000 0.047660 -0.094660 0.601046
0.040000 0.047660 -0.092984 0.601046
0.040000 0.047660 -0.091309 0.601046
0.040000 0.047660 -0.089634 0.601046
0.040000 0.047660 -0.087958 0.601046
0.040000 0.047660 -0.086283 0.601046
0.040000 0.047660 -0.084607 0.601046
0.040000 0.047660 -0.082932 0.601046
0.040000 0.047660 -0.081257 0.601046
0.040000 0.047660 -0.079581 0.601046
0.040000 0.047660 -0.077906 0.601046
0.040000 0.047660 -0.076230 0.601046
0.040000 0.047660 -0.074555 0.601046
0.040000 0.047660 -0.072880 0.601046
0.040000 0.047660 -0.071204 0.601046
0.040000 0.047660 -0.069529 0.601046
0.040000 0.047660 -0.067853 0.601046
0.040000 0.047660 -0.066178 0.601046
0.040000 0.047660 -0.064503 0.601046
0.040000 0.047660 -0.062827 0.601046
0.040000 0.047660 -0.061152 0.601046
0.040000 0.047660 -0.059476 0.601046
0.040000 0.047660 -0.057801 0.601046
0.040000 0.047660 -0.056126 0.601046
0.040000 0.047660 -0.054450 0.601046
0.040000 0.047660 -0.052775 0.601046
0.040000 0.047660 -0.051099 0.601046
0.040000 0.047660 -0.049424 0.601046
0.040000 0.047660 -0.047749 0.601046
0.040000 0.047660 -0.046073 0.601046
0.040000 0.047660 -0.044398 0.601046
0.040000 0.047660 -0.042723 0.601046
0.040000 0.047660 -0.041047 0.601046
0.040000 0.047660 -0.039372 0.601046
0.040000 0.047660 -0.037696 0.601046
0.040000 0.047660 -0.036021 0.601046
0.040000 0.047660 -0.034346 0.601046
0.040000 0.047660 -0.032670 0.601046
0.040000 0.047660 -0.030995 0.601046
0.040000 0.047660 -0.029319 0.601046
0.040000 0.047660 -0.027644 0.601046
0.040000 0.047660 -0.025969 0.601046
0.040000 0.047660 -0.024293 0.601046
0.040000 0.047660 -0.022618 0.601046
0.040000 0.047660 -0.020942 0.601046
0.040000 0.047660 -0.019267 0.601046
0.040000 0.047660 -0.017592 0.601046
0.040000 0.047660 -0.015916 0.601046
0.040000 0.047660 -0.014241 0.601046
0.040000 0.047660 -0.012565 0.601046
0.040000 0.047660 -0.010890 0.601046
0.040000 0.047660 -0.009215 0.601046
0.040000 0.047660 -0.007539 0.601046
0.040000 0.047660 -0.005864 0.601046
0.040000 0.047660 -0.004188 0.601046
0.040000 0.047660 -0.002513 0.601046
0.040000 0.047660 -0.000838 0.601046
0.040000 0.047660 0.000838 0.601046
0.040000 0.047660 0.002513 0.601046
0.040000 0.047660 0.004188 0.601046
0.040000 0.047660 0.005864 0.601046
0.040000 0.047660 0.007539 0.601046
0.040000 0.047660 0.009215 0.601046
0.040000 0.047660 0.010890 0.601046
0.040000 0.047660 0.012565 0.601046
0.040000 0.047660 0.014241 0.601046
0.040000 0.047660 0.015916 0.601046
0.040000 0.047660 0.017592 0.601046
0.040000 0.047660 0.019267 0.601046
0.040000 0.047660 0.020942 0.601046
0.040000 0.047660 0.022618 0.601046
0.040000 0.047660 0.024293 0.601046
0.040000 0.047660 0.025969 0.601046
0.040000 0.047660 0.027644 0.601046
0.040000 0.047660 0.029319 0.601046
0.040000 0.047660 0.030995 0.601046
0.040000 0.047660 0.032670 0.601046
0.040000 0.047660 0.034346 0.601046
0.040000 0.047660 0.036021 0.601046
0.040000 0.047660 0.037696 0.601046
0.040000 0.047660 0.039372 0.601046
0.040000 0.047660 0.041047 0.601046
0.040000 0.047660 0.042723 0.601046
0.040000 0.047660 0.044398 0.601046
0.040000 0.047660 0.046073 0.601046
0.040000 0.047660 0.047749 0.601046
0.040000 0.047660 0.049424 0.601046
0.040000 0.047660 0.051099 0.601046
0.040000 0.047660 0.052775 0.601046
0.040000 0.047660 0.054450 0.601046
0.040000 0.047660 0.056126 0.601046
0.040000 0.047660 0.057801 0.601046
0.040000 0.047660 0.059476 0.601046
0.040000 0.047660 0.061152 0.601046
0.040000 0.047660 0.062827 0.601046
0.040000 0.047660 0.064503 0.601046
0.040000 0.047660 0.066178 0.601046
0.040000 0.047660 0.067853 0.601046
0.040000 0.047660 0.069529 0.601046
0.040000 0.047660 0.071204 0.601046
0.040000 0.047660 0.072880 0.601046
0.040000 0.047660 0.074555 0.601046
0.040000 0.047660 0.076230 0.601046
0.040000 0.047660 0.077906 0.601046
0.040000 0.047660 0.079581 0.601046
0.040000 0.047660 0.081257 0.601046
0.040000 0.047660 0.082932 0.601046
0.040000 0.047660 0.084607 0.601046
0.040000 0.047660 0.086283 0.601046
0.040000 0.047660 0.087958 0.601046
0.040000 0.047660 0.089634 0.601046
0.040000 0.047660 0.091309 0.601046
0.040000 0.047660 0.092984 0.601046
0.040000 0.047660 0.094660 0.601046
0.040000 0.047660 0.096335 0.601046
0.040000 0.047660 0.098010 0.601046
0.040000 0.047660 0.099686 0.601046
0.040000 0.047660 0.101361 0.601046
0.040000 0.047660 0.103037 0.601046
0.040000 0.047660 0.104712 0.601046
0.040000 0.047660 0.106387 0.601046
0.040000 0.047660 0.108063 0.601046
0.040000 0.047660 0.109738 0.601046
0.040000 0.047660 0.111414 0.601046
0.040000 0.047660 0.113089 0.601046
0.040000 0.047660 0.114764 0.601046
0.040000 0.047660 0.116440 0.601046
0.040000 0.047660 0.118115 0.601046
0.040000 0.047660 0.119791 0.601046
0.040000 0.047660 0.121466 0.601046
0.040000 0.047660 0.123141 0.601046
0.040000 0.047660 0.124817 0.601046
0.040000 0.047660 0.126492 0.601046
0.040000 0.047660 0.128168 0.601046
0.040000 0.047660 0.129843 0.601046
0.040000 0.047660 0.131518 0.601046
0.040000 0.047660 0.133194 0.601046
0.040000 0.047660 0.134869 0.601046
0.040000 0.047660 0.136545 0.601046
0.040000 0.047660 0.138220 0.601046
0.040000 0.047660 0.139895 0.601046
0.040000 0.047660 0.141571 0.601046
0.040000 0.047660 0.143246 0.601046
0.040000 0.047660 0.144921 0.601046
0.040000 0.047660 0.146597 0.601046
0.040000 0.047660 0.148272 0.601046
0.040000 0.047660 0.149948 0.601046
0.040000 0.047660 0.151623 0.601046
0.040000 0.047660 0.153298 0.601046
0.040000 0.047660 0.154974 0.601046
0.040000 0.047660 0.156649 0.601046
0.040000 0.047660 0.158325 0.601046
0.040000 0.047660 0.160000 0.601046
0.040000 0.049362 -0.160000 0.598391
0.040000 0.049362 -0.158325 0.598391
0.040000 0.049362 -0.156649 0.598391
0.040000 0.049362 -0.154974 0.598391
0.040000 0.049362 -0.153298 0.598391
0.040000 0.049362 -0.151623 0.598391
0.040000 0.049362 -0.149948 0.598391
0.040000 0.049362 -0.148272 0.598391
0.040000 0.049362 -0.146597 0.598391
0.040000 0.049362 -0.144921 0.598391
0.040000 0.049362 -0.143246 0.598391
0.040000 0.049362 -0.141571 0.598391
0.040000 0.049362 -0.139895 0.598391
0.040000 0.049362 -0.138220 0.598391
0.040000 0.049362 -0.136545 0.598391
0.040000 0.049362 -0.134869 0.598391
0.040000 0.049362 -0.133194 0.598391
0.040000 0.049362 -0.131518 0.598391
0.040000 0.049362 -0.129843 0.598391
0.040000 0.049362 -0.128168 0.598391
0.040000 0.049362 -0.126492 0.598391
0.040000 0.049362 -0.124817 0.598391
0.040000 0.049362 -0.123141 0.598391
0.040000 0.049362 -0.121466 0.598391
0.040000 0.049362 -0.119791 0.598391
0.040000 0.049362 -0.118115 0.598391
0.040000 0.049362 -0.116440 0.598391
0.040000 0.049362 -0.114764 0.598391
0.040000 0.049362 -0.113089 0.598391
0.040000 0.049362 -0.111414 0.598391
0.040000 0.049362 -0.109738 0.598391
0.040000 0.049362 -0.108063 0.598391
0.040000 0.049362 -0.106387 0.598391
0.040000 0.049362 -0.104712 0.598391
0.040000 0.049362 -0.103037 0.598391
0.040000 0.049362 -0.101361 0.598391
0.040000 0.049362 -0.099686 0.598391
0.040000 0.049362 -0.098010 0.598391
0.040000 0.049362 -0.096335 0.598391
0.040000 0.049362 -0.094660 0.598391
0.040000 0.049362 -0.092984 0.598391
0.040000 0.049362 -0.091309 0.598391
0.040000 0.049362 -0.089634 0.598391
0.040000 0.049362 -0.087958 0.598391
0.040000 0.049362 -0.086283 0.598391
0.040000 0.049362 -0.084607 0.598391
0.040000 0.049362 -0.082932 0.598391
0.040000 0.049362 -0.081257 0.598391
0.040000 0.049362 -0.079581 0.598391
0.040000 0.049362 -0.077906 0.598391
0.040000 0.049362 -0.076230 0.598391
0.040000 0.049362 -0.074555 0.598391
0.040000 0.049362 -0.072880 0.598391
0.040000 0.049362 -0.071204 0.598391
0.040000 0.049362 -0.069529 0.598391
0.040000 0.049362 -0.067853 0.598391
0.040000 0.049362 -0.066178 0.598391
0.040000 0.049362 -0.064503 0.598391
0.040000 0.049362 -0.062827 0.598391
0.040000 0.049362 -0.061152 0.598391
0.040000 0.049362 -0.059476 0.598391
0.040000 0.049362 -0.057801 0.598391
0.040000 0.049362 -0.056126 0.598391
0.040000 0.049362 -0.054450 0.598391
0.040000 0.049362 -0.052775 0.598391
0.040000 0.049362 -0.051099 0.598391
0.040000 0.049362 -0.049424 0.598391
0.040000 0.049362 -0.047749 0.598391
0.040000 0.049362 -0.046073 0.598391
0.040000 0.049362 -0.044398 0.598391
0.040000 0.049362 -0.042723 0.598391
0.040000 0.049362 -0.041047 0.598391
0.040000 0.049362 -0.039372 0.598391
0.040000 0.049362 -0.037696 0.598391
0.040000 0.049362 -0.036021 0.598391
0.040000 0.049362 -0.034346 0.598391
0.040000 0.049362 -0.032670 0.598391
0.040000 0.049362 -0.030995 0.598391
0.040000 0.049362 -0.029319 0.598391
0.040000 0.049362 -0.027644 0.598391
0.040000 0.049362 -0.025969 0.598391
0.040000 0.049362 -0.024293 0.598391
0.040000 0.049362 -0.022618 0.598391
0.040000 0.049362 -0.020942 0.598391
0.040000 0.049362 -0.019267 0.598391
0.040000 0.049362 -0.017592 0.598391
0.040000 0.049362 -0.015916 0.598391
0.040000 0.049362 -0.014241 0.598391
0.040000 0.049362 -0.012565 0.598391
0.040000 0.049362 -0.010890 0.598391
0.040000 0.049362 -0.009215 0.598391
0.040000 0.049362 -0.007539 0.598391
0.040000 0.049362 -0.005864 0.598391
0.040000 0.049362 -0.004188 0.598391
0.040000 0.049362 -0.002513 0.598391
0.040000 0.049362 -0.000838 0.598391
0.040000 0.049362 0.000838 0.598391
0.040000 0.049362 0.002513 0.598391
0.040000 0.049362 0.004188 0.598391
0.040000 0.049362 0.005864 0.598391
0.040000 0.049362 0.007539 0.598391
0.040000 0.049362 0.009215 0.598391
0.040000 0.049362 0.010890 0.598391
0.040000 0.049362 0.012565 0.598391
0.040000 0.049362 0.014241 0.598391
0.040000 0.049362 0.015916 0.598391
0.040000 0.049362 0.017592 0.598391
0.040000 0.049362 0.019267 0.598391
0.040000 0.049362 0.020942 0.598391
0.040000 0.049362 0.022618 0.598391
0.040000 0.049362 0.024293 0.598391
0.040000 0.049362 0.025969 0.598391
0.040000 0.049362 0.027644 0.598391
0.040000 0.049362 0.029319 0.598391
0.040000 0.049362 0.030995 0.598391
0.040000 0.049362 0.032670 0.598391
0.040000 0.049362 0.034346 0.598391
0.040000 0.049362 0.036021 0.598391
0.040000 0.049362 0.037696 0.598391
0.040000 0.049362 0.039372 0.598391
0.040000 0.049362 0.041047 0.598391
0.040000 0.049362 0.042723 0.598391
0.040000 0.049362 0.044398 0.598391
0.040000 0.049362 0.046073 0.598391
0.040000 0.049362 0.047749 0.598391
0.040000 0.049362 0.049424 0.598391
0.040000 0.049362 0.051099 0.598391
0.040000 0.049362 0.052775 0.598391
0.040000 0.049362 0.054450 0.598391
0.040000 0.049362 0.056126 0.598391
0.040000 0.049362 0.057801 0.598391
0.040000 0.049362 0.059476 0.598391
0.040000 0.049362 0.061152 0.598391
0.040000 0.049362 0.062827 0.598391
0.040000 0.049362 0.064503 0.598391
0.040000 0.049362 0.066178 0.598391
0.040000 0.049362 0.067853 0.598391
0.040000 0.049362 0.069529 0.598391
0.040000 0.049362 0.071204 0.598391
0.040000 0.049362 0.072880 0.598391
0.040000 0.049362 0.074555 0.598391
0.040000 0.049362 0.076230 0.598391
0.040000 0.049362 0.077906 0.598391
0.040000 0.049362 0.079581 0.598391
0.040000 0.049362 0.081257 0.598391
0.040000 0.049362 0.082932 0.598391
0.040000 0.049362 0.084607 0.598391
0.040000 0.049362 0.086283 0.598391
0.040000 0.049362 0.087958 0.598391
0.040000 0.049362 0.089634 0.598391
0.040000 0.049362 0.091309 0.598391
0.040000 0.049362 0.092984 0.598391
0.040000 0.049362 0.094660 0.598391
0.040000 0.049362 0.096335 0.598391
0.040000 0.049362 0.098010 0.598391
0.040000 0.049362 0.099686 0.598391
0.040000 0.049362 0.101361 0.598391
0.040000 0.049362 0.103037 0.598391
0.040000 0.049362 0.104712 0.598391
0.040000 0.049362 0.106387 0.598391
0.040000 0.049362 0.108063 0.598391
0.040000 0.049362 0.109738 0.598391
0.040000 0.049362 0.111414 0.598391
0.040000 0.049362 0.113089 0.598391
0.040000 0.049362 0.114764 0.598391
0.040000 0.049362 0.116440 0.598391
0.040000 0.049362 0.118115 0.598391
0.040000 0.049362 0.119791 0.598391
0.040000 0.049362 0.121466 0.598391
0.040000 0.049362 0.123141 0.598391
0.040000 0.049362 0.124817 0.598391
0.040000 0.049362 0.126492 0.598391
0.040000 0.049362 0.128168 0.598391
0.040000 0.049362 0.129843 0.598391
0.040000 0.049362 0.131518 0.598391
0.040000 0.049362 0.133194 0.598391
0.040000 0.049362 0.134869 0.598391
0.040000 0.049362 0.136545 0.598391
0.040000 0.049362 0.138220 0.598391
0.040000 0.049362 0.139895 0.598391
0.040000 0.049362 0.141571 0.598391
0.040000 0.049362 0.143246 0.598391
0.040000 0.049362 0.144921 0.598391
0.040000 0.049362 0.146597 0.598391
0.040000 0.049362 0.148272 0.598391
0.040000 0.049362 0.149948 0.598391
0.040000 0.049362 0.151623 0.598391
0.040000 0.049362 0.153298 0.598391
0.040000 0.049362 0.154974 0.598391
0.040000 0.049362 0.156649 0.598391
0.040000 0.049362 0.158325 0.598391
0.040000 0.049362 0.160000 0.598391
0.040000 0.051064 -0.160000 0.595250
0.040000 0.051064 -0.158325 0.595250
0.040000 0.051064 -0.156649 0.595250
0.040000 0.051064 -0.154974 0.595250
0.040000 0.051064 -0.153298 0.595250
0.040000 0.051064 -0.151623 0.595250
0.040000 0.051064 -0.149948 0.595250
0.040000 0.051064 -0.148272 0.595250
0.040000 0.051064 -0.146597 0.595250
0.040000 0.051064 -0.144921 0.595250
0.040000 0.051064 -0.143246 0.595250
0.040000 0.051064 -0.141571 0.595250
0.040000 0.051064 -0.139895 0.595250
0.040000 0.051064 -0.138220 0.595250
0.040000 0.051064 -0.136545 0.595250
0.040000 0.051064 -0.134869 0.595250
0.040000 0.051064 -0.133194 0.595250
0.040000 0.051064 -0.131518 0.595250
0.040000 0.051064 -0.129843 0.595250
0.040000 0.051064 -0.128168 0.595250
0.040000 0.051064 -0.126492 0.595250
0.040000 0.051064 -0.124817 0.595250
0.040000 0.051064 -0.123141 0.595250
0.040000 0.051064 -0.121466 0.595250
0.040000 0.051064 -0.119791 0.595250
0.040000 0.051064 -0.118115 0.595250
0.040000 0.051064 -0.116440 0.595250
0.040000 0.051064 -0.114764 0.595250
0.040000 0.051064 -0.113089 0.595250
0.040000 0.051064 -0.111414 0.595250
0.040000 0.051064 -0.109738 0.595250
0.040000 0.051064 -0.108063 0.595250
0.040000 0.051064 -0.106387 0.595250
0.040000 0.051064 -0.104712 0.595250
0.040000 0.051064 -0.103037 0.595250
0.040000 0.051064 -0.101361 0.595250
0.040000 0.051064 -0.099686 0.595250
0.040000 0.051064 -0.098010 0.595250
0.040000 0.051064 -0.096335 0.595250
0.040000 0.051064 -0.094660 0.595250
0.040000 0.051064 -0.092984 0.595250
0.040000 0.051064 -0.091309 0.595250
0.040000 0.051064 -0.089634 0.595250
0.040000 0.051064 -0.087958 0.595250
0.040000 0.051064 -0.086283 0.595250
0.040000 0.051064 -0.084607 0.595250
0.040000 0.051064 -0.082932 0.595250
0.040000 0.051064 -0.081257 0.595250
0.040000 0.051064 -0.079581 0.595250
0.040000 0.051064 -0.077906 0.595250
0.040000 0.051064 -0.076230 0.595250
0.040000 0.051064 -0.074555 0.595250
0.040000 0.051064 -0.072880 0.595250
0.040000 0.051064 -0.071204 0.595250
0.040000 0.051064 -0.069529 0.595250
0.040000 0.051064 -0.067853 0.595250
0.040000 0.051064 -0.066178 0.595250
0.040000 0.051064 -0.064503 0.595250
0.040000 0.051064 -0.062827 0.595250
0.040000 0.051064 -0.061152 0.595250
0.040000 0.051064 -0.059476 0.595250
0.040000 0.051064 -0.057801 0.595250
0.040000 0.051064 -0.056126 0.595250
0.040000 0.051064 -0.054450 0.595250
0.040000 0.051064 -0.052775 0.595250
0.040000 0.051064 -0.051099 0.595250
0.040000 0.051064 -0.049424 0.595250
0.040000 0.051064 -0.047749 0.595250
0.040000 0.051064 -0.046073 0.595250
0.040000 0.051064 -0.044398 0.595250
0.040000 0.051064 -0.042723 0.595250
0.040000 0.051064 -0.041047 0.595250
0.040000 0.051064 -0.039372 0.595250
0.040000 0.051064 -0.037696 0.595250
0.040000 0.051064 -0.036021 0.595250
0.040000 0.051064 -0.034346 0.595250
0.040000 0.051064 -0.032670 0.595250
0.040000 0.051064 -0.030995 0.595250
0.040000 0.051064 -0.029319 0.595250
0.040000 0.051064 -0.027644 0.595250
0.040000 0.051064 -0.025969 0.595250
0.040000 0.051064 -0.024293 0.595250
0.040000 0.051064 -0.022618 0.595250
0.040000 0.051064 -0.020942 0.595250
0.040000 0.051064 -0.019267 0.595250
0.040000 0.051064 -0.017592 0.595250
0.040000 0.051064 -0.015916 0.595250
0.040000 0.051064 -0.014241 0.595250
0.040000 0.051064 -0.012565 0.595250
0.040000 0.051064 -0.010890 0.595250
0.040000 0.051064 -0.009215 0.595250
0.040000 0.051064 -0.007539 0.595250
0.040000 0.051064 -0.005864 0.595250
0.040000 0.051064 -0.004188 0.595250
0.040000 0.051064 -0.002513 0.595250
0.040000 0.051064 -0.000838 0.595250
0.040000 0.051064 0.000838 0.595250
0.040000 0.051064 0.002513 0.595250
0.040000 0.051064 0.004188 0.595250
0.040000 0.051064 0.005864 0.595250
0.040000 0.051064 0.007539 0.595250
0.040000 0.051064 0.009215 0.595250
0.040000 0.051064 0.010890 0.595250
0.040000 0.051064 0.012565 0.595250
0.040000 0.051064 0.014241 0.595250
0.040000 0.051064 0.015916 0.595250
0.040000 0.051064 0.017592 0.595250
0.040000 0.051064 0.019267 0.595250
0.040000 0.051064 0.020942 0.595250
0.040000 0.051064 0.022618 0.595250
0.040000 0.051064 0.024293 0.595250
0.040000 0.051064 0.025969 0.595250
0.040000 0.051064 0.027644 0.595250
0.040000 0.051064 0.029319 0.595250
0.040000 0.051064 0.030995 0.595250
0.040000 0.051064 0.032670 0.595250
0.040000 0.051064 0.034346 0.595250
0.040000 0.051064 0.036021 0.595250
0.040000 0.051064 0.037696 0.595250
0.040000 0.051064 0.039372 0.595250
0.040000 0.051064 0.041047 0.595250
0.040000 0.051064 0.042723 0.595250
0.040000 0.051064 0.044398 0.595250
0.040000 0.051064 0.046073 0.595250
0.040000 0.051064 0.047749 0.595250
0.040000 0.051064 0.049424 0.595250
0.040000 0.051064 0.051099 0.595250
0.040000 0.051064 0.052775 0.595250
0.040000 0.051064 0.054450 0.595250
0.040000 0.051064 0.056126 0.595250
0.040000 0.051064 0.057801 0.595250
0.040000 0.051064 0.059476 0.595250
0.040000 0.051064 0.061152 0.595250
0.040000 0.051064 0.062827 0.595250
0.040000 0.051064 0.064503 0.595250
0.040000 0.051064 0.066178 0.595250
0.040000 0.051064 0.067853 0.595250
0.040000 0.051064 0.069529 0.595250
0.040000 0.051064 0.071204 0.595250
0.040000 0.051064 0.072880 0.595250
0.040000 0.051064 0.074555 0.595250
0.040000 0.051064 0.076230 0.595250
0.040000 0.051064 0.077906 0.595250
0.040000 0.051064 0.079581 0.595250
0.040000 0.051064 0.081257 0.595250
0.040000 0.051064 0.082932 0.595250
0.040000 0.051064 0.084607 0.595250
0.040000 0.051064 0.086283 0.595250
0.040000 0.051064 0.087958 0.595250
0.040000 0.051064 0.089634 0.595250
0.040000 0.051064 0.091309 0.595250
0.040000 0.051064 0.092984 0.595250
0.040000 0.051064 0.094660 0.595250
0.040000 0.051064 0.096335 0.595250
0.040000 0.051064 0.098010 0.595250
0.040000 0.051064 0.099686 0.595250
0.040000 0.051064 0.101361 0.595250
0.040000 0.051064 0.103037 0.595250
0.040000 0.051064 0.104712 0.595250
0.040000 0.051064 0.106387 0.595250
0.040000 0.051064 0.108063 0.595250
0.040000 0.051064 0.109738 0.595250
0.040000 0.051064 0.111414 0.595250
0.040000 0.051064 0.113089 0.595250
0.040000 0.051064 0.114764 0.595250
0.040000 0.051064 0.116440 0.595250
0.040000 0.051064 0.118115 0.595250
0.040000 0.051064 0.119791 0.595250
0.040000 0.051064 0.121466 0.595250
0.040000 0.051064 0.123141 0.595250
0.040000 0.051064 0.124817 0.595250
0.040000 0.051064 0.126492 0.595250
0.040000 0.051064 0.128168 0.595250
0.040000 0.051064 0.129843 0.595250
0.040000 0.051064 0.131518 0.595250
0.040000 0.051064 0.133194 0.595250
0.040000 0.051064 0.134869 0.595250
0.040000 0.051064 0.136545 0.595250
0.040000 0.051064 0.138220 0.595250
0.040000 0.051064 0.139895 0.595250
0.040000 0.051064 0.141571 0.595250
0.040000 0.051064 0.143246 0.595250
0.040000 0.051064 0.144921 0.595250
0.040000 0.051064 0.146597 0.595250
0.040000 0.051064 0.148272 0.595250
0.040000 0.051064 0.149948 0.595250
0.040000 0.051064 0.151623 0.595250
0.040000 0.051064 0.153298 0.595250
0.040000 0.051064 0.154974 0.595250
0.040000 0.051064 0.156649 0.595250
0.040000 0.051064 0.158325 0.595250
0.040000 0.051064 0.160000 0.595250
0.040000 0.052766 -0.160000 0.591646
0.040000 0.052766 -0.158325 0.591646
0.040000 0.052766 -0.156649 0.591646
0.040000 0.052766 -0.154974 0.591646
0.040000 0.052766 -0.153298 0.591646
0.040000 0.052766 -0.151623 0.591646
0.040000 0.052766 -0.149948 0.591646
0.040000 0.052766 -0.148272 0.591646
0.040000 0.052766 -0.146597 0.591646
0.040000 0.052766 -0.144921 0.591646
0.040000 0.052766 -0.143246 0.591646
0.040000 0.052766 -0.141571 0.591646
0.040000 0.052766 -0.139895 0.591646
0.040000 0.052766 -0.138220 0.591646
0.040000 0.052766 -0.136545 0.591646
0.040000 0.052766 -0.134869 0.591646
0.040000 0.052766 -0.133194 0.591646
0.040000 0.052766 -0.131518 0.591646
0.040000 0.052766 -0.129843 0.591646
0.040000 0.052766 -0.128168 0.591646
0.040000 0.052766 -0.126492 0.591646
0.040000 0.052766 -0.124817 0.591646
0.040000 0.052766 -0.123141 0.591646
0.040000 0.052766 -0.121466 0.591646
0.040000 0.052766 -0.119791 0.591646
0.040000 0.052766 -0.118115 0.591646
0.040000 0.052766 -0.116440 0.591646
0.040000 0.052766 -0.114764 0.591646
0.040000 0.052766 -0.113089 0.591646
0.040000 0.052766 -0.111414 0.591646
0.040000 0.052766 -0.109738 0.591646
0.040000 0.052766 -0.108063 0.591646
0.040000 0.052766 -0.106387 0.591646
0.040000 0.052766 -0.104712 0.591646
0.040000 0.052766 -0.103037 0.591646
0.040000 0.052766 -0.101361 0.591646
0.040000 0.052766 -0.099686 0.591646
0.040000 0.052766 -0.098010 0.591646
0.040000 0.052766 -0.096335 0.591646
0.040000 0.052766 -0.094660 0.591646
0.040000 0.052766 -0.092984 0.591646
0.040000 0.052766 -0.091309 0.591646
0.040000 0.052766 -0.089634 0.591646
0.040000 0.052766 -0.087958 0.591646
0.040000 0.052766 -0.086283 0.591646
0.040000 0.052766 -0.084607 0.591646
0.040000 0.052766 -0.082932 0.591646
0.040000 0.052766 -0.081257 0.591646
0.040000 0.052766 -0.079581 0.591646
0.040000 0.052766 -0.077906 0.591646
0.040000 0.052766 -0.076230 0.591646
0.040000 0.052766 -0.074555 0.591646
0.040000 0.052766 -0.072880 0.591646
0.040000 0.052766 -0.071204 0.591646
0.040000 0.052766 -0.069529 0.591646
0.040000 0.052766 -0.067853 0.591646
0.040000 0.052766 -0.066178 0.591646
0.040000 0.052766 -0.064503 0.591646
0.040000 0.052766 -0.062827 0.591646
0.040000 0.052766 -0.061152 0.591646
0.040000 0.052766 -0.059476 0.591646
0.040000 0.052766 -0.057801 0.591646
0.040000 0.052766 -0.056126 0.591646
0.040000 0.052766 -0.054450 0.591646
0.040000 0.052766 -0.052775 0.591646
0.040000 0.052766 -0.051099 0.591646
0.040000 0.052766 -0.049424 0.591646
0.040000 0.052766 -0.047749 0.591646
0.040000 0.052766 -0.046073 0.591646
0.040000 0.052766 -0.044398 0.591646
0.040000 0.052766 -0.042723 0.591646
0.040000 0.052766 -0.041047 0.591646
0.040000 0.052766 -0.039372 0.591646
0.040000 0.052766 -0.037696 0.591646
0.040000 0.052766 -0.036021 0.591646
0.040000 0.052766 -0.034346 0.591646
0.040000 0.052766 -0.032670 0.591646
0.040000 0.052766 -0.030995 0.591646
0.040000 0.052766 -0.029319 0.591646
0.040000 0.052766 -0.027644 0.591646
0.040000 0.052766 -0.025969 0.591646
0.040000 0.052766 -0.024293 0.591646
0.040000 0.052766 -0.022618 0.591646
0.040000 0.052766 -0.020942 0.591646
0.040000 0.052766 -0.019267 0.591646
0.040000 0.052766 -0.017592 0.591646
0.040000 0.052766 -0.015916 0.591646
0.040000 0.052766 -0.014241 0.591646
0.040000 0.052766 -0.012565 0.591646
0.040000 0.052766 -0.010890 0.591646
0.040000 0.052766 -0.009215 0.591646
0.040000 0.052766 -0.007539 0.591646
0.040000 0.052766 -0.005864 0.591646
0.040000 0.052766 -0.004188 0.591646
0.040000 0.052766 -0.002513 0.591646
0.040000 0.052766 -0.000838 0.591646
0.040000 0.052766 0.000838 0.591646
0.040000 0.052766 0.002513 0.591646
0.040000 0.052766 0.004188 0.591646
0.040000 0.052766 0.005864 0.591646
0.040000 0.052766 0.007539 0.591646
0.040000 0.052766 0.009215 0.591646
0.040000 0.052766 0.010890 0.591646
0.040000 0.052766 0.012565 0.591646
0.040000 0.052766 0.014241 0.591646
0.040000 0.052766 0.015916 0.591646
0.040000 0.052766 0.017592 0.591646
0.040000 0.052766 0.019267 0.591646
0.040000 0.052766 0.020942 0.591646
0.040000 0.052766 0.022618 0.591646
0.040000 0.052766 0.024293 0.591646
0.040000 0.052766 0.025969 0.591646
0.040000 0.052766 0.027644 0.591646
0.040000 0.052766 0.029319 0.591646
0.040000 0.052766 0.030995 0.591646
0.040000 0.052766 0.032670 0.591646
0.040000 0.052766 0.034346 0.591646
0.040000 0.052766 0.036021 0.591646
0.040000 0.052766 0.037696 0.591646
0.040000 0.052766 0.039372 0.591646
0.040000 0.052766 0.041047 0.591646
0.040000 0.052766 0.042723 0.591646
0.040000 0.052766 0.044398 0.591646
0.040000 0.052766 0.046073 0.591646
0.040000 0.052766 0.047749 0.591646
0.040000 0.052766 0.049424 0.591646
0.040000 0.052766 0.051099 0.591646
0.040000 0.052766 0.052775 0.591646
0.040000 0.052766 0.054450 0.591646
0.040000 0.052766 0.056126 0.591646
0.040000 0.052766 0.057801 0.591646
0.040000 0.052766 0.059476 0.591646
0.040000 0.052766 0.061152 0.591646
0.040000 0.052766 0.062827 0.591646
0.040000 0.052766 0.064503 0.591646
0.040000 0.052766 0.066178 0.591646
0.040000 0.052766 0.067853 0.591646
0.040000 0.052766 0.069529 0.591646
0.040000 0.052766 0.071204 0.591646
0.040000 0.052766 0.072880 0.591646
0.040000 0.052766 0.074555 0.591646
0.040000 0.052766 0.076230 0.591646
0.040000 0.052766 0.077906 0.591646
0.040000 0.052766 0.079581 0.591646
0.040000 0.052766 0.081257 0.591646
0.040000 0.052766 0.082932 0.591646
0.040000 0.052766 0.084607 0.591646
0.040000 0.052766 0.086283 0.591646
0.040000 0.052766 0.087958 0.591646
0.040000 0.052766 0.089634 0.591646
0.040000 0.052766 0.091309 0.591646
0.040000 0.052766 0.092984 0.591646
0.040000 0.052766 0.094660 0.591646
0.040000 0.052766 0.096335 0.591646
0.040000 0.052766 0.098010 0.591646
0.040000 0.052766 0.099686 0.591646
0.040000 0.052766 0.101361 0.591646
0.040000 0.052766 0.103037 0.591646
0.040000 0.052766 0.104712 0.591646
0.040000 0.052766 0.106387 0.591646
0.040000 0.052766 0.108063 0.591646
0.040000 0.052766 0.109738 0.591646
0.040000 0.052766 0.111414 0.591646
0.040000 0.052766 0.113089 0.591646
0.040000 0.052766 0.114764 0.591646
0.040000 0.052766 0.116440 0.591646
0.040000 0.052766 0.118115 0.591646
0.040000 0.052766 0.119791 0.591646
0.040000 0.052766 0.121466 0.591646
0.040000 0.052766 0.123141 0.591646
0.040000 0.052766 0.124817 0.591646
0.040000 0.052766 0.126492 0.591646
0.040000 0.052766 0.128168 0.591646
0.040000 0.052766 0.129843 0.591646
0.040000 0.052766 0.131518 0.591646
0.040000 0.052766 0.133194 0.591646
0.040000 0.052766 0.134869 0.591646
0.040000 0.052766 0.136545 0.591646
0.040000 0.052766 0.138220 0.591646
0.040000 0.052766 0.139895 0.591646
0.040000 0.052766 0.141571 0.591646
0.040000 0.052766 0.143246 0.591646
0.040000 0.052766 0.144921 0.591646
0.040000 0.052766 0.146597 0.591646
0.040000 0.052766 0.148272 0.591646
0.040000 0.052766 0.149948 0.591646
0.040000 0.052766 0.151623 0.591646
0.040000 0.052766 0.153298 0.591646
0.040000 0.052766 0.154974 0.591646
0.040000 0.052766 0.156649 0.591646
0.040000 0.052766 0.158325 0.591646
0.040000 0.052766 0.160000 0.591646
0.040000 0.054468 -0.160000 0.587604
0.040000 0.054468 -0.158325 0.587604
0.040000 0.054468 -0.156649 0.587604
0.040000 0.054468 -0.154974 0.587604
0.040000 0.054468 -0.153298 0.587604
0.040000 0.054468 -0.151623 0.587604
0.040000 0.054468 -0.149948 0.587604
0.040000 0.054468 -0.148272 0.587604
0.040000 0.054468 -0.146597 0.587604
0.040000 0.054468 -0.144921 0.587604
0.040000 0.054468 -0.143246 0.587604
0.040000 0.054468 -0.141571 0.587604
0.040000 0.054468 -0.139895 0.587604
0.040000 0.054468 -0.138220 0.587604
0.040000 0.054468 -0.136545 0.587604
0.040000 0.054468 -0.134869 0.587604
0.040000 0.054468 -0.133194 0.587604
0.040000 0.054468 -0.131518 0.587604
0.040000 0.054468 -0.129843 0.587604
0.040000 0.054468 -0.128168 0.587604
0.040000 0.054468 -0.126492 0.587604
0.040000 0.054468 -0.124817 0.587604
0.040000 0.054468 -0.123141 0.587604
0.040000 0.054468 -0.121466 0.587604
0.040000 0.054468 -0.119791 0.587604
0.040000 0.054468 -0.118115 0.587604
0.040000 0.054468 -0.116440 0.587604
0.040000 0.054468 -0.114764 0.587604
0.040000 0.054468 -0.113089 0.587604
0.040000 0.054468 -0.111414 0.587604
0.040000 0.054468 -0.109738 0.587604
0.040000 0.054468 -0.108063 0.587604
0.040000 0.054468 -0.106387 0.587604
0.040000 0.054468 -0.104712 0.587604
0.040000 0.054468 -0.103037 0.587604
0.040000 0.054468 -0.101361 0.587604
0.040000 0.054468 -0.099686 0.587604
0.040000 0.054468 -0.098010 0.587604
0.040000 0.054468 -0.096335 0.587604
0.040000 0.054468 -0.094660 0.587604
0.040000 0.054468 -0.092984 0.587604
0.040000 0.054468 -0.091309 0.587604
0.040000 0.054468 -0.089634 0.587604
0.040000 0.054468 -0.087958 0.587604
0.040000 0.054468 -0.086283 0.587604
0.040000 0.054468 -0.084607 0.587604
0.040000 0.054468 -0.082932 0.587604
0.040000 0.054468 -0.081257 0.587604
0.040000 0.054468 -0.079581 0.587604
0.040000 0.054468 -0.077906 0.587604
0.040000 0.054468 -0.076230 0.587604
0.040000 0.054468 -0.074555 0.587604
0.040000 0.054468 -0.072880 0.587604
0.040000 0.054468 -0.071204 0.587604
0.040000 0.054468 -0.069529 0.587604
0.040000 0.054468 -0.067853 0.587604
0.040000 0.054468 -0.066178 0.587604
0.040000 0.054468 -0.064503 0.587604
0.040000 0.054468 -0.062827 0.587604
0.040000 0.054468 -0.061152 0.587604
0.040000 0.054468 -0.059476 0.587604
0.040000 0.054468 -0.057801 0.587604
0.040000 0.054468 -0.056126 0.587604
0.040000 0.054468 -0.054450 0.587604
0.040000 0.054468 -0.052775 0.587604
0.040000 0.054468 -0.051099 0.587604
0.040000 0.054468 -0.049424 0.587604
0.040000 0.054468 -0.047749 0.587604
0.040000 0.054468 -0.046073 0.587604
0.040000 0.054468 -0.044398 0.587604
0.040000 0.054468 -0.042723 0.587604
0.040000 0.054468 -0.041047 0.587604
0.040000 0.054468 -0.039372 0.587604
0.040000 0.054468 -0.037696 0.587604
0.040000 0.054468 -0.036021 0.587604
0.040000 0.054468 -0.034346 0.587604
0.040000 0.054468 -0.032670 0.587604
0.040000 0.054468 -0.030995 0.587604
0.040000 0.054468 -0.029319 0.587604
0.040000 0.054468 -0.027644 0.587604
0.040000 0.054468 -0.025969 0.587604
0.040000 0.054468 -0.024293 0.587604
0.040000 0.054468 -0.022618 0.587604
0.040000 0.054468 -0.020942 0.587604
0.040000 0.054468 -0.019267 0.587604
0.040000 0.054468 -0.017592 0.587604
0.040000 0.054468 -0.015916 0.587604
0.040000 0.054468 -0.014241 0.587604
0.040000 0.054468 -0.012565 0.587604
0.040000 0.054468 -0.010890 0.587604
0.040000 0.054468 -0.009215 0.587604
0.040000 0.054468 -0.007539 0.587604
0.040000 0.054468 -0.005864 0.587604
0.040000 0.054468 -0.004188 0.587604
0.040000 0.054468 -0.002513 0.587604
0.040000 0.054468 -0.000838 0.587604
0.040000 0.054468 0.000838 0.587604
0.040000 0.054468 0.002513 0.587604
0.040000 0.054468 0.004188 0.587604
0.040000 0.054468 0.005864 0.587604
0.040000 0.054468 0.007539 0.587604
0.040000 0.054468 0.009215 0.587604
0.040000 0.054468 0.010890 0.587604
0.040000 0.054468 0.012565 0.587604
0.040000 0.054468 0.014241 0.587604
0.040000 0.054468 0.015916 0.587604
0.040000 0.054468 0.017592 0.587604
0.040000 0.054468 0.019267 0.587604
0.040000 0.054468 0.020942 0.587604
0.040000 0.054468 0.022618 0.587604
0.040000 0.054468 0.024293 0.587604
0.040000 0.054468 0.025969 0.587604
0.040000 0.054468 0.027644 0.587604
0.040000 0.054468 0.029319 0.587604
0.040000 0.054468 0.030995 0.587604
0.040000 0.054468 0.032670 0.587604
0.040000 0.054468 0.034346 0.587604
0.040000 0.054468 0.036021 0.587604
0.040000 0.054468 0.037696 0.587604
0.040000 0.054468 0.039372 0.587604
0.040000 0.054468 0.041047 0.587604
0.040000 0.054468 0.042723 0.587604
0.040000 0.054468 0.044398 0.587604
0.040000 0.054468 0.046073 0.587604
0.040000 0.054468 0.047749 0.587604
0.040000 0.054468 0.049424 0.587604
0.040000 0.054468 0.051099 0.587604
0.040000 0.054468 0.052775 0.587604
0.040000 0.054468 0.054450 0.587604
0.040000 0.054468 0.056126 0.587604
0.040000 0.054468 0.057801 0.587604
0.040000 0.054468 0.059476 0.587604
0.040000 0.054468 0.061152 0.587604
0.040000 0.054468 0.062827 0.587604
0.040000 0.054468 0.064503 0.587604
0.040000 0.054468 0.066178 0.587604
0.040000 0.054468 0.067853 0.587604
0.040000 0.054468 0.069529 0.587604
0.040000 0.054468 0.071204 0.587604
0.040000 0.054468 0.072880 0.587604
0.040000 0.054468 0.074555 0.587604
0.040000 0.054468 0.076230 0.587604
0.040000 0.054468 0.077906 0.587604
0.040000 0.054468 0.079581 0.587604
0.040000 0.054468 0.081257 0.587604
0.040000 0.054468 0.082932 0.587604
0.040000 0.054468 0.084607 0.587604
0.040000 0.054468 0.086283 0.587604
0.040000 0.054468 0.087958 0.587604
0.040000 0.054468 0.089634 0.587604
0.040000 0.054468 0.091309 0.587604
0.040000 0.054468 0.092984 0.587604
0.040000 0.054468 0.094660 0.587604
0.040000 0.054468 0.096335 0.587604
0.040000 0.054468 0.098010 0.587604
0.040000 0.054468 0.099686 0.587604
0.040000 0.054468 0.101361 0.587604
0.040000 0.054468 0.103037 0.587604
0.040000 0.054468 0.104712 0.587604
0.040000 0.054468 0.106387 0.587604
0.040000 0.054468 0.108063 0.587604
0.040000 0.054468 0.109738 0.587604
0.040000 0.054468 0.111414 0.587604
0.040000 0.054468 0.113089 0.587604
0.040000 0.054468 0.114764 0.587604
0.040000 0.054468 0.116440 0.587604
0.040000 0.054468 0.118115 0.587604
0.040000 0.054468 0.119791 0.587604
0.040000 0.054468 0.121466 0.587604
0.040000 0.054468 0.123141 0.587604
0.040000 0.054468 0.124817 0.587604
0.040000 0.054468 0.126492 0.587604
0.040000 0.054468 0.128168 0.587604
0.040000 0.054468 0.129843 0.587604
0.040000 0.054468 0.131518 0.587604
0.040000 0.054468 0.133194 0.587604
0.040000 0.054468 0.134869 0.587604
0.040000 0.054468 0.136545 0.587604
0.040000 0.054468 0.138220 0.587604
0.040000 0.054468 0.139895 0.587604
0.040000 0.054468 0.141571 0.587604
0.040000 0.054468 0.143246 0.587604
0.040000 0.054468 0.144921 0.587604
0.040000 0.054468 0.146597 0.587604
0.040000 0.054468 0.148272 0.587604
0.040000 0.054468 0.149948 0.587604
0.040000 0.054468 0.151623 0.587604
0.040000 0.054468 0.153298 0.587604
0.040000 0.054468 0.154974 0.587604
0.040000 0.054468 0.156649 0.587604
0.040000 0.054468 0.158325 0.587604
0.040000 0.054468 0.160000 0.587604
0.040000 0.056170 -0.160000 0.583150
0.040000 0.056170 -0.158325 0.583150
0.040000 0.056170 -0.156649 0.583150
0.040000 0.056170 -0.154974 0.583150
0.040000 0.056170 -0.153298 0.583150
0.040000 0.056170 -0.151623 0.583150
0.040000 0.056170 -0.149948 0.583150
0.040000 0.056170 -0.148272 0.583150
0.040000 0.056170 -0.146597 0.583150
0.040000 0.056170 -0.144921 0.583150
0.040000 0.056170 -0.143246 0.583150
0.040000 0.056170 -0.141571 0.583150
0.040000 0.056170 -0.139895 0.583150
0.040000 0.056170 -0.138220 0.583150
0.040000 0.056170 -0.136545 0.583150
0.040000 0.056170 -0.134869 0.583150
0.040000 0.056170 -0.133194 0.583150
0.040000 0.056170 -0.131518 0.583150
0.040000 0.056170 -0.129843 0.583150
0.040000 0.056170 -0.128168 0.583150
0.040000 0.056170 -0.126492 0.583150
0.040000 0.056170 -0.124817 0.583150
0.040000 0.056170 -0.123141 0.583150
0.040000 0.056170 -0.121466 0.583150
0.040000 0.056170 -0.119791 0.583150
0.040000 0.056170 -0.118115 0.583150
0.040000 0.056170 -0.116440 0.583150
0.040000 0.056170 -0.114764 0.583150
0.040000 0.056170 -0.113089 0.583150
0.040000 0.056170 -0.111414 0.583150
0.040000 0.056170 -0.109738 0.583150
0.040000 0.056170 -0.108063 0.583150
0.040000 0.056170 -0.106387 0.583150
0.040000 0.056170 -0.104712 0.583150
0.040000 0.056170 -0.103037 0.583150
0.040000 0.056170 -0.101361 0.583150
0.040000 0.056170 -0.099686 0.583150
0.040000 0.056170 -0.098010 0.583150
0.040000 0.056170 -0.096335 0.583150
0.040000 0.056170 -0.094660 0.583150
0.040000 0.056170 -0.092984 0.583150
0.040000 0.056170 -0.091309 0.583150
0.040000 0.056170 -0.089634 0.583150
0.040000 0.056170 -0.087958 0.583150
0.040000 0.056170 -0.086283 0.583150
0.040000 0.056170 -0.084607 0.583150
0.040000 0.056170 -0.082932 0.583150
0.040000 0.056170 -0.081257 0.583150
0.040000 0.056170 -0.079581 0.583150
0.040000 0.056170 -0.077906 0.583150
0.040000 0.056170 -0.076230 0.583150
0.040000 0.056170 -0.074555 0.583150
0.040000 0.056170 -0.072880 0.583150
0.040000 0.056170 -0.071204 0.583150
0.040000 0.056170 -0.069529 0.583150
0.040000 0.056170 -0.067853 0.583150
0.040000 0.056170 -0.066178 0.583150
0.040000 0.056170 -0.064503 0.583150
0.040000 0.056170 -0.062827 0.583150
0.040000 0.056170 -0.061152 0.583150
0.040000 0.056170 -0.059476 0.583150
0.040000 0.056170 -0.057801 0.583150
0.040000 0.056170 -0.056126 0.583150
0.040000 0.056170 -0.054450 0.583150
0.040000 0.056170 -0.052775 0.583150
0.040000 0.056170 -0.051099 0.583150
0.040000 0.056170 -0.049424 0.583150
0.040000 0.056170 -0.047749 0.583150
0.040000 0.056170 -0.046073 0.583150
0.040000 0.056170 -0.044398 0.583150
0.040000 0.056170 -0.042723 0.583150
0.040000 0.056170 -0.041047 0.583150
0.040000 0.056170 -0.039372 0.583150
0.040000 0.056170 -0.037696 0.583150
0.040000 0.056170 -0.036021 0.583150
0.040000 0.056170 -0.034346 0.583150
0.040000 0.056170 -0.032670 0.583150
0.040000 0.056170 -0.030995 0.583150
0.040000 0.056170 -0.029319 0.583150
0.040000 0.056170 -0.027644 0.583150
0.040000 0.056170 -0.025969 0.583150
0.040000 0.056170 -0.024293 0.583150
0.040000 0.056170 -0.022618 0.583150
0.040000 0.056170 -0.020942 0.583150
0.040000 0.056170 -0.019267 0.583150
0.040000 0.056170 -0.017592 0.583150
0.040000 0.056170 -0.015916 0.583150
0.040000 0.056170 -0.014241 0.583150
0.040000 0.056170 -0.012565 0.583150
0.040000 0.056170 -0.010890 0.583150
0.040000 0.056170 -0.009215 0.583150
0.040000 0.056170 -0.007539 0.583150
0.040000 0.056170 -0.005864 0.583150
0.040000 0.056170 -0.004188 0.583150
0.040000 0.056170 -0.002513 0.583150
0.040000 0.056170 -0.000838 0.583150
0.040000 0.056170 0.000838 0.583150
0.040000 0.056170 0.002513 0.583150
0.040000 0.056170 0.004188 0.583150
0.040000 0.056170 0.005864 0.583150
0.040000 0.056170 0.007539 0.583150
0.040000 0.056170 0.009215 0.583150
0.040000 0.056170 0.010890 0.583150
0.040000 0.056170 0.012565 0.583150
0.040000 0.056170 0.014241 0.583150
0.040000 0.056170 0.015916 0.583150
0.040000 0.056170 0.017592 0.583150
0.040000 0.056170 0.019267 0.583150
0.040000 0.056170 0.020942 0.583150
0.040000 0.056170 0.022618 0.583150
0.040000 0.056170 0.024293 0.583150
0.040000 0.056170 0.025969 0.583150
0.040000 0.056170 0.027644 0.583150
0.040000 0.056170 0.029319 0.583150
0.040000 0.056170 0.030995 0.583150
0.040000 0.056170 0.032670 0.583150
0.040000 0.056170 0.034346 0.583150
0.040000 0.056170 0.036021 0.583150
0.040000 0.056170 0.037696 0.583150
0.040000 0.056170 0.039372 0.583150
0.040000 0.056170 0.041047 0.583150
0.040000 0.056170 0.042723 0.583150
0.040000 0.056170 0.044398 0.583150
0.040000 0.056170 0.046073 0.583150
0.040000 0.056170 0.047749 0.583150
0.040000 0.056170 0.049424 0.583150
0.040000 0.056170 0.051099 0.583150
0.040000 0.056170 0.052775 0.583150
0.040000 0.056170 0.054450 0.583150
0.040000 0.056170 0.056126 0.583150
0.040000 0.056170 0.057801 0.583150
0.040000 0.056170 0.059476 0.583150
0.040000 0.056170 0.061152 0.583150
0.040000 0.056170 0.062827 0.583150
0.040000 0.056170 0.064503 0.583150
0.040000 0.056170 0.066178 0.583150
0.040000 0.056170 0.067853 0.583150
0.040000 0.056170 0.069529 0.583150
0.040000 0.056170 0.071204 0.583150
0.040000 0.056170 0.072880 0.583150
0.040000 0.056170 0.074555 0.583150
0.040000 0.056170 0.076230 0.583150
0.040000 0.056170 0.077906 0.583150
0.040000 0.056170 0.079581 0.583150
0.040000 0.056170 0.081257 0.583150
0.040000 0.056170 0.082932 0.583150
0.040000 0.056170 0.084607 0.583150
0.040000 0.056170 0.086283 0.583150
0.040000 0.056170 0.087958 0.583150
0.040000 0.056170 0.089634 0.583150
0.040000 0.056170 0.091309 0.583150
0.040000 0.056170 0.092984 0.583150
0.040000 0.056170 0.094660 0.583150
0.040000 0.056170 0.096335 0.583150
0.040000 0.056170 0.098010 0.583150
0.040000 0.056170 0.099686 0.583150
0.040000 0.056170 0.101361 0.583150
0.040000 0.056170 0.103037 0.583150
0.040000 0.056170 0.104712 0.583150
0.040000 0.056170 0.106387 0.583150
0.040000 0.056170 0.108063 0.583150
0.040000 0.056170 0.109738 0.583150
0.040000 0.056170 0.111414 0.583150
0.040000 0.056170 0.113089 0.583150
0.040000 0.056170 0.114764 0.583150
0.040000 0.056170 0.116440 0.583150
0.040000 0.056170 0.118115 0.583150
0.040000 0.056170 0.119791 0.583150
0.040000 0.056170 0.121466 0.583150
0.040000 0.056170 0.123141 0.583150
0.040000 0.056170 0.124817 0.583150
0.040000 0.056170 0.126492 0.583150
0.040000 0.056170 0.128168 0.583150
0.040000 0.056170 0.129843 0.583150
0.040000 0.056170 0.131518 0.583150
0.040000 0.056170 0.133194 0.583150
0.040000 0.056170 0.134869 0.583150
0.040000 0.056170 0.136545 0.583150
0.040000 0.056170 0.138220 0.583150
0.040000 0.056170 0.139895 0.583150
0.040000 0.056170 0.141571 0.583150
0.040000 0.056170 0.143246 0.583150
0.040000 0.056170 0.144921 0.583150
0.040000 0.056170 0.146597 0.583150
0.040000 0.056170 0.148272 0.583150
0.040000 0.056170 0.149948 0.583150
0.040000 0.056170 0.151623 0.583150
0.040000 0.056170 0.153298 0.583150
0.040000 0.056170 0.154974 0.583150
0.040000 0.056170 0.156649 0.583150
0.040000 0.056170 0.158325 0.583150
0.040000 0.056170 0.160000 0.583150
0.040000 0.057872 -0.160000 0.578313
0.040000 0.057872 -0.158325 0.578313
0.040000 0.057872 -0.156649 0.578313
0.040000 0.057872 -0.154974 0.578313
0.040000 0.057872 -0.153298 0.578313
0.040000 0.057872 -0.151623 0.578313
0.040000 0.057872 -0.149948 0.578313
0.040000 0.057872 -0.148272 0.578313
0.040000 0.057872 -0.146597 0.578313
0.040000 0.057872 -0.144921 0.578313
0.040000 0.057872 -0.143246 0.578313
0.040000 0.057872 -0.141571 0.578313
0.040000 0.057872 -0.139895 0.578313
0.040000 0.057872 -0.138220 0.578313
0.040000 0.057872 -0.136545 0.578313
0.040000 0.057872 -0.134869 0.578313
0.040000 0.057872 -0.133194 0.578313
0.040000 0.057872 -0.131518 0.578313
0.040000 0.057872 -0.129843 0.578313
0.040000 0.057872 -0.128168 0.578313
0.040000 0.057872 -0.126492 0.578313
0.040000 0.057872 -0.124817 0.578313
0.040000 0.057872 -0.123141 0.578313
0.040000 0.057872 -0.121466 0.578313
0.040000 0.057872 -0.119791 0.578313
0.040000 0.057872 -0.118115 0.578313
0.040000 0.057872 -0.116440 0.578313
0.040000 0.057872 -0.114764 0.578313
0.040000 0.057872 -0.113089 0.578313
0.040000 0.057872 -0.111414 0.578313
0.040000 0.057872 -0.109738 0.578313
0.040000 0.057872 -0.108063 0.578313
0.040000 0.057872 -0.106387 0.578313
0.040000 0.057872 -0.104712 0.578313
0.040000 0.057872 -0.103037 0.578313
0.040000 0.057872 -0.101361 0.578313
0.040000 0.057872 -0.099686 0.578313
0.040000 0.057872 -0.098010 0.578313
0.040000 0.057872 -0.096335 0.578313
0.040000 0.057872 -0.094660 0.578313
0.040000 0.057872 -0.092984 0.578313
0.040000 0.057872 -0.091309 0.578313
0.040000 0.057872 -0.089634 0.578313
0.040000 0.057872 -0.087958 0.578313
0.040000 0.057872 -0.086283 0.578313
0.040000 0.057872 -0.084607 0.578313
0.040000 0.057872 -0.082932 0.578313
0.040000 0.057872 -0.081257 0.578313
0.040000 0.057872 -0.079581 0.578313
0.040000 0.057872 -0.077906 0.578313
0.040000 0.057872 -0.076230 0.578313
0.040000 0.057872 -0.074555 0.578313
0.040000 0.057872 -0.072880 0.578313
0.040000 0.057872 -0.071204 0.578313
0.040000 0.057872 -0.069529 0.578313
0.040000 0.057872 -0.067853 0.578313
0.040000 0.057872 -0.066178 0.578313
0.040000 0.057872 -0.064503 0.578313
0.040000 0.057872 -0.062827 0.578313
0.040000 0.057872 -0.061152 0.578313
0.040000 0.057872 -0.059476 0.578313
0.040000 0.057872 -0.057801 0.578313
0.040000 0.057872 -0.056126 0.578313
0.040000 0.057872 -0.054450 0.578313
0.040000 0.057872 -0.052775 0.578313
0.040000 0.057872 -0.051099 0.578313
0.040000 0.057872 -0.049424 0.578313
0.040000 0.057872 -0.047749 0.578313
0.040000 0.057872 -0.046073 0.578313
0.040000 0.057872 -0.044398 0.578313
0.040000 0.057872 -0.042723 0.578313
0.040000 0.057872 -0.041047 0.578313
0.040000 0.057872 -0.039372 0.578313
0.040000 0.057872 -0.037696 0.578313
0.040000 0.057872 -0.036021 0.578313
0.040000 0.057872 -0.034346 0.578313
0.040000 0.057872 -0.032670 0.578313
0.040000 0.057872 -0.030995 0.578313
0.040000 0.057872 -0.029319 0.578313
0.040000 0.057872 -0.027644 0.578313
0.040000 0.057872 -0.025969 0.578313
0.040000 0.057872 -0.024293 0.578313
0.040000 0.057872 -0.022618 0.578313
0.040000 0.057872 -0.020942 0.578313
0.040000 0.057872 -0.019267 0.578313
0.040000 0.057872 -0.017592 0.578313
0.040000 0.057872 -0.015916 0.578313
0.040000 0.057872 -0.014241 0.578313
0.040000 0.057872 -0.012565 0.578313
0.040000 0.057872 -0.010890 0.578313
0.040000 0.057872 -0.009215 0.578313
0.040000 0.057872 -0.007539 0.578313
0.040000 0.057872 -0.005864 0.578313
0.040000 0.057872 -0.004188 0.578313
0.040000 0.057872 -0.002513 0.578313
0.040000 0.057872 -0.000838 0.578313
0.040000 0.057872 0.000838 0.578313
0.040000 0.057872 0.002513 0.578313
0.040000 0.057872 0.004188 0.578313
0.040000 0.057872 0.005864 0.578313
0.040000 0.057872 0.007539 0.578313
0.040000 0.057872 0.009215 0.578313
0.040000 0.057872 0.010890 0.578313
0.040000 0.057872 0.012565 0.578313
0.040000 0.057872 0.014241 0.578313
0.040000 0.057872 0.015916 0.578313
0.040000 0.057872 0.017592 0.578313
0.040000 0.057872 0.019267 0.578313
0.040000 0.057872 0.020942 0.578313
0.040000 0.057872 0.022618 0.578313
0.040000 0.057872 0.024293 0.578313
0.040000 0.057872 0.025969 0.578313
0.040000 0.057872 0.027644 0.578313
0.040000 0.057872 0.029319 0.578313
0.040000 0.057872 0.030995 0.578313
0.040000 0.057872 0.032670 0.578313
0.040000 0.057872 0.034346 0.578313
0.040000 0.057872 0.036021 0.578313
0.040000 0.057872 0.037696 0.578313
0.040000 0.057872 0.039372 0.578313
0.040000 0.057872 0.041047 0.578313
0.040000 0.057872 0.042723 0.578313
0.040000 0.057872 0.044398 0.578313
0.040000 0.057872 0.046073 0.578313
0.040000 0.057872 0.047749 0.578313
0.040000 0.057872 0.049424 0.578313
0.040000 0.057872 0.051099 0.578313
0.040000 0.057872 0.052775 0.578313
0.040000 0.057872 0.054450 0.578313
0.040000 0.057872 0.056126 0.578313
0.040000 0.057872 0.057801 0.578313
0.040000 0.057872 0.059476 0.578313
0.040000 0.057872 0.061152 0.578313
0.040000 0.057872 0.062827 0.578313
0.040000 0.057872 0.064503 0.578313
0.040000 0.057872 0.066178 0.578313
0.040000 0.057872 0.067853 0.578313
0.040000 0.057872 0.069529 0.578313
0.040000 0.057872 0.071204 0.578313
0.040000 0.057872 0.072880 0.578313
0.040000 0.057872 0.074555 0.578313
0.040000 0.057872 0.076230 0.578313
0.040000 0.057872 0.077906 0.578313
0.040000 0.057872 0.079581 0.578313
0.040000 0.057872 0.081257 0.578313
0.040000 0.057872 0.082932 0.578313
0.040000 0.057872 0.084607 0.578313
0.040000 0.057872 0.086283 0.578313
0.040000 0.057872 0.087958 0.578313
0.040000 0.057872 0.089634 0.578313
0.040000 0.057872 0.091309 0.578313
0.040000 0.057872 0.092984 0.578313
0.040000 0.057872 0.094660 0.578313
0.040000 0.057872 0.096335 0.578313
0.040000 0.057872 0.098010 0.578313
0.040000 0.057872 0.099686 0.578313
0.040000 0.057872 0.101361 0.578313
0.040000 0.057872 0.103037 0.578313
0.040000 0.057872 0.104712 0.578313
0.040000 0.057872 0.106387 0.578313
0.040000 0.057872 0.108063 0.578313
0.040000 0.057872 0.109738 0.578313
0.040000 0.057872 0.111414 0.578313
0.040000 0.057872 0.113089 0.578313
0.040000 0.057872 0.114764 0.578313
0.040000 0.057872 0.116440 0.578313
0.040000 0.057872 0.118115 0.578313
0.040000 0.057872 0.119791 0.578313
0.040000 0.057872 0.121466 0.578313
0.040000 0.057872 0.123141 0.578313
0.040000 0.057872 0.124817 0.578313
0.040000 0.057872 0.126492 0.578313
0.040000 0.057872 0.128168 0.578313
0.040000 0.057872 0.129843 0.578313
0.040000 0.057872 0.131518 0.578313
0.040000 0.057872 0.133194 0.578313
0.040000 0.057872 0.134869 0.578313
0.040000 0.057872 0.136545 0.578313
0.040000 0.057872 0.138220 0.578313
0.040000 0.057872 0.139895 0.578313
0.040000 0.057872 0.141571 0.578313
0.040000 0.057872 0.143246 0.578313
0.040000 0.057872 0.144921 0.578313
0.040000 0.057872 0.146597 0.578313
0.040000 0.057872 0.148272 0.578313
0.040000 0.057872 0.149948 0.578313
0.040000 0.057872 0.151623 0.578313
0.040000 0.057872 0.153298 0.578313
0.040000 0.057872 0.154974 0.578313
0.040000 0.057872 0.156649 0.578313
0.040000 0.057872 0.158325 0.578313
0.040000 0.057872 0.160000 0.578313
0.040000 0.059574 -0.160000 0.573121
0.040000 0.059574 -0.158325 0.573121
0.040000 0.059574 -0.156649 0.573121
0.040000 0.059574 -0.154974 0.573121
0.040000 0.059574 -0.153298 0.573121
0.040000 0.059574 -0.151623 0.573121
0.040000 0.059574 -0.149948 0.573121
0.040000 0.059574 -0.148272 0.573121
0.040000 0.059574 -0.146597 0.573121
0.040000 0.059574 -0.144921 0.573121
0.040000 0.059574 -0.143246 0.573121
0.040000 0.059574 -0.141571 0.573121
0.040000 0.059574 -0.139895 0.573121
0.040000 0.059574 -0.138220 0.573121
0.040000 0.059574 -0.136545 0.573121
0.040000 0.059574 -0.134869 0.573121
0.040000 0.059574 -0.133194 0.573121
0.040000 0.059574 -0.131518 0.573121
0.040000 0.059574 -0.129843 0.573121
0.040000 0.059574 -0.128168 0.573121
0.040000 0.059574 -0.126492 0.573121
0.040000 0.059574 -0.124817 0.573121
0.040000 0.059574 -0.123141 0.573121
0.040000 0.059574 -0.121466 0.573121
0.040000 0.059574 -0.119791 0.573121
0.040000 0.059574 -0.118115 0.573121
0.040000 0.059574 -0.116440 0.573121
0.040000 0.059574 -0.114764 0.573121
0.040000 0.059574 -0.113089 0.573121
0.040000 0.059574 -0.111414 0.573121
0.040000 0.059574 -0.109738 0.573121
0.040000 0.059574 -0.108063 0.573121
0.040000 0.059574 -0.106387 0.573121
0.040000 0.059574 -0.104712 0.573121
0.040000 0.059574 -0.103037 0.573121
0.040000 0.059574 -0.101361 0.573121
0.040000 0.059574 -0.099686 0.573121
0.040000 0.059574 -0.098010 0.573121
0.040000 0.059574 -0.096335 0.573121
0.040000 0.059574 -0.094660 0.573121
0.040000 0.059574 -0.092984 0.573121
0.040000 0.059574 -0.091309 0.573121
0.040000 0.059574 -0.089634 0.573121
0.040000 0.059574 -0.087958 0.573121
0.040000 0.059574 -0.086283 0.573121
0.040000 0.059574 -0.084607 0.573121
0.040000 0.059574 -0.082932 0.573121
0.040000 0.059574 -0.081257 0.573121
0.040000 0.059574 -0.079581 0.573121
0.040000 0.059574 -0.077906 0.573121
0.040000 0.059574 -0.076230 0.573121
0.040000 0.059574 -0.074555 0.573121
0.040000 0.059574 -0.072880 0.573121
0.040000 0.059574 -0.071204 0.573121
0.040000 0.059574 -0.069529 0.573121
0.040000 0.059574 -0.067853 0.573121
0.040000 0.059574 -0.066178 0.573121
0.040000 0.059574 -0.064503 0.573121
0.040000 0.059574 -0.062827 0.573121
0.040000 0.059574 -0.061152 0.573121
0.040000 0.059574 -0.059476 0.573121
0.040000 0.059574 -0.057801 0.573121
0.040000 0.059574 -0.056126 0.573121
0.040000 0.059574 -0.054450 0.573121
0.040000 0.059574 -0.052775 0.573121
0.040000 0.059574 -0.051099 0.573121
0.040000 0.059574 -0.049424 0.573121
0.040000 0.059574 -0.047749 0.573121
0.040000 0.059574 -0.046073 0.573121
0.040000 0.059574 -0.044398 0.573121
0.040000 0.059574 -0.042723 0.573121
0.040000 0.059574 -0.041047 0.573121
0.040000 0.059574 -0.039372 0.573121
0.040000 0.059574 -0.037696 0.573121
0.040000 0.059574 -0.036021 0.573121
0.040000 0.059574 -0.034346 0.573121
0.040000 0.059574 -0.032670 0.573121
0.040000 0.059574 -0.030995 0.573121
0.040000 0.059574 -0.029319 0.573121
0.040000 0.059574 -0.027644 0.573121
0.040000 0.059574 -0.025969 0.573121
0.040000 0.059574 -0.024293 0.573121
0.040000 0.059574 -0.022618 0.573121
0.040000 0.059574 -0.020942 0.573121
0.040000 0.059574 -0.019267 0.573121
0.040000 0.059574 -0.017592 0.573121
0.040000 0.059574 -0.015916 0.573121
0.040000 0.059574 -0.014241 0.573121
0.040000 0.059574 -0.012565 0.573121
0.040000 0.059574 -0.010890 0.573121
0.040000 0.059574 -0.009215 0.573121
0.040000 0.059574 -0.007539 0.573121
0.040000 0.059574 -0.005864 0.573121
0.040000 0.059574 -0.004188 0.573121
0.040000 0.059574 -0.002513 0.573121
0.040000 0.059574 -0.000838 0.573121
0.040000 0.059574 0.000838 0.573121
0.040000 0.059574 0.002513 0.573121
0.040000 0.059574 0.004188 0.573121
0.040000 0.059574 0.005864 0.573121
0.040000 0.059574 0.007539 0.573121
0.040000 0.059574 0.009215 0.573121
0.040000 0.059574 0.010890 0.573121
0.040000 0.059574 0.012565 0.573121
0.040000 0.059574 0.014241 0.573121
0.040000 0.059574 0.015916 0.573121
0.040000 0.059574 0.017592 0.573121
0.040000 0.059574 0.019267 0.573121
0.040000 0.059574 0.020942 0.573121
0.040000 0.059574 0.022618 0.573121
0.040000 0.059574 0.024293 0.573121
0.040000 0.059574 0.025969 0.573121
0.040000 0.059574 0.027644 0.573121
0.040000 0.059574 0.029319 0.573121
0.040000 0.059574 0.030995 0.573121
0.040000 0.059574 0.032670 0.573121
0.040000 0.059574 0.034346 0.573121
0.040000 0.059574 0.036021 0.573121
0.040000 0.059574 0.037696 0.573121
0.040000 0.059574 0.039372 0.573121
0.040000 0.059574 0.041047 0.573121
0.040000 0.059574 0.042723 0.573121
0.040000 0.059574 0.044398 0.573121
0.040000 0.059574 0.046073 0.573121
0.040000 0.059574 0.047749 0.573121
0.040000 0.059574 0.049424 0.573121
0.040000 0.059574 0.051099 0.573121
0.040000 0.059574 0.052775 0.573121
0.040000 0.059574 0.054450 0.573121
0.040000 0.059574 0.056126 0.573121
0.040000 0.059574 0.057801 0.573121
0.040000 0.059574 0.059476 0.573121
0.040000 0.059574 0.061152 0.573121
0.040000 0.059574 0.062827 0.573121
0.040000 0.059574 0.064503 0.573121
0.040000 0.059574 0.066178 0.573121
0.040000 0.059574 0.067853 0.573121
0.040000 0.059574 0.069529 0.573121
0.040000 0.059574 0.071204 0.573121
0.040000 0.059574 0.072880 0.573121
0.040000 0.059574 0.074555 0.573121
0.040000 0.059574 0.076230 0.573121
0.040000 0.059574 0.077906 0.573121
0.040000 0.059574 0.079581 0.573121
0.040000 0.059574 0.081257 0.573121
0.040000 0.059574 0.082932 0.573121
0.040000 0.059574 0.084607 0.573121
0.040000 0.059574 0.086283 0.573121
0.040000 0.059574 0.087958 0.573121
0.040000 0.059574 0.089634 0.573121
0.040000 0.059574 0.091309 0.573121
0.040000 0.059574 0.092984 0.573121
0.040000 0.059574 0.094660 0.573121
0.040000 0.059574 0.096335 0.573121
0.040000 0.059574 0.098010 0.573121
0.040000 0.059574 0.099686 0.573121
0.040000 0.059574 0.101361 0.573121
0.040000 0.059574 0.103037 0.573121
0.040000 0.059574 0.104712 0.573121
0.040000 0.059574 0.106387 0.573121
0.040000 0.059574 0.108063 0.573121
0.040000 0.059574 0.109738 0.573121
0.040000 0.059574 0.111414 0.573121
0.040000 0.059574 0.113089 0.573121
0.040000 0.059574 0.114764 0.573121
0.040000 0.059574 0.116440 0.573121
0.040000 0.059574 0.118115 0.573121
0.040000 0.059574 0.119791 0.573121
0.040000 0.059574 0.121466 0.573121
0.040000 0.059574 0.123141 0.573121
0.040000 0.059574 0.124817 0.573121
0.040000 0.059574 0.126492 0.573121
0.040000 0.059574 0.128168 0.573121
0.040000 0.059574 0.129843 0.573121
0.040000 0.059574 0.131518 0.573121
0.040000 0.059574 0.133194 0.573121
0.040000 0.059574 0.134869 0.573121
0.040000 0.059574 0.136545 0.573121
0.040000 0.059574 0.138220 0.573121
0.040000 0.059574 0.139895 0.573121
0.040000 0.059574 0.141571 0.573121
0.040000 0.059574 0.143246 0.573121
0.040000 0.059574 0.144921 0.573121
0.040000 0.059574 0.146597 0.573121
0.040000 0.059574 0.148272 0.573121
0.040000 0.059574 0.149948 0.573121
0.040000 0.059574 0.151623 0.573121
0.040000 0.059574 0.153298 0.573121
0.040000 0.059574 0.154974 0.573121
0.040000 0.059574 0.156649 0.573121
0.040000 0.059574 0.158325 0.573121
0.040000 0.059574 0.160000 0.573121
0.040000 0.061277 -0.160000 0.567603
0.040000 0.061277 -0.158325 0.567603
0.040000 0.061277 -0.156649 0.567603
0.040000 0.061277 -0.154974 0.567603
0.040000 0.061277 -0.153298 0.567603
0.040000 0.061277 -0.151623 0.567603
0.040000 0.061277 -0.149948 0.567603
0.040000 0.061277 -0.148272 0.567603
0.040000 0.061277 -0.146597 0.567603
0.040000 0.061277 -0.144921 0.567603
0.040000 0.061277 -0.143246 0.567603
0.040000 0.061277 -0.141571 0.567603
0.040000 0.061277 -0.139895 0.567603
0.040000 0.061277 -0.138220 0.567603
0.040000 0.061277 -0.136545 0.567603
0.040000 0.061277 -0.134869 0.567603
0.040000 0.061277 -0.133194 0.567603
0.040000 0.061277 -0.131518 0.567603
0.040000 0.061277 -0.129843 0.567603
0.040000 0.061277 -0.128168 0.567603
0.040000 0.061277 -0.126492 0.567603
0.040000 0.061277 -0.124817 0.567603
0.040000 0.061277 -0.123141 0.567603
0.040000 0.061277 -0.121466 0.567603
0.040000 0.061277 -0.119791 0.567603
0.040000 0.061277 -0.118115 0.567603
0.040000 0.061277 -0.116440 0.567603
0.040000 0.061277 -0.114764 0.567603
0.040000 0.061277 -0.113089 0.567603
0.040000 0.061277 -0.111414 0.567603
0.040000 0.061277 -0.109738 0.567603
0.040000 0.061277 -0.108063 0.567603
0.040000 0.061277 -0.106387 0.567603
0.040000 0.061277 -0.104712 0.567603
0.040000 0.061277 -0.103037 0.567603
0.040000 0.061277 -0.101361 0.567603
0.040000 0.061277 -0.099686 0.567603
0.040000 0.061277 -0.098010 0.567603
0.040000 0.061277 -0.096335 0.567603
0.040000 0.061277 -0.094660 0.567603
0.040000 0.061277 -0.092984 0.567603
0.040000 0.061277 -0.091309 0.567603
0.040000 0.061277 -0.089634 0.567603
0.040000 0.061277 -0.087958 0.567603
0.040000 0.061277 -0.086283 0.567603
0.040000 0.061277 -0.084607 0.567603
0.040000 0.061277 -0.082932 0.567603
0.040000 0.061277 -0.081257 0.567603
0.040000 0.061277 -0.079581 0.567603
0.040000 0.061277 -0.077906 0.567603
0.040000 0.061277 -0.076230 0.567603
0.040000 0.061277 -0.074555 0.567603
0.040000 0.061277 -0.072880 0.567603
0.040000 0.061277 -0.071204 0.567603
0.040000 0.061277 -0.069529 0.567603
0.040000 0.061277 -0.067853 0.567603
0.040000 0.061277 -0.066178 0.567603
0.040000 0.061277 -0.064503 0.567603
0.040000 0.061277 -0.062827 0.567603
0.040000 0.061277 -0.061152 0.567603
0.040000 0.061277 -0.059476 0.567603
0.040000 0.061277 -0.057801 0.567603
0.040000 0.061277 -0.056126 0.567603
0.040000 0.061277 -0.054450 0.567603
0.040000 0.061277 -0.052775 0.567603
0.040000 0.061277 -0.051099 0.567603
0.040000 0.061277 -0.049424 0.567603
0.040000 0.061277 -0.047749 0.567603
0.040000 0.061277 -0.046073 0.567603
0.040000 0.061277 -0.044398 0.567603
0.040000 0.061277 -0.042723 0.567603
0.040000 0.061277 -0.041047 0.567603
0.040000 0.061277 -0.039372 0.567603
0.040000 0.061277 -0.037696 0.567603
0.040000 0.061277 -0.036021 0.567603
0.040000 0.061277 -0.034346 0.567603
0.040000 0.061277 -0.032670 0.567603
0.040000 0.061277 -0.030995 0.567603
0.040000 0.061277 -0.029319 0.567603
0.040000 0.061277 -0.027644 0.567603
0.040000 0.061277 -0.025969 0.567603
0.040000 0.061277 -0.024293 0.567603
0.040000 0.061277 -0.022618 0.567603
0.040000 0.061277 -0.020942 0.567603
0.040000 0.061277 -0.019267 0.567603
0.040000 0.061277 -0.017592 0.567603
0.040000 0.061277 -0.015916 0.567603
0.040000 0.061277 -0.014241 0.567603
0.040000 0.061277 -0.012565 0.567603
0.040000 0.061277 -0.010890 0.567603
0.040000 0.061277 -0.009215 0.567603
0.040000 0.061277 -0.007539 0.567603
0.040000 0.061277 -0.005864 0.567603
0.040000 0.061277 -0.004188 0.567603
0.040000 0.061277 -0.002513 0.567603
0.040000 0.061277 -0.000838 0.567603
0.040000 0.061277 0.000838 0.567603
0.040000 0.061277 0.002513 0.567603
0.040000 0.061277 0.004188 0.567603
0.040000 0.061277 0.005864 0.567603
0.040000 0.061277 0.007539 0.567603
0.040000 0.061277 0.009215 0.567603
0.040000 0.061277 0.010890 0.567603
0.040000 0.061277 0.012565 0.567603
0.040000 0.061277 0.014241 0.567603
0.040000 0.061277 0.015916 0.567603
0.040000 0.061277 0.017592 0.567603
0.040000 0.061277 0.019267 0.567603
0.040000 0.061277 0.020942 0.567603
0.040000 0.061277 0.022618 0.567603
0.040000 0.061277 0.024293 0.567603
0.040000 0.061277 0.025969 0.567603
0.040000 0.061277 0.027644 0.567603
0.040000 0.061277 0.029319 0.567603
0.040000 0.061277 0.030995 0.567603
0.040000 0.061277 0.032670 0.567603
0.040000 0.061277 0.034346 0.567603
0.040000 0.061277 0.036021 0.567603
0.040000 0.061277 0.037696 0.567603
0.040000 0.061277 0.039372 0.567603
0.040000 0.061277 0.041047 0.567603
0.040000 0.061277 0.042723 0.567603
0.040000 0.061277 0.044398 0.567603
0.040000 0.061277 0.046073 0.567603
0.040000 0.061277 0.047749 0.567603
0.040000 0.061277 0.049424 0.567603
0.040000 0.061277 0.051099 0.567603
0.040000 0.061277 0.052775 0.567603
0.040000 0.061277 0.054450 0.567603
0.040000 0.061277 0.056126 0.567603
0.040000 0.061277 0.057801 0.567603
0.040000 0.061277 0.059476 0.567603
0.040000 0.061277 0.061152 0.567603
0.040000 0.061277 0.062827 0.567603
0.040000 0.061277 0.064503 0.567603
0.040000 0.061277 0.066178 0.567603
0.040000 0.061277 0.067853 0.567603
0.040000 0.061277 0.069529 0.567603
0.040000 0.061277 0.071204 0.567603
0.040000 0.061277 0.072880 0.567603
0.040000 0.061277 0.074555 0.567603
0.040000 0.061277 0.076230 0.567603
0.040000 0.061277 0.077906 0.567603
0.040000 0.061277 0.079581 0.567603
0.040000 0.061277 0.081257 0.567603
0.040000 0.061277 0.082932 0.567603
0.040000 0.061277 0.084607 0.567603
0.040000 0.061277 0.086283 0.567603
0.040000 0.061277 0.087958 0.567603
0.040000 0.061277 0.089634 0.567603
0.040000 0.061277 0.091309 0.567603
0.040000 0.061277 0.092984 0.567603
0.040000 0.061277 0.094660 0.567603
0.040000 0.061277 0.096335 0.567603
0.040000 0.061277 0.098010 0.567603
0.040000 0.061277 0.099686 0.567603
0.040000 0.061277 0.101361 0.567603
0.040000 0.061277 0.103037 0.567603
0.040000 0.061277 0.104712 0.567603
0.040000 0.061277 0.106387 0.567603
0.040000 0.061277 0.108063 0.567603
0.040000 0.061277 0.109738 0.567603
0.040000 0.061277 0.111414 0.567603
0.040000 0.061277 0.113089 0.567603
0.040000 0.061277 0.114764 0.567603
0.040000 0.061277 0.116440 0.567603
0.040000 0.061277 0.118115 0.567603
0.040000 0.061277 0.119791 0.567603
0.040000 0.061277 0.121466 0.567603
0.040000 0.061277 0.123141 0.567603
0.040000 0.061277 0.124817 0.567603
0.040000 0.061277 0.126492 0.567603
0.040000 0.061277 0.128168 0.567603
0.040000 0.061277 0.129843 0.567603
0.040000 0.061277 0.131518 0.567603
0.040000 0.061277 0.133194 0.567603
0.040000 0.061277 0.134869 0.567603
0.040000 0.061277 0.136545 0.567603
0.040000 0.061277 0.138220 0.567603
0.040000 0.061277 0.139895 0.567603
0.040000 0.061277 0.141571 0.567603
0.040000 0.061277 0.143246 0.567603
0.040000 0.061277 0.144921 0.567603
0.040000 0.061277 0.146597 0.567603
0.040000 0.061277 0.148272 0.567603
0.040000 0.061277 0.149948 0.567603
0.040000 0.061277 0.151623 0.567603
0.040000 0.061277 0.153298 0.567603
0.040000 0.061277 0.154974 0.567603
0.040000 0.061277 0.156649 0.567603
0.040000 0.061277 0.158325 0.567603
0.040000 0.061277 0.160000 0.567603
0.040000 0.062979 -0.160000 0.561788
0.040000 0.062979 -0.158325 0.561788
0.040000 0.062979 -0.156649 0.561788
0.040000 0.062979 -0.154974 0.561788
0.040000 0.062979 -0.153298 0.561788
0.040000 0.062979 -0.151623 0.561788
0.040000 0.062979 -0.149948 0.561788
0.040000 0.062979 -0.148272 0.561788
0.040000 0.062979 -0.146597 0.561788
0.040000 0.062979 -0.144921 0.561788
0.040000 0.062979 -0.143246 0.561788
0.040000 0.062979 -0.141571 0.561788
0.040000 0.062979 -0.139895 0.561788
0.040000 0.062979 -0.138220 0.561788
0.040000 0.062979 -0.136545 0.561788
0.040000 0.062979 -0.134869 0.561788
0.040000 0.062979 -0.133194 0.561788
0.040000 0.062979 -0.131518 0.561788
0.040000 0.062979 -0.129843 0.561788
0.040000 0.062979 -0.128168 0.561788
0.040000 0.062979 -0.126492 0.561788
0.040000 0.062979 -0.124817 0.561788
0.040000 0.062979 -0.123141 0.561788
0.040000 0.062979 -0.121466 0.561788
0.040000 0.062979 -0.119791 0.561788
0.040000 0.062979 -0.118115 0.561788
0.040000 0.062979 -0.116440 0.561788
0.040000 0.062979 -0.114764 0.561788
0.040000 0.062979 -0.113089 0.561788
0.040000 0.062979 -0.111414 0.561788
0.040000 0.062979 -0.109738 0.561788
0.040000 0.062979 -0.108063 0.561788
0.040000 0.062979 -0.106387 0.561788
0.040000 0.062979 -0.104712 0.561788
0.040000 0.062979 -0.103037 0.561788
0.040000 0.062979 -0.101361 0.561788
0.040000 0.062979 -0.099686 0.561788
0.040000 0.062979 -0.098010 0.561788
0.040000 0.062979 -0.096335 0.561788
0.040000 0.062979 -0.094660 0.561788
0.040000 0.062979 -0.092984 0.561788
0.040000 0.062979 -0.091309 0.561788
0.040000 0.062979 -0.089634 0.561788
0.040000 0.062979 -0.087958 0.561788
0.040000 0.062979 -0.086283 0.561788
0.040000 0.062979 -0.084607 0.561788
0.040000 0.062979 -0.082932 0.561788
0.040000 0.062979 -0.081257 0.561788
0.040000 0.062979 -0.079581 0.561788
0.040000 0.062979 -0.077906 0.561788
0.040000 0.062979 -0.076230 0.561788
0.040000 0.062979 -0.074555 0.561788
0.040000 0.062979 -0.072880 0.561788
0.040000 0.062979 -0.071204 0.561788
0.040000 0.062979 -0.069529 0.561788
0.040000 0.062979 -0.067853 0.561788
0.040000 0.062979 -0.066178 0.561788
0.040000 0.062979 -0.064503 0.561788
0.040000 0.062979 -0.062827 0.561788
0.040000 0.062979 -0.061152 0.561788
0.040000 0.062979 -0.059476 0.561788
0.040000 0.062979 -0.057801 0.561788
0.040000 0.062979 -0.056126 0.561788
0.040000 0.062979 -0.054450 0.561788
0.040000 0.062979 -0.052775 0.561788
0.040000 0.062979 -0.051099 0.561788
0.040000 0.062979 -0.049424 0.561788
0.040000 0.062979 -0.047749 0.561788
0.040000 0.062979 -0.046073 0.561788
0.040000 0.062979 -0.044398 0.561788
0.040000 0.062979 -0.042723 0.561788
0.040000 0.062979 -0.041047 0.561788
0.040000 0.062979 -0.039372 0.561788
0.040000 0.062979 -0.037696 0.561788
0.040000 0.062979 -0.036021 0.561788
0.040000 0.062979 -0.034346 0.561788
0.040000 0.062979 -0.032670 0.561788
0.040000 0.062979 -0.030995 0.561788
0.040000 0.062979 -0.029319 0.561788
0.040000 0.062979 -0.027644 0.561788
0.040000 0.062979 -0.025969 0.561788
0.040000 0.062979 -0.024293 0.561788
0.040000 0.062979 -0.022618 0.561788
0.040000 0.062979 -0.020942 0.561788
0.040000 0.062979 -0.019267 0.561788
0.040000 0.062979 -0.017592 0.561788
0.040000 0.062979 -0.015916 0.561788
0.040000 0.062979 -0.014241 0.561788
0.040000 0.062979 -0.012565 0.561788
0.040000 0.062979 -0.010890 0.561788
0.040000 0.062979 -0.009215 0.561788
0.040000 0.062979 -0.007539 0.561788
0.040000 0.062979 -0.005864 0.561788
0.040000 0.062979 -0.004188 0.561788
0.040000 0.062979 -0.002513 0.561788
0.040000 0.062979 -0.000838 0.561788
0.040000 0.062979 0.000838 0.561788
0.040000 0.062979 0.002513 0.561788
0.040000 0.062979 0.004188 0.561788
0.040000 0.062979 0.005864 0.561788
0.040000 0.062979 0.007539 0.561788
0.040000 0.062979 0.009215 0.561788
0.040000 0.062979 0.010890 0.561788
0.040000 0.062979 0.012565 0.561788
0.040000 0.062979 0.014241 0.561788
0.040000 0.062979 0.015916 0.561788
0.040000 0.062979 0.017592 0.561788
0.040000 0.062979 0.019267 0.561788
0.040000 0.062979 0.020942 0.561788
0.040000 0.062979 0.022618 0.561788
0.040000 0.062979 0.024293 0.561788
0.040000 0.062979 0.025969 0.561788
0.040000 0.062979 0.027644 0.561788
0.040000 0.062979 0.029319 0.561788
0.040000 0.062979 0.030995 0.561788
0.040000 0.062979 0.032670 0.561788
0.040000 0.062979 0.034346 0.561788
0.040000 0.062979 0.036021 0.561788
0.040000 0.062979 0.037696 0.561788
0.040000 0.062979 0.039372 0.561788
0.040000 0.062979 0.041047 0.561788
0.040000 0.062979 0.042723 0.561788
0.040000 0.062979 0.044398 0.561788
0.040000 0.062979 0.046073 0.561788
0.040000 0.062979 0.047749 0.561788
0.040000 0.062979 0.049424 0.561788
0.040000 0.062979 0.051099 0.561788
0.040000 0.062979 0.052775 0.561788
0.040000 0.062979 0.054450 0.561788
0.040000 0.062979 0.056126 0.561788
0.040000 0.062979 0.057801 0.561788
0.040000 0.062979 0.059476 0.561788
0.040000 0.062979 0.061152 0.561788
0.040000 0.062979 0.062827 0.561788
0.040000 0.062979 0.064503 0.561788
0.040000 0.062979 0.066178 0.561788
0.040000 0.062979 0.067853 0.561788
0.040000 0.062979 0.069529 0.561788
0.040000 0.062979 0.071204 0.561788
0.040000 0.062979 0.072880 0.561788
0.040000 0.062979 0.074555 0.561788
0.040000 0.062979 0.076230 0.561788
0.040000 0.062979 0.077906 0.561788
0.040000 0.062979 0.079581 0.561788
0.040000 0.062979 0.081257 0.561788
0.040000 0.062979 0.082932 0.561788
0.040000 0.062979 0.084607 0.561788
0.040000 0.062979 0.086283 0.561788
0.040000 0.062979 0.087958 0.561788
0.040000 0.062979 0.089634 0.561788
0.040000 0.062979 0.091309 0.561788
0.040000 0.062979 0.092984 0.561788
0.040000 0.062979 0.094660 0.561788
0.040000 0.062979 0.096335 0.561788
0.040000 0.062979 0.098010 0.561788
0.040000 0.062979 0.099686 0.561788
0.040000 0.062979 0.101361 0.561788
0.040000 0.062979 0.103037 0.561788
0.040000 0.062979 0.104712 0.561788
0.040000 0.062979 0.106387 0.561788
0.040000 0.062979 0.108063 0.561788
0.040000 0.062979 0.109738 0.561788
0.040000 0.062979 0.111414 0.561788
0.040000 0.062979 0.113089 0.561788
0.040000 0.062979 0.114764 0.561788
0.040000 0.062979 0.116440 0.561788
0.040000 0.062979 0.118115 0.561788
0.040000 0.062979 0.119791 0.561788
0.040000 0.062979 0.121466 0.561788
0.040000 0.062979 0.123141 0.561788
0.040000 0.062979 0.124817 0.561788
0.040000 0.062979 0.126492 0.561788
0.040000 0.062979 0.128168 0.561788
0.040000 0.062979 0.129843 0.561788
0.040000 0.062979 0.131518 0.561788
0.040000 0.062979 0.133194 0.561788
0.040000 0.062979 0.134869 0.561788
0.040000 0.062979 0.136545 0.561788
0.040000 0.062979 0.138220 0.561788
0.040000 0.062979 0.139895 0.561788
0.040000 0.062979 0.141571 0.561788
0.040000 0.062979 0.143246 0.561788
0.040000 0.062979 0.144921 0.561788
0.040000 0.062979 0.146597 0.561788
0.040000 0.062979 0.148272 0.561788
0.040000 0.062979 0.149948 0.561788
0.040000 0.062979 0.151623 0.561788
0.040000 0.062979 0.153298 0.561788
0.040000 0.062979 0.154974 0.561788
0.040000 0.062979 0.156649 0.561788
0.040000 0.062979 0.158325 0.561788
0.040000 0.062979 0.160000 0.561788
0.040000 0.064681 -0.160000 0.555704
0.040000 0.064681 -0.158325 0.555704
0.040000 0.064681 -0.156649 0.555704
0.040000 0.064681 -0.154974 0.555704
0.040000 0.064681 -0.153298 0.555704
0.040000 0.064681 -0.151623 0.555704
0.040000 0.064681 -0.149948 0.555704
0.040000 0.064681 -0.148272 0.555704
0.040000 0.064681 -0.146597 0.555704
0.040000 0.064681 -0.144921 0.555704
0.040000 0.064681 -0.143246 0.555704
0.040000 0.064681 -0.141571 0.555704
0.040000 0.064681 -0.139895 0.555704
0.040000 0.064681 -0.138220 0.555704
0.040000 0.064681 -0.136545 0.555704
0.040000 0.064681 -0.134869 0.555704
0.040000 0.064681 -0.133194 0.555704
0.040000 0.064681 -0.131518 0.555704
0.040000 0.064681 -0.129843 0.555704
0.040000 0.064681 -0.128168 0.555704
0.040000 0.064681 -0.126492 0.555704
0.040000 0.064681 -0.124817 0.555704
0.040000 0.064681 -0.123141 0.555704
0.040000 0.064681 -0.121466 0.555704
0.040000 0.064681 -0.119791 0.555704
0.040000 0.064681 -0.118115 0.555704
0.040000 0.064681 -0.116440 0.555704
0.040000 0.064681 -0.114764 0.555704
0.040000 0.064681 -0.113089 0.555704
0.040000 0.064681 -0.111414 0.555704
0.040000 0.064681 -0.109738 0.555704
0.040000 0.064681 -0.108063 0.555704
0.040000 0.064681 -0.106387 0.555704
0.040000 0.064681 -0.104712 0.555704
0.040000 0.064681 -0.103037 0.555704
0.040000 0.064681 -0.101361 0.555704
0.040000 0.064681 -0.099686 0.555704
0.040000 0.064681 -0.098010 0.555704
0.040000 0.064681 -0.096335 0.555704
0.040000 0.064681 -0.094660 0.555704
0.040000 0.064681 -0.092984 0.555704
0.040000 0.064681 -0.091309 0.555704
0.040000 0.064681 -0.089634 0.555704
0.040000 0.064681 -0.087958 0.555704
0.040000 0.064681 -0.086283 0.555704
0.040000 0.064681 -0.084607 0.555704
0.040000 0.064681 -0.082932 0.555704
0.040000 0.064681 -0.081257 0.555704
0.040000 0.064681 -0.079581 0.555704
0.040000 0.064681 -0.077906 0.555704
0.040000 0.064681 -0.076230 0.555704
0.040000 0.064681 -0.074555 0.555704
0.040000 0.064681 -0.072880 0.555704
0.040000 0.064681 -0.071204 0.555704
0.040000 0.064681 -0.069529 0.555704
0.040000 0.064681 -0.067853 0.555704
0.040000 0.064681 -0.066178 0.555704
0.040000 0.064681 -0.064503 0.555704
0.040000 0.064681 -0.062827 0.555704
0.040000 0.064681 -0.061152 0.555704
0.040000 0.064681 -0.059476 0.555704
0.040000 0.064681 -0.057801 0.555704
0.040000 0.064681 -0.056126 0.555704
0.040000 0.064681 -0.054450 0.555704
0.040000 0.064681 -0.052775 0.555704
0.040000 0.064681 -0.051099 0.555704
0.040000 0.064681 -0.049424 0.555704
0.040000 0.064681 -0.047749 0.555704
0.040000 0.064681 -0.046073 0.555704
0.040000 0.064681 -0.044398 0.555704
0.040000 0.064681 -0.042723 0.555704
0.040000 0.064681 -0.041047 0.555704
0.040000 0.064681 -0.039372 0.555704
0.040000 0.064681 -0.037696 0.555704
0.040000 0.064681 -0.036021 0.555704
0.040000 0.064681 -0.034346 0.555704
0.040000 0.064681 -0.032670 0.555704
0.040000 0.064681 -0.030995 0.555704
0.040000 0.064681 -0.029319 0.555704
0.040000 0.064681 -0.027644 0.555704
0.040000 0.064681 -0.025969 0.555704
0.040000 0.064681 -0.024293 0.555704
0.040000 0.064681 -0.022618 0.555704
0.040000 0.064681 -0.020942 0.555704
0.040000 0.064681 -0.019267 0.555704
0.040000 0.064681 -0.017592 0.555704
0.040000 0.064681 -0.015916 0.555704
0.040000 0.064681 -0.014241 0.555704
0.040000 0.064681 -0.012565 0.555704
0.040000 0.064681 -0.010890 0.555704
0.040000 0.064681 -0.009215 0.555704
0.040000 0.064681 -0.007539 0.555704
0.040000 0.064681 -0.005864 0.555704
0.040000 0.064681 -0.004188 0.555704
0.040000 0.064681 -0.002513 0.555704
0.040000 0.064681 -0.000838 0.555704
0.040000 0.064681 0.000838 0.555704
0.040000 0.064681 0.002513 0.555704
0.040000 0.064681 0.004188 0.555704
0.040000 0.064681 0.005864 0.555704
0.040000 0.064681 0.007539 0.555704
0.040000 0.064681 0.009215 0.555704
0.040000 0.064681 0.010890 0.555704
0.040000 0.064681 0.012565 0.555704
0.040000 0.064681 0.014241 0.555704
0.040000 0.064681 0.015916 0.555704
0.040000 0.064681 0.017592 0.555704
0.040000 0.064681 0.019267 0.555704
0.040000 0.064681 0.020942 0.555704
0.040000 0.064681 0.022618 0.555704
0.040000 0.064681 0.024293 0.555704
0.040000 0.064681 0.025969 0.555704
0.040000 0.064681 0.027644 0.555704
0.040000 0.064681 0.029319 0.555704
0.040000 0.064681 0.030995 0.555704
0.040000 0.064681 0.032670 0.555704
0.040000 0.064681 0.034346 0.555704
0.040000 0.064681 0.036021 0.555704
0.040000 0.064681 0.037696 0.555704
0.040000 0.064681 0.039372 0.555704
0.040000 0.064681 0.041047 0.555704
0.040000 0.064681 0.042723 0.555704
0.040000 0.064681 0.044398 0.555704
0.040000 0.064681 0.046073 0.555704
0.040000 0.064681 0.047749 0.555704
0.040000 0.064681 0.049424 0.555704
0.040000 0.064681 0.051099 0.555704
0.040000 0.064681 0.052775 0.555704
0.040000 0.064681 0.054450 0.555704
0.040000 0.064681 0.056126 0.555704
0.040000 0.064681 0.057801 0.555704
0.040000 0.064681 0.059476 0.555704
0.040000 0.064681 0.061152 0.555704
0.040000 0.064681 0.062827 0.555704
0.040000 0.064681 0.064503 0.555704
0.040000 0.064681 0.066178 0.555704
0.040000 0.064681 0.067853 0.555704
0.040000 0.064681 0.069529 0.555704
0.040000 0.064681 0.071204 0.555704
0.040000 0.064681 0.072880 0.555704
0.040000 0.064681 0.074555 0.555704
0.040000 0.064681 0.076230 0.555704
0.040000 0.064681 0.077906 0.555704
0.040000 0.064681 0.079581 0.555704
0.040000 0.064681 0.081257 0.555704
0.040000 0.064681 0.082932 0.555704
0.040000 0.064681 0.084607 0.555704
0.040000 0.064681 0.086283 0.555704
0.040000 0.064681 0.087958 0.555704
0.040000 0.064681 0.089634 0.555704
0.040000 0.064681 0.091309 0.555704
0.040000 0.064681 0.092984 0.555704
0.040000 0.064681 0.094660 0.555704
0.040000 0.064681 0.096335 0.555704
0.040000 0.064681 0.098010 0.555704
0.040000 0.064681 0.099686 0.555704
0.040000 0.064681 0.101361 0.555704
0.040000 0.064681 0.103037 0.555704
0.040000 0.064681 0.104712 0.555704
0.040000 0.064681 0.106387 0.555704
0.040000 0.064681 0.108063 0.555704
0.040000 0.064681 0.109738 0.555704
0.040000 0.064681 0.111414 0.555704
0.040000 0.064681 0.113089 0.555704
0.040000 0.064681 0.114764 0.555704
0.040000 0.064681 0.116440 0.555704
0.040000 0.064681 0.118115 0.555704
0.040000 0.064681 0.119791 0.555704
0.040000 0.064681 0.121466 0.555704
0.040000 0.064681 0.123141 0.555704
0.040000 0.064681 0.124817 0.555704
0.040000 0.064681 0.126492 0.555704
0.040000 0.064681 0.128168 0.555704
0.040000 0.064681 0.129843 0.555704
0.040000 0.064681 0.131518 0.555704
0.040000 0.064681 0.133194 0.555704
0.040000 0.064681 0.134869 0.555704
0.040000 0.064681 0.136545 0.555704
0.040000 0.064681 0.138220 0.555704
0.040000 0.064681 0.139895 0.555704
0.040000 0.064681 0.141571 0.555704
0.040000 0.064681 0.143246 0.555704
0.040000 0.064681 0.144921 0.555704
0.040000 0.064681 0.146597 0.555704
0.040000 0.064681 0.148272 0.555704
0.040000 0.064681 0.149948 0.555704
0.040000 0.064681 0.151623 0.555704
0.040000 0.064681 0.153298 0.555704
0.040000 0.064681 0.154974 0.555704
0.040000 0.064681 0.156649 0.555704
0.040000 0.064681 0.158325 0.555704
0.040000 0.064681 0.160000 0.555704
0.040000 0.066383 -0.160000 0.549380
0.040000 0.066383 -0.158325 0.549380
0.040000 0.066383 -0.156649 0.549380
0.040000 0.066383 -0.154974 0.549380
0.040000 0.066383 -0.153298 0.549380
0.040000 0.066383 -0.151623 0.549380
0.040000 0.066383 -0.149948 0.549380
0.040000 0.066383 -0.148272 0.549380
0.040000 0.066383 -0.146597 0.549380
0.040000 0.066383 -0.144921 0.549380
0.040000 0.066383 -0.143246 0.549380
0.040000 0.066383 -0.141571 0.549380
0.040000 0.066383 -0.139895 0.549380
0.040000 0.066383 -0.138220 0.549380
0.040000 0.066383 -0.136545 0.549380
0.040000 0.066383 -0.134869 0.549380
0.040000 0.066383 -0.133194 0.549380
0.040000 0.066383 -0.131518 0.549380
0.040000 0.066383 -0.129843 0.549380
0.040000 0.066383 -0.128168 0.549380
0.040000 0.066383 -0.126492 0.549380
0.040000 0.066383 -0.124817 0.549380
0.040000 0.066383 -0.123141 0.549380
0.040000 0.066383 -0.121466 0.549380
0.040000 0.066383 -0.119791 0.549380
0.040000 0.066383 -0.118115 0.549380
0.040000 0.066383 -0.116440 0.549380
0.040000 0.066383 -0.114764 0.549380
0.040000 0.066383 -0.113089 0.549380
0.040000 0.066383 -0.111414 0.549380
0.040000 0.066383 -0.109738 0.549380
0.040000 0.066383 -0.108063 0.549380
0.040000 0.066383 -0.106387 0.549380
0.040000 0.066383 -0.104712 0.549380
0.040000 0.066383 -0.103037 0.549380
0.040000 0.066383 -0.101361 0.549380
0.040000 0.066383 -0.099686 0.549380
0.040000 0.066383 -0.098010 0.549380
0.040000 0.066383 -0.096335 0.549380
0.040000 0.066383 -0.094660 0.549380
0.040000 0.066383 -0.092984 0.549380
0.040000 0.066383 -0.091309 0.549380
0.040000 0.066383 -0.089634 0.549380
0.040000 0.066383 -0.087958 0.549380
0.040000 0.066383 -0.086283 0.549380
0.040000 0.066383 -0.084607 0.549380
0.040000 0.066383 -0.082932 0.549380
0.040000 0.066383 -0.081257 0.549380
0.040000 0.066383 -0.079581 0.549380
0.040000 0.066383 -0.077906 0.549380
0.040000 0.066383 -0.076230 0.549380
0.040000 0.066383 -0.074555 0.549380
0.040000 0.066383 -0.072880 0.549380
0.040000 0.066383 -0.071204 0.549380
0.040000 0.066383 -0.069529 0.549380
0.040000 0.066383 -0.067853 0.549380
0.040000 0.066383 -0.066178 0.549380
0.040000 0.066383 -0.064503 0.549380
0.040000 0.066383 -0.062827 0.549380
0.040000 0.066383 -0.061152 0.549380
0.040000 0.066383 -0.059476 0.549380
0.040000 0.066383 -0.057801 0.549380
0.040000 0.066383 -0.056126 0.549380
0.040000 0.066383 -0.054450 0.549380
0.040000 0.066383 -0.052775 0.549380
0.040000 0.066383 -0.051099 0.549380
0.040000 0.066383 -0.049424 0.549380
0.040000 0.066383 -0.047749 0.549380
0.040000 0.066383 -0.046073 0.549380
0.040000 0.066383 -0.044398 0.549380
0.040000 0.066383 -0.042723 0.549380
0.040000 0.066383 -0.041047 0.549380
0.040000 0.066383 -0.039372 0.549380
0.040000 0.066383 -0.037696 0.549380
0.040000 0.066383 -0.036021 0.549380
0.040000 0.066383 -0.034346 0.549380
0.040000 0.066383 -0.032670 0.549380
0.040000 0.066383 -0.030995 0.549380
0.040000 0.066383 -0.029319 0.549380
0.040000 0.066383 -0.027644 0.549380
0.040000 0.066383 -0.025969 0.549380
0.040000 0.066383 -0.024293 0.549380
0.040000 0.066383 -0.022618 0.549380
0.040000 0.066383 -0.020942 0.549380
0.040000 0.066383 -0.019267 0.549380
0.040000 0.066383 -0.017592 0.549380
0.040000 0.066383 -0.015916 0.549380
0.040000 0.066383 -0.014241 0.549380
0.040000 0.066383 -0.012565 0.549380
0.040000 0.066383 -0.010890 0.549380
0.040000 0.066383 -0.009215 0.549380
0.040000 0.066383 -0.007539 0.549380
0.040000 0.066383 -0.005864 0.549380
0.040000 0.066383 -0.004188 0.549380
0.040000 0.066383 -0.002513 0.549380
0.040000 0.066383 -0.000838 0.549380
0.040000 0.066383 0.000838 0.549380
0.040000 0.066383 0.002513 0.549380
0.040000 0.066383 0.004188 0.549380
0.040000 0.066383 0.005864 0.549380
0.040000 0.066383 0.007539 0.549380
0.040000 0.066383 0.009215 0.549380
0.040000 0.066383 0.010890 0.549380
0.040000 0.066383 0.012565 0.549380
0.040000 0.066383 0.014241 0.549380
0.040000 0.066383 0.015916 0.549380
0.040000 0.066383 0.017592 0.549380
0.040000 0.066383 0.019267 0.549380
0.040000 0.066383 0.020942 0.549380
0.040000 0.066383 0.022618 0.549380
0.040000 0.066383 0.024293 0.549380
0.040000 0.066383 0.025969 0.549380
0.040000 0.066383 0.027644 0.549380
0.040000 0.066383 0.029319 0.549380
0.040000 0.066383 0.030995 0.549380
0.040000 0.066383 0.032670 0.549380
0.040000 0.066383 0.034346 0.549380
0.040000 0.066383 0.036021 0.549380
0.040000 0.066383 0.037696 0.549380
0.040000 0.066383 0.039372 0.549380
0.040000 0.066383 0.041047 0.549380
0.040000 0.066383 0.042723 0.549380
0.040000 0.066383 0.044398 0.549380
0.040000 0.066383 0.046073 0.549380
0.040000 0.066383 0.047749 0.549380
0.040000 0.066383 0.049424 0.549380
0.040000 0.066383 0.051099 0.549380
0.040000 0.066383 0.052775 0.549380
0.040000 0.066383 0.054450 0.549380
0.040000 0.066383 0.056126 0.549380
0.040000 0.066383 0.057801 0.549380
0.040000 0.066383 0.059476 0.549380
0.040000 0.066383 0.061152 0.549380
0.040000 0.066383 0.062827 0.549380
0.040000 0.066383 0.064503 0.549380
0.040000 0.066383 0.066178 0.549380
0.040000 0.066383 0.067853 0.549380
0.040000 0.066383 0.069529 0.549380
0.040000 0.066383 0.071204 0.549380
0.040000 0.066383 0.072880 0.549380
0.040000 0.066383 0.074555 0.549380
0.040000 0.066383 0.076230 0.549380
0.040000 0.066383 0.077906 0.549380
0.040000 0.066383 0.079581 0.549380
0.040000 0.066383 0.081257 0.549380
0.040000 0.066383 0.082932 0.549380
0.040000 0.066383 0.084607 0.549380
0.040000 0.066383 0.086283 0.549380
0.040000 0.066383 0.087958 0.549380
0.040000 0.066383 0.089634 0.549380
0.040000 0.066383 0.091309 0.549380
0.040000 0.066383 0.092984 0.549380
0.040000 0.066383 0.094660 0.549380
0.040000 0.066383 0.096335 0.549380
0.040000 0.066383 0.098010 0.549380
0.040000 0.066383 0.099686 0.549380
0.040000 0.066383 0.101361 0.549380
0.040000 0.066383 0.103037 0.549380
0.040000 0.066383 0.104712 0.549380
0.040000 0.066383 0.106387 0.549380
0.040000 0.066383 0.108063 0.549380
0.040000 0.066383 0.109738 0.549380
0.040000 0.066383 0.111414 0.549380
0.040000 0.066383 0.113089 0.549380
0.040000 0.066383 0.114764 0.549380
0.040000 0.066383 0.116440 0.549380
0.040000 0.066383 0.118115 0.549380
0.040000 0.066383 0.119791 0.549380
0.040000 0.066383 0.121466 0.549380
0.040000 0.066383 0.123141 0.549380
0.040000 0.066383 0.124817 0.549380
0.040000 0.066383 0.126492 0.549380
0.040000 0.066383 0.128168 0.549380
0.040000 0.066383 0.129843 0.549380
0.040000 0.066383 0.131518 0.549380
0.040000 0.066383 0.133194 0.549380
0.040000 0.066383 0.134869 0.549380
0.040000 0.066383 0.136545 0.549380
0.040000 0.066383 0.138220 0.549380
0.040000 0.066383 0.139895 0.549380
0.040000 0.066383 0.141571 0.549380
0.040000 0.066383 0.143246 0.549380
0.040000 0.066383 0.144921 0.549380
0.040000 0.066383 0.146597 0.549380
0.040000 0.066383 0.148272 0.549380
0.040000 0.066383 0.149948 0.549380
0.040000 0.066383 0.151623 0.549380
0.040000 0.066383 0.153298 0.549380
0.040000 0.066383 0.154974 0.549380
0.040000 0.066383 0.156649 0.549380
0.040000 0.066383 0.158325 0.549380
0.040000 0.066383 0.160000 0.549380
0.040000 0.068085 -0.160000 0.542841
0.040000 0.068085 -0.158325 0.542841
0.040000 0.068085 -0.156649 0.542841
0.040000 0.068085 -0.154974 0.542841
0.040000 0.068085 -0.153298 0.542841
0.040000 0.068085 -0.151623 0.542841
0.040000 0.068085 -0.149948 0.542841
0.040000 0.068085 -0.148272 0.542841
0.040000 0.068085 -0.146597 0.542841
0.040000 0.068085 -0.144921 0.542841
0.040000 0.068085 -0.143246 0.542841
0.040000 0.068085 -0.141571 0.542841
0.040000 0.068085 -0.139895 0.542841
0.040000 0.068085 -0.138220 0.542841
0.040000 0.068085 -0.136545 0.542841
0.040000 0.068085 -0.134869 0.542841
0.040000 0.068085 -0.133194 0.542841
0.040000 0.068085 -0.131518 0.542841
0.040000 0.068085 -0.129843 0.542841
0.040000 0.068085 -0.128168 0.542841
0.040000 0.068085 -0.126492 0.542841
0.040000 0.068085 -0.124817 0.542841
0.040000 0.068085 -0.123141 0.542841
0.040000 0.068085 -0.121466 0.542841
0.040000 0.068085 -0.119791 0.542841
0.040000 0.068085 -0.118115 0.542841
0.040000 0.068085 -0.116440 0.542841
0.040000 0.068085 -0.114764 0.542841
0.040000 0.068085 -0.113089 0.542841
0.040000 0.068085 -0.111414 0.542841
0.040000 0.068085 -0.109738 0.542841
0.040000 0.068085 -0.108063 0.542841
0.040000 0.068085 -0.106387 0.542841
0.040000 0.068085 -0.104712 0.542841
0.040000 0.068085 -0.103037 0.542841
0.040000 0.068085 -0.101361 0.542841
0.040000 0.068085 -0.099686 0.542841
0.040000 0.068085 -0.098010 0.542841
0.040000 0.068085 -0.096335 0.542841
0.040000 0.068085 -0.094660 0.542841
0.040000 0.068085 -0.092984 0.542841
0.040000 0.068085 -0.091309 0.542841
0.040000 0.068085 -0.089634 0.542841
0.040000 0.068085 -0.087958 0.542841
0.040000 0.068085 -0.086283 0.542841
0.040000 0.068085 -0.084607 0.542841
0.040000 0.068085 -0.082932 0.542841
0.040000 0.068085 -0.081257 0.542841
0.040000 0.068085 -0.079581 0.542841
0.040000 0.068085 -0.077906 0.542841
0.040000 0.068085 -0.076230 0.542841
0.040000 0.068085 -0.074555 0.542841
0.040000 0.068085 -0.072880 0.542841
0.040000 0.068085 -0.071204 0.542841
0.040000 0.068085 -0.069529 0.542841
0.040000 0.068085 -0.067853 0.542841
0.040000 0.068085 -0.066178 0.542841
0.040000 0.068085 -0.064503 0.542841
0.040000 0.068085 -0.062827 0.542841
0.040000 0.068085 -0.061152 0.542841
0.040000 0.068085 -0.059476 0.542841
0.040000 0.068085 -0.057801 0.542841
0.040000 0.068085 -0.056126 0.542841
0.040000 0.068085 -0.054450 0.542841
0.040000 0.068085 -0.052775 0.542841
0.040000 0.068085 -0.051099 0.542841
0.040000 0.068085 -0.049424 0.542841
0.040000 0.068085 -0.047749 0.542841
0.040000 0.068085 -0.046073 0.542841
0.040000 0.068085 -0.044398 0.542841
0.040000 0.068085 -0.042723 0.542841
0.040000 0.068085 -0.041047 0.542841
0.040000 0.068085 -0.039372 0.542841
0.040000 0.068085 -0.037696 0.542841
0.040000 0.068085 -0.036021 0.542841
0.040000 0.068085 -0.034346 0.542841
0.040000 0.068085 -0.032670 0.542841
0.040000 0.068085 -0.030995 0.542841
0.040000 0.068085 -0.029319 0.542841
0.040000 0.068085 -0.027644 0.542841
0.040000 0.068085 -0.025969 0.542841
0.040000 0.068085 -0.024293 0.542841
0.040000 0.068085 -0.022618 0.542841
0.040000 0.068085 -0.020942 0.542841
0.040000 0.068085 -0.019267 0.542841
0.040000 0.068085 -0.017592 0.542841
0.040000 0.068085 -0.015916 0.542841
0.040000 0.068085 -0.014241 0.542841
0.040000 0.068085 -0.012565 0.542841
0.040000 0.068085 -0.010890 0.542841
0.040000 0.068085 -0.009215 0.542841
0.040000 0.068085 -0.007539 0.542841
0.040000 0.068085 -0.005864 0.542841
0.040000 0.068085 -0.004188 0.542841
0.040000 0.068085 -0.002513 0.542841
0.040000 0.068085 -0.000838 0.542841
0.040000 0.068085 0.000838 0.542841
0.040000 0.068085 0.002513 0.542841
0.040000 0.068085 0.004188 0.542841
0.040000 0.068085 0.005864 0.542841
0.040000 0.068085 0.007539 0.542841
0.040000 0.068085 0.009215 0.542841
0.040000 0.068085 0.010890 0.542841
0.040000 0.068085 0.012565 0.542841
0.040000 0.068085 0.014241 0.542841
0.040000 0.068085 0.015916 0.542841
0.040000 0.068085 0.017592 0.542841
0.040000 0.068085 0.019267 0.542841
0.040000 0.068085 0.020942 0.542841
0.040000 0.068085 0.022618 0.542841
0.040000 0.068085 0.024293 0.542841
0.040000 0.068085 0.025969 0.542841
0.040000 0.068085 0.027644 0.542841
0.040000 0.068085 0.029319 0.542841
0.040000 0.068085 0.030995 0.542841
0.040000 0.068085 0.032670 0.542841
0.040000 0.068085 0.034346 0.542841
0.040000 0.068085 0.036021 0.542841
0.040000 0.068085 0.037696 0.542841
0.040000 0.068085 0.039372 0.542841
0.040000 0.068085 0.041047 0.542841
0.040000 0.068085 0.042723 0.542841
0.040000 0.068085 0.044398 0.542841
0.040000 0.068085 0.046073 0.542841
0.040000 0.068085 0.047749 0.542841
0.040000 0.068085 0.049424 0.542841
0.040000 0.068085 0.051099 0.542841
0.040000 0.068085 0.052775 0.542841
0.040000 0.068085 0.054450 0.542841
0.040000 0.068085 0.056126 0.542841
0.040000 0.068085 0.057801 0.542841
0.040000 0.068085 0.059476 0.542841
0.040000 0.068085 0.061152 0.542841
0.040000 0.068085 0.062827 0.542841
0.040000 0.068085 0.064503 0.542841
0.040000 0.068085 0.066178 0.542841
0.040000 0.068085 0.067853 0.542841
0.040000 0.068085 0.069529 0.542841
0.040000 0.068085 0.071204 0.542841
0.040000 0.068085 0.072880 0.542841
0.040000 0.068085 0.074555 0.542841
0.040000 0.068085 0.076230 0.542841
0.040000 0.068085 0.077906 0.542841
0.040000 0.068085 0.079581 0.542841
0.040000 0.068085 0.081257 0.542841
0.040000 0.068085 0.082932 0.542841
0.040000 0.068085 0.084607 0.542841
0.040000 0.068085 0.086283 0.542841
0.040000 0.068085 0.087958 0.542841
0.040000 0.068085 0.089634 0.542841
0.040000 0.068085 0.091309 0.542841
0.040000 0.068085 0.092984 0.542841
0.040000 0.068085 0.094660 0.542841
0.040000 0.068085 0.096335 0.542841
0.040000 0.068085 0.098010 0.542841
0.040000 0.068085 0.099686 0.542841
0.040000 0.068085 0.101361 0.542841
0.040000 0.068085 0.103037 0.542841
0.040000 0.068085 0.104712 0.542841
0.040000 0.068085 0.106387 0.542841
0.040000 0.068085 0.108063 0.542841
0.040000 0.068085 0.109738 0.542841
0.040000 0.068085 0.111414 0.542841
0.040000 0.068085 0.113089 0.542841
0.040000 0.068085 0.114764 0.542841
0.040000 0.068085 0.116440 0.542841
0.040000 0.068085 0.118115 0.542841
0.040000 0.068085 0.119791 0.542841
0.040000 0.068085 0.121466 0.542841
0.040000 0.068085 0.123141 0.542841
0.040000 0.068085 0.124817 0.542841
0.040000 0.068085 0.126492 0.542841
0.040000 0.068085 0.128168 0.542841
0.040000 0.068085 0.129843 0.542841
0.040000 0.068085 0.131518 0.542841
0.040000 0.068085 0.133194 0.542841
0.040000 0.068085 0.134869 0.542841
0.040000 0.068085 0.136545 0.542841
0.040000 0.068085 0.138220 0.542841
0.040000 0.068085 0.139895 0.542841
0.040000 0.068085 0.141571 0.542841
0.040000 0.068085 0.143246 0.542841
0.040000 0.068085 0.144921 0.542841
0.040000 0.068085 0.146597 0.542841
0.040000 0.068085 0.148272 0.542841
0.040000 0.068085 0.149948 0.542841
0.040000 0.068085 0.151623 0.542841
0.040000 0.068085 0.153298 0.542841
0.040000 0.068085 0.154974 0.542841
0.040000 0.068085 0.156649 0.542841
0.040000 0.068085 0.158325 0.542841
0.040000 0.068085 0.160000 0.542841
0.040000 0.069787 -0.160000 0.536114
0.040000 0.069787 -0.158325 0.536114
0.040000 0.069787 -0.156649 0.536114
0.040000 0.069787 -0.154974 0.536114
0.040000 0.069787 -0.153298 0.536114
0.040000 0.069787 -0.151623 0.536114
0.040000 0.069787 -0.149948 0.536114
0.040000 0.069787 -0.148272 0.536114
0.040000 0.069787 -0.146597 0.536114
0.040000 0.069787 -0.144921 0.536114
0.040000 0.069787 -0.143246 0.536114
0.040000 0.069787 -0.141571 0.536114
0.040000 0.069787 -0.139895 0.536114
0.040000 0.069787 -0.138220 0.536114
0.040000 0.069787 -0.136545 0.536114
0.040000 0.069787 -0.134869 0.536114
0.040000 0.069787 -0.133194 0.536114
0.040000 0.069787 -0.131518 0.536114
0.040000 0.069787 -0.129843 0.536114
0.040000 0.069787 -0.128168 0.536114
0.040000 0.069787 -0.126492 0.536114
0.040000 0.069787 -0.124817 0.536114
0.040000 0.069787 -0.123141 0.536114
0.040000 0.069787 -0.121466 0.536114
0.040000 0.069787 -0.119791 0.536114
0.040000 0.069787 -0.118115 0.536114
0.040000 0.069787 -0.116440 0.536114
0.040000 0.069787 -0.114764 0.536114
0.040000 0.069787 -0.113089 0.536114
0.040000 0.069787 -0.111414 0.536114
0.040000 0.069787 -0.109738 0.536114
0.040000 0.069787 -0.108063 0.536114
0.040000 0.069787 -0.106387 0.536114
0.040000 0.069787 -0.104712 0.536114
0.040000 0.069787 -0.103037 0.536114
0.040000 0.069787 -0.101361 0.536114
0.040000 0.069787 -0.099686 0.536114
0.040000 0.069787 -0.098010 0.536114
0.040000 0.069787 -0.096335 0.536114
0.040000 0.069787 -0.094660 0.536114
0.040000 0.069787 -0.092984 0.536114
0.040000 0.069787 -0.091309 0.536114
0.040000 0.069787 -0.089634 0.536114
0.040000 0.069787 -0.087958 0.536114
0.040000 0.069787 -0.086283 0.536114
0.040000 0.069787 -0.084607 0.536114
0.040000 0.069787 -0.082932 0.536114
0.040000 0.069787 -0.081257 0.536114
0.040000 0.069787 -0.079581 0.536114
0.040000 0.069787 -0.077906 0.536114
0.040000 0.069787 -0.076230 0.536114
0.040000 0.069787 -0.074555 0.536114
0.040000 0.069787 -0.072880 0.536114
0.040000 0.069787 -0.071204 0.536114
0.040000 0.069787 -0.069529 0.536114
0.040000 0.069787 -0.067853 0.536114
0.040000 0.069787 -0.066178 0.536114
0.040000 0.069787 -0.064503 0.536114
0.040000 0.069787 -0.062827 0.536114
0.040000 0.069787 -0.061152 0.536114
0.040000 0.069787 -0.059476 0.536114
0.040000 0.069787 -0.057801 0.536114
0.040000 0.069787 -0.056126 0.536114
0.040000 0.069787 -0.054450 0.536114
0.040000 0.069787 -0.052775 0.536114
0.040000 0.069787 -0.051099 0.536114
0.040000 0.069787 -0.049424 0.536114
0.040000 0.069787 -0.047749 0.536114
0.040000 0.069787 -0.046073 0.536114
0.040000 0.069787 -0.044398 0.536114
0.040000 0.069787 -0.042723 0.536114
0.040000 0.069787 -0.041047 0.536114
0.040000 0.069787 -0.039372 0.536114
0.040000 0.069787 -0.037696 0.536114
0.040000 0.069787 -0.036021 0.536114
0.040000 0.069787 -0.034346 0.536114
0.040000 0.069787 -0.032670 0.536114
0.040000 0.069787 -0.030995 0.536114
0.040000 0.069787 -0.029319 0.536114
0.040000 0.069787 -0.027644 0.536114
0.040000 0.069787 -0.025969 0.536114
0.040000 0.069787 -0.024293 0.536114
0.040000 0.069787 -0.022618 0.536114
0.040000 0.069787 -0.020942 0.536114
0.040000 0.069787 -0.019267 0.536114
0.040000 0.069787 -0.017592 0.536114
0.040000 0.069787 -0.015916 0.536114
0.040000 0.069787 -0.014241 0.536114
0.040000 0.069787 -0.012565 0.536114
0.040000 0.069787 -0.010890 0.536114
0.040000 0.069787 -0.009215 0.536114
0.040000 0.069787 -0.007539 0.536114
0.040000 0.069787 -0.005864 0.536114
0.040000 0.069787 -0.004188 0.536114
0.040000 0.069787 -0.002513 0.536114
0.040000 0.069787 -0.000838 0.536114
0.040000 0.069787 0.000838 0.536114
0.040000 0.069787 0.002513 0.536114
0.040000 0.069787 0.004188 0.536114
0.040000 0.069787 0.005864 0.536114
0.040000 0.069787 0.007539 0.536114
0.040000 0.069787 0.009215 0.536114
0.040000 0.069787 0.010890 0.536114
0.040000 0.069787 0.012565 0.536114
0.040000 0.069787 0.014241 0.536114
0.040000 0.069787 0.015916 0.536114
0.040000 0.069787 0.017592 0.536114
0.040000 0.069787 0.019267 0.536114
0.040000 0.069787 0.020942 0.536114
0.040000 0.069787 0.022618 0.536114
0.040000 0.069787 0.024293 0.536114
0.040000 0.069787 0.025969 0.536114
0.040000 0.069787 0.027644 0.536114
0.040000 0.069787 0.029319 0.536114
0.040000 0.069787 0.030995 0.536114
0.040000 0.069787 0.032670 0.536114
0.040000 0.069787 0.034346 0.536114
0.040000 0.069787 0.036021 0.536114
0.040000 0.069787 0.037696 0.536114
0.040000 0.069787 0.039372 0.536114
0.040000 0.069787 0.041047 0.536114
0.040000 0.069787 0.042723 0.536114
0.040000 0.069787 0.044398 0.536114
0.040000 0.069787 0.046073 0.536114
0.040000 0.069787 0.047749 0.536114
0.040000 0.069787 0.049424 0.536114
0.040000 0.069787 0.051099 0.536114
0.040000 0.069787 0.052775 0.536114
0.040000 0.069787 0.054450 0.536114
0.040000 0.069787 0.056126 0.536114
0.040000 0.069787 0.057801 0.536114
0.040000 0.069787 0.059476 0.536114
0.040000 0.069787 0.061152 0.536114
0.040000 0.069787 0.062827 0.536114
0.040000 0.069787 0.064503 0.536114
0.040000 0.069787 0.066178 0.536114
0.040000 0.069787 0.067853 0.536114
0.040000 0.069787 0.069529 0.536114
0.040000 0.069787 0.071204 0.536114
0.040000 0.069787 0.072880 0.536114
0.040000 0.069787 0.074555 0.536114
0.040000 0.069787 0.076230 0.536114
0.040000 0.069787 0.077906 0.536114
0.040000 0.069787 0.079581 0.536114
0.040000 0.069787 0.081257 0.536114
0.040000 0.069787 0.082932 0.536114
0.040000 0.069787 0.084607 0.536114
0.040000 0.069787 0.086283 0.536114
0.040000 0.069787 0.087958 0.536114
0.040000 0.069787 0.089634 0.536114
0.040000 0.069787 0.091309 0.536114
0.040000 0.069787 0.092984 0.536114
0.040000 0.069787 0.094660 0.536114
0.040000 0.069787 0.096335 0.536114
0.040000 0.069787 0.098010 0.536114
0.040000 0.069787 0.099686 0.536114
0.040000 0.069787 0.101361 0.536114
0.040000 0.069787 0.103037 0.536114
0.040000 0.069787 0.104712 0.536114
0.040000 0.069787 0.106387 0.536114
0.040000 0.069787 0.108063 0.536114
0.040000 0.069787 0.109738 0.536114
0.040000 0.069787 0.111414 0.536114
0.040000 0.069787 0.113089 0.536114
0.040000 0.069787 0.114764 0.536114
0.040000 0.069787 0.116440 0.536114
0.040000 0.069787 0.118115 0.536114
0.040000 0.069787 0.119791 0.536114
0.040000 0.069787 0.121466 0.536114
0.040000 0.069787 0.123141 0.536114
0.040000 0.069787 0.124817 0.536114
0.040000 0.069787 0.126492 0.536114
0.040000 0.069787 0.128168 0.536114
0.040000 0.069787 0.129843 0.536114
0.040000 0.069787 0.131518 0.536114
0.040000 0.069787 0.133194 0.536114
0.040000 0.069787 0.134869 0.536114
0.040000 0.069787 0.136545 0.536114
0.040000 0.069787 0.138220 0.536114
0.040000 0.069787 0.139895 0.536114
0.040000 0.069787 0.141571 0.536114
0.040000 0.069787 0.143246 0.536114
0.040000 0.069787 0.144921 0.536114
0.040000 0.069787 0.146597 0.536114
0.040000 0.069787 0.148272 0.536114
0.040000 0.069787 0.149948 0.536114
0.040000 0.069787 0.151623 0.536114
0.040000 0.069787 0.153298 0.536114
0.040000 0.069787 0.154974 0.536114
0.040000 0.069787 0.156649 0.536114
0.040000 0.069787 0.158325 0.536114
0.040000 0.069787 0.160000 0.536114
0.040000 0.071489 -0.160000 0.529223
0.040000 0.071489 -0.158325 0.529223
0.040000 0.071489 -0.156649 0.529223
0.040000 0.071489 -0.154974 0.529223
0.040000 0.071489 -0.153298 0.529223
0.040000 0.071489 -0.151623 0.529223
0.040000 0.071489 -0.149948 0.529223
0.040000 0.071489 -0.148272 0.529223
0.040000 0.071489 -0.146597 0.529223
0.040000 0.071489 -0.144921 0.529223
0.040000 0.071489 -0.143246 0.529223
0.040000 0.071489 -0.141571 0.529223
0.040000 0.071489 -0.139895 0.529223
0.040000 0.071489 -0.138220 0.529223
0.040000 0.071489 -0.136545 0.529223
0.040000 0.071489 -0.134869 0.529223
0.040000 0.071489 -0.133194 0.529223
0.040000 0.071489 -0.131518 0.529223
0.040000 0.071489 -0.129843 0.529223
0.040000 0.071489 -0.128168 0.529223
0.040000 0.071489 -0.126492 0.529223
0.040000 0.071489 -0.124817 0.529223
0.040000 0.071489 -0.123141 0.529223
0.040000 0.071489 -0.121466 0.529223
0.040000 0.071489 -0.119791 0.529223
0.040000 0.071489 -0.118115 0.529223
0.040000 0.071489 -0.116440 0.529223
0.040000 0.071489 -0.114764 0.529223
0.040000 0.071489 -0.113089 0.529223
0.040000 0.071489 -0.111414 0.529223
0.040000 0.071489 -0.109738 0.529223
0.040000 0.071489 -0.108063 0.529223
0.040000 0.071489 -0.106387 0.529223
0.040000 0.071489 -0.104712 0.529223
0.040000 0.071489 -0.103037 0.529223
0.040000 0.071489 -0.101361 0.529223
0.040000 0.071489 -0.099686 0.529223
0.040000 0.071489 -0.098010 0.529223
0.040000 0.071489 -0.096335 0.529223
0.040000 0.071489 -0.094660 0.529223
0.040000 0.071489 -0.092984 0.529223
0.040000 0.071489 -0.091309 0.529223
0.040000 0.071489 -0.089634 0.529223
0.040000 0.071489 -0.087958 0.529223
0.040000 0.071489 -0.086283 0.529223
0.040000 0.071489 -0.084607 0.529223
0.040000 0.071489 -0.082932 0.529223
0.040000 0.071489 -0.081257 0.529223
0.040000 0.071489 -0.079581 0.529223
0.040000 0.071489 -0.077906 0.529223
0.040000 0.071489 -0.076230 0.529223
0.040000 0.071489 -0.074555 0.529223
0.040000 0.071489 -0.072880 0.529223
0.040000 0.071489 -0.071204 0.529223
0.040000 0.071489 -0.069529 0.529223
0.040000 0.071489 -0.067853 0.529223
0.040000 0.071489 -0.066178 0.529223
0.040000 0.071489 -0.064503 0.529223
0.040000 0.071489 -0.062827 0.529223
0.040000 0.071489 -0.061152 0.529223
0.040000 0.071489 -0.059476 0.529223
0.040000 0.071489 -0.057801 0.529223
0.040000 0.071489 -0.056126 0.529223
0.040000 0.071489 -0.054450 0.529223
0.040000 0.071489 -0.052775 0.529223
0.040000 0.071489 -0.051099 0.529223
0.040000 0.071489 -0.049424 0.529223
0.040000 0.071489 -0.047749 0.529223
0.040000 0.071489 -0.046073 0.529223
0.040000 0.071489 -0.044398 0.529223
0.040000 0.071489 -0.042723 0.529223
0.040000 0.071489 -0.041047 0.529223
0.040000 0.071489 -0.039372 0.529223
0.040000 0.071489 -0.037696 0.529223
0.040000 0.071489 -0.036021 0.529223
0.040000 0.071489 -0.034346 0.529223
0.040000 0.071489 -0.032670 0.529223
0.040000 0.071489 -0.030995 0.529223
0.040000 0.071489 -0.029319 0.529223
0.040000 0.071489 -0.027644 0.529223
0.040000 0.071489 -0.025969 0.529223
0.040000 0.071489 -0.024293 0.529223
0.040000 0.071489 -0.022618 0.529223
0.040000 0.071489 -0.020942 0.529223
0.040000 0.071489 -0.019267 0.529223
0.040000 0.071489 -0.017592 0.529223
0.040000 0.071489 -0.015916 0.529223
0.040000 0.071489 -0.014241 0.529223
0.040000 0.071489 -0.012565 0.529223
0.040000 0.071489 -0.010890 0.529223
0.040000 0.071489 -0.009215 0.529223
0.040000 0.071489 -0.007539 0.529223
0.040000 0.071489 -0.005864 0.529223
0.040000 0.071489 -0.004188 0.529223
0.040000 0.071489 -0.002513 0.529223
0.040000 0.071489 -0.000838 0.529223
0.040000 0.071489 0.000838 0.529223
0.040000 0.071489 0.002513 0.529223
0.040000 0.071489 0.004188 0.529223
0.040000 0.071489 0.005864 0.529223
0.040000 0.071489 0.007539 0.529223
0.040000 0.071489 0.009215 0.529223
0.040000 0.071489 0.010890 0.529223
0.040000 0.071489 0.012565 0.529223
0.040000 0.071489 0.014241 0.529223
0.040000 0.071489 0.015916 0.529223
0.040000 0.071489 0.017592 0.529223
0.040000 0.071489 0.019267 0.529223
0.040000 0.071489 0.020942 0.529223
0.040000 0.071489 0.022618 0.529223
0.040000 0.071489 0.024293 0.529223
0.040000 0.071489 0.025969 0.529223
0.040000 0.071489 0.027644 0.529223
0.040000 0.071489 0.029319 0.529223
0.040000 0.071489 0.030995 0.529223
0.040000 0.071489 0.032670 0.529223
0.040000 0.071489 0.034346 0.529223
0.040000 0.071489 0.036021 0.529223
0.040000 0.071489 0.037696 0.529223
0.040000 0.071489 0.039372 0.529223
0.040000 0.071489 0.041047 0.529223
0.040000 0.071489 0.042723 0.529223
0.040000 0.071489 0.044398 0.529223
0.040000 0.071489 0.046073 0.529223
0.040000 0.071489 0.047749 0.529223
0.040000 0.071489 0.049424 0.529223
0.040000 0.071489 0.051099 0.529223
0.040000 0.071489 0.052775 0.529223
0.040000 0.071489 0.054450 0.529223
0.040000 0.071489 0.056126 0.529223
0.040000 0.071489 0.057801 0.529223
0.040000 0.071489 0.059476 0.529223
0.040000 0.071489 0.061152 0.529223
0.040000 0.071489 0.062827 0.529223
0.040000 0.071489 0.064503 0.529223
0.040000 0.071489 0.066178 0.529223
0.040000 0.071489 0.067853 0.529223
0.040000 0.071489 0.069529 0.529223
0.040000 0.071489 0.071204 0.529223
0.040000 0.071489 0.072880 0.529223
0.040000 0.071489 0.074555 0.529223
0.040000 0.071489 0.076230 0.529223
0.040000 0.071489 0.077906 0.529223
0.040000 0.071489 0.079581 0.529223
0.040000 0.071489 0.081257 0.529223
0.040000 0.071489 0.082932 0.529223
0.040000 0.071489 0.084607 0.529223
0.040000 0.071489 0.086283 0.529223
0.040000 0.071489 0.087958 0.529223
0.040000 0.071489 0.089634 0.529223
0.040000 0.071489 0.091309 0.529223
0.040000 0.071489 0.092984 0.529223
0.040000 0.071489 0.094660 0.529223
0.040000 0.071489 0.096335 0.529223
0.040000 0.071489 0.098010 0.529223
0.040000 0.071489 0.099686 0.529223
0.040000 0.071489 0.101361 0.529223
0.040000 0.071489 0.103037 0.529223
0.040000 0.071489 0.104712 0.529223
0.040000 0.071489 0.106387 0.529223
0.040000 0.071489 0.108063 0.529223
0.040000 0.071489 0.109738 0.529223
0.040000 0.071489 0.111414 0.529223
0.040000 0.071489 0.113089 0.529223
0.040000 0.071489 0.114764 0.529223
0.040000 0.071489 0.116440 0.529223
0.040000 0.071489 0.118115 0.529223
0.040000 0.071489 0.119791 0.529223
0.040000 0.071489 0.121466 0.529223
0.040000 0.071489 0.123141 0.529223
0.040000 0.071489 0.124817 0.529223
0.040000 0.071489 0.126492 0.529223
0.040000 0.071489 0.128168 0.529223
0.040000 0.071489 0.129843 0.529223
0.040000 0.071489 0.131518 0.529223
0.040000 0.071489 0.133194 0.529223
0.040000 0.071489 0.134869 0.529223
0.040000 0.071489 0.136545 0.529223
0.040000 0.071489 0.138220 0.529223
0.040000 0.071489 0.139895 0.529223
0.040000 0.071489 0.141571 0.529223
0.040000 0.071489 0.143246 0.529223
0.040000 0.071489 0.144921 0.529223
0.040000 0.071489 0.146597 0.529223
0.040000 0.071489 0.148272 0.529223
0.040000 0.071489 0.149948 0.529223
0.040000 0.071489 0.151623 0.529223
0.040000 0.071489 0.153298 0.529223
0.040000 0.071489 0.154974 0.529223
0.040000 0.071489 0.156649 0.529223
0.040000 0.071489 0.158325 0.529223
0.040000 0.071489 0.160000 0.529223
0.040000 0.073191 -0.160000 0.522192
0.040000 0.073191 -0.158325 0.522192
0.040000 0.073191 -0.156649 0.522192
0.040000 0.073191 -0.154974 0.522192
0.040000 0.073191 -0.153298 0.522192
0.040000 0.073191 -0.151623 0.522192
0.040000 0.073191 -0.149948 0.522192
0.040000 0.073191 -0.148272 0.522192
0.040000 0.073191 -0.146597 0.522192
0.040000 0.073191 -0.144921 0.522192
0.040000 0.073191 -0.143246 0.522192
0.040000 0.073191 -0.141571 0.522192
0.040000 0.073191 -0.139895 0.522192
0.040000 0.073191 -0.138220 0.522192
0.040000 0.073191 -0.136545 0.522192
0.040000 0.073191 -0.134869 0.522192
0.040000 0.073191 -0.133194 0.522192
0.040000 0.073191 -0.131518 0.522192
0.040000 0.073191 -0.129843 0.522192
0.040000 0.073191 -0.128168 0.522192
0.040000 0.073191 -0.126492 0.522192
0.040000 0.073191 -0.124817 0.522192
0.040000 0.073191 -0.123141 0.522192
0.040000 0.073191 -0.121466 0.522192
0.040000 0.073191 -0.119791 0.522192
0.040000 0.073191 -0.118115 0.522192
0.040000 0.073191 -0.116440 0.522192
0.040000 0.073191 -0.114764 0.522192
0.040000 0.073191 -0.113089 0.522192
0.040000 0.073191 -0.111414 0.522192
0.040000 0.073191 -0.109738 0.522192
0.040000 0.073191 -0.108063 0.522192
0.040000 0.073191 -0.106387 0.522192
0.040000 0.073191 -0.104712 0.522192
0.040000 0.073191 -0.103037 0.522192
0.040000 0.073191 -0.101361 0.522192
0.040000 0.073191 -0.099686 0.522192
0.040000 0.073191 -0.098010 0.522192
0.040000 0.073191 -0.096335 0.522192
0.040000 0.073191 -0.094660 0.522192
0.040000 0.073191 -0.092984 0.522192
0.040000 0.073191 -0.091309 0.522192
0.040000 0.073191 -0.089634 0.522192
0.040000 0.073191 -0.087958 0.522192
0.040000 0.073191 -0.086283 0.522192
0.040000 0.073191 -0.084607 0.522192
0.040000 0.073191 -0.082932 0.522192
0.040000 0.073191 -0.081257 0.522192
0.040000 0.073191 -0.079581 0.522192
0.040000 0.073191 -0.077906 0.522192
0.040000 0.073191 -0.076230 0.522192
0.040000 0.073191 -0.074555 0.522192
0.040000 0.073191 -0.072880 0.522192
0.040000 0.073191 -0.071204 0.522192
0.040000 0.073191 -0.069529 0.522192
0.040000 0.073191 -0.067853 0.522192
0.040000 0.073191 -0.066178 0.522192
0.040000 0.073191 -0.064503 0.522192
0.040000 0.073191 -0.062827 0.522192
0.040000 0.073191 -0.061152 0.522192
0.040000 0.073191 -0.059476 0.522192
0.040000 0.073191 -0.057801 0.522192
0.040000 0.073191 -0.056126 0.522192
0.040000 0.073191 -0.054450 0.522192
0.040000 0.073191 -0.052775 0.522192
0.040000 0.073191 -0.051099 0.522192
0.040000 0.073191 -0.049424 0.522192
0.040000 0.073191 -0.047749 0.522192
0.040000 0.073191 -0.046073 0.522192
0.040000 0.073191 -0.044398 0.522192
0.040000 0.073191 -0.042723 0.522192
0.040000 0.073191 -0.041047 0.522192
0.040000 0.073191 -0.039372 0.522192
0.040000 0.073191 -0.037696 0.522192
0.040000 0.073191 -0.036021 0.522192
0.040000 0.073191 -0.034346 0.522192
0.040000 0.073191 -0.032670 0.522192
0.040000 0.073191 -0.030995 0.522192
0.040000 0.073191 -0.029319 0.522192
0.040000 0.073191 -0.027644 0.522192
0.040000 0.073191 -0.025969 0.522192
0.040000 0.073191 -0.024293 0.522192
0.040000 0.073191 -0.022618 0.522192
0.040000 0.073191 -0.020942 0.522192
0.040000 0.073191 -0.019267 0.522192
0.040000 0.073191 -0.017592 0.522192
0.040000 0.073191 -0.015916 0.522192
0.040000 0.073191 -0.014241 0.522192
0.040000 0.073191 -0.012565 0.522192
0.040000 0.073191 -0.010890 0.522192
0.040000 0.073191 -0.009215 0.522192
0.040000 0.073191 -0.007539 0.522192
0.040000 0.073191 -0.005864 0.522192
0.040000 0.073191 -0.004188 0.522192
0.040000 0.073191 -0.002513 0.522192
0.040000 0.073191 -0.000838 0.522192
0.040000 0.073191 0.000838 0.522192
0.040000 0.073191 0.002513 0.522192
0.040000 0.073191 0.004188 0.522192
0.040000 0.073191 0.005864 0.522192
0.040000 0.073191 0.007539 0.522192
0.040000 0.073191 0.009215 0.522192
0.040000 0.073191 0.010890 0.522192
0.040000 0.073191 0.012565 0.522192
0.040000 0.073191 0.014241 0.522192
0.040000 0.073191 0.015916 0.522192
0.040000 0.073191 0.017592 0.522192
0.040000 0.073191 0.019267 0.522192
0.040000 0.073191 0.020942 0.522192
0.040000 0.073191 0.022618 0.522192
0.040000 0.073191 0.024293 0.522192
0.040000 0.073191 0.025969 0.522192
0.040000 0.073191 0.027644 0.522192
0.040000 0.073191 0.029319 0.522192
0.040000 0.073191 0.030995 0.522192
0.040000 0.073191 0.032670 0.522192
0.040000 0.073191 0.034346 0.522192
0.040000 0.073191 0.036021 0.522192
0.040000 0.073191 0.037696 0.522192
0.040000 0.073191 0.039372 0.522192
0.040000 0.073191 0.041047 0.522192
0.040000 0.073191 0.042723 0.522192
0.040000 0.073191 0.044398 0.522192
0.040000 0.073191 0.046073 0.522192
0.040000 0.073191 0.047749 0.522192
0.040000 0.073191 0.049424 0.522192
0.040000 0.073191 0.051099 0.522192
0.040000 0.073191 0.052775 0.522192
0.040000 0.073191 0.054450 0.522192
0.040000 0.073191 0.056126 0.522192
0.040000 0.073191 0.057801 0.522192
0.040000 0.073191 0.059476 0.522192
0.040000 0.073191 0.061152 0.522192
0.040000 0.073191 0.062827 0.522192
0.040000 0.073191 0.064503 0.522192
0.040000 0.073191 0.066178 0.522192
0.040000 0.073191 0.067853 0.522192
0.040000 0.073191 0.069529 0.522192
0.040000 0.073191 0.071204 0.522192
0.040000 0.073191 0.072880 0.522192
0.040000 0.073191 0.074555 0.522192
0.040000 0.073191 0.076230 0.522192
0.040000 0.073191 0.077906 0.522192
0.040000 0.073191 0.079581 0.522192
0.040000 0.073191 0.081257 0.522192
0.040000 0.073191 0.082932 0.522192
0.040000 0.073191 0.084607 0.522192
0.040000 0.073191 0.086283 0.522192
0.040000 0.073191 0.087958 0.522192
0.040000 0.073191 0.089634 0.522192
0.040000 0.073191 0.091309 0.522192
0.040000 0.073191 0.092984 0.522192
0.040000 0.073191 0.094660 0.522192
0.040000 0.073191 0.096335 0.522192
0.040000 0.073191 0.098010 0.522192
0.040000 0.073191 0.099686 0.522192
0.040000 0.073191 0.101361 0.522192
0.040000 0.073191 0.103037 0.522192
0.040000 0.073191 0.104712 0.522192
0.040000 0.073191 0.106387 0.522192
0.040000 0.073191 0.108063 0.522192
0.040000 0.073191 0.109738 0.522192
0.040000 0.073191 0.111414 0.522192
0.040000 0.073191 0.113089 0.522192
0.040000 0.073191 0.114764 0.522192
0.040000 0.073191 0.116440 0.522192
0.040000 0.073191 0.118115 0.522192
0.040000 0.073191 0.119791 0.522192
0.040000 0.073191 0.121466 0.522192
0.040000 0.073191 0.123141 0.522192
0.040000 0.073191 0.124817 0.522192
0.040000 0.073191 0.126492 0.522192
0.040000 0.073191 0.128168 0.522192
0.040000 0.073191 0.129843 0.522192
0.040000 0.073191 0.131518 0.522192
0.040000 0.073191 0.133194 0.522192
0.040000 0.073191 0.134869 0.522192
0.040000 0.073191 0.136545 0.522192
0.040000 0.073191 0.138220 0.522192
0.040000 0.073191 0.139895 0.522192
0.040000 0.073191 0.141571 0.522192
0.040000 0.073191 0.143246 0.522192
0.040000 0.073191 0.144921 0.522192
0.040000 0.073191 0.146597 0.522192
0.040000 0.073191 0.148272 0.522192
0.040000 0.073191 0.149948 0.522192
0.040000 0.073191 0.151623 0.522192
0.040000 0.073191 0.153298 0.522192
0.040000 0.073191 0.154974 0.522192
0.040000 0.073191 0.156649 0.522192
0.040000 0.073191 0.158325 0.522192
0.040000 0.073191 0.160000 0.522192
0.040000 0.074894 -0.160000 0.515041
0.040000 0.074894 -0.158325 0.515041
0.040000 0.074894 -0.156649 0.515041
0.040000 0.074894 -0.154974 0.515041
0.040000 0.074894 -0.153298 0.515041
0.040000 0.074894 -0.151623 0.515041
0.040000 0.074894 -0.149948 0.515041
0.040000 0.074894 -0.148272 0.515041
0.040000 0.074894 -0.146597 0.515041
0.040000 0.074894 -0.144921 0.515041
0.040000 0.074894 -0.143246 0.515041
0.040000 0.074894 -0.141571 0.515041
0.040000 0.074894 -0.139895 0.515041
0.040000 0.074894 -0.138220 0.515041
0.040000 0.074894 -0.136545 0.515041
0.040000 0.074894 -0.134869 0.515041
0.040000 0.074894 -0.133194 0.515041
0.040000 0.074894 -0.131518 0.515041
0.040000 0.074894 -0.129843 0.515041
0.040000 0.074894 -0.128168 0.515041
0.040000 0.074894 -0.126492 0.515041
0.040000 0.074894 -0.124817 0.515041
0.040000 0.074894 -0.123141 0.515041
0.040000 0.074894 -0.121466 0.515041
0.040000 0.074894 -0.119791 0.515041
0.040000 0.074894 -0.118115 0.515041
0.040000 0.074894 -0.116440 0.515041
0.040000 0.074894 -0.114764 0.515041
0.040000 0.074894 -0.113089 0.515041
0.040000 0.074894 -0.111414 0.515041
0.040000 0.074894 -0.109738 0.515041
0.040000 0.074894 -0.108063 0.515041
0.040000 0.074894 -0.106387 0.515041
0.040000 0.074894 -0.104712 0.515041
0.040000 0.074894 -0.103037 0.515041
0.040000 0.074894 -0.101361 0.515041
0.040000 0.074894 -0.099686 0.515041
0.040000 0.074894 -0.098010 0.515041
0.040000 0.074894 -0.096335 0.515041
0.040000 0.074894 -0.094660 0.515041
0.040000 0.074894 -0.092984 0.515041
0.040000 0.074894 -0.091309 0.515041
0.040000 0.074894 -0.089634 0.515041
0.040000 0.074894 -0.087958 0.515041
0.040000 0.074894 -0.086283 0.515041
0.040000 0.074894 -0.084607 0.515041
0.040000 0.074894 -0.082932 0.515041
0.040000 0.074894 -0.081257 0.515041
0.040000 0.074894 -0.079581 0.515041
0.040000 0.074894 -0.077906 0.515041
0.040000 0.074894 -0.076230 0.515041
0.040000 0.074894 -0.074555 0.515041
0.040000 0.074894 -0.072880 0.515041
0.040000 0.074894 -0.071204 0.515041
0.040000 0.074894 -0.069529 0.515041
0.040000 0.074894 -0.067853 0.515041
0.040000 0.074894 -0.066178 0.515041
0.040000 0.074894 -0.064503 0.515041
0.040000 0.074894 -0.062827 0.515041
0.040000 0.074894 -0.061152 0.515041
0.040000 0.074894 -0.059476 0.515041
0.040000 0.074894 -0.057801 0.515041
0.040000 0.074894 -0.056126 0.515041
0.040000 0.074894 -0.054450 0.515041
0.040000 0.074894 -0.052775 0.515041
0.040000 0.074894 -0.051099 0.515041
0.040000 0.074894 -0.049424 0.515041
0.040000 0.074894 -0.047749 0.515041
0.040000 0.074894 -0.046073 0.515041
0.040000 0.074894 -0.044398 0.515041
0.040000 0.074894 -0.042723 0.515041
0.040000 0.074894 -0.041047 0.515041
0.040000 0.074894 -0.039372 0.515041
0.040000 0.074894 -0.037696 0.515041
0.040000 0.074894 -0.036021 0.515041
0.040000 0.074894 -0.034346 0.515041
0.040000 0.074894 -0.032670 0.515041
0.040000 0.074894 -0.030995 0.515041
0.040000 0.074894 -0.029319 0.515041
0.040000 0.074894 -0.027644 0.515041
0.040000 0.074894 -0.025969 0.515041
0.040000 0.074894 -0.024293 0.515041
0.040000 0.074894 -0.022618 0.515041
0.040000 0.074894 -0.020942 0.515041
0.040000 0.074894 -0.019267 0.515041
0.040000 0.074894 -0.017592 0.515041
0.040000 0.074894 -0.015916 0.515041
0.040000 0.074894 -0.014241 0.515041
0.040000 0.074894 -0.012565 0.515041
0.040000 0.074894 -0.010890 0.515041
0.040000 0.074894 -0.009215 0.515041
0.040000 0.074894 -0.007539 0.515041
0.040000 0.074894 -0.005864 0.515041
0.040000 0.074894 -0.004188 0.515041
0.040000 0.074894 -0.002513 0.515041
0.040000 0.074894 -0.000838 0.515041
0.040000 0.074894 0.000838 0.515041
0.040000 0.074894 0.002513 0.515041
0.040000 0.074894 0.004188 0.515041
0.040000 0.074894 0.005864 0.515041
0.040000 0.074894 0.007539 0.515041
0.040000 0.074894 0.009215 0.515041
0.040000 0.074894 0.010890 0.515041
0.040000 0.074894 0.012565 0.515041
0.040000 0.074894 0.014241 0.515041
0.040000 0.074894 0.015916 0.515041
0.040000 0.074894 0.017592 0.515041
0.040000 0.074894 0.019267 0.515041
0.040000 0.074894 0.020942 0.515041
0.040000 0.074894 0.022618 0.515041
0.040000 0.074894 0.024293 0.515041
0.040000 0.074894 0.025969 0.515041
0.040000 0.074894 0.027644 0.515041
0.040000 0.074894 0.029319 0.515041
0.040000 0.074894 0.030995 0.515041
0.040000 0.074894 0.032670 0.515041
0.040000 0.074894 0.034346 0.515041
0.040000 0.074894 0.036021 0.515041
0.040000 0.074894 0.037696 0.515041
0.040000 0.074894 0.039372 0.515041
0.040000 0.074894 0.041047 0.515041
0.040000 0.074894 0.042723 0.515041
0.040000 0.074894 0.044398 0.515041
0.040000 0.074894 0.046073 0.515041
0.040000 0.074894 0.047749 0.515041
0.040000 0.074894 0.049424 0.515041
0.040000 0.074894 0.051099 0.515041
0.040000 0.074894 0.052775 0.515041
0.040000 0.074894 0.054450 0.515041
0.040000 0.074894 0.056126 0.515041
0.040000 0.074894 0.057801 0.515041
0.040000 0.074894 0.059476 0.515041
0.040000 0.074894 0.061152 0.515041
0.040000 0.074894 0.062827 0.515041
0.040000 0.074894 0.064503 0.515041
0.040000 0.074894 0.066178 0.515041
0.040000 0.074894 0.067853 0.515041
0.040000 0.074894 0.069529 0.515041
0.040000 0.074894 0.071204 0.515041
0.040000 0.074894 0.072880 0.515041
0.040000 0.074894 0.074555 0.515041
0.040000 0.074894 0.076230 0.515041
0.040000 0.074894 0.077906 0.515041
0.040000 0.074894 0.079581 0.515041
0.040000 0.074894 0.081257 0.515041
0.040000 0.074894 0.082932 0.515041
0.040000 0.074894 0.084607 0.515041
0.040000 0.074894 0.086283 0.515041
0.040000 0.074894 0.087958 0.515041
0.040000 0.074894 0.089634 0.515041
0.040000 0.074894 0.091309 0.515041
0.040000 0.074894 0.092984 0.515041
0.040000 0.074894 0.094660 0.515041
0.040000 0.074894 0.096335 0.515041
0.040000 0.074894 0.098010 0.515041
0.040000 0.074894 0.099686 0.515041
0.040000 0.074894 0.101361 0.515041
0.040000 0.074894 0.103037 0.515041
0.040000 0.074894 0.104712 0.515041
0.040000 0.074894 0.106387 0.515041
0.040000 0.074894 0.108063 0.515041
0.040000 0.074894 0.109738 0.515041
0.040000 0.074894 0.111414 0.515041
0.040000 0.074894 0.113089 0.515041
0.040000 0.074894 0.114764 0.515041
0.040000 0.074894 0.116440 0.515041
0.040000 0.074894 0.118115 0.515041
0.040000 0.074894 0.119791 0.515041
0.040000 0.074894 0.121466 0.515041
0.040000 0.074894 0.123141 0.515041
0.040000 0.074894 0.124817 0.515041
0.040000 0.074894 0.126492 0.515041
0.040000 0.074894 0.128168 0.515041
0.040000 0.074894 0.129843 0.515041
0.040000 0.074894 0.131518 0.515041
0.040000 0.074894 0.133194 0.515041
0.040000 0.074894 0.134869 0.515041
0.040000 0.074894 0.136545 0.515041
0.040000 0.074894 0.138220 0.515041
0.040000 0.074894 0.139895 0.515041
0.040000 0.074894 0.141571 0.515041
0.040000 0.074894 0.143246 0.515041
0.040000 0.074894 0.144921 0.515041
0.040000 0.074894 0.146597 0.515041
0.040000 0.074894 0.148272 0.515041
0.040000 0.074894 0.149948 0.515041
0.040000 0.074894 0.151623 0.515041
0.040000 0.074894 0.153298 0.515041
0.040000 0.074894 0.154974 0.515041
0.040000 0.074894 0.156649 0.515041
0.040000 0.074894 0.158325 0.515041
0.040000 0.074894 0.160000 0.515041
0.040000 0.076596 -0.160000 0.507791
0.040000 0.076596 -0.158325 0.507791
0.040000 0.076596 -0.156649 0.507791
0.040000 0.076596 -0.154974 0.507791
0.040000 0.076596 -0.153298 0.507791
0.040000 0.076596 -0.151623 0.507791
0.040000 0.076596 -0.149948 0.507791
0.040000 0.076596 -0.148272 0.507791
0.040000 0.076596 -0.146597 0.507791
0.040000 0.076596 -0.144921 0.507791
0.040000 0.076596 -0.143246 0.507791
0.040000 0.076596 -0.141571 0.507791
0.040000 0.076596 -0.139895 0.507791
0.040000 0.076596 -0.138220 0.507791
0.040000 0.076596 -0.136545 0.507791
0.040000 0.076596 -0.134869 0.507791
0.040000 0.076596 -0.133194 0.507791
0.040000 0.076596 -0.131518 0.507791
0.040000 0.076596 -0.129843 0.507791
0.040000 0.076596 -0.128168 0.507791
0.040000 0.076596 -0.126492 0.507791
0.040000 0.076596 -0.124817 0.507791
0.040000 0.076596 -0.123141 0.507791
0.040000 0.076596 -0.121466 0.507791
0.040000 0.076596 -0.119791 0.507791
0.040000 0.076596 -0.118115 0.507791
0.040000 0.076596 -0.116440 0.507791
0.040000 0.076596 -0.114764 0.507791
0.040000 0.076596 -0.113089 0.507791
0.040000 0.076596 -0.111414 0.507791
0.040000 0.076596 -0.109738 0.507791
0.040000 0.076596 -0.108063 0.507791
0.040000 0.076596 -0.106387 0.507791
0.040000 0.076596 -0.104712 0.507791
0.040000 0.076596 -0.103037 0.507791
0.040000 0.076596 -0.101361 0.507791
0.040000 0.076596 -0.099686 0.507791
0.040000 0.076596 -0.098010 0.507791
0.040000 0.076596 -0.096335 0.507791
0.040000 0.076596 -0.094660 0.507791
0.040000 0.076596 -0.092984 0.507791
0.040000 0.076596 -0.091309 0.507791
0.040000 0.076596 -0.089634 0.507791
0.040000 0.076596 -0.087958 0.507791
0.040000 0.076596 -0.086283 0.507791
0.040000 0.076596 -0.084607 0.507791
0.040000 0.076596 -0.082932 0.507791
0.040000 0.076596 -0.081257 0.507791
0.040000 0.076596 -0.079581 0.507791
0.040000 0.076596 -0.077906 0.507791
0.040000 0.076596 -0.076230 0.507791
0.040000 0.076596 -0.074555 0.507791
0.040000 0.076596 -0.072880 0.507791
0.040000 0.076596 -0.071204 0.507791
0.040000 0.076596 -0.069529 0.507791
0.040000 0.076596 -0.067853 0.507791
0.040000 0.076596 -0.066178 0.507791
0.040000 0.076596 -0.064503 0.507791
0.040000 0.076596 -0.062827 0.507791
0.040000 0.076596 -0.061152 0.507791
0.040000 0.076596 -0.059476 0.507791
0.040000 0.076596 -0.057801 0.507791
0.040000 0.076596 -0.056126 0.507791
0.040000 0.076596 -0.054450 0.507791
0.040000 0.076596 -0.052775 0.507791
0.040000 0.076596 -0.051099 0.507791
0.040000 0.076596 -0.049424 0.507791
0.040000 0.076596 -0.047749 0.507791
0.040000 0.076596 -0.046073 0.507791
0.040000 0.076596 -0.044398 0.507791
0.040000 0.076596 -0.042723 0.507791
0.040000 0.076596 -0.041047 0.507791
0.040000 0.076596 -0.039372 0.507791
0.040000 0.076596 -0.037696 0.507791
0.040000 0.076596 -0.036021 0.507791
0.040000 0.076596 -0.034346 0.507791
0.040000 0.076596 -0.032670 0.507791
0.040000 0.076596 -0.030995 0.507791
0.040000 0.076596 -0.029319 0.507791
0.040000 0.076596 -0.027644 0.507791
0.040000 0.076596 -0.025969 0.507791
0.040000 0.076596 -0.024293 0.507791
0.040000 0.076596 -0.022618 0.507791
0.040000 0.076596 -0.020942 0.507791
0.040000 0.076596 -0.019267 0.507791
0.040000 0.076596 -0.017592 0.507791
0.040000 0.076596 -0.015916 0.507791
0.040000 0.076596 -0.014241 0.507791
0.040000 0.076596 -0.012565 0.507791
0.040000 0.076596 -0.010890 0.507791
0.040000 0.076596 -0.009215 0.507791
0.040000 0.076596 -0.007539 0.507791
0.040000 0.076596 -0.005864 0.507791
0.040000 0.076596 -0.004188 0.507791
0.040000 0.076596 -0.002513 0.507791
0.040000 0.076596 -0.000838 0.507791
0.040000 0.076596 0.000838 0.507791
0.040000 0.076596 0.002513 0.507791
0.040000 0.076596 0.004188 0.507791
0.040000 0.076596 0.005864 0.507791
0.040000 0.076596 0.007539 0.507791
0.040000 0.076596 0.009215 0.507791
0.040000 0.076596 0.010890 0.507791
0.040000 0.076596 0.012565 0.507791
0.040000 0.076596 0.014241 0.507791
0.040000 0.076596 0.015916 0.507791
0.040000 0.076596 0.017592 0.507791
0.040000 0.076596 0.019267 0.507791
0.040000 0.076596 0.020942 0.507791
0.040000 0.076596 0.022618 0.507791
0.040000 0.076596 0.024293 0.507791
0.040000 0.076596 0.025969 0.507791
0.040000 0.076596 0.027644 0.507791
0.040000 0.076596 0.029319 0.507791
0.040000 0.076596 0.030995 0.507791
0.040000 0.076596 0.032670 0.507791
0.040000 0.076596 0.034346 0.507791
0.040000 0.076596 0.036021 0.507791
0.040000 0.076596 0.037696 0.507791
0.040000 0.076596 0.039372 0.507791
0.040000 0.076596 0.041047 0.507791
0.040000 0.076596 0.042723 0.507791
0.040000 0.076596 0.044398 0.507791
0.040000 0.076596 0.046073 0.507791
0.040000 0.076596 0.047749 0.507791
0.040000 0.076596 0.049424 0.507791
0.040000 0.076596 0.051099 0.507791
0.040000 0.076596 0.052775 0.507791
0.040000 0.076596 0.054450 0.507791
0.040000 0.076596 0.056126 0.507791
0.040000 0.076596 0.057801 0.507791
0.040000 0.076596 0.059476 0.507791
0.040000 0.076596 0.061152 0.507791
0.040000 0.076596 0.062827 0.507791
0.040000 0.076596 0.064503 0.507791
0.040000 0.076596 0.066178 0.507791
0.040000 0.076596 0.067853 0.507791
0.040000 0.076596 0.069529 0.507791
0.040000 0.076596 0.071204 0.507791
0.040000 0.076596 0.072880 0.507791
0.040000 0.076596 0.074555 0.507791
0.040000 0.076596 0.076230 0.507791
0.040000 0.076596 0.077906 0.507791
0.040000 0.076596 0.079581 0.507791
0.040000 0.076596 0.081257 0.507791
0.040000 0.076596 0.082932 0.507791
0.040000 0.076596 0.084607 0.507791
0.040000 0.076596 0.086283 0.507791
0.040000 0.076596 0.087958 0.507791
0.040000 0.076596 0.089634 0.507791
0.040000 0.076596 0.091309 0.507791
0.040000 0.076596 0.092984 0.507791
0.040000 0.076596 0.094660 0.507791
0.040000 0.076596 0.096335 0.507791
0.040000 0.076596 0.098010 0.507791
0.040000 0.076596 0.099686 0.507791
0.040000 0.076596 0.101361 0.507791
0.040000 0.076596 0.103037 0.507791
0.040000 0.076596 0.104712 0.507791
0.040000 0.076596 0.106387 0.507791
0.040000 0.076596 0.108063 0.507791
0.040000 0.076596 0.109738 0.507791
0.040000 0.076596 0.111414 0.507791
0.040000 0.076596 0.113089 0.507791
0.040000 0.076596 0.114764 0.507791
0.040000 0.076596 0.116440 0.507791
0.040000 0.076596 0.118115 0.507791
0.040000 0.076596 0.119791 0.507791
0.040000 0.076596 0.121466 0.507791
0.040000 0.076596 0.123141 0.507791
0.040000 0.076596 0.124817 0.507791
0.040000 0.076596 0.126492 0.507791
0.040000 0.076596 0.128168 0.507791
0.040000 0.076596 0.129843 0.507791
0.040000 0.076596 0.131518 0.507791
0.040000 0.076596 0.133194 0.507791
0.040000 0.076596 0.134869 0.507791
0.040000 0.076596 0.136545 0.507791
0.040000 0.076596 0.138220 0.507791
0.040000 0.076596 0.139895 0.507791
0.040000 0.076596 0.141571 0.507791
0.040000 0.076596 0.143246 0.507791
0.040000 0.076596 0.144921 0.507791
0.040000 0.076596 0.146597 0.507791
0.040000 0.076596 0.148272 0.507791
0.040000 0.076596 0.149948 0.507791
0.040000 0.076596 0.151623 0.507791
0.040000 0.076596 0.153298 0.507791
0.040000 0.076596 0.154974 0.507791
0.040000 0.076596 0.156649 0.507791
0.040000 0.076596 0.158325 0.507791
0.040000 0.076596 0.160000 0.507791
0.040000 0.078298 -0.160000 0.500461
0.040000 0.078298 -0.158325 0.500461
0.040000 0.078298 -0.156649 0.500461
0.040000 0.078298 -0.154974 0.500461
0.040000 0.078298 -0.153298 0.500461
0.040000 0.078298 -0.151623 0.500461
0.040000 0.078298 -0.149948 0.500461
0.040000 0.078298 -0.148272 0.500461
0.040000 0.078298 -0.146597 0.500461
0.040000 0.078298 -0.144921 0.500461
0.040000 0.078298 -0.143246 0.500461
0.040000 0.078298 -0.141571 0.500461
0.040000 0.078298 -0.139895 0.500461
0.040000 0.078298 -0.138220 0.500461
0.040000 0.078298 -0.136545 0.500461
0.040000 0.078298 -0.134869 0.500461
0.040000 0.078298 -0.133194 0.500461
0.040000 0.078298 -0.131518 0.500461
0.040000 0.078298 -0.129843 0.500461
0.040000 0.078298 -0.128168 0.500461
0.040000 0.078298 -0.126492 0.500461
0.040000 0.078298 -0.124817 0.500461
0.040000 0.078298 -0.123141 0.500461
0.040000 0.078298 -0.121466 0.500461
0.040000 0.078298 -0.119791 0.500461
0.040000 0.078298 -0.118115 0.500461
0.040000 0.078298 -0.116440 0.500461
0.040000 0.078298 -0.114764 0.500461
0.040000 0.078298 -0.113089 0.500461
0.040000 0.078298 -0.111414 0.500461
0.040000 0.078298 -0.109738 0.500461
0.040000 0.078298 -0.108063 0.500461
0.040000 0.078298 -0.106387 0.500461
0.040000 0.078298 -0.104712 0.500461
0.040000 0.078298 -0.103037 0.500461
0.040000 0.078298 -0.101361 0.500461
0.040000 0.078298 -0.099686 0.500461
0.040000 0.078298 -0.098010 0.500461
0.040000 0.078298 -0.096335 0.500461
0.040000 0.078298 -0.094660 0.500461
0.040000 0.078298 -0.092984 0.500461
0.040000 0.078298 -0.091309 0.500461
0.040000 0.078298 -0.089634 0.500461
0.040000 0.078298 -0.087958 0.500461
0.040000 0.078298 -0.086283 0.500461
0.040000 0.078298 -0.084607 0.500461
0.040000 0.078298 -0.082932 0.500461
0.040000 0.078298 -0.081257 0.500461
0.040000 0.078298 -0.079581 0.500461
0.040000 0.078298 -0.077906 0.500461
0.040000 0.078298 -0.076230 0.500461
0.040000 0.078298 -0.074555 0.500461
0.040000 0.078298 -0.072880 0.500461
0.040000 0.078298 -0.071204 0.500461
0.040000 0.078298 -0.069529 0.500461
0.040000 0.078298 -0.067853 0.500461
0.040000 0.078298 -0.066178 0.500461
0.040000 0.078298 -0.064503 0.500461
0.040000 0.078298 -0.062827 0.500461
0.040000 0.078298 -0.061152 0.500461
0.040000 0.078298 -0.059476 0.500461
0.040000 0.078298 -0.057801 0.500461
0.040000 0.078298 -0.056126 0.500461
0.040000 0.078298 -0.054450 0.500461
0.040000 0.078298 -0.052775 0.500461
0.040000 0.078298 -0.051099 0.500461
0.040000 0.078298 -0.049424 0.500461
0.040000 0.078298 -0.047749 0.500461
0.040000 0.078298 -0.046073 0.500461
0.040000 0.078298 -0.044398 0.500461
0.040000 0.078298 -0.042723 0.500461
0.040000 0.078298 -0.041047 0.500461
0.040000 0.078298 -0.039372 0.500461
0.040000 0.078298 -0.037696 0.500461
0.040000 0.078298 -0.036021 0.500461
0.040000 0.078298 -0.034346 0.500461
0.040000 0.078298 -0.032670 0.500461
0.040000 0.078298 -0.030995 0.500461
0.040000 0.078298 -0.029319 0.500461
0.040000 0.078298 -0.027644 0.500461
0.040000 0.078298 -0.025969 0.500461
0.040000 0.078298 -0.024293 0.500461
0.040000 0.078298 -0.022618 0.500461
0.040000 0.078298 -0.020942 0.500461
0.040000 0.078298 -0.019267 0.500461
0.040000 0.078298 -0.017592 0.500461
0.040000 0.078298 -0.015916 0.500461
0.040000 0.078298 -0.014241 0.500461
0.040000 0.078298 -0.012565 0.500461
0.040000 0.078298 -0.010890 0.500461
0.040000 0.078298 -0.009215 0.500461
0.040000 0.078298 -0.007539 0.500461
0.040000 0.078298 -0.005864 0.500461
0.040000 0.078298 -0.004188 0.500461
0.040000 0.078298 -0.002513 0.500461
0.040000 0.078298 -0.000838 0.500461
0.040000 0.078298 0.000838 0.500461
0.040000 0.078298 0.002513 0.500461
0.040000 0.078298 0.004188 0.500461
0.040000 0.078298 0.005864 0.500461
0.040000 0.078298 0.007539 0.500461
0.040000 0.078298 0.009215 0.500461
0.040000 0.078298 0.010890 0.500461
0.040000 0.078298 0.012565 0.500461
0.040000 0.078298 0.014241 0.500461
0.040000 0.078298 0.015916 0.500461
0.040000 0.078298 0.017592 0.500461
0.040000 0.078298 0.019267 0.500461
0.040000 0.078298 0.020942 0.500461
0.040000 0.078298 0.022618 0.500461
0.040000 0.078298 0.024293 0.500461
0.040000 0.078298 0.025969 0.500461
0.040000 0.078298 0.027644 0.500461
0.040000 0.078298 0.029319 0.500461
0.040000 0.078298 0.030995 0.500461
0.040000 0.078298 0.032670 0.500461
0.040000 0.078298 0.034346 0.500461
0.040000 0.078298 0.036021 0.500461
0.040000 0.078298 0.037696 0.500461
0.040000 0.078298 0.039372 0.500461
0.040000 0.078298 0.041047 0.500461
0.040000 0.078298 0.042723 0.500461
0.040000 0.078298 0.044398 0.500461
0.040000 0.078298 0.046073 0.500461
0.040000 0.078298 0.047749 0.500461
0.040000 0.078298 0.049424 0.500461
0.040000 0.078298 0.051099 0.500461
0.040000 0.078298 0.052775 0.500461
0.040000 0.078298 0.054450 0.500461
0.040000 0.078298 0.056126 0.500461
0.040000 0.078298 0.057801 0.500461
0.040000 0.078298 0.059476 0.500461
0.040000 0.078298 0.061152 0.500461
0.040000 0.078298 0.062827 0.500461
0.040000 0.078298 0.064503 0.500461
0.040000 0.078298 0.066178 0.500461
0.040000 0.078298 0.067853 0.500461
0.040000 0.078298 0.069529 0.500461
0.040000 0.078298 0.071204 0.500461
0.040000 0.078298 0.072880 0.500461
0.040000 0.078298 0.074555 0.500461
0.040000 0.078298 0.076230 0.500461
0.040000 0.078298 0.077906 0.500461
0.040000 0.078298 0.079581 0.500461
0.040000 0.078298 0.081257 0.500461
0.040000 0.078298 0.082932 0.500461
0.040000 0.078298 0.084607 0.500461
0.040000 0.078298 0.086283 0.500461
0.040000 0.078298 0.087958 0.500461
0.040000 0.078298 0.089634 0.500461
0.040000 0.078298 0.091309 0.500461
0.040000 0.078298 0.092984 0.500461
0.040000 0.078298 0.094660 0.500461
0.040000 0.078298 0.096335 0.500461
0.040000 0.078298 0.098010 0.500461
0.040000 0.078298 0.099686 0.500461
0.040000 0.078298 0.101361 0.500461
0.040000 0.078298 0.103037 0.500461
0.040000 0.078298 0.104712 0.500461
0.040000 0.078298 0.106387 0.500461
0.040000 0.078298 0.108063 0.500461
0.040000 0.078298 0.109738 0.500461
0.040000 0.078298 0.111414 0.500461
0.040000 0.078298 0.113089 0.500461
0.040000 0.078298 0.114764 0.500461
0.040000 0.078298 0.116440 0.500461
0.040000 0.078298 0.118115 0.500461
0.040000 0.078298 0.119791 0.500461
0.040000 0.078298 0.121466 0.500461
0.040000 0.078298 0.123141 0.500461
0.040000 0.078298 0.124817 0.500461
0.040000 0.078298 0.126492 0.500461
0.040000 0.078298 0.128168 0.500461
0.040000 0.078298 0.129843 0.500461
0.040000 0.078298 0.131518 0.500461
0.040000 0.078298 0.133194 0.500461
0.040000 0.078298 0.134869 0.500461
0.040000 0.078298 0.136545 0.500461
0.040000 0.078298 0.138220 0.500461
0.040000 0.078298 0.139895 0.500461
0.040000 0.078298 0.141571 0.500461
0.040000 0.078298 0.143246 0.500461
0.040000 0.078298 0.144921 0.500461
0.040000 0.078298 0.146597 0.500461
0.040000 0.078298 0.148272 0.500461
0.040000 0.078298 0.149948 0.500461
0.040000 0.078298 0.151623 0.500461
0.040000 0.078298 0.153298 0.500461
0.040000 0.078298 0.154974 0.500461
0.040000 0.078298 0.156649 0.500461
0.040000 0.078298 0.158325 0.500461
0.040000 0.078298 0.160000 0.500461
0.040000 0.080000 -0.160000 0.493069
0.040000 0.080000 -0.158325 0.493069
0.040000 0.080000 -0.156649 0.493069
0.040000 0.080000 -0.154974 0.493069
0.040000 0.080000 -0.153298 0.493069
0.040000 0.080000 -0.151623 0.493069
0.040000 0.080000 -0.149948 0.493069
0.040000 0.080000 -0.148272 0.493069
0.040000 0.080000 -0.146597 0.493069
0.040000 0.080000 -0.144921 0.493069
0.040000 0.080000 -0.143246 0.493069
0.040000 0.080000 -0.141571 0.493069
0.040000 0.080000 -0.139895 0.493069
0.040000 0.080000 -0.138220 0.493069
0.040000 0.080000 -0.136545 0.493069
0.040000 0.080000 -0.134869 0.493069
0.040000 0.080000 -0.133194 0.493069
0.040000 0.080000 -0.131518 0.493069
0.040000 0.080000 -0.129843 0.493069
0.040000 0.080000 -0.128168 0.493069
0.040000 0.080000 -0.126492 0.493069
0.040000 0.080000 -0.124817 0.493069
0.040000 0.080000 -0.123141 0.493069
0.040000 0.080000 -0.121466 0.493069
0.040000 0.080000 -0.119791 0.493069
0.040000 0.080000 -0.118115 0.493069
0.040000 0.080000 -0.116440 0.493069
0.040000 0.080000 -0.114764 0.493069
0.040000 0.080000 -0.113089 0.493069
0.040000 0.080000 -0.111414 0.493069
0.040000 0.080000 -0.109738 0.493069
0.040000 0.080000 -0.108063 0.493069
0.040000 0.080000 -0.106387 0.493069
0.040000 0.080000 -0.104712 0.493069
0.040000 0.080000 -0.103037 0.493069
0.040000 0.080000 -0.101361 0.493069
0.040000 0.080000 -0.099686 0.493069
0.040000 0.080000 -0.098010 0.493069
0.040000 0.080000 -0.096335 0.493069
0.040000 0.080000 -0.094660 0.493069
0.040000 0.080000 -0.092984 0.493069
0.040000 0.080000 -0.091309 0.493069
0.040000 0.080000 -0.089634 0.493069
0.040000 0.080000 -0.087958 0.493069
0.040000 0.080000 -0.086283 0.493069
0.040000 0.080000 -0.084607 0.493069
0.040000 0.080000 -0.082932 0.493069
0.040000 0.080000 -0.081257 0.493069
0.040000 0.080000 -0.079581 0.493069
0.040000 0.080000 -0.077906 0.493069
0.040000 0.080000 -0.076230 0.493069
0.040000 0.080000 -0.074555 0.493069
0.040000 0.080000 -0.072880 0.493069
0.040000 0.080000 -0.071204 0.493069
0.040000 0.080000 -0.069529 0.493069
0.040000 0.080000 -0.067853 0.493069
0.040000 0.080000 -0.066178 0.493069
0.040000 0.080000 -0.064503 0.493069
0.040000 0.080000 -0.062827 0.493069
0.040000 0.080000 -0.061152 0.493069
0.040000 0.080000 -0.059476 0.493069
0.040000 0.080000 -0.057801 0.493069
0.040000 0.080000 -0.056126 0.493069
0.040000 0.080000 -0.054450 0.493069
0.040000 0.080000 -0.052775 0.493069
0.040000 0.080000 -0.051099 0.493069
0.040000 0.080000 -0.049424 0.493069
0.040000 0.080000 -0.047749 0.493069
0.040000 0.080000 -0.046073 0.493069
0.040000 0.080000 -0.044398 0.493069
0.040000 0.080000 -0.042723 0.493069
0.040000 0.080000 -0.041047 0.493069
0.040000 0.080000 -0.039372 0.493069
0.040000 0.080000 -0.037696 0.493069
0.040000 0.080000 -0.036021 0.493069
0.040000 0.080000 -0.034346 0.493069
0.040000 0.080000 -0.032670 0.493069
0.040000 0.080000 -0.030995 0.493069
0.040000 0.080000 -0.029319 0.493069
0.040000 0.080000 -0.027644 0.493069
0.040000 0.080000 -0.025969 0.493069
0.040000 0.080000 -0.024293 0.493069
0.040000 0.080000 -0.022618 0.493069
0.040000 0.080000 -0.020942 0.493069
0.040000 0.080000 -0.019267 0.493069
0.040000 0.080000 -0.017592 0.493069
0.040000 0.080000 -0.015916 0.493069
0.040000 0.080000 -0.014241 0.493069
0.040000 0.080000 -0.012565 0.493069
0.040000 0.080000 -0.010890 0.493069
0.040000 0.080000 -0.009215 0.493069
0.040000 0.080000 -0.007539 0.493069
0.040000 0.080000 -0.005864 0.493069
0.040000 0.080000 -0.004188 0.493069
0.040000 0.080000 -0.002513 0.493069
0.040000 0.080000 -0.000838 0.493069
0.040000 0.080000 0.000838 0.493069
0.040000 0.080000 0.002513 0.493069
0.040000 0.080000 0.004188 0.493069
0.040000 0.080000 0.005864 0.493069
0.040000 0.080000 0.007539 0.493069
0.040000 0.080000 0.009215 0.493069
0.040000 0.080000 0.010890 0.493069
0.040000 0.080000 0.012565 0.493069
0.040000 0.080000 0.014241 0.493069
0.040000 0.080000 0.015916 0.493069
0.040000 0.080000 0.017592 0.493069
0.040000 0.080000 0.019267 0.493069
0.040000 0.080000 0.020942 0.493069
0.040000 0.080000 0.022618 0.493069
0.040000 0.080000 0.024293 0.493069
0.040000 0.080000 0.025969 0.493069
0.040000 0.080000 0.027644 0.493069
0.040000 0.080000 0.029319 0.493069
0.040000 0.080000 0.030995 0.493069
0.040000 0.080000 0.032670 0.493069
0.040000 0.080000 0.034346 0.493069
0.040000 0.080000 0.036021 0.493069
0.040000 0.080000 0.037696 0.493069
0.040000 0.080000 0.039372 0.493069
0.040000 0.080000 0.041047 0.493069
0.040000 0.080000 0.042723 0.493069
0.040000 0.080000 0.044398 0.493069
0.040000 0.080000 0.046073 0.493069
0.040000 0.080000 0.047749 0.493069
0.040000 0.080000 0.049424 0.493069
0.040000 0.080000 0.051099 0.493069
0.040000 0.080000 0.052775 0.493069
0.040000 0.080000 0.054450 0.493069
0.040000 0.080000 0.056126 0.493069
0.040000 0.080000 0.057801 0.493069
0.040000 0.080000 0.059476 0.493069
0.040000 0.080000 0.061152 0.493069
0.040000 0.080000 0.062827 0.493069
0.040000 0.080000 0.064503 0.493069
0.040000 0.080000 0.066178 0.493069
0.040000 0.080000 0.067853 0.493069
0.040000 0.080000 0.069529 0.493069
0.040000 0.080000 0.071204 0.493069
0.040000 0.080000 0.072880 0.493069
0.040000 0.080000 0.074555 0.493069
0.040000 0.080000 0.076230 0.493069
0.040000 0.080000 0.077906 0.493069
0.040000 0.080000 0.079581 0.493069
0.040000 0.080000 0.081257 0.493069
0.040000 0.080000 0.082932 0.493069
0.040000 0.080000 0.084607 0.493069
0.040000 0.080000 0.086283 0.493069
0.040000 0.080000 0.087958 0.493069
0.040000 0.080000 0.089634 0.493069
0.040000 0.080000 0.091309 0.493069
0.040000 0.080000 0.092984 0.493069
0.040000 0.080000 0.094660 0.493069
0.040000 0.080000 0.096335 0.493069
0.040000 0.080000 0.098010 0.493069
0.040000 0.080000 0.099686 0.493069
0.040000 0.080000 0.101361 0.493069
0.040000 0.080000 0.103037 0.493069
0.040000 0.080000 0.104712 0.493069
0.040000 0.080000 0.106387 0.493069
0.040000 0.080000 0.108063 0.493069
0.040000 0.080000 0.109738 0.493069
0.040000 0.080000 0.111414 0.493069
0.040000 0.080000 0.113089 0.493069
0.040000 0.080000 0.114764 0.493069
0.040000 0.080000 0.116440 0.493069
0.040000 0.080000 0.118115 0.493069
0.040000 0.080000 0.119791 0.493069
0.040000 0.080000 0.121466 0.493069
0.040000 0.080000 0.123141 0.493069
0.040000 0.080000 0.124817 0.493069
0.040000 0.080000 0.126492 0.493069
0.040000 0.080000 0.128168 0.493069
0.040000 0.080000 0.129843 0.493069
0.040000 0.080000 0.131518 0.493069
0.040000 0.080000 0.133194 0.493069
0.040000 0.080000 0.134869 0.493069
0.040000 0.080000 0.136545 0.493069
0.040000 0.080000 0.138220 0.493069
0.040000 0.080000 0.139895 0.493069
0.040000 0.080000 0.141571 0.493069
0.040000 0.080000 0.143246 0.493069
0.040000 0.080000 0.144921 0.493069
0.040000 0.080000 0.146597 0.493069
0.040000 0.080000 0.148272 0.493069
0.040000 0.080000 0.149948 0.493069
0.040000 0.080000 0.151623 0.493069
0.040000 0.080000 0.153298 0.493069
0.040000 0.080000 0.154974 0.493069
0.040000 0.080000 0.156649 0.493069
0.040000 0.080000 0.158325 0.493069
0.040000 0.080000 0.160000 0.493069
