-0.040000 0.000000 -0.160000 0.001930
-0.040000 0.000000 -0.158325 0.001930
-0.040000 0.000000 -0.156649 0.001930
-0.040000 0.000000 -0.154974 0.001930
-0.040000 0.000000 -0.153298 0.001930
-0.040000 0.000000 -0.151623 0.001930
-0.040000 0.000000 -0.149948 0.001930
-0.040000 0.000000 -0.148272 0.001930
-0.040000 0.000000 -0.146597 0.001930
-0.040000 0.000000 -0.144921 0.001930
-0.040000 0.000000 -0.143246 0.001930
-0.040000 0.000000 -0.141571 0.001930
-0.040000 0.000000 -0.139895 0.001930
-0.040000 0.000000 -0.138220 0.001930
-0.040000 0.000000 -0.136545 0.001930
-0.040000 0.000000 -0.134869 0.001930
-0.040000 0.000000 -0.133194 0.001930
-0.040000 0.000000 -0.131518 0.001930
-0.040000 0.000000 -0.129843 0.001930
-0.040000 0.000000 -0.128168 0.001930
-0.040000 0.000000 -0.126492 0.001930
-0.040000 0.000000 -0.124817 0.001930
-0.040000 0.000000 -0.123141 0.001930
-0.040000 0.000000 -0.121466 0.001930
-0.040000 0.000000 -0.119791 0.001930
-0.040000 0.000000 -0.118115 0.001930
-0.040000 0.000000 -0.116440 0.001930
-0.040000 0.000000 -0.114764 0.001930
-0.040000 0.000000 -0.113089 0.001930
-0.040000 0.000000 -0.111414 0.001930
-0.040000 0.000000 -0.109738 0.001930
-0.040000 0.000000 -0.108063 0.001930
-0.040000 0.000000 -0.106387 0.001930
-0.040000 0.000000 -0.104712 0.001930
-0.040000 0.000000 -0.103037 0.001930
-0.040000 0.000000 -0.101361 0.001930
-0.040000 0.000000 -0.099686 0.001930
-0.040000 0.000000 -0.098010 0.001930
-0.040000 0.000000 -0.096335 0.001930
-0.040000 0.000000 -0.094660 0.001930
-0.040000 0.000000 -0.092984 0.001930
-0.040000 0.000000 -0.091309 0.001930
-0.040000 0.000000 -0.089634 0.001930
-0.040000 0.000000 -0.087958 0.001930
-0.040000 0.000000 -0.086283 0.001930
-0.040000 0.000000 -0.084607 0.001930
-0.040000 0.000000 -0.082932 0.001930
-0.040000 0.000000 -0.081257 0.001930
-0.040000 0.000000 -0.079581 0.001930
-0.040000 0.000000 -0.077906 0.001930
-0.040000 0.000000 -0.076230 0.001930
-0.040000 0.000000 -0.074555 0.001930
-0.040000 0.000000 -0.072880 0.001930
-0.040000 0.000000 -0.071204 0.001930
-0.040000 0.000000 -0.069529 0.001930
-0.040000 0.000000 -0.067853 0.001930
-0.040000 0.000000 -0.066178 0.001930
-0.040000 0.000000 -0.064503 0.001930
-0.040000 0.000000 -0.062827 0.001930
-0.040000 0.000000 -0.061152 0.001930
-0.040000 0.000000 -0.059476 0.001930
-0.040000 0.000000 -0.057801 0.001930
-0.040000 0.000000 -0.056126 0.001930
-0.040000 0.000000 -0.054450 0.001930
-0.040000 0.000000 -0.052775 0.001930
-0.040000 0.000000 -0.051099 0.001930
-0.040000 0.000000 -0.049424 0.001930
-0.040000 0.000000 -0.047749 0.001930
-0.040000 0.000000 -0.046073 0.001930
-0.040000 0.000000 -0.044398 0.001930
-0.040000 0.000000 -0.042723 0.001930
-0.040000 0.000000 -0.041047 0.001930
-0.040000 0.000000 -0.039372 0.001930
-0.040000 0.000000 -0.037696 0.001930
-0.040000 0.000000 -0.036021 0.001930
-0.040000 0.000000 -0.034346 0.001930
-0.040000 0.000000 -0.032670 0.001930
-0.040000 0.000000 -0.030995 0.001930
-0.040000 0.000000 -0.029319 0.001930
-0.040000 0.000000 -0.027644 0.001930
-0.040000 0.000000 -0.025969 0.001930
-0.040000 0.000000 -0.024293 0.001930
-0.040000 0.000000 -0.022618 0.001930
-0.040000 0.000000 -0.020942 0.001930
-0.040000 0.000000 -0.019267 0.001930
-0.040000 0.000000 -0.017592 0.001930
-0.040000 0.000000 -0.015916 0.001930
-0.040000 0.000000 -0.014241 0.001930
-0.040000 0.000000 -0.012565 0.001930
-0.040000 0.000000 -0.010890 0.001930
-0.040000 0.000000 -0.009215 0.001930
-0.040000 0.000000 -0.007539 0.001930
-0.040000 0.000000 -0.005864 0.001930
-0.040000 0.000000 -0.004188 0.001930
-0.040000 0.000000 -0.002513 0.001930
-0.040000 0.000000 -0.000838 0.001930
-0.040000 0.000000 0.000838 0.001930
-0.040000 0.000000 0.002513 0.001930
-0.040000 0.000000 0.004188 0.001930
-0.040000 0.000000 0.005864 0.001930
-0.040000 0.000000 0.007539 0.001930
-0.040000 0.000000 0.009215 0.001930
-0.040000 0.000000 0.010890 0.001930
-0.040000 0.000000 0.012565 0.001930
-0.040000 0.000000 0.014241 0.001930
-0.040000 0.000000 0.015916 0.001930
-0.040000 0.000000 0.017592 0.001930
-0.040000 0.000000 0.019267 0.001930
-0.040000 0.000000 0.020942 0.001930
-0.040000 0.000000 0.022618 0.001930
-0.040000 0.000000 0.024293 0.001930
-0.040000 0.000000 0.025969 0.001930
-0.040000 0.000000 0.027644 0.001930
-0.040000 0.000000 0.029319 0.001930
-0.040000 0.000000 0.030995 0.001930
-0.040000 0.000000 0.032670 0.001930
-0.040000 0.000000 0.034346 0.001930
-0.040000 0.000000 0.036021 0.001930
-0.040000 0.000000 0.037696 0.001930
-0.040000 0.000000 0.039372 0.001930
-0.040000 0.000000 0.041047 0.001930
-0.040000 0.000000 0.042723 0.001930
-0.040000 0.000000 0.044398 0.001930
-0.040000 0.000000 0.046073 0.001930
-0.040000 0.000000 0.047749 0.001930
-0.040000 0.000000 0.049424 0.001930
-0.040000 0.000000 0.051099 0.001930
-0.040000 0.000000 0.052775 0.001930
-0.040000 0.000000 0.054450 0.001930
-0.040000 0.000000 0.056126 0.001930
-0.040000 0.000000 0.057801 0.001930
-0.040000 0.000000 0.059476 0.001930
-0.040000 0.000000 0.061152 0.001930
-0.040000 0.000000 0.062827 0.001930
-0.040000 0.000000 0.064503 0.001930
-0.040000 0.000000 0.066178 0.001930
-0.040000 0.000000 0.067853 0.001930
-0.040000 0.000000 0.069529 0.001930
-0.040000 0.000000 0.071204 0.001930
-0.040000 0.000000 0.072880 0.001930
-0.040000 0.000000 0.074555 0.001930
-0.040000 0.000000 0.076230 0.001930
-0.040000 0.000000 0.077906 0.001930
-0.040000 0.000000 0.079581 0.001930
-0.040000 0.000000 0.081257 0.001930
-0.040000 0.000000 0.082932 0.001930
-0.040000 0.000000 0.084607 0.001930
-0.040000 0.000000 0.086283 0.001930
-0.040000 0.000000 0.087958 0.001930
-0.040000 0.000000 0.089634 0.001930
-0.040000 0.000000 0.091309 0.001930
-0.040000 0.000000 0.092984 0.001930
-0.040000 0.000000 0.094660 0.001930
-0.040000 0.000000 0.096335 0.001930
-0.040000 0.000000 0.098010 0.001930
-0.040000 0.000000 0.099686 0.001930
-0.040000 0.000000 0.101361 0.001930
-0.040000 0.000000 0.103037 0.001930
-0.040000 0.000000 0.104712 0.001930
-0.040000 0.000000 0.106387 0.001930
-0.040000 0.000000 0.108063 0.001930
-0.040000 0.000000 0.109738 0.001930
-0.040000 0.000000 0.111414 0.001930
-0.040000 0.000000 0.113089 0.001930
-0.040000 0.000000 0.114764 0.001930
-0.040000 0.000000 0.116440 0.001930
-0.040000 0.000000 0.118115 0.001930
-0.040000 0.000000 0.119791 0.001930
-0.040000 0.000000 0.121466 0.001930
-0.040000 0.000000 0.123141 0.001930
-0.040000 0.000000 0.124817 0.001930
-0.040000 0.000000 0.126492 0.001930
-0.040000 0.000000 0.128168 0.001930
-0.040000 0.000000 0.129843 0.001930
-0.040000 0.000000 0.131518 0.001930
-0.040000 0.000000 0.133194 0.001930
-0.040000 0.000000 0.134869 0.001930
-0.040000 0.000000 0.136545 0.001930
-0.040000 0.000000 0.138220 0.001930
-0.040000 0.000000 0.139895 0.001930
-0.040000 0.000000 0.141571 0.001930
-0.040000 0.000000 0.143246 0.001930
-0.040000 0.000000 0.144921 0.001930
-0.040000 0.000000 0.146597 0.001930
-0.040000 0.000000 0.148272 0.001930
-0.040000 0.000000 0.149948 0.001930
-0.040000 0.000000 0.151623 0.001930
-0.040000 0.000000 0.153298 0.001930
-0.040000 0.000000 0.154974 0.001930
-0.040000 0.000000 0.156649 0.001930
-0.040000 0.000000 0.158325 0.001930
-0.040000 0.000000 0.160000 0.001930
-0.038298 0.000000 -0.160000 0.003249
-0.038298 0.000000 -0.158325 0.003249
-0.038298 0.000000 -0.156649 0.003249
-0.038298 0.000000 -0.154974 0.003249
-0.038298 0.000000 -0.153298 0.003249
-0.038298 0.000000 -0.151623 0.003249
-0.038298 0.000000 -0.149948 0.003249
-0.038298 0.000000 -0.148272 0.003249
-0.038298 0.000000 -0.146597 0.003249
-0.038298 0.000000 -0.144921 0.003249
-0.038298 0.000000 -0.143246 0.003249
-0.038298 0.000000 -0.141571 0.003249
-0.038298 0.000000 -0.139895 0.003249
-0.038298 0.000000 -0.138220 0.003249
-0.038298 0.000000 -0.136545 0.003249
-0.038298 0.000000 -0.134869 0.003249
-0.038298 0.000000 -0.133194 0.003249
-0.038298 0.000000 -0.131518 0.003249
-0.038298 0.000000 -0.129843 0.003249
-0.038298 0.000000 -0.128168 0.003249
-0.038298 0.000000 -0.126492 0.003249
-0.038298 0.000000 -0.124817 0.003249
-0.038298 0.000000 -0.123141 0.003249
-0.038298 0.000000 -0.121466 0.003249
-0.038298 0.000000 -0.119791 0.003249
-0.038298 0.000000 -0.118115 0.003249
-0.038298 0.000000 -0.116440 0.003249
-0.038298 0.000000 -0.114764 0.003249
-0.038298 0.000000 -0.113089 0.003249
-0.038298 0.000000 -0.111414 0.003249
-0.038298 0.000000 -0.109738 0.003249
-0.038298 0.000000 -0.108063 0.003249
-0.038298 0.000000 -0.106387 0.003249
-0.038298 0.000000 -0.104712 0.003249
-0.038298 0.000000 -0.103037 0.003249
-0.038298 0.000000 -0.101361 0.003249
-0.038298 0.000000 -0.099686 0.003249
-0.038298 0.000000 -0.098010 0.003249
-0.038298 0.000000 -0.096335 0.003249
-0.038298 0.000000 -0.094660 0.003249
-0.038298 0.000000 -0.092984 0.003249
-0.038298 0.000000 -0.091309 0.003249
-0.038298 0.000000 -0.089634 0.003249
-0.038298 0.000000 -0.087958 0.003249
-0.038298 0.000000 -0.086283 0.003249
-0.038298 0.000000 -0.084607 0.003249
-0.038298 0.000000 -0.082932 0.003249
-0.038298 0.000000 -0.081257 0.003249
-0.038298 0.000000 -0.079581 0.003249
-0.038298 0.000000 -0.077906 0.003249
-0.038298 0.000000 -0.076230 0.003249
-0.038298 0.000000 -0.074555 0.003249
-0.038298 0.000000 -0.072880 0.003249
-0.038298 0.000000 -0.071204 0.003249
-0.038298 0.000000 -0.069529 0.003249
-0.038298 0.000000 -0.067853 0.003249
-0.038298 0.000000 -0.066178 0.003249
-0.038298 0.000000 -0.064503 0.003249
-0.038298 0.000000 -0.062827 0.003249
-0.038298 0.000000 -0.061152 0.003249
-0.038298 0.000000 -0.059476 0.003249
-0.038298 0.000000 -0.057801 0.003249
-0.038298 0.000000 -0.056126 0.003249
-0.038298 0.000000 -0.054450 0.003249
-0.038298 0.000000 -0.052775 0.003249
-0.038298 0.000000 -0.051099 0.003249
-0.038298 0.000000 -0.049424 0.003249
-0.038298 0.000000 -0.047749 0.003249
-0.038298 0.000000 -0.046073 0.003249
-0.038298 0.000000 -0.044398 0.003249
-0.038298 0.000000 -0.042723 0.003249
-0.038298 0.000000 -0.041047 0.003249
-0.038298 0.000000 -0.039372 0.003249
-0.038298 0.000000 -0.037696 0.003249
-0.038298 0.000000 -0.036021 0.003249
-0.038298 0.000000 -0.034346 0.003249
-0.038298 0.000000 -0.032670 0.003249
-0.038298 0.000000 -0.030995 0.003249
-0.038298 0.000000 -0.029319 0.003249
-0.038298 0.000000 -0.027644 0.003249
-0.038298 0.000000 -0.025969 0.003249
-0.038298 0.000000 -0.024293 0.003249
-0.038298 0.000000 -0.022618 0.003249
-0.038298 0.000000 -0.020942 0.003249
-0.038298 0.000000 -0.019267 0.003249
-0.038298 0.000000 -0.017592 0.003249
-0.038298 0.000000 -0.015916 0.003249
-0.038298 0.000000 -0.014241 0.003249
-0.038298 0.000000 -0.012565 0.003249
-0.038298 0.000000 -0.010890 0.003249
-0.038298 0.000000 -0.009215 0.003249
-0.038298 0.000000 -0.007539 0.003249
-0.038298 0.000000 -0.005864 0.003249
-0.038298 0.000000 -0.004188 0.003249
-0.038298 0.000000 -0.002513 0.003249
-0.038298 0.000000 -0.000838 0.003249
-0.038298 0.000000 0.000838 0.003249
-0.038298 0.000000 0.002513 0.003249
-0.038298 0.000000 0.004188 0.003249
-0.038298 0.000000 0.005864 0.003249
-0.038298 0.000000 0.007539 0.003249
-0.038298 0.000000 0.009215 0.003249
-0.038298 0.000000 0.010890 0.003249
-0.038298 0.000000 0.012565 0.003249
-0.038298 0.000000 0.014241 0.003249
-0.038298 0.000000 0.015916 0.003249
-0.038298 0.000000 0.017592 0.003249
-0.038298 0.000000 0.019267 0.003249
-0.038298 0.000000 0.020942 0.003249
-0.038298 0.000000 0.022618 0.003249
-0.038298 0.000000 0.024293 0.003249
-0.038298 0.000000 0.025969 0.003249
-0.038298 0.000000 0.027644 0.003249
-0.038298 0.000000 0.029319 0.003249
-0.038298 0.000000 0.030995 0.003249
-0.038298 0.000000 0.032670 0.003249
-0.038298 0.000000 0.034346 0.003249
-0.038298 0.000000 0.036021 0.003249
-0.038298 0.000000 0.037696 0.003249
-0.038298 0.000000 0.039372 0.003249
-0.038298 0.000000 0.041047 0.003249
-0.038298 0.000000 0.042723 0.003249
-0.038298 0.000000 0.044398 0.003249
-0.038298 0.000000 0.046073 0.003249
-0.038298 0.000000 0.047749 0.003249
-0.038298 0.000000 0.049424 0.003249
-0.038298 0.000000 0.051099 0.003249
-0.038298 0.000000 0.052775 0.003249
-0.038298 0.000000 0.054450 0.003249
-0.038298 0.000000 0.056126 0.003249
-0.038298 0.000000 0.057801 0.003249
-0.038298 0.000000 0.059476 0.003249
-0.038298 0.000000 0.061152 0.003249
-0.038298 0.000000 0.062827 0.003249
-0.038298 0.000000 0.064503 0.003249
-0.038298 0.000000 0.066178 0.003249
-0.038298 0.000000 0.067853 0.003249
-0.038298 0.000000 0.069529 0.003249
-0.038298 0.000000 0.071204 0.003249
-0.038298 0.000000 0.072880 0.003249
-0.038298 0.000000 0.074555 0.003249
-0.038298 0.000000 0.076230 0.003249
-0.038298 0.000000 0.077906 0.003249
-0.038298 0.000000 0.079581 0.003249
-0.038298 0.000000 0.081257 0.003249
-0.038298 0.000000 0.082932 0.003249
-0.038298 0.000000 0.084607 0.003249
-0.038298 0.000000 0.086283 0.003249
-0.038298 0.000000 0.087958 0.003249
-0.038298 0.000000 0.089634 0.003249
-0.038298 0.000000 0.091309 0.003249
-0.038298 0.000000 0.092984 0.003249
-0.038298 0.000000 0.094660 0.003249
-0.038298 0.000000 0.096335 0.003249
-0.038298 0.000000 0.098010 0.003249
-0.038298 0.000000 0.099686 0.003249
-0.038298 0.000000 0.101361 0.003249
-0.038298 0.000000 0.103037 0.003249
-0.038298 0.000000 0.104712 0.003249
-0.038298 0.000000 0.106387 0.003249
-0.038298 0.000000 0.108063 0.003249
-0.038298 0.000000 0.109738 0.003249
-0.038298 0.000000 0.111414 0.003249
-0.038298 0.000000 0.113089 0.003249
-0.038298 0.000000 0.114764 0.003249
-0.038298 0.000000 0.116440 0.003249
-0.038298 0.000000 0.118115 0.003249
-0.038298 0.000000 0.119791 0.003249
-0.038298 0.000000 0.121466 0.003249
-0.038298 0.000000 0.123141 0.003249
-0.038298 0.000000 0.124817 0.003249
-0.038298 0.000000 0.126492 0.003249
-0.038298 0.000000 0.128168 0.003249
-0.038298 0.000000 0.129843 0.003249
-0.038298 0.000000 0.131518 0.003249
-0.038298 0.000000 0.133194 0.003249
-0.038298 0.000000 0.134869 0.003249
-0.038298 0.000000 0.136545 0.003249
-0.038298 0.000000 0.138220 0.003249
-0.038298 0.000000 0.139895 0.003249
-0.038298 0.000000 0.141571 0.003249
-0.038298 0.000000 0.143246 0.003249
-0.038298 0.000000 0.144921 0.003249
-0.038298 0.000000 0.146597 0.003249
-0.038298 0.000000 0.148272 0.003249
-0.038298 0.000000 0.149948 0.003249
-0.038298 0.000000 0.151623 0.003249
-0.038298 0.000000 0.153298 0.003249
-0.038298 0.000000 0.154974 0.003249
-0.038298 0.000000 0.156649 0.003249
-0.038298 0.000000 0.158325 0.003249
-0.038298 0.000000 0.160000 0.003249
-0.036596 0.000000 -0.160000 0.005346
-0.036596 0.000000 -0.158325 0.005346
-0.036596 0.000000 -0.156649 0.005346
-0.036596 0.000000 -0.154974 0.005346
-0.036596 0.000000 -0.153298 0.005346
-0.036596 0.000000 -0.151623 0.005346
-0.036596 0.000000 -0.149948 0.005346
-0.036596 0.000000 -0.148272 0.005346
-0.036596 0.000000 -0.146597 0.005346
-0.036596 0.000000 -0.144921 0.005346
-0.036596 0.000000 -0.143246 0.005346
-0.036596 0.000000 -0.141571 0.005346
-0.036596 0.000000 -0.139895 0.005346
-0.036596 0.000000 -0.138220 0.005346
-0.036596 0.000000 -0.136545 0.005346
-0.036596 0.000000 -0.134869 0.005346
-0.036596 0.000000 -0.133194 0.005346
-0.036596 0.000000 -0.131518 0.005346
-0.036596 0.000000 -0.129843 0.005346
-0.036596 0.000000 -0.128168 0.005346
-0.036596 0.000000 -0.126492 0.005346
-0.036596 0.000000 -0.124817 0.005346
-0.036596 0.000000 -0.123141 0.005346
-0.036596 0.000000 -0.121466 0.005346
-0.036596 0.000000 -0.119791 0.005346
-0.036596 0.000000 -0.118115 0.005346
-0.036596 0.000000 -0.116440 0.005346
-0.036596 0.000000 -0.114764 0.005346
-0.036596 0.000000 -0.113089 0.005346
-0.036596 0.000000 -0.111414 0.005346
-0.036596 0.000000 -0.109738 0.005346
-0.036596 0.000000 -0.108063 0.005346
-0.036596 0.000000 -0.106387 0.005346
-0.036596 0.000000 -0.104712 0.005346
-0.036596 0.000000 -0.103037 0.005346
-0.036596 0.000000 -0.101361 0.005346
-0.036596 0.000000 -0.099686 0.005346
-0.036596 0.000000 -0.098010 0.005346
-0.036596 0.000000 -0.096335 0.005346
-0.036596 0.000000 -0.094660 0.005346
-0.036596 0.000000 -0.092984 0.005346
-0.036596 0.000000 -0.091309 0.005346
-0.036596 0.000000 -0.089634 0.005346
-0.036596 0.000000 -0.087958 0.005346
-0.036596 0.000000 -0.086283 0.005346
-0.036596 0.000000 -0.084607 0.005346
-0.036596 0.000000 -0.082932 0.005346
-0.036596 0.000000 -0.081257 0.005346
-0.036596 0.000000 -0.079581 0.005346
-0.036596 0.000000 -0.077906 0.005346
-0.036596 0.000000 -0.076230 0.005346
-0.036596 0.000000 -0.074555 0.005346
-0.036596 0.000000 -0.072880 0.005346
-0.036596 0.000000 -0.071204 0.005346
-0.036596 0.000000 -0.069529 0.005346
-0.036596 0.000000 -0.067853 0.005346
-0.036596 0.000000 -0.066178 0.005346
-0.036596 0.000000 -0.064503 0.005346
-0.036596 0.000000 -0.062827 0.005346
-0.036596 0.000000 -0.061152 0.005346
-0.036596 0.000000 -0.059476 0.005346
-0.036596 0.000000 -0.057801 0.005346
-0.036596 0.000000 -0.056126 0.005346
-0.036596 0.000000 -0.054450 0.005346
-0.036596 0.000000 -0.052775 0.005346
-0.036596 0.000000 -0.051099 0.005346
-0.036596 0.000000 -0.049424 0.005346
-0.036596 0.000000 -0.047749 0.005346
-0.036596 0.000000 -0.046073 0.005346
-0.036596 0.000000 -0.044398 0.005346
-0.036596 0.000000 -0.042723 0.005346
-0.036596 0.000000 -0.041047 0.005346
-0.036596 0.000000 -0.039372 0.005346
-0.036596 0.000000 -0.037696 0.005346
-0.036596 0.000000 -0.036021 0.005346
-0.036596 0.000000 -0.034346 0.005346
-0.036596 0.000000 -0.032670 0.005346
-0.036596 0.000000 -0.030995 0.005346
-0.036596 0.000000 -0.029319 0.005346
-0.036596 0.000000 -0.027644 0.005346
-0.036596 0.000000 -0.025969 0.005346
-0.036596 0.000000 -0.024293 0.005346
-0.036596 0.000000 -0.022618 0.005346
-0.036596 0.000000 -0.020942 0.005346
-0.036596 0.000000 -0.019267 0.005346
-0.036596 0.000000 -0.017592 0.005346
-0.036596 0.000000 -0.015916 0.005346
-0.036596 0.000000 -0.014241 0.005346
-0.036596 0.000000 -0.012565 0.005346
-0.036596 0.000000 -0.010890 0.005346
-0.036596 0.000000 -0.009215 0.005346
-0.036596 0.000000 -0.007539 0.005346
-0.036596 0.000000 -0.005864 0.005346
-0.036596 0.000000 -0.004188 0.005346
-0.036596 0.000000 -0.002513 0.005346
-0.036596 0.000000 -0.000838 0.005346
-0.036596 0.000000 0.000838 0.005346
-0.036596 0.000000 0.002513 0.005346
-0.036596 0.000000 0.004188 0.005346
-0.036596 0.000000 0.005864 0.005346
-0.036596 0.000000 0.007539 0.005346
-0.036596 0.000000 0.009215 0.005346
-0.036596 0.000000 0.010890 0.005346
-0.036596 0.000000 0.012565 0.005346
-0.036596 0.000000 0.014241 0.005346
-0.036596 0.000000 0.015916 0.005346
-0.036596 0.000000 0.017592 0.005346
-0.036596 0.000000 0.019267 0.005346
-0.036596 0.000000 0.020942 0.005346
-0.036596 0.000000 0.022618 0.005346
-0.036596 0.000000 0.024293 0.005346
-0.036596 0.000000 0.025969 0.005346
-0.036596 0.000000 0.027644 0.005346
-0.036596 0.000000 0.029319 0.005346
-0.036596 0.000000 0.030995 0.005346
-0.036596 0.000000 0.032670 0.005346
-0.036596 0.000000 0.034346 0.005346
-0.036596 0.000000 0.036021 0.005346
-0.036596 0.000000 0.037696 0.005346
-0.036596 0.000000 0.039372 0.005346
-0.036596 0.000000 0.041047 0.005346
-0.036596 0.000000 0.042723 0.005346
-0.036596 0.000000 0.044398 0.005346
-0.036596 0.000000 0.046073 0.005346
-0.036596 0.000000 0.047749 0.005346
-0.036596 0.000000 0.049424 0.005346
-0.036596 0.000000 0.051099 0.005346
-0.036596 0.000000 0.052775 0.005346
-0.036596 0.000000 0.054450 0.005346
-0.036596 0.000000 0.056126 0.005346
-0.036596 0.000000 0.057801 0.005346
-0.036596 0.000000 0.059476 0.005346
-0.036596 0.000000 0.061152 0.005346
-0.036596 0.000000 0.062827 0.005346
-0.036596 0.000000 0.064503 0.005346
-0.036596 0.000000 0.066178 0.005346
-0.036596 0.000000 0.067853 0.005346
-0.036596 0.000000 0.069529 0.005346
-0.036596 0.000000 0.071204 0.005346
-0.036596 0.000000 0.072880 0.005346
-0.036596 0.000000 0.074555 0.005346
-0.036596 0.000000 0.076230 0.005346
-0.036596 0.000000 0.077906 0.005346
-0.036596 0.000000 0.079581 0.005346
-0.036596 0.000000 0.081257 0.005346
-0.036596 0.000000 0.082932 0.005346
-0.036596 0.000000 0.084607 0.005346
-0.036596 0.000000 0.086283 0.005346
-0.036596 0.000000 0.087958 0.005346
-0.036596 0.000000 0.089634 0.005346
-0.036596 0.000000 0.091309 0.005346
-0.036596 0.000000 0.092984 0.005346
-0.036596 0.000000 0.094660 0.005346
-0.036596 0.000000 0.096335 0.005346
-0.036596 0.000000 0.098010 0.005346
-0.036596 0.000000 0.099686 0.005346
-0.036596 0.000000 0.101361 0.005346
-0.036596 0.000000 0.103037 0.005346
-0.036596 0.000000 0.104712 0.005346
-0.036596 0.000000 0.106387 0.005346
-0.036596 0.000000 0.108063 0.005346
-0.036596 0.000000 0.109738 0.005346
-0.036596 0.000000 0.111414 0.005346
-0.036596 0.000000 0.113089 0.005346
-0.036596 0.000000 0.114764 0.005346
-0.036596 0.000000 0.116440 0.005346
-0.036596 0.000000 0.118115 0.005346
-0.036596 0.000000 0.119791 0.005346
-0.036596 0.000000 0.121466 0.005346
-0.036596 0.000000 0.123141 0.005346
-0.036596 0.000000 0.124817 0.005346
-0.036596 0.000000 0.126492 0.005346
-0.036596 0.000000 0.128168 0.005346
-0.036596 0.000000 0.129843 0.005346
-0.036596 0.000000 0.131518 0.005346
-0.036596 0.000000 0.133194 0.005346
-0.036596 0.000000 0.134869 0.005346
-0.036596 0.000000 0.136545 0.005346
-0.036596 0.000000 0.138220 0.005346
-0.036596 0.000000 0.139895 0.005346
-0.036596 0.000000 0.141571 0.005346
-0.036596 0.000000 0.143246 0.005346
-0.036596 0.000000 0.144921 0.005346
-0.036596 0.000000 0.146597 0.005346
-0.036596 0.000000 0.148272 0.005346
-0.036596 0.000000 0.149948 0.005346
-0.036596 0.000000 0.151623 0.005346
-0.036596 0.000000 0.153298 0.005346
-0.036596 0.000000 0.154974 0.005346
-0.036596 0.000000 0.156649 0.005346
-0.036596 0.000000 0.158325 0.005346
-0.036596 0.000000 0.160000 0.005346
-0.034894 0.000000 -0.160000 0.008599
-0.034894 0.000000 -0.158325 0.008599
-0.034894 0.000000 -0.156649 0.008599
-0.034894 0.000000 -0.154974 0.008599
-0.034894 0.000000 -0.153298 0.008599
-0.034894 0.000000 -0.151623 0.008599
-0.034894 0.000000 -0.149948 0.008599
-0.034894 0.000000 -0.148272 0.008599
-0.034894 0.000000 -0.146597 0.008599
-0.034894 0.000000 -0.144921 0.008599
-0.034894 0.000000 -0.143246 0.008599
-0.034894 0.000000 -0.141571 0.008599
-0.034894 0.000000 -0.139895 0.008599
-0.034894 0.000000 -0.138220 0.008599
-0.034894 0.000000 -0.136545 0.008599
-0.034894 0.000000 -0.134869 0.008599
-0.034894 0.000000 -0.133194 0.008599
-0.034894 0.000000 -0.131518 0.008599
-0.034894 0.000000 -0.129843 0.008599
-0.034894 0.000000 -0.128168 0.008599
-0.034894 0.000000 -0.126492 0.008599
-0.034894 0.000000 -0.124817 0.008599
-0.034894 0.000000 -0.123141 0.008599
-0.034894 0.000000 -0.121466 0.008599
-0.034894 0.000000 -0.119791 0.008599
-0.034894 0.000000 -0.118115 0.008599
-0.034894 0.000000 -0.116440 0.008599
-0.034894 0.000000 -0.114764 0.008599
-0.034894 0.000000 -0.113089 0.008599
-0.034894 0.000000 -0.111414 0.008599
-0.034894 0.000000 -0.109738 0.008599
-0.034894 0.000000 -0.108063 0.008599
-0.034894 0.000000 -0.106387 0.008599
-0.034894 0.000000 -0.104712 0.008599
-0.034894 0.000000 -0.103037 0.008599
-0.034894 0.000000 -0.101361 0.008599
-0.034894 0.000000 -0.099686 0.008599
-0.034894 0.000000 -0.098010 0.008599
-0.034894 0.000000 -0.096335 0.008599
-0.034894 0.000000 -0.094660 0.008599
-0.034894 0.000000 -0.092984 0.008599
-0.034894 0.000000 -0.091309 0.008599
-0.034894 0.000000 -0.089634 0.008599
-0.034894 0.000000 -0.087958 0.008599
-0.034894 0.000000 -0.086283 0.008599
-0.034894 0.000000 -0.084607 0.008599
-0.034894 0.000000 -0.082932 0.008599
-0.034894 0.000000 -0.081257 0.008599
-0.034894 0.000000 -0.079581 0.008599
-0.034894 0.000000 -0.077906 0.008599
-0.034894 0.000000 -0.076230 0.008599
-0.034894 0.000000 -0.074555 0.008599
-0.034894 0.000000 -0.072880 0.008599
-0.034894 0.000000 -0.071204 0.008599
-0.034894 0.000000 -0.069529 0.008599
-0.034894 0.000000 -0.067853 0.008599
-0.034894 0.000000 -0.066178 0.008599
-0.034894 0.000000 -0.064503 0.008599
-0.034894 0.000000 -0.062827 0.008599
-0.034894 0.000000 -0.061152 0.008599
-0.034894 0.000000 -0.059476 0.008599
-0.034894 0.000000 -0.057801 0.008599
-0.034894 0.000000 -0.056126 0.008599
-0.034894 0.000000 -0.054450 0.008599
-0.034894 0.000000 -0.052775 0.008599
-0.034894 0.000000 -0.051099 0.008599
-0.034894 0.000000 -0.049424 0.008599
-0.034894 0.000000 -0.047749 0.008599
-0.034894 0.000000 -0.046073 0.008599
-0.034894 0.000000 -0.044398 0.008599
-0.034894 0.000000 -0.042723 0.008599
-0.034894 0.000000 -0.041047 0.008599
-0.034894 0.000000 -0.039372 0.008599
-0.034894 0.000000 -0.037696 0.008599
-0.034894 0.000000 -0.036021 0.008599
-0.034894 0.000000 -0.034346 0.008599
-0.034894 0.000000 -0.032670 0.008599
-0.034894 0.000000 -0.030995 0.008599
-0.034894 0.000000 -0.029319 0.008599
-0.034894 0.000000 -0.027644 0.008599
-0.034894 0.000000 -0.025969 0.008599
-0.034894 0.000000 -0.024293 0.008599
-0.034894 0.000000 -0.022618 0.008599
-0.034894 0.000000 -0.020942 0.008599
-0.034894 0.000000 -0.019267 0.008599
-0.034894 0.000000 -0.017592 0.008599
-0.034894 0.000000 -0.015916 0.008599
-0.034894 0.000000 -0.014241 0.008599
-0.034894 0.000000 -0.012565 0.008599
-0.034894 0.000000 -0.010890 0.008599
-0.034894 0.000000 -0.009215 0.008599
-0.034894 0.000000 -0.007539 0.008599
-0.034894 0.000000 -0.005864 0.008599
-0.034894 0.000000 -0.004188 0.008599
-0.034894 0.000000 -0.002513 0.008599
-0.034894 0.000000 -0.000838 0.008599
-0.034894 0.000000 0.000838 0.008599
-0.034894 0.000000 0.002513 0.008599
-0.034894 0.000000 0.004188 0.008599
-0.034894 0.000000 0.005864 0.008599
-0.034894 0.000000 0.007539 0.008599
-0.034894 0.000000 0.009215 0.008599
-0.034894 0.000000 0.010890 0.008599
-0.034894 0.000000 0.012565 0.008599
-0.034894 0.000000 0.014241 0.008599
-0.034894 0.000000 0.015916 0.008599
-0.034894 0.000000 0.017592 0.008599
-0.034894 0.000000 0.019267 0.008599
-0.034894 0.000000 0.020942 0.008599
-0.034894 0.000000 0.022618 0.008599
-0.034894 0.000000 0.024293 0.008599
-0.034894 0.000000 0.025969 0.008599
-0.034894 0.000000 0.027644 0.008599
-0.034894 0.000000 0.029319 0.008599
-0.034894 0.000000 0.030995 0.008599
-0.034894 0.000000 0.032670 0.008599
-0.034894 0.000000 0.034346 0.008599
-0.034894 0.000000 0.036021 0.008599
-0.034894 0.000000 0.037696 0.008599
-0.034894 0.000000 0.039372 0.008599
-0.034894 0.000000 0.041047 0.008599
-0.034894 0.000000 0.042723 0.008599
-0.034894 0.000000 0.044398 0.008599
-0.034894 0.000000 0.046073 0.008599
-0.034894 0.000000 0.047749 0.008599
-0.034894 0.000000 0.049424 0.008599
-0.034894 0.000000 0.051099 0.008599
-0.034894 0.000000 0.052775 0.008599
-0.034894 0.000000 0.054450 0.008599
-0.034894 0.000000 0.056126 0.008599
-0.034894 0.000000 0.057801 0.008599
-0.034894 0.000000 0.059476 0.008599
-0.034894 0.000000 0.061152 0.008599
-0.034894 0.000000 0.062827 0.008599
-0.034894 0.000000 0.064503 0.008599
-0.034894 0.000000 0.066178 0.008599
-0.034894 0.000000 0.067853 0.008599
-0.034894 0.000000 0.069529 0.008599
-0.034894 0.000000 0.071204 0.008599
-0.034894 0.000000 0.072880 0.008599
-0.034894 0.000000 0.074555 0.008599
-0.034894 0.000000 0.076230 0.008599
-0.034894 0.000000 0.077906 0.008599
-0.034894 0.000000 0.079581 0.008599
-0.034894 0.000000 0.081257 0.008599
-0.034894 0.000000 0.082932 0.008599
-0.034894 0.000000 0.084607 0.008599
-0.034894 0.000000 0.086283 0.008599
-0.034894 0.000000 0.087958 0.008599
-0.034894 0.000000 0.089634 0.008599
-0.034894 0.000000 0.091309 0.008599
-0.034894 0.000000 0.092984 0.008599
-0.034894 0.000000 0.094660 0.008599
-0.034894 0.000000 0.096335 0.008599
-0.034894 0.000000 0.098010 0.008599
-0.034894 0.000000 0.099686 0.008599
-0.034894 0.000000 0.101361 0.008599
-0.034894 0.000000 0.103037 0.008599
-0.034894 0.000000 0.104712 0.008599
-0.034894 0.000000 0.106387 0.008599
-0.034894 0.000000 0.108063 0.008599
-0.034894 0.000000 0.109738 0.008599
-0.034894 0.000000 0.111414 0.008599
-0.034894 0.000000 0.113089 0.008599
-0.034894 0.000000 0.114764 0.008599
-0.034894 0.000000 0.116440 0.008599
-0.034894 0.000000 0.118115 0.008599
-0.034894 0.000000 0.119791 0.008599
-0.034894 0.000000 0.121466 0.008599
-0.034894 0.000000 0.123141 0.008599
-0.034894 0.000000 0.124817 0.008599
-0.034894 0.000000 0.126492 0.008599
-0.034894 0.000000 0.128168 0.008599
-0.034894 0.000000 0.129843 0.008599
-0.034894 0.000000 0.131518 0.008599
-0.034894 0.000000 0.133194 0.008599
-0.034894 0.000000 0.134869 0.008599
-0.034894 0.000000 0.136545 0.008599
-0.034894 0.000000 0.138220 0.008599
-0.034894 0.000000 0.139895 0.008599
-0.034894 0.000000 0.141571 0.008599
-0.034894 0.000000 0.143246 0.008599
-0.034894 0.000000 0.144921 0.008599
-0.034894 0.000000 0.146597 0.008599
-0.034894 0.000000 0.148272 0.008599
-0.034894 0.000000 0.149948 0.008599
-0.034894 0.000000 0.151623 0.008599
-0.034894 0.000000 0.153298 0.008599
-0.034894 0.000000 0.154974 0.008599
-0.034894 0.000000 0.156649 0.008599
-0.034894 0.000000 0.158325 0.008599
-0.034894 0.000000 0.160000 0.008599
-0.033191 0.000000 -0.160000 0.013522
-0.033191 0.000000 -0.158325 0.013522
-0.033191 0.000000 -0.156649 0.013522
-0.033191 0.000000 -0.154974 0.013522
-0.033191 0.000000 -0.153298 0.013522
-0.033191 0.000000 -0.151623 0.013522
-0.033191 0.000000 -0.149948 0.013522
-0.033191 0.000000 -0.148272 0.013522
-0.033191 0.000000 -0.146597 0.013522
-0.033191 0.000000 -0.144921 0.013522
-0.033191 0.000000 -0.143246 0.013522
-0.033191 0.000000 -0.141571 0.013522
-0.033191 0.000000 -0.139895 0.013522
-0.033191 0.000000 -0.138220 0.013522
-0.033191 0.000000 -0.136545 0.013522
-0.033191 0.000000 -0.134869 0.013522
-0.033191 0.000000 -0.133194 0.013522
-0.033191 0.000000 -0.131518 0.013522
-0.033191 0.000000 -0.129843 0.013522
-0.033191 0.000000 -0.128168 0.013522
-0.033191 0.000000 -0.126492 0.013522
-0.033191 0.000000 -0.124817 0.013522
-0.033191 0.000000 -0.123141 0.013522
-0.033191 0.000000 -0.121466 0.013522
-0.033191 0.000000 -0.119791 0.013522
-0.033191 0.000000 -0.118115 0.013522
-0.033191 0.000000 -0.116440 0.013522
-0.033191 0.000000 -0.114764 0.013522
-0.033191 0.000000 -0.113089 0.013522
-0.033191 0.000000 -0.111414 0.013522
-0.033191 0.000000 -0.109738 0.013522
-0.033191 0.000000 -0.108063 0.013522
-0.033191 0.000000 -0.106387 0.013522
-0.033191 0.000000 -0.104712 0.013522
-0.033191 0.000000 -0.103037 0.013522
-0.033191 0.000000 -0.101361 0.013522
-0.033191 0.000000 -0.099686 0.013522
-0.033191 0.000000 -0.098010 0.013522
-0.033191 0.000000 -0.096335 0.013522
-0.033191 0.000000 -0.094660 0.013522
-0.033191 0.000000 -0.092984 0.013522
-0.033191 0.000000 -0.091309 0.013522
-0.033191 0.000000 -0.089634 0.013522
-0.033191 0.000000 -0.087958 0.013522
-0.033191 0.000000 -0.086283 0.013522
-0.033191 0.000000 -0.084607 0.013522
-0.033191 0.000000 -0.082932 0.013522
-0.033191 0.000000 -0.081257 0.013522
-0.033191 0.000000 -0.079581 0.013522
-0.033191 0.000000 -0.077906 0.013522
-0.033191 0.000000 -0.076230 0.013522
-0.033191 0.000000 -0.074555 0.013522
-0.033191 0.000000 -0.072880 0.013522
-0.033191 0.000000 -0.071204 0.013522
-0.033191 0.000000 -0.069529 0.013522
-0.033191 0.000000 -0.067853 0.013522
-0.033191 0.000000 -0.066178 0.013522
-0.033191 0.000000 -0.064503 0.013522
-0.033191 0.000000 -0.062827 0.013522
-0.033191 0.000000 -0.061152 0.013522
-0.033191 0.000000 -0.059476 0.013522
-0.033191 0.000000 -0.057801 0.013522
-0.033191 0.000000 -0.056126 0.013522
-0.033191 0.000000 -0.054450 0.013522
-0.033191 0.000000 -0.052775 0.013522
-0.033191 0.000000 -0.051099 0.013522
-0.033191 0.000000 -0.049424 0.013522
-0.033191 0.000000 -0.047749 0.013522
-0.033191 0.000000 -0.046073 0.013522
-0.033191 0.000000 -0.044398 0.013522
-0.033191 0.000000 -0.042723 0.013522
-0.033191 0.000000 -0.041047 0.013522
-0.033191 0.000000 -0.039372 0.013522
-0.033191 0.000000 -0.037696 0.013522
-0.033191 0.000000 -0.036021 0.013522
-0.033191 0.000000 -0.034346 0.013522
-0.033191 0.000000 -0.032670 0.013522
-0.033191 0.000000 -0.030995 0.013522
-0.033191 0.000000 -0.029319 0.013522
-0.033191 0.000000 -0.027644 0.013522
-0.033191 0.000000 -0.025969 0.013522
-0.033191 0.000000 -0.024293 0.013522
-0.033191 0.000000 -0.022618 0.013522
-0.033191 0.000000 -0.020942 0.013522
-0.033191 0.000000 -0.019267 0.013522
-0.033191 0.000000 -0.017592 0.013522
-0.033191 0.000000 -0.015916 0.013522
-0.033191 0.000000 -0.014241 0.013522
-0.033191 0.000000 -0.012565 0.013522
-0.033191 0.000000 -0.010890 0.013522
-0.033191 0.000000 -0.009215 0.013522
-0.033191 0.000000 -0.007539 0.013522
-0.033191 0.000000 -0.005864 0.013522
-0.033191 0.000000 -0.004188 0.013522
-0.033191 0.000000 -0.002513 0.013522
-0.033191 0.000000 -0.000838 0.013522
-0.033191 0.000000 0.000838 0.013522
-0.033191 0.000000 0.002513 0.013522
-0.033191 0.000000 0.004188 0.013522
-0.033191 0.000000 0.005864 0.013522
-0.033191 0.000000 0.007539 0.013522
-0.033191 0.000000 0.009215 0.013522
-0.033191 0.000000 0.010890 0.013522
-0.033191 0.000000 0.012565 0.013522
-0.033191 0.000000 0.014241 0.013522
-0.033191 0.000000 0.015916 0.013522
-0.033191 0.000000 0.017592 0.013522
-0.033191 0.000000 0.019267 0.013522
-0.033191 0.000000 0.020942 0.013522
-0.033191 0.000000 0.022618 0.013522
-0.033191 0.000000 0.024293 0.013522
-0.033191 0.000000 0.025969 0.013522
-0.033191 0.000000 0.027644 0.013522
-0.033191 0.000000 0.029319 0.013522
-0.033191 0.000000 0.030995 0.013522
-0.033191 0.000000 0.032670 0.013522
-0.033191 0.000000 0.034346 0.013522
-0.033191 0.000000 0.036021 0.013522
-0.033191 0.000000 0.037696 0.013522
-0.033191 0.000000 0.039372 0.013522
-0.033191 0.000000 0.041047 0.013522
-0.033191 0.000000 0.042723 0.013522
-0.033191 0.000000 0.044398 0.013522
-0.033191 0.000000 0.046073 0.013522
-0.033191 0.000000 0.047749 0.013522
-0.033191 0.000000 0.049424 0.013522
-0.033191 0.000000 0.051099 0.013522
-0.033191 0.000000 0.052775 0.013522
-0.033191 0.000000 0.054450 0.013522
-0.033191 0.000000 0.056126 0.013522
-0.033191 0.000000 0.057801 0.013522
-0.033191 0.000000 0.059476 0.013522
-0.033191 0.000000 0.061152 0.013522
-0.033191 0.000000 0.062827 0.013522
-0.033191 0.000000 0.064503 0.013522
-0.033191 0.000000 0.066178 0.013522
-0.033191 0.000000 0.067853 0.013522
-0.033191 0.000000 0.069529 0.013522
-0.033191 0.000000 0.071204 0.013522
-0.033191 0.000000 0.072880 0.013522
-0.033191 0.000000 0.074555 0.013522
-0.033191 0.000000 0.076230 0.013522
-0.033191 0.000000 0.077906 0.013522
-0.033191 0.000000 0.079581 0.013522
-0.033191 0.000000 0.081257 0.013522
-0.033191 0.000000 0.082932 0.013522
-0.033191 0.000000 0.084607 0.013522
-0.033191 0.000000 0.086283 0.013522
-0.033191 0.000000 0.087958 0.013522
-0.033191 0.000000 0.089634 0.013522
-0.033191 0.000000 0.091309 0.013522
-0.033191 0.000000 0.092984 0.013522
-0.033191 0.000000 0.094660 0.013522
-0.033191 0.000000 0.096335 0.013522
-0.033191 0.000000 0.098010 0.013522
-0.033191 0.000000 0.099686 0.013522
-0.033191 0.000000 0.101361 0.013522
-0.033191 0.000000 0.103037 0.013522
-0.033191 0.000000 0.104712 0.013522
-0.033191 0.000000 0.106387 0.013522
-0.033191 0.000000 0.108063 0.013522
-0.033191 0.000000 0.109738 0.013522
-0.033191 0.000000 0.111414 0.013522
-0.033191 0.000000 0.113089 0.013522
-0.033191 0.000000 0.114764 0.013522
-0.033191 0.000000 0.116440 0.013522
-0.033191 0.000000 0.118115 0.013522
-0.033191 0.000000 0.119791 0.013522
-0.033191 0.000000 0.121466 0.013522
-0.033191 0.000000 0.123141 0.013522
-0.033191 0.000000 0.124817 0.013522
-0.033191 0.000000 0.126492 0.013522
-0.033191 0.000000 0.128168 0.013522
-0.033191 0.000000 0.129843 0.013522
-0.033191 0.000000 0.131518 0.013522
-0.033191 0.000000 0.133194 0.013522
-0.033191 0.000000 0.134869 0.013522
-0.033191 0.000000 0.136545 0.013522
-0.033191 0.000000 0.138220 0.013522
-0.033191 0.000000 0.139895 0.013522
-0.033191 0.000000 0.141571 0.013522
-0.033191 0.000000 0.143246 0.013522
-0.033191 0.000000 0.144921 0.013522
-0.033191 0.000000 0.146597 0.013522
-0.033191 0.000000 0.148272 0.013522
-0.033191 0.000000 0.149948 0.013522
-0.033191 0.000000 0.151623 0.013522
-0.033191 0.000000 0.153298 0.013522
-0.033191 0.000000 0.154974 0.013522
-0.033191 0.000000 0.156649 0.013522
-0.033191 0.000000 0.158325 0.013522
-0.033191 0.000000 0.160000 0.013522
-0.031489 0.000000 -0.160000 0.020788
-0.031489 0.000000 -0.158325 0.020788
-0.031489 0.000000 -0.156649 0.020788
-0.031489 0.000000 -0.154974 0.020788
-0.031489 0.000000 -0.153298 0.020788
-0.031489 0.000000 -0.151623 0.020788
-0.031489 0.000000 -0.149948 0.020788
-0.031489 0.000000 -0.148272 0.020788
-0.031489 0.000000 -0.146597 0.020788
-0.031489 0.000000 -0.144921 0.020788
-0.031489 0.000000 -0.143246 0.020788
-0.031489 0.000000 -0.141571 0.020788
-0.031489 0.000000 -0.139895 0.020788
-0.031489 0.000000 -0.138220 0.020788
-0.031489 0.000000 -0.136545 0.020788
-0.031489 0.000000 -0.134869 0.020788
-0.031489 0.000000 -0.133194 0.020788
-0.031489 0.000000 -0.131518 0.020788
-0.031489 0.000000 -0.129843 0.020788
-0.031489 0.000000 -0.128168 0.020788
-0.031489 0.000000 -0.126492 0.020788
-0.031489 0.000000 -0.124817 0.020788
-0.031489 0.000000 -0.123141 0.020788
-0.031489 0.000000 -0.121466 0.020788
-0.031489 0.000000 -0.119791 0.020788
-0.031489 0.000000 -0.118115 0.020788
-0.031489 0.000000 -0.116440 0.020788
-0.031489 0.000000 -0.114764 0.020788
-0.031489 0.000000 -0.113089 0.020788
-0.031489 0.000000 -0.111414 0.020788
-0.031489 0.000000 -0.109738 0.020788
-0.031489 0.000000 -0.108063 0.020788
-0.031489 0.000000 -0.106387 0.020788
-0.031489 0.000000 -0.104712 0.020788
-0.031489 0.000000 -0.103037 0.020788
-0.031489 0.000000 -0.101361 0.020788
-0.031489 0.000000 -0.099686 0.020788
-0.031489 0.000000 -0.098010 0.020788
-0.031489 0.000000 -0.096335 0.020788
-0.031489 0.000000 -0.094660 0.020788
-0.031489 0.000000 -0.092984 0.020788
-0.031489 0.000000 -0.091309 0.020788
-0.031489 0.000000 -0.089634 0.020788
-0.031489 0.000000 -0.087958 0.020788
-0.031489 0.000000 -0.086283 0.020788
-0.031489 0.000000 -0.084607 0.020788
-0.031489 0.000000 -0.082932 0.020788
-0.031489 0.000000 -0.081257 0.020788
-0.031489 0.000000 -0.079581 0.020788
-0.031489 0.000000 -0.077906 0.020788
-0.031489 0.000000 -0.076230 0.020788
-0.031489 0.000000 -0.074555 0.020788
-0.031489 0.000000 -0.072880 0.020788
-0.031489 0.000000 -0.071204 0.020788
-0.031489 0.000000 -0.069529 0.020788
-0.031489 0.000000 -0.067853 0.020788
-0.031489 0.000000 -0.066178 0.020788
-0.031489 0.000000 -0.064503 0.020788
-0.031489 0.000000 -0.062827 0.020788
-0.031489 0.000000 -0.061152 0.020788
-0.031489 0.000000 -0.059476 0.020788
-0.031489 0.000000 -0.057801 0.020788
-0.031489 0.000000 -0.056126 0.020788
-0.031489 0.000000 -0.054450 0.020788
-0.031489 0.000000 -0.052775 0.020788
-0.031489 0.000000 -0.051099 0.020788
-0.031489 0.000000 -0.049424 0.020788
-0.031489 0.000000 -0.047749 0.020788
-0.031489 0.000000 -0.046073 0.020788
-0.031489 0.000000 -0.044398 0.020788
-0.031489 0.000000 -0.042723 0.020788
-0.031489 0.000000 -0.041047 0.020788
-0.031489 0.000000 -0.039372 0.020788
-0.031489 0.000000 -0.037696 0.020788
-0.031489 0.000000 -0.036021 0.020788
-0.031489 0.000000 -0.034346 0.020788
-0.031489 0.000000 -0.032670 0.020788
-0.031489 0.000000 -0.030995 0.020788
-0.031489 0.000000 -0.029319 0.020788
-0.031489 0.000000 -0.027644 0.020788
-0.031489 0.000000 -0.025969 0.020788
-0.031489 0.000000 -0.024293 0.020788
-0.031489 0.000000 -0.022618 0.020788
-0.031489 0.000000 -0.020942 0.020788
-0.031489 0.000000 -0.019267 0.020788
-0.031489 0.000000 -0.017592 0.020788
-0.031489 0.000000 -0.015916 0.020788
-0.031489 0.000000 -0.014241 0.020788
-0.031489 0.000000 -0.012565 0.020788
-0.031489 0.000000 -0.010890 0.020788
-0.031489 0.000000 -0.009215 0.020788
-0.031489 0.000000 -0.007539 0.020788
-0.031489 0.000000 -0.005864 0.020788
-0.031489 0.000000 -0.004188 0.020788
-0.031489 0.000000 -0.002513 0.020788
-0.031489 0.000000 -0.000838 0.020788
-0.031489 0.000000 0.000838 0.020788
-0.031489 0.000000 0.002513 0.020788
-0.031489 0.000000 0.004188 0.020788
-0.031489 0.000000 0.005864 0.020788
-0.031489 0.000000 0.007539 0.020788
-0.031489 0.000000 0.009215 0.020788
-0.031489 0.000000 0.010890 0.020788
-0.031489 0.000000 0.012565 0.020788
-0.031489 0.000000 0.014241 0.020788
-0.031489 0.000000 0.015916 0.020788
-0.031489 0.000000 0.017592 0.020788
-0.031489 0.000000 0.019267 0.020788
-0.031489 0.000000 0.020942 0.020788
-0.031489 0.000000 0.022618 0.020788
-0.031489 0.000000 0.024293 0.020788
-0.031489 0.000000 0.025969 0.020788
-0.031489 0.000000 0.027644 0.020788
-0.031489 0.000000 0.029319 0.020788
-0.031489 0.000000 0.030995 0.020788
-0.031489 0.000000 0.032670 0.020788
-0.031489 0.000000 0.034346 0.020788
-0.031489 0.000000 0.036021 0.020788
-0.031489 0.000000 0.037696 0.020788
-0.031489 0.000000 0.039372 0.020788
-0.031489 0.000000 0.041047 0.020788
-0.031489 0.000000 0.042723 0.020788
-0.031489 0.000000 0.044398 0.020788
-0.031489 0.000000 0.046073 0.020788
-0.031489 0.000000 0.047749 0.020788
-0.031489 0.000000 0.049424 0.020788
-0.031489 0.000000 0.051099 0.020788
-0.031489 0.000000 0.052775 0.020788
-0.031489 0.000000 0.054450 0.020788
-0.031489 0.000000 0.056126 0.020788
-0.031489 0.000000 0.057801 0.020788
-0.031489 0.000000 0.059476 0.020788
-0.031489 0.000000 0.061152 0.020788
-0.031489 0.000000 0.062827 0.020788
-0.031489 0.000000 0.064503 0.020788
-0.031489 0.000000 0.066178 0.020788
-0.031489 0.000000 0.067853 0.020788
-0.031489 0.000000 0.069529 0.020788
-0.031489 0.000000 0.071204 0.020788
-0.031489 0.000000 0.072880 0.020788
-0.031489 0.000000 0.074555 0.020788
-0.031489 0.000000 0.076230 0.020788
-0.031489 0.000000 0.077906 0.020788
-0.031489 0.000000 0.079581 0.020788
-0.031489 0.000000 0.081257 0.020788
-0.031489 0.000000 0.082932 0.020788
-0.031489 0.000000 0.084607 0.020788
-0.031489 0.000000 0.086283 0.020788
-0.031489 0.000000 0.087958 0.020788
-0.031489 0.000000 0.089634 0.020788
-0.031489 0.000000 0.091309 0.020788
-0.031489 0.000000 0.092984 0.020788
-0.031489 0.000000 0.094660 0.020788
-0.031489 0.000000 0.096335 0.020788
-0.031489 0.000000 0.098010 0.020788
-0.031489 0.000000 0.099686 0.020788
-0.031489 0.000000 0.101361 0.020788
-0.031489 0.000000 0.103037 0.020788
-0.031489 0.000000 0.104712 0.020788
-0.031489 0.000000 0.106387 0.020788
-0.031489 0.000000 0.108063 0.020788
-0.031489 0.000000 0.109738 0.020788
-0.031489 0.000000 0.111414 0.020788
-0.031489 0.000000 0.113089 0.020788
-0.031489 0.000000 0.114764 0.020788
-0.031489 0.000000 0.116440 0.020788
-0.031489 0.000000 0.118115 0.020788
-0.031489 0.000000 0.119791 0.020788
-0.031489 0.000000 0.121466 0.020788
-0.031489 0.000000 0.123141 0.020788
-0.031489 0.000000 0.124817 0.020788
-0.031489 0.000000 0.126492 0.020788
-0.031489 0.000000 0.128168 0.020788
-0.031489 0.000000 0.129843 0.020788
-0.031489 0.000000 0.131518 0.020788
-0.031489 0.000000 0.133194 0.020788
-0.031489 0.000000 0.134869 0.020788
-0.031489 0.000000 0.136545 0.020788
-0.031489 0.000000 0.138220 0.020788
-0.031489 0.000000 0.139895 0.020788
-0.031489 0.000000 0.141571 0.020788
-0.031489 0.000000 0.143246 0.020788
-0.031489 0.000000 0.144921 0.020788
-0.031489 0.000000 0.146597 0.020788
-0.031489 0.000000 0.148272 0.020788
-0.031489 0.000000 0.149948 0.020788
-0.031489 0.000000 0.151623 0.020788
-0.031489 0.000000 0.153298 0.020788
-0.031489 0.000000 0.154974 0.020788
-0.031489 0.000000 0.156649 0.020788
-0.031489 0.000000 0.158325 0.020788
-0.031489 0.000000 0.160000 0.020788
-0.029787 0.000000 -0.160000 0.031244
-0.029787 0.000000 -0.158325 0.031244
-0.029787 0.000000 -0.156649 0.031244
-0.029787 0.000000 -0.154974 0.031244
-0.029787 0.000000 -0.153298 0.031244
-0.029787 0.000000 -0.151623 0.031244
-0.029787 0.000000 -0.149948 0.031244
-0.029787 0.000000 -0.148272 0.031244
-0.029787 0.000000 -0.146597 0.031244
-0.029787 0.000000 -0.144921 0.031244
-0.029787 0.000000 -0.143246 0.031244
-0.029787 0.000000 -0.141571 0.031244
-0.029787 0.000000 -0.139895 0.031244
-0.029787 0.000000 -0.138220 0.031244
-0.029787 0.000000 -0.136545 0.031244
-0.029787 0.000000 -0.134869 0.031244
-0.029787 0.000000 -0.133194 0.031244
-0.029787 0.000000 -0.131518 0.031244
-0.029787 0.000000 -0.129843 0.031244
-0.029787 0.000000 -0.128168 0.031244
-0.029787 0.000000 -0.126492 0.031244
-0.029787 0.000000 -0.124817 0.031244
-0.029787 0.000000 -0.123141 0.031244
-0.029787 0.000000 -0.121466 0.031244
-0.029787 0.000000 -0.119791 0.031244
-0.029787 0.000000 -0.118115 0.031244
-0.029787 0.000000 -0.116440 0.031244
-0.029787 0.000000 -0.114764 0.031244
-0.029787 0.000000 -0.113089 0.031244
-0.029787 0.000000 -0.111414 0.031244
-0.029787 0.000000 -0.109738 0.031244
-0.029787 0.000000 -0.108063 0.031244
-0.029787 0.000000 -0.106387 0.031244
-0.029787 0.000000 -0.104712 0.031244
-0.029787 0.000000 -0.103037 0.031244
-0.029787 0.000000 -0.101361 0.031244
-0.029787 0.000000 -0.099686 0.031244
-0.029787 0.000000 -0.098010 0.031244
-0.029787 0.000000 -0.096335 0.031244
-0.029787 0.000000 -0.094660 0.031244
-0.029787 0.000000 -0.092984 0.031244
-0.029787 0.000000 -0.091309 0.031244
-0.029787 0.000000 -0.089634 0.031244
-0.029787 0.000000 -0.087958 0.031244
-0.029787 0.000000 -0.086283 0.031244
-0.029787 0.000000 -0.084607 0.031244
-0.029787 0.000000 -0.082932 0.031244
-0.029787 0.000000 -0.081257 0.031244
-0.029787 0.000000 -0.079581 0.031244
-0.029787 0.000000 -0.077906 0.031244
-0.029787 0.000000 -0.076230 0.031244
-0.029787 0.000000 -0.074555 0.031244
-0.029787 0.000000 -0.072880 0.031244
-0.029787 0.000000 -0.071204 0.031244
-0.029787 0.000000 -0.069529 0.031244
-0.029787 0.000000 -0.067853 0.031244
-0.029787 0.000000 -0.066178 0.031244
-0.029787 0.000000 -0.064503 0.031244
-0.029787 0.000000 -0.062827 0.031244
-0.029787 0.000000 -0.061152 0.031244
-0.029787 0.000000 -0.059476 0.031244
-0.029787 0.000000 -0.057801 0.031244
-0.029787 0.000000 -0.056126 0.031244
-0.029787 0.000000 -0.054450 0.031244
-0.029787 0.000000 -0.052775 0.031244
-0.029787 0.000000 -0.051099 0.031244
-0.029787 0.000000 -0.049424 0.031244
-0.029787 0.000000 -0.047749 0.031244
-0.029787 0.000000 -0.046073 0.031244
-0.029787 0.000000 -0.044398 0.031244
-0.029787 0.000000 -0.042723 0.031244
-0.029787 0.000000 -0.041047 0.031244
-0.029787 0.000000 -0.039372 0.031244
-0.029787 0.000000 -0.037696 0.031244
-0.029787 0.000000 -0.036021 0.031244
-0.029787 0.000000 -0.034346 0.031244
-0.029787 0.000000 -0.032670 0.031244
-0.029787 0.000000 -0.030995 0.031244
-0.029787 0.000000 -0.029319 0.031244
-0.029787 0.000000 -0.027644 0.031244
-0.029787 0.000000 -0.025969 0.031244
-0.029787 0.000000 -0.024293 0.031244
-0.029787 0.000000 -0.022618 0.031244
-0.029787 0.000000 -0.020942 0.031244
-0.029787 0.000000 -0.019267 0.031244
-0.029787 0.000000 -0.017592 0.031244
-0.029787 0.000000 -0.015916 0.031244
-0.029787 0.000000 -0.014241 0.031244
-0.029787 0.000000 -0.012565 0.031244
-0.029787 0.000000 -0.010890 0.031244
-0.029787 0.000000 -0.009215 0.031244
-0.029787 0.000000 -0.007539 0.031244
-0.029787 0.000000 -0.005864 0.031244
-0.029787 0.000000 -0.004188 0.031244
-0.029787 0.000000 -0.002513 0.031244
-0.029787 0.000000 -0.000838 0.031244
-0.029787 0.000000 0.000838 0.031244
-0.029787 0.000000 0.002513 0.031244
-0.029787 0.000000 0.004188 0.031244
-0.029787 0.000000 0.005864 0.031244
-0.029787 0.000000 0.007539 0.031244
-0.029787 0.000000 0.009215 0.031244
-0.029787 0.000000 0.010890 0.031244
-0.029787 0.000000 0.012565 0.031244
-0.029787 0.000000 0.014241 0.031244
-0.029787 0.000000 0.015916 0.031244
-0.029787 0.000000 0.017592 0.031244
-0.029787 0.000000 0.019267 0.031244
-0.029787 0.000000 0.020942 0.031244
-0.029787 0.000000 0.022618 0.031244
-0.029787 0.000000 0.024293 0.031244
-0.029787 0.000000 0.025969 0.031244
-0.029787 0.000000 0.027644 0.031244
-0.029787 0.000000 0.029319 0.031244
-0.029787 0.000000 0.030995 0.031244
-0.029787 0.000000 0.032670 0.031244
-0.029787 0.000000 0.034346 0.031244
-0.029787 0.000000 0.036021 0.031244
-0.029787 0.000000 0.037696 0.031244
-0.029787 0.000000 0.039372 0.031244
-0.029787 0.000000 0.041047 0.031244
-0.029787 0.000000 0.042723 0.031244
-0.029787 0.000000 0.044398 0.031244
-0.029787 0.000000 0.046073 0.031244
-0.029787 0.000000 0.047749 0.031244
-0.029787 0.000000 0.049424 0.031244
-0.029787 0.000000 0.051099 0.031244
-0.029787 0.000000 0.052775 0.031244
-0.029787 0.000000 0.054450 0.031244
-0.029787 0.000000 0.056126 0.031244
-0.029787 0.000000 0.057801 0.031244
-0.029787 0.000000 0.059476 0.031244
-0.029787 0.000000 0.061152 0.031244
-0.029787 0.000000 0.062827 0.031244
-0.029787 0.000000 0.064503 0.031244
-0.029787 0.000000 0.066178 0.031244
-0.029787 0.000000 0.067853 0.031244
-0.029787 0.000000 0.069529 0.031244
-0.029787 0.000000 0.071204 0.031244
-0.029787 0.000000 0.072880 0.031244
-0.029787 0.000000 0.074555 0.031244
-0.029787 0.000000 0.076230 0.031244
-0.029787 0.000000 0.077906 0.031244
-0.029787 0.000000 0.079581 0.031244
-0.029787 0.000000 0.081257 0.031244
-0.029787 0.000000 0.082932 0.031244
-0.029787 0.000000 0.084607 0.031244
-0.029787 0.000000 0.086283 0.031244
-0.029787 0.000000 0.087958 0.031244
-0.029787 0.000000 0.089634 0.031244
-0.029787 0.000000 0.091309 0.031244
-0.029787 0.000000 0.092984 0.031244
-0.029787 0.000000 0.094660 0.031244
-0.029787 0.000000 0.096335 0.031244
-0.029787 0.000000 0.098010 0.031244
-0.029787 0.000000 0.099686 0.031244
-0.029787 0.000000 0.101361 0.031244
-0.029787 0.000000 0.103037 0.031244
-0.029787 0.000000 0.104712 0.031244
-0.029787 0.000000 0.106387 0.031244
-0.029787 0.000000 0.108063 0.031244
-0.029787 0.000000 0.109738 0.031244
-0.029787 0.000000 0.111414 0.031244
-0.029787 0.000000 0.113089 0.031244
-0.029787 0.000000 0.114764 0.031244
-0.029787 0.000000 0.116440 0.031244
-0.029787 0.000000 0.118115 0.031244
-0.029787 0.000000 0.119791 0.031244
-0.029787 0.000000 0.121466 0.031244
-0.029787 0.000000 0.123141 0.031244
-0.029787 0.000000 0.124817 0.031244
-0.029787 0.000000 0.126492 0.031244
-0.029787 0.000000 0.128168 0.031244
-0.029787 0.000000 0.129843 0.031244
-0.029787 0.000000 0.131518 0.031244
-0.029787 0.000000 0.133194 0.031244
-0.029787 0.000000 0.134869 0.031244
-0.029787 0.000000 0.136545 0.031244
-0.029787 0.000000 0.138220 0.031244
-0.029787 0.000000 0.139895 0.031244
-0.029787 0.000000 0.141571 0.031244
-0.029787 0.000000 0.143246 0.031244
-0.029787 0.000000 0.144921 0.031244
-0.029787 0.000000 0.146597 0.031244
-0.029787 0.000000 0.148272 0.031244
-0.029787 0.000000 0.149948 0.031244
-0.029787 0.000000 0.151623 0.031244
-0.029787 0.000000 0.153298 0.031244
-0.029787 0.000000 0.154974 0.031244
-0.029787 0.000000 0.156649 0.031244
-0.029787 0.000000 0.158325 0.031244
-0.029787 0.000000 0.160000 0.031244
-0.028085 0.000000 -0.160000 0.045907
-0.028085 0.000000 -0.158325 0.045907
-0.028085 0.000000 -0.156649 0.045907
-0.028085 0.000000 -0.154974 0.045907
-0.028085 0.000000 -0.153298 0.045907
-0.028085 0.000000 -0.151623 0.045907
-0.028085 0.000000 -0.149948 0.045907
-0.028085 0.000000 -0.148272 0.045907
-0.028085 0.000000 -0.146597 0.045907
-0.028085 0.000000 -0.144921 0.045907
-0.028085 0.000000 -0.143246 0.045907
-0.028085 0.000000 -0.141571 0.045907
-0.028085 0.000000 -0.139895 0.045907
-0.028085 0.000000 -0.138220 0.045907
-0.028085 0.000000 -0.136545 0.045907
-0.028085 0.000000 -0.134869 0.045907
-0.028085 0.000000 -0.133194 0.045907
-0.028085 0.000000 -0.131518 0.045907
-0.028085 0.000000 -0.129843 0.045907
-0.028085 0.000000 -0.128168 0.045907
-0.028085 0.000000 -0.126492 0.045907
-0.028085 0.000000 -0.124817 0.045907
-0.028085 0.000000 -0.123141 0.045907
-0.028085 0.000000 -0.121466 0.045907
-0.028085 0.000000 -0.119791 0.045907
-0.028085 0.000000 -0.118115 0.045907
-0.028085 0.000000 -0.116440 0.045907
-0.028085 0.000000 -0.114764 0.045907
-0.028085 0.000000 -0.113089 0.045907
-0.028085 0.000000 -0.111414 0.045907
-0.028085 0.000000 -0.109738 0.045907
-0.028085 0.000000 -0.108063 0.045907
-0.028085 0.000000 -0.106387 0.045907
-0.028085 0.000000 -0.104712 0.045907
-0.028085 0.000000 -0.103037 0.045907
-0.028085 0.000000 -0.101361 0.045907
-0.028085 0.000000 -0.099686 0.045907
-0.028085 0.000000 -0.098010 0.045907
-0.028085 0.000000 -0.096335 0.045907
-0.028085 0.000000 -0.094660 0.045907
-0.028085 0.000000 -0.092984 0.045907
-0.028085 0.000000 -0.091309 0.045907
-0.028085 0.000000 -0.089634 0.045907
-0.028085 0.000000 -0.087958 0.045907
-0.028085 0.000000 -0.086283 0.045907
-0.028085 0.000000 -0.084607 0.045907
-0.028085 0.000000 -0.082932 0.045907
-0.028085 0.000000 -0.081257 0.045907
-0.028085 0.000000 -0.079581 0.045907
-0.028085 0.000000 -0.077906 0.045907
-0.028085 0.000000 -0.076230 0.045907
-0.028085 0.000000 -0.074555 0.045907
-0.028085 0.000000 -0.072880 0.045907
-0.028085 0.000000 -0.071204 0.045907
-0.028085 0.000000 -0.069529 0.045907
-0.028085 0.000000 -0.067853 0.045907
-0.028085 0.000000 -0.066178 0.045907
-0.028085 0.000000 -0.064503 0.045907
-0.028085 0.000000 -0.062827 0.045907
-0.028085 0.000000 -0.061152 0.045907
-0.028085 0.000000 -0.059476 0.045907
-0.028085 0.000000 -0.057801 0.045907
-0.028085 0.000000 -0.056126 0.045907
-0.028085 0.000000 -0.054450 0.045907
-0.028085 0.000000 -0.052775 0.045907
-0.028085 0.000000 -0.051099 0.045907
-0.028085 0.000000 -0.049424 0.045907
-0.028085 0.000000 -0.047749 0.045907
-0.028085 0.000000 -0.046073 0.045907
-0.028085 0.000000 -0.044398 0.045907
-0.028085 0.000000 -0.042723 0.045907
-0.028085 0.000000 -0.041047 0.045907
-0.028085 0.000000 -0.039372 0.045907
-0.028085 0.000000 -0.037696 0.045907
-0.028085 0.000000 -0.036021 0.045907
-0.028085 0.000000 -0.034346 0.045907
-0.028085 0.000000 -0.032670 0.045907
-0.028085 0.000000 -0.030995 0.045907
-0.028085 0.000000 -0.029319 0.045907
-0.028085 0.000000 -0.027644 0.045907
-0.028085 0.000000 -0.025969 0.045907
-0.028085 0.000000 -0.024293 0.045907
-0.028085 0.000000 -0.022618 0.045907
-0.028085 0.000000 -0.020942 0.045907
-0.028085 0.000000 -0.019267 0.045907
-0.028085 0.000000 -0.017592 0.045907
-0.028085 0.000000 -0.015916 0.045907
-0.028085 0.000000 -0.014241 0.045907
-0.028085 0.000000 -0.012565 0.045907
-0.028085 0.000000 -0.010890 0.045907
-0.028085 0.000000 -0.009215 0.045907
-0.028085 0.000000 -0.007539 0.045907
-0.028085 0.000000 -0.005864 0.045907
-0.028085 0.000000 -0.004188 0.045907
-0.028085 0.000000 -0.002513 0.045907
-0.028085 0.000000 -0.000838 0.045907
-0.028085 0.000000 0.000838 0.045907
-0.028085 0.000000 0.002513 0.045907
-0.028085 0.000000 0.004188 0.045907
-0.028085 0.000000 0.005864 0.045907
-0.028085 0.000000 0.007539 0.045907
-0.028085 0.000000 0.009215 0.045907
-0.028085 0.000000 0.010890 0.045907
-0.028085 0.000000 0.012565 0.045907
-0.028085 0.000000 0.014241 0.045907
-0.028085 0.000000 0.015916 0.045907
-0.028085 0.000000 0.017592 0.045907
-0.028085 0.000000 0.019267 0.045907
-0.028085 0.000000 0.020942 0.045907
-0.028085 0.000000 0.022618 0.045907
-0.028085 0.000000 0.024293 0.045907
-0.028085 0.000000 0.025969 0.045907
-0.028085 0.000000 0.027644 0.045907
-0.028085 0.000000 0.029319 0.045907
-0.028085 0.000000 0.030995 0.045907
-0.028085 0.000000 0.032670 0.045907
-0.028085 0.000000 0.034346 0.045907
-0.028085 0.000000 0.036021 0.045907
-0.028085 0.000000 0.037696 0.045907
-0.028085 0.000000 0.039372 0.045907
-0.028085 0.000000 0.041047 0.045907
-0.028085 0.000000 0.042723 0.045907
-0.028085 0.000000 0.044398 0.045907
-0.028085 0.000000 0.046073 0.045907
-0.028085 0.000000 0.047749 0.045907
-0.028085 0.000000 0.049424 0.045907
-0.028085 0.000000 0.051099 0.045907
-0.028085 0.000000 0.052775 0.045907
-0.028085 0.000000 0.054450 0.045907
-0.028085 0.000000 0.056126 0.045907
-0.028085 0.000000 0.057801 0.045907
-0.028085 0.000000 0.059476 0.045907
-0.028085 0.000000 0.061152 0.045907
-0.028085 0.000000 0.062827 0.045907
-0.028085 0.000000 0.064503 0.045907
-0.028085 0.000000 0.066178 0.045907
-0.028085 0.000000 0.067853 0.045907
-0.028085 0.000000 0.069529 0.045907
-0.028085 0.000000 0.071204 0.045907
-0.028085 0.000000 0.072880 0.045907
-0.028085 0.000000 0.074555 0.045907
-0.028085 0.000000 0.076230 0.045907
-0.028085 0.000000 0.077906 0.045907
-0.028085 0.000000 0.079581 0.045907
-0.028085 0.000000 0.081257 0.045907
-0.028085 0.000000 0.082932 0.045907
-0.028085 0.000000 0.084607 0.045907
-0.028085 0.000000 0.086283 0.045907
-0.028085 0.000000 0.087958 0.045907
-0.028085 0.000000 0.089634 0.045907
-0.028085 0.000000 0.091309 0.045907
-0.028085 0.000000 0.092984 0.045907
-0.028085 0.000000 0.094660 0.045907
-0.028085 0.000000 0.096335 0.045907
-0.028085 0.000000 0.098010 0.045907
-0.028085 0.000000 0.099686 0.045907
-0.028085 0.000000 0.101361 0.045907
-0.028085 0.000000 0.103037 0.045907
-0.028085 0.000000 0.104712 0.045907
-0.028085 0.000000 0.106387 0.045907
-0.028085 0.000000 0.108063 0.045907
-0.028085 0.000000 0.109738 0.045907
-0.028085 0.000000 0.111414 0.045907
-0.028085 0.000000 0.113089 0.045907
-0.028085 0.000000 0.114764 0.045907
-0.028085 0.000000 0.116440 0.045907
-0.028085 0.000000 0.118115 0.045907
-0.028085 0.000000 0.119791 0.045907
-0.028085 0.000000 0.121466 0.045907
-0.028085 0.000000 0.123141 0.045907
-0.028085 0.000000 0.124817 0.045907
-0.028085 0.000000 0.126492 0.045907
-0.028085 0.000000 0.128168 0.045907
-0.028085 0.000000 0.129843 0.045907
-0.028085 0.000000 0.131518 0.045907
-0.028085 0.000000 0.133194 0.045907
-0.028085 0.000000 0.134869 0.045907
-0.028085 0.000000 0.136545 0.045907
-0.028085 0.000000 0.138220 0.045907
-0.028085 0.000000 0.139895 0.045907
-0.028085 0.000000 0.141571 0.045907
-0.028085 0.000000 0.143246 0.045907
-0.028085 0.000000 0.144921 0.045907
-0.028085 0.000000 0.146597 0.045907
-0.028085 0.000000 0.148272 0.045907
-0.028085 0.000000 0.149948 0.045907
-0.028085 0.000000 0.151623 0.045907
-0.028085 0.000000 0.153298 0.045907
-0.028085 0.000000 0.154974 0.045907
-0.028085 0.000000 0.156649 0.045907
-0.028085 0.000000 0.158325 0.045907
-0.028085 0.000000 0.160000 0.045907
-0.026383 0.000000 -0.160000 0.065941
-0.026383 0.000000 -0.158325 0.065941
-0.026383 0.000000 -0.156649 0.065941
-0.026383 0.000000 -0.154974 0.065941
-0.026383 0.000000 -0.153298 0.065941
-0.026383 0.000000 -0.151623 0.065941
-0.026383 0.000000 -0.149948 0.065941
-0.026383 0.000000 -0.148272 0.065941
-0.026383 0.000000 -0.146597 0.065941
-0.026383 0.000000 -0.144921 0.065941
-0.026383 0.000000 -0.143246 0.065941
-0.026383 0.000000 -0.141571 0.065941
-0.026383 0.000000 -0.139895 0.065941
-0.026383 0.000000 -0.138220 0.065941
-0.026383 0.000000 -0.136545 0.065941
-0.026383 0.000000 -0.134869 0.065941
-0.026383 0.000000 -0.133194 0.065941
-0.026383 0.000000 -0.131518 0.065941
-0.026383 0.000000 -0.129843 0.065941
-0.026383 0.000000 -0.128168 0.065941
-0.026383 0.000000 -0.126492 0.065941
-0.026383 0.000000 -0.124817 0.065941
-0.026383 0.000000 -0.123141 0.065941
-0.026383 0.000000 -0.121466 0.065941
-0.026383 0.000000 -0.119791 0.065941
-0.026383 0.000000 -0.118115 0.065941
-0.026383 0.000000 -0.116440 0.065941
-0.026383 0.000000 -0.114764 0.065941
-0.026383 0.000000 -0.113089 0.065941
-0.026383 0.000000 -0.111414 0.065941
-0.026383 0.000000 -0.109738 0.065941
-0.026383 0.000000 -0.108063 0.065941
-0.026383 0.000000 -0.106387 0.065941
-0.026383 0.000000 -0.104712 0.065941
-0.026383 0.000000 -0.103037 0.065941
-0.026383 0.000000 -0.101361 0.065941
-0.026383 0.000000 -0.099686 0.065941
-0.026383 0.000000 -0.098010 0.065941
-0.026383 0.000000 -0.096335 0.065941
-0.026383 0.000000 -0.094660 0.065941
-0.026383 0.000000 -0.092984 0.065941
-0.026383 0.000000 -0.091309 0.065941
-0.026383 0.000000 -0.089634 0.065941
-0.026383 0.000000 -0.087958 0.065941
-0.026383 0.000000 -0.086283 0.065941
-0.026383 0.000000 -0.084607 0.065941
-0.026383 0.000000 -0.082932 0.065941
-0.026383 0.000000 -0.081257 0.065941
-0.026383 0.000000 -0.079581 0.065941
-0.026383 0.000000 -0.077906 0.065941
-0.026383 0.000000 -0.076230 0.065941
-0.026383 0.000000 -0.074555 0.065941
-0.026383 0.000000 -0.072880 0.065941
-0.026383 0.000000 -0.071204 0.065941
-0.026383 0.000000 -0.069529 0.065941
-0.026383 0.000000 -0.067853 0.065941
-0.026383 0.000000 -0.066178 0.065941
-0.026383 0.000000 -0.064503 0.065941
-0.026383 0.000000 -0.062827 0.065941
-0.026383 0.000000 -0.061152 0.065941
-0.026383 0.000000 -0.059476 0.065941
-0.026383 0.000000 -0.057801 0.065941
-0.026383 0.000000 -0.056126 0.065941
-0.026383 0.000000 -0.054450 0.065941
-0.026383 0.000000 -0.052775 0.065941
-0.026383 0.000000 -0.051099 0.065941
-0.026383 0.000000 -0.049424 0.065941
-0.026383 0.000000 -0.047749 0.065941
-0.026383 0.000000 -0.046073 0.065941
-0.026383 0.000000 -0.044398 0.065941
-0.026383 0.000000 -0.042723 0.065941
-0.026383 0.000000 -0.041047 0.065941
-0.026383 0.000000 -0.039372 0.065941
-0.026383 0.000000 -0.037696 0.065941
-0.026383 0.000000 -0.036021 0.065941
-0.026383 0.000000 -0.034346 0.065941
-0.026383 0.000000 -0.032670 0.065941
-0.026383 0.000000 -0.030995 0.065941
-0.026383 0.000000 -0.029319 0.065941
-0.026383 0.000000 -0.027644 0.065941
-0.026383 0.000000 -0.025969 0.065941
-0.026383 0.000000 -0.024293 0.065941
-0.026383 0.000000 -0.022618 0.065941
-0.026383 0.000000 -0.020942 0.065941
-0.026383 0.000000 -0.019267 0.065941
-0.026383 0.000000 -0.017592 0.065941
-0.026383 0.000000 -0.015916 0.065941
-0.026383 0.000000 -0.014241 0.065941
-0.026383 0.000000 -0.012565 0.065941
-0.026383 0.000000 -0.010890 0.065941
-0.026383 0.000000 -0.009215 0.065941
-0.026383 0.000000 -0.007539 0.065941
-0.026383 0.000000 -0.005864 0.065941
-0.026383 0.000000 -0.004188 0.065941
-0.026383 0.000000 -0.002513 0.065941
-0.026383 0.000000 -0.000838 0.065941
-0.026383 0.000000 0.000838 0.065941
-0.026383 0.000000 0.002513 0.065941
-0.026383 0.000000 0.004188 0.065941
-0.026383 0.000000 0.005864 0.065941
-0.026383 0.000000 0.007539 0.065941
-0.026383 0.000000 0.009215 0.065941
-0.026383 0.000000 0.010890 0.065941
-0.026383 0.000000 0.012565 0.065941
-0.026383 0.000000 0.014241 0.065941
-0.026383 0.000000 0.015916 0.065941
-0.026383 0.000000 0.017592 0.065941
-0.026383 0.000000 0.019267 0.065941
-0.026383 0.000000 0.020942 0.065941
-0.026383 0.000000 0.022618 0.065941
-0.026383 0.000000 0.024293 0.065941
-0.026383 0.000000 0.025969 0.065941
-0.026383 0.000000 0.027644 0.065941
-0.026383 0.000000 0.029319 0.065941
-0.026383 0.000000 0.030995 0.065941
-0.026383 0.000000 0.032670 0.065941
-0.026383 0.000000 0.034346 0.065941
-0.026383 0.000000 0.036021 0.065941
-0.026383 0.000000 0.037696 0.065941
-0.026383 0.000000 0.039372 0.065941
-0.026383 0.000000 0.041047 0.065941
-0.026383 0.000000 0.042723 0.065941
-0.026383 0.000000 0.044398 0.065941
-0.026383 0.000000 0.046073 0.065941
-0.026383 0.000000 0.047749 0.065941
-0.026383 0.000000 0.049424 0.065941
-0.026383 0.000000 0.051099 0.065941
-0.026383 0.000000 0.052775 0.065941
-0.026383 0.000000 0.054450 0.065941
-0.026383 0.000000 0.056126 0.065941
-0.026383 0.000000 0.057801 0.065941
-0.026383 0.000000 0.059476 0.065941
-0.026383 0.000000 0.061152 0.065941
-0.026383 0.000000 0.062827 0.065941
-0.026383 0.000000 0.064503 0.065941
-0.026383 0.000000 0.066178 0.065941
-0.026383 0.000000 0.067853 0.065941
-0.026383 0.000000 0.069529 0.065941
-0.026383 0.000000 0.071204 0.065941
-0.026383 0.000000 0.072880 0.065941
-0.026383 0.000000 0.074555 0.065941
-0.026383 0.000000 0.076230 0.065941
-0.026383 0.000000 0.077906 0.065941
-0.026383 0.000000 0.079581 0.065941
-0.026383 0.000000 0.081257 0.065941
-0.026383 0.000000 0.082932 0.065941
-0.026383 0.000000 0.084607 0.065941
-0.026383 0.000000 0.086283 0.065941
-0.026383 0.000000 0.087958 0.065941
-0.026383 0.000000 0.089634 0.065941
-0.026383 0.000000 0.091309 0.065941
-0.026383 0.000000 0.092984 0.065941
-0.026383 0.000000 0.094660 0.065941
-0.026383 0.000000 0.096335 0.065941
-0.026383 0.000000 0.098010 0.065941
-0.026383 0.000000 0.099686 0.065941
-0.026383 0.000000 0.101361 0.065941
-0.026383 0.000000 0.103037 0.065941
-0.026383 0.000000 0.104712 0.065941
-0.026383 0.000000 0.106387 0.065941
-0.026383 0.000000 0.108063 0.065941
-0.026383 0.000000 0.109738 0.065941
-0.026383 0.000000 0.111414 0.065941
-0.026383 0.000000 0.113089 0.065941
-0.026383 0.000000 0.114764 0.065941
-0.026383 0.000000 0.116440 0.065941
-0.026383 0.000000 0.118115 0.065941
-0.026383 0.000000 0.119791 0.065941
-0.026383 0.000000 0.121466 0.065941
-0.026383 0.000000 0.123141 0.065941
-0.026383 0.000000 0.124817 0.065941
-0.026383 0.000000 0.126492 0.065941
-0.026383 0.000000 0.128168 0.065941
-0.026383 0.000000 0.129843 0.065941
-0.026383 0.000000 0.131518 0.065941
-0.026383 0.000000 0.133194 0.065941
-0.026383 0.000000 0.134869 0.065941
-0.026383 0.000000 0.136545 0.065941
-0.026383 0.000000 0.138220 0.065941
-0.026383 0.000000 0.139895 0.065941
-0.026383 0.000000 0.141571 0.065941
-0.026383 0.000000 0.143246 0.065941
-0.026383 0.000000 0.144921 0.065941
-0.026383 0.000000 0.146597 0.065941
-0.026383 0.000000 0.148272 0.065941
-0.026383 0.000000 0.149948 0.065941
-0.026383 0.000000 0.151623 0.065941
-0.026383 0.000000 0.153298 0.065941
-0.026383 0.000000 0.154974 0.065941
-0.026383 0.000000 0.156649 0.065941
-0.026383 0.000000 0.158325 0.065941
-0.026383 0.000000 0.160000 0.065941
-0.024681 0.000000 -0.160000 0.092600
-0.024681 0.000000 -0.158325 0.092600
-0.024681 0.000000 -0.156649 0.092600
-0.024681 0.000000 -0.154974 0.092600
-0.024681 0.000000 -0.153298 0.092600
-0.024681 0.000000 -0.151623 0.092600
-0.024681 0.000000 -0.149948 0.092600
-0.024681 0.000000 -0.148272 0.092600
-0.024681 0.000000 -0.146597 0.092600
-0.024681 0.000000 -0.144921 0.092600
-0.024681 0.000000 -0.143246 0.092600
-0.024681 0.000000 -0.141571 0.092600
-0.024681 0.000000 -0.139895 0.092600
-0.024681 0.000000 -0.138220 0.092600
-0.024681 0.000000 -0.136545 0.092600
-0.024681 0.000000 -0.134869 0.092600
-0.024681 0.000000 -0.133194 0.092600
-0.024681 0.000000 -0.131518 0.092600
-0.024681 0.000000 -0.129843 0.092600
-0.024681 0.000000 -0.128168 0.092600
-0.024681 0.000000 -0.126492 0.092600
-0.024681 0.000000 -0.124817 0.092600
-0.024681 0.000000 -0.123141 0.092600
-0.024681 0.000000 -0.121466 0.092600
-0.024681 0.000000 -0.119791 0.092600
-0.024681 0.000000 -0.118115 0.092600
-0.024681 0.000000 -0.116440 0.092600
-0.024681 0.000000 -0.114764 0.092600
-0.024681 0.000000 -0.113089 0.092600
-0.024681 0.000000 -0.111414 0.092600
-0.024681 0.000000 -0.109738 0.092600
-0.024681 0.000000 -0.108063 0.092600
-0.024681 0.000000 -0.106387 0.092600
-0.024681 0.000000 -0.104712 0.092600
-0.024681 0.000000 -0.103037 0.092600
-0.024681 0.000000 -0.101361 0.092600
-0.024681 0.000000 -0.099686 0.092600
-0.024681 0.000000 -0.098010 0.092600
-0.024681 0.000000 -0.096335 0.092600
-0.024681 0.000000 -0.094660 0.092600
-0.024681 0.000000 -0.092984 0.092600
-0.024681 0.000000 -0.091309 0.092600
-0.024681 0.000000 -0.089634 0.092600
-0.024681 0.000000 -0.087958 0.092600
-0.024681 0.000000 -0.086283 0.092600
-0.024681 0.000000 -0.084607 0.092600
-0.024681 0.000000 -0.082932 0.092600
-0.024681 0.000000 -0.081257 0.092600
-0.024681 0.000000 -0.079581 0.092600
-0.024681 0.000000 -0.077906 0.092600
-0.024681 0.000000 -0.076230 0.092600
-0.024681 0.000000 -0.074555 0.092600
-0.024681 0.000000 -0.072880 0.092600
-0.024681 0.000000 -0.071204 0.092600
-0.024681 0.000000 -0.069529 0.092600
-0.024681 0.000000 -0.067853 0.092600
-0.024681 0.000000 -0.066178 0.092600
-0.024681 0.000000 -0.064503 0.092600
-0.024681 0.000000 -0.062827 0.092600
-0.024681 0.000000 -0.061152 0.092600
-0.024681 0.000000 -0.059476 0.092600
-0.024681 0.000000 -0.057801 0.092600
-0.024681 0.000000 -0.056126 0.092600
-0.024681 0.000000 -0.054450 0.092600
-0.024681 0.000000 -0.052775 0.092600
-0.024681 0.000000 -0.051099 0.092600
-0.024681 0.000000 -0.049424 0.092600
-0.024681 0.000000 -0.047749 0.092600
-0.024681 0.000000 -0.046073 0.092600
-0.024681 0.000000 -0.044398 0.092600
-0.024681 0.000000 -0.042723 0.092600
-0.024681 0.000000 -0.041047 0.092600
-0.024681 0.000000 -0.039372 0.092600
-0.024681 0.000000 -0.037696 0.092600
-0.024681 0.000000 -0.036021 0.092600
-0.024681 0.000000 -0.034346 0.092600
-0.024681 0.000000 -0.032670 0.092600
-0.024681 0.000000 -0.030995 0.092600
-0.024681 0.000000 -0.029319 0.092600
-0.024681 0.000000 -0.027644 0.092600
-0.024681 0.000000 -0.025969 0.092600
-0.024681 0.000000 -0.024293 0.092600
-0.024681 0.000000 -0.022618 0.092600
-0.024681 0.000000 -0.020942 0.092600
-0.024681 0.000000 -0.019267 0.092600
-0.024681 0.000000 -0.017592 0.092600
-0.024681 0.000000 -0.015916 0.092600
-0.024681 0.000000 -0.014241 0.092600
-0.024681 0.000000 -0.012565 0.092600
-0.024681 0.000000 -0.010890 0.092600
-0.024681 0.000000 -0.009215 0.092600
-0.024681 0.000000 -0.007539 0.092600
-0.024681 0.000000 -0.005864 0.092600
-0.024681 0.000000 -0.004188 0.092600
-0.024681 0.000000 -0.002513 0.092600
-0.024681 0.000000 -0.000838 0.092600
-0.024681 0.000000 0.000838 0.092600
-0.024681 0.000000 0.002513 0.092600
-0.024681 0.000000 0.004188 0.092600
-0.024681 0.000000 0.005864 0.092600
-0.024681 0.000000 0.007539 0.092600
-0.024681 0.000000 0.009215 0.092600
-0.024681 0.000000 0.010890 0.092600
-0.024681 0.000000 0.012565 0.092600
-0.024681 0.000000 0.014241 0.092600
-0.024681 0.000000 0.015916 0.092600
-0.024681 0.000000 0.017592 0.092600
-0.024681 0.000000 0.019267 0.092600
-0.024681 0.000000 0.020942 0.092600
-0.024681 0.000000 0.022618 0.092600
-0.024681 0.000000 0.024293 0.092600
-0.024681 0.000000 0.025969 0.092600
-0.024681 0.000000 0.027644 0.092600
-0.024681 0.000000 0.029319 0.092600
-0.024681 0.000000 0.030995 0.092600
-0.024681 0.000000 0.032670 0.092600
-0.024681 0.000000 0.034346 0.092600
-0.024681 0.000000 0.036021 0.092600
-0.024681 0.000000 0.037696 0.092600
-0.024681 0.000000 0.039372 0.092600
-0.024681 0.000000 0.041047 0.092600
-0.024681 0.000000 0.042723 0.092600
-0.024681 0.000000 0.044398 0.092600
-0.024681 0.000000 0.046073 0.092600
-0.024681 0.000000 0.047749 0.092600
-0.024681 0.000000 0.049424 0.092600
-0.024681 0.000000 0.051099 0.092600
-0.024681 0.000000 0.052775 0.092600
-0.024681 0.000000 0.054450 0.092600
-0.024681 0.000000 0.056126 0.092600
-0.024681 0.000000 0.057801 0.092600
-0.024681 0.000000 0.059476 0.092600
-0.024681 0.000000 0.061152 0.092600
-0.024681 0.000000 0.062827 0.092600
-0.024681 0.000000 0.064503 0.092600
-0.024681 0.000000 0.066178 0.092600
-0.024681 0.000000 0.067853 0.092600
-0.024681 0.000000 0.069529 0.092600
-0.024681 0.000000 0.071204 0.092600
-0.024681 0.000000 0.072880 0.092600
-0.024681 0.000000 0.074555 0.092600
-0.024681 0.000000 0.076230 0.092600
-0.024681 0.000000 0.077906 0.092600
-0.024681 0.000000 0.079581 0.092600
-0.024681 0.000000 0.081257 0.092600
-0.024681 0.000000 0.082932 0.092600
-0.024681 0.000000 0.084607 0.092600
-0.024681 0.000000 0.086283 0.092600
-0.024681 0.000000 0.087958 0.092600
-0.024681 0.000000 0.089634 0.092600
-0.024681 0.000000 0.091309 0.092600
-0.024681 0.000000 0.092984 0.092600
-0.024681 0.000000 0.094660 0.092600
-0.024681 0.000000 0.096335 0.092600
-0.024681 0.000000 0.098010 0.092600
-0.024681 0.000000 0.099686 0.092600
-0.024681 0.000000 0.101361 0.092600
-0.024681 0.000000 0.103037 0.092600
-0.024681 0.000000 0.104712 0.092600
-0.024681 0.000000 0.106387 0.092600
-0.024681 0.000000 0.108063 0.092600
-0.024681 0.000000 0.109738 0.092600
-0.024681 0.000000 0.111414 0.092600
-0.024681 0.000000 0.113089 0.092600
-0.024681 0.000000 0.114764 0.092600
-0.024681 0.000000 0.116440 0.092600
-0.024681 0.000000 0.118115 0.092600
-0.024681 0.000000 0.119791 0.092600
-0.024681 0.000000 0.121466 0.092600
-0.024681 0.000000 0.123141 0.092600
-0.024681 0.000000 0.124817 0.092600
-0.024681 0.000000 0.126492 0.092600
-0.024681 0.000000 0.128168 0.092600
-0.024681 0.000000 0.129843 0.092600
-0.024681 0.000000 0.131518 0.092600
-0.024681 0.000000 0.133194 0.092600
-0.024681 0.000000 0.134869 0.092600
-0.024681 0.000000 0.136545 0.092600
-0.024681 0.000000 0.138220 0.092600
-0.024681 0.000000 0.139895 0.092600
-0.024681 0.000000 0.141571 0.092600
-0.024681 0.000000 0.143246 0.092600
-0.024681 0.000000 0.144921 0.092600
-0.024681 0.000000 0.146597 0.092600
-0.024681 0.000000 0.148272 0.092600
-0.024681 0.000000 0.149948 0.092600
-0.024681 0.000000 0.151623 0.092600
-0.024681 0.000000 0.153298 0.092600
-0.024681 0.000000 0.154974 0.092600
-0.024681 0.000000 0.156649 0.092600
-0.024681 0.000000 0.158325 0.092600
-0.024681 0.000000 0.160000 0.092600
-0.022979 0.000000 -0.160000 0.127125
-0.022979 0.000000 -0.158325 0.127125
-0.022979 0.000000 -0.156649 0.127125
-0.022979 0.000000 -0.154974 0.127125
-0.022979 0.000000 -0.153298 0.127125
-0.022979 0.000000 -0.151623 0.127125
-0.022979 0.000000 -0.149948 0.127125
-0.022979 0.000000 -0.148272 0.127125
-0.022979 0.000000 -0.146597 0.127125
-0.022979 0.000000 -0.144921 0.127125
-0.022979 0.000000 -0.143246 0.127125
-0.022979 0.000000 -0.141571 0.127125
-0.022979 0.000000 -0.139895 0.127125
-0.022979 0.000000 -0.138220 0.127125
-0.022979 0.000000 -0.136545 0.127125
-0.022979 0.000000 -0.134869 0.127125
-0.022979 0.000000 -0.133194 0.127125
-0.022979 0.000000 -0.131518 0.127125
-0.022979 0.000000 -0.129843 0.127125
-0.022979 0.000000 -0.128168 0.127125
-0.022979 0.000000 -0.126492 0.127125
-0.022979 0.000000 -0.124817 0.127125
-0.022979 0.000000 -0.123141 0.127125
-0.022979 0.000000 -0.121466 0.127125
-0.022979 0.000000 -0.119791 0.127125
-0.022979 0.000000 -0.118115 0.127125
-0.022979 0.000000 -0.116440 0.127125
-0.022979 0.000000 -0.114764 0.127125
-0.022979 0.000000 -0.113089 0.127125
-0.022979 0.000000 -0.111414 0.127125
-0.022979 0.000000 -0.109738 0.127125
-0.022979 0.000000 -0.108063 0.127125
-0.022979 0.000000 -0.106387 0.127125
-0.022979 0.000000 -0.104712 0.127125
-0.022979 0.000000 -0.103037 0.127125
-0.022979 0.000000 -0.101361 0.127125
-0.022979 0.000000 -0.099686 0.127125
-0.022979 0.000000 -0.098010 0.127125
-0.022979 0.000000 -0.096335 0.127125
-0.022979 0.000000 -0.094660 0.127125
-0.022979 0.000000 -0.092984 0.127125
-0.022979 0.000000 -0.091309 0.127125
-0.022979 0.000000 -0.089634 0.127125
-0.022979 0.000000 -0.087958 0.127125
-0.022979 0.000000 -0.086283 0.127125
-0.022979 0.000000 -0.084607 0.127125
-0.022979 0.000000 -0.082932 0.127125
-0.022979 0.000000 -0.081257 0.127125
-0.022979 0.000000 -0.079581 0.127125
-0.022979 0.000000 -0.077906 0.127125
-0.022979 0.000000 -0.076230 0.127125
-0.022979 0.000000 -0.074555 0.127125
-0.022979 0.000000 -0.072880 0.127125
-0.022979 0.000000 -0.071204 0.127125
-0.022979 0.000000 -0.069529 0.127125
-0.022979 0.000000 -0.067853 0.127125
-0.022979 0.000000 -0.066178 0.127125
-0.022979 0.000000 -0.064503 0.127125
-0.022979 0.000000 -0.062827 0.127125
-0.022979 0.000000 -0.061152 0.127125
-0.022979 0.000000 -0.059476 0.127125
-0.022979 0.000000 -0.057801 0.127125
-0.022979 0.000000 -0.056126 0.127125
-0.022979 0.000000 -0.054450 0.127125
-0.022979 0.000000 -0.052775 0.127125
-0.022979 0.000000 -0.051099 0.127125
-0.022979 0.000000 -0.049424 0.127125
-0.022979 0.000000 -0.047749 0.127125
-0.022979 0.000000 -0.046073 0.127125
-0.022979 0.000000 -0.044398 0.127125
-0.022979 0.000000 -0.042723 0.127125
-0.022979 0.000000 -0.041047 0.127125
-0.022979 0.000000 -0.039372 0.127125
-0.022979 0.000000 -0.037696 0.127125
-0.022979 0.000000 -0.036021 0.127125
-0.022979 0.000000 -0.034346 0.127125
-0.022979 0.000000 -0.032670 0.127125
-0.022979 0.000000 -0.030995 0.127125
-0.022979 0.000000 -0.029319 0.127125
-0.022979 0.000000 -0.027644 0.127125
-0.022979 0.000000 -0.025969 0.127125
-0.022979 0.000000 -0.024293 0.127125
-0.022979 0.000000 -0.022618 0.127125
-0.022979 0.000000 -0.020942 0.127125
-0.022979 0.000000 -0.019267 0.127125
-0.022979 0.000000 -0.017592 0.127125
-0.022979 0.000000 -0.015916 0.127125
-0.022979 0.000000 -0.014241 0.127125
-0.022979 0.000000 -0.012565 0.127125
-0.022979 0.000000 -0.010890 0.127125
-0.022979 0.000000 -0.009215 0.127125
-0.022979 0.000000 -0.007539 0.127125
-0.022979 0.000000 -0.005864 0.127125
-0.022979 0.000000 -0.004188 0.127125
-0.022979 0.000000 -0.002513 0.127125
-0.022979 0.000000 -0.000838 0.127125
-0.022979 0.000000 0.000838 0.127125
-0.022979 0.000000 0.002513 0.127125
-0.022979 0.000000 0.004188 0.127125
-0.022979 0.000000 0.005864 0.127125
-0.022979 0.000000 0.007539 0.127125
-0.022979 0.000000 0.009215 0.127125
-0.022979 0.000000 0.010890 0.127125
-0.022979 0.000000 0.012565 0.127125
-0.022979 0.000000 0.014241 0.127125
-0.022979 0.000000 0.015916 0.127125
-0.022979 0.000000 0.017592 0.127125
-0.022979 0.000000 0.019267 0.127125
-0.022979 0.000000 0.020942 0.127125
-0.022979 0.000000 0.022618 0.127125
-0.022979 0.000000 0.024293 0.127125
-0.022979 0.000000 0.025969 0.127125
-0.022979 0.000000 0.027644 0.127125
-0.022979 0.000000 0.029319 0.127125
-0.022979 0.000000 0.030995 0.127125
-0.022979 0.000000 0.032670 0.127125
-0.022979 0.000000 0.034346 0.127125
-0.022979 0.000000 0.036021 0.127125
-0.022979 0.000000 0.037696 0.127125
-0.022979 0.000000 0.039372 0.127125
-0.022979 0.000000 0.041047 0.127125
-0.022979 0.000000 0.042723 0.127125
-0.022979 0.000000 0.044398 0.127125
-0.022979 0.000000 0.046073 0.127125
-0.022979 0.000000 0.047749 0.127125
-0.022979 0.000000 0.049424 0.127125
-0.022979 0.000000 0.051099 0.127125
-0.022979 0.000000 0.052775 0.127125
-0.022979 0.000000 0.054450 0.127125
-0.022979 0.000000 0.056126 0.127125
-0.022979 0.000000 0.057801 0.127125
-0.022979 0.000000 0.059476 0.127125
-0.022979 0.000000 0.061152 0.127125
-0.022979 0.000000 0.062827 0.127125
-0.022979 0.000000 0.064503 0.127125
-0.022979 0.000000 0.066178 0.127125
-0.022979 0.000000 0.067853 0.127125
-0.022979 0.000000 0.069529 0.127125
-0.022979 0.000000 0.071204 0.127125
-0.022979 0.000000 0.072880 0.127125
-0.022979 0.000000 0.074555 0.127125
-0.022979 0.000000 0.076230 0.127125
-0.022979 0.000000 0.077906 0.127125
-0.022979 0.000000 0.079581 0.127125
-0.022979 0.000000 0.081257 0.127125
-0.022979 0.000000 0.082932 0.127125
-0.022979 0.000000 0.084607 0.127125
-0.022979 0.000000 0.086283 0.127125
-0.022979 0.000000 0.087958 0.127125
-0.022979 0.000000 0.089634 0.127125
-0.022979 0.000000 0.091309 0.127125
-0.022979 0.000000 0.092984 0.127125
-0.022979 0.000000 0.094660 0.127125
-0.022979 0.000000 0.096335 0.127125
-0.022979 0.000000 0.098010 0.127125
-0.022979 0.000000 0.099686 0.127125
-0.022979 0.000000 0.101361 0.127125
-0.022979 0.000000 0.103037 0.127125
-0.022979 0.000000 0.104712 0.127125
-0.022979 0.000000 0.106387 0.127125
-0.022979 0.000000 0.108063 0.127125
-0.022979 0.000000 0.109738 0.127125
-0.022979 0.000000 0.111414 0.127125
-0.022979 0.000000 0.113089 0.127125
-0.022979 0.000000 0.114764 0.127125
-0.022979 0.000000 0.116440 0.127125
-0.022979 0.000000 0.118115 0.127125
-0.022979 0.000000 0.119791 0.127125
-0.022979 0.000000 0.121466 0.127125
-0.022979 0.000000 0.123141 0.127125
-0.022979 0.000000 0.124817 0.127125
-0.022979 0.000000 0.126492 0.127125
-0.022979 0.000000 0.128168 0.127125
-0.022979 0.000000 0.129843 0.127125
-0.022979 0.000000 0.131518 0.127125
-0.022979 0.000000 0.133194 0.127125
-0.022979 0.000000 0.134869 0.127125
-0.022979 0.000000 0.136545 0.127125
-0.022979 0.000000 0.138220 0.127125
-0.022979 0.000000 0.139895 0.127125
-0.022979 0.000000 0.141571 0.127125
-0.022979 0.000000 0.143246 0.127125
-0.022979 0.000000 0.144921 0.127125
-0.022979 0.000000 0.146597 0.127125
-0.022979 0.000000 0.148272 0.127125
-0.022979 0.000000 0.149948 0.127125
-0.022979 0.000000 0.151623 0.127125
-0.022979 0.000000 0.153298 0.127125
-0.022979 0.000000 0.154974 0.127125
-0.022979 0.000000 0.156649 0.127125
-0.022979 0.000000 0.158325 0.127125
-0.022979 0.000000 0.160000 0.127125
-0.021277 0.000000 -0.160000 0.170617
-0.021277 0.000000 -0.158325 0.170617
-0.021277 0.000000 -0.156649 0.170617
-0.021277 0.000000 -0.154974 0.170617
-0.021277 0.000000 -0.153298 0.170617
-0.021277 0.000000 -0.151623 0.170617
-0.021277 0.000000 -0.149948 0.170617
-0.021277 0.000000 -0.148272 0.170617
-0.021277 0.000000 -0.146597 0.170617
-0.021277 0.000000 -0.144921 0.170617
-0.021277 0.000000 -0.143246 0.170617
-0.021277 0.000000 -0.141571 0.170617
-0.021277 0.000000 -0.139895 0.170617
-0.021277 0.000000 -0.138220 0.170617
-0.021277 0.000000 -0.136545 0.170617
-0.021277 0.000000 -0.134869 0.170617
-0.021277 0.000000 -0.133194 0.170617
-0.021277 0.000000 -0.131518 0.170617
-0.021277 0.000000 -0.129843 0.170617
-0.021277 0.000000 -0.128168 0.170617
-0.021277 0.000000 -0.126492 0.170617
-0.021277 0.000000 -0.124817 0.170617
-0.021277 0.000000 -0.123141 0.170617
-0.021277 0.000000 -0.121466 0.170617
-0.021277 0.000000 -0.119791 0.170617
-0.021277 0.000000 -0.118115 0.170617
-0.021277 0.000000 -0.116440 0.170617
-0.021277 0.000000 -0.114764 0.170617
-0.021277 0.000000 -0.113089 0.170617
-0.021277 0.000000 -0.111414 0.170617
-0.021277 0.000000 -0.109738 0.170617
-0.021277 0.000000 -0.108063 0.170617
-0.021277 0.000000 -0.106387 0.170617
-0.021277 0.000000 -0.104712 0.170617
-0.021277 0.000000 -0.103037 0.170617
-0.021277 0.000000 -0.101361 0.170617
-0.021277 0.000000 -0.099686 0.170617
-0.021277 0.000000 -0.098010 0.170617
-0.021277 0.000000 -0.096335 0.170617
-0.021277 0.000000 -0.094660 0.170617
-0.021277 0.000000 -0.092984 0.170617
-0.021277 0.000000 -0.091309 0.170617
-0.021277 0.000000 -0.089634 0.170617
-0.021277 0.000000 -0.087958 0.170617
-0.021277 0.000000 -0.086283 0.170617
-0.021277 0.000000 -0.084607 0.170617
-0.021277 0.000000 -0.082932 0.170617
-0.021277 0.000000 -0.081257 0.170617
-0.021277 0.000000 -0.079581 0.170617
-0.021277 0.000000 -0.077906 0.170617
-0.021277 0.000000 -0.076230 0.170617
-0.021277 0.000000 -0.074555 0.170617
-0.021277 0.000000 -0.072880 0.170617
-0.021277 0.000000 -0.071204 0.170617
-0.021277 0.000000 -0.069529 0.170617
-0.021277 0.000000 -0.067853 0.170617
-0.021277 0.000000 -0.066178 0.170617
-0.021277 0.000000 -0.064503 0.170617
-0.021277 0.000000 -0.062827 0.170617
-0.021277 0.000000 -0.061152 0.170617
-0.021277 0.000000 -0.059476 0.170617
-0.021277 0.000000 -0.057801 0.170617
-0.021277 0.000000 -0.056126 0.170617
-0.021277 0.000000 -0.054450 0.170617
-0.021277 0.000000 -0.052775 0.170617
-0.021277 0.000000 -0.051099 0.170617
-0.021277 0.000000 -0.049424 0.170617
-0.021277 0.000000 -0.047749 0.170617
-0.021277 0.000000 -0.046073 0.170617
-0.021277 0.000000 -0.044398 0.170617
-0.021277 0.000000 -0.042723 0.170617
-0.021277 0.000000 -0.041047 0.170617
-0.021277 0.000000 -0.039372 0.170617
-0.021277 0.000000 -0.037696 0.170617
-0.021277 0.000000 -0.036021 0.170617
-0.021277 0.000000 -0.034346 0.170617
-0.021277 0.000000 -0.032670 0.170617
-0.021277 0.000000 -0.030995 0.170617
-0.021277 0.000000 -0.029319 0.170617
-0.021277 0.000000 -0.027644 0.170617
-0.021277 0.000000 -0.025969 0.170617
-0.021277 0.000000 -0.024293 0.170617
-0.021277 0.000000 -0.022618 0.170617
-0.021277 0.000000 -0.020942 0.170617
-0.021277 0.000000 -0.019267 0.170617
-0.021277 0.000000 -0.017592 0.170617
-0.021277 0.000000 -0.015916 0.170617
-0.021277 0.000000 -0.014241 0.170617
-0.021277 0.000000 -0.012565 0.170617
-0.021277 0.000000 -0.010890 0.170617
-0.021277 0.000000 -0.009215 0.170617
-0.021277 0.000000 -0.007539 0.170617
-0.021277 0.000000 -0.005864 0.170617
-0.021277 0.000000 -0.004188 0.170617
-0.021277 0.000000 -0.002513 0.170617
-0.021277 0.000000 -0.000838 0.170617
-0.021277 0.000000 0.000838 0.170617
-0.021277 0.000000 0.002513 0.170617
-0.021277 0.000000 0.004188 0.170617
-0.021277 0.000000 0.005864 0.170617
-0.021277 0.000000 0.007539 0.170617
-0.021277 0.000000 0.009215 0.170617
-0.021277 0.000000 0.010890 0.170617
-0.021277 0.000000 0.012565 0.170617
-0.021277 0.000000 0.014241 0.170617
-0.021277 0.000000 0.015916 0.170617
-0.021277 0.000000 0.017592 0.170617
-0.021277 0.000000 0.019267 0.170617
-0.021277 0.000000 0.020942 0.170617
-0.021277 0.000000 0.022618 0.170617
-0.021277 0.000000 0.024293 0.170617
-0.021277 0.000000 0.025969 0.170617
-0.021277 0.000000 0.027644 0.170617
-0.021277 0.000000 0.029319 0.170617
-0.021277 0.000000 0.030995 0.170617
-0.021277 0.000000 0.032670 0.170617
-0.021277 0.000000 0.034346 0.170617
-0.021277 0.000000 0.036021 0.170617
-0.021277 0.000000 0.037696 0.170617
-0.021277 0.000000 0.039372 0.170617
-0.021277 0.000000 0.041047 0.170617
-0.021277 0.000000 0.042723 0.170617
-0.021277 0.000000 0.044398 0.170617
-0.021277 0.000000 0.046073 0.170617
-0.021277 0.000000 0.047749 0.170617
-0.021277 0.000000 0.049424 0.170617
-0.021277 0.000000 0.051099 0.170617
-0.021277 0.000000 0.052775 0.170617
-0.021277 0.000000 0.054450 0.170617
-0.021277 0.000000 0.056126 0.170617
-0.021277 0.000000 0.057801 0.170617
-0.021277 0.000000 0.059476 0.170617
-0.021277 0.000000 0.061152 0.170617
-0.021277 0.000000 0.062827 0.170617
-0.021277 0.000000 0.064503 0.170617
-0.021277 0.000000 0.066178 0.170617
-0.021277 0.000000 0.067853 0.170617
-0.021277 0.000000 0.069529 0.170617
-0.021277 0.000000 0.071204 0.170617
-0.021277 0.000000 0.072880 0.170617
-0.021277 0.000000 0.074555 0.170617
-0.021277 0.000000 0.076230 0.170617
-0.021277 0.000000 0.077906 0.170617
-0.021277 0.000000 0.079581 0.170617
-0.021277 0.000000 0.081257 0.170617
-0.021277 0.000000 0.082932 0.170617
-0.021277 0.000000 0.084607 0.170617
-0.021277 0.000000 0.086283 0.170617
-0.021277 0.000000 0.087958 0.170617
-0.021277 0.000000 0.089634 0.170617
-0.021277 0.000000 0.091309 0.170617
-0.021277 0.000000 0.092984 0.170617
-0.021277 0.000000 0.094660 0.170617
-0.021277 0.000000 0.096335 0.170617
-0.021277 0.000000 0.098010 0.170617
-0.021277 0.000000 0.099686 0.170617
-0.021277 0.000000 0.101361 0.170617
-0.021277 0.000000 0.103037 0.170617
-0.021277 0.000000 0.104712 0.170617
-0.021277 0.000000 0.106387 0.170617
-0.021277 0.000000 0.108063 0.170617
-0.021277 0.000000 0.109738 0.170617
-0.021277 0.000000 0.111414 0.170617
-0.021277 0.000000 0.113089 0.170617
-0.021277 0.000000 0.114764 0.170617
-0.021277 0.000000 0.116440 0.170617
-0.021277 0.000000 0.118115 0.170617
-0.021277 0.000000 0.119791 0.170617
-0.021277 0.000000 0.121466 0.170617
-0.021277 0.000000 0.123141 0.170617
-0.021277 0.000000 0.124817 0.170617
-0.021277 0.000000 0.126492 0.170617
-0.021277 0.000000 0.128168 0.170617
-0.021277 0.000000 0.129843 0.170617
-0.021277 0.000000 0.131518 0.170617
-0.021277 0.000000 0.133194 0.170617
-0.021277 0.000000 0.134869 0.170617
-0.021277 0.000000 0.136545 0.170617
-0.021277 0.000000 0.138220 0.170617
-0.021277 0.000000 0.139895 0.170617
-0.021277 0.000000 0.141571 0.170617
-0.021277 0.000000 0.143246 0.170617
-0.021277 0.000000 0.144921 0.170617
-0.021277 0.000000 0.146597 0.170617
-0.021277 0.000000 0.148272 0.170617
-0.021277 0.000000 0.149948 0.170617
-0.021277 0.000000 0.151623 0.170617
-0.021277 0.000000 0.153298 0.170617
-0.021277 0.000000 0.154974 0.170617
-0.021277 0.000000 0.156649 0.170617
-0.021277 0.000000 0.158325 0.170617
-0.021277 0.000000 0.160000 0.170617
-0.019574 0.000000 -0.160000 0.223864
-0.019574 0.000000 -0.158325 0.223864
-0.019574 0.000000 -0.156649 0.223864
-0.019574 0.000000 -0.154974 0.223864
-0.019574 0.000000 -0.153298 0.223864
-0.019574 0.000000 -0.151623 0.223864
-0.019574 0.000000 -0.149948 0.223864
-0.019574 0.000000 -0.148272 0.223864
-0.019574 0.000000 -0.146597 0.223864
-0.019574 0.000000 -0.144921 0.223864
-0.019574 0.000000 -0.143246 0.223864
-0.019574 0.000000 -0.141571 0.223864
-0.019574 0.000000 -0.139895 0.223864
-0.019574 0.000000 -0.138220 0.223864
-0.019574 0.000000 -0.136545 0.223864
-0.019574 0.000000 -0.134869 0.223864
-0.019574 0.000000 -0.133194 0.223864
-0.019574 0.000000 -0.131518 0.223864
-0.019574 0.000000 -0.129843 0.223864
-0.019574 0.000000 -0.128168 0.223864
-0.019574 0.000000 -0.126492 0.223864
-0.019574 0.000000 -0.124817 0.223864
-0.019574 0.000000 -0.123141 0.223864
-0.019574 0.000000 -0.121466 0.223864
-0.019574 0.000000 -0.119791 0.223864
-0.019574 0.000000 -0.118115 0.223864
-0.019574 0.000000 -0.116440 0.223864
-0.019574 0.000000 -0.114764 0.223864
-0.019574 0.000000 -0.113089 0.223864
-0.019574 0.000000 -0.111414 0.223864
-0.019574 0.000000 -0.109738 0.223864
-0.019574 0.000000 -0.108063 0.223864
-0.019574 0.000000 -0.106387 0.223864
-0.019574 0.000000 -0.104712 0.223864
-0.019574 0.000000 -0.103037 0.223864
-0.019574 0.000000 -0.101361 0.223864
-0.019574 0.000000 -0.099686 0.223864
-0.019574 0.000000 -0.098010 0.223864
-0.019574 0.000000 -0.096335 0.223864
-0.019574 0.000000 -0.094660 0.223864
-0.019574 0.000000 -0.092984 0.223864
-0.019574 0.000000 -0.091309 0.223864
-0.019574 0.000000 -0.089634 0.223864
-0.019574 0.000000 -0.087958 0.223864
-0.019574 0.000000 -0.086283 0.223864
-0.019574 0.000000 -0.084607 0.223864
-0.019574 0.000000 -0.082932 0.223864
-0.019574 0.000000 -0.081257 0.223864
-0.019574 0.000000 -0.079581 0.223864
-0.019574 0.000000 -0.077906 0.223864
-0.019574 0.000000 -0.076230 0.223864
-0.019574 0.000000 -0.074555 0.223864
-0.019574 0.000000 -0.072880 0.223864
-0.019574 0.000000 -0.071204 0.223864
-0.019574 0.000000 -0.069529 0.223864
-0.019574 0.000000 -0.067853 0.223864
-0.019574 0.000000 -0.066178 0.223864
-0.019574 0.000000 -0.064503 0.223864
-0.019574 0.000000 -0.062827 0.223864
-0.019574 0.000000 -0.061152 0.223864
-0.019574 0.000000 -0.059476 0.223864
-0.019574 0.000000 -0.057801 0.223864
-0.019574 0.000000 -0.056126 0.223864
-0.019574 0.000000 -0.054450 0.223864
-0.019574 0.000000 -0.052775 0.223864
-0.019574 0.000000 -0.051099 0.223864
-0.019574 0.000000 -0.049424 0.223864
-0.019574 0.000000 -0.047749 0.223864
-0.019574 0.000000 -0.046073 0.223864
-0.019574 0.000000 -0.044398 0.223864
-0.019574 0.000000 -0.042723 0.223864
-0.019574 0.000000 -0.041047 0.223864
-0.019574 0.000000 -0.039372 0.223864
-0.019574 0.000000 -0.037696 0.223864
-0.019574 0.000000 -0.036021 0.223864
-0.019574 0.000000 -0.034346 0.223864
-0.019574 0.000000 -0.032670 0.223864
-0.019574 0.000000 -0.030995 0.223864
-0.019574 0.000000 -0.029319 0.223864
-0.019574 0.000000 -0.027644 0.223864
-0.019574 0.000000 -0.025969 0.223864
-0.019574 0.000000 -0.024293 0.223864
-0.019574 0.000000 -0.022618 0.223864
-0.019574 0.000000 -0.020942 0.223864
-0.019574 0.000000 -0.019267 0.223864
-0.019574 0.000000 -0.017592 0.223864
-0.019574 0.000000 -0.015916 0.223864
-0.019574 0.000000 -0.014241 0.223864
-0.019574 0.000000 -0.012565 0.223864
-0.019574 0.000000 -0.010890 0.223864
-0.019574 0.000000 -0.009215 0.223864
-0.019574 0.000000 -0.007539 0.223864
-0.019574 0.000000 -0.005864 0.223864
-0.019574 0.000000 -0.004188 0.223864
-0.019574 0.000000 -0.002513 0.223864
-0.019574 0.000000 -0.000838 0.223864
-0.019574 0.000000 0.000838 0.223864
-0.019574 0.000000 0.002513 0.223864
-0.019574 0.000000 0.004188 0.223864
-0.019574 0.000000 0.005864 0.223864
-0.019574 0.000000 0.007539 0.223864
-0.019574 0.000000 0.009215 0.223864
-0.019574 0.000000 0.010890 0.223864
-0.019574 0.000000 0.012565 0.223864
-0.019574 0.000000 0.014241 0.223864
-0.019574 0.000000 0.015916 0.223864
-0.019574 0.000000 0.017592 0.223864
-0.019574 0.000000 0.019267 0.223864
-0.019574 0.000000 0.020942 0.223864
-0.019574 0.000000 0.022618 0.223864
-0.019574 0.000000 0.024293 0.223864
-0.019574 0.000000 0.025969 0.223864
-0.019574 0.000000 0.027644 0.223864
-0.019574 0.000000 0.029319 0.223864
-0.019574 0.000000 0.030995 0.223864
-0.019574 0.000000 0.032670 0.223864
-0.019574 0.000000 0.034346 0.223864
-0.019574 0.000000 0.036021 0.223864
-0.019574 0.000000 0.037696 0.223864
-0.019574 0.000000 0.039372 0.223864
-0.019574 0.000000 0.041047 0.223864
-0.019574 0.000000 0.042723 0.223864
-0.019574 0.000000 0.044398 0.223864
-0.019574 0.000000 0.046073 0.223864
-0.019574 0.000000 0.047749 0.223864
-0.019574 0.000000 0.049424 0.223864
-0.019574 0.000000 0.051099 0.223864
-0.019574 0.000000 0.052775 0.223864
-0.019574 0.000000 0.054450 0.223864
-0.019574 0.000000 0.056126 0.223864
-0.019574 0.000000 0.057801 0.223864
-0.019574 0.000000 0.059476 0.223864
-0.019574 0.000000 0.061152 0.223864
-0.019574 0.000000 0.062827 0.223864
-0.019574 0.000000 0.064503 0.223864
-0.019574 0.000000 0.066178 0.223864
-0.019574 0.000000 0.067853 0.223864
-0.019574 0.000000 0.069529 0.223864
-0.019574 0.000000 0.071204 0.223864
-0.019574 0.000000 0.072880 0.223864
-0.019574 0.000000 0.074555 0.223864
-0.019574 0.000000 0.076230 0.223864
-0.019574 0.000000 0.077906 0.223864
-0.019574 0.000000 0.079581 0.223864
-0.019574 0.000000 0.081257 0.223864
-0.019574 0.000000 0.082932 0.223864
-0.019574 0.000000 0.084607 0.223864
-0.019574 0.000000 0.086283 0.223864
-0.019574 0.000000 0.087958 0.223864
-0.019574 0.000000 0.089634 0.223864
-0.019574 0.000000 0.091309 0.223864
-0.019574 0.000000 0.092984 0.223864
-0.019574 0.000000 0.094660 0.223864
-0.019574 0.000000 0.096335 0.223864
-0.019574 0.000000 0.098010 0.223864
-0.019574 0.000000 0.099686 0.223864
-0.019574 0.000000 0.101361 0.223864
-0.019574 0.000000 0.103037 0.223864
-0.019574 0.000000 0.104712 0.223864
-0.019574 0.000000 0.106387 0.223864
-0.019574 0.000000 0.108063 0.223864
-0.019574 0.000000 0.109738 0.223864
-0.019574 0.000000 0.111414 0.223864
-0.019574 0.000000 0.113089 0.223864
-0.019574 0.000000 0.114764 0.223864
-0.019574 0.000000 0.116440 0.223864
-0.019574 0.000000 0.118115 0.223864
-0.019574 0.000000 0.119791 0.223864
-0.019574 0.000000 0.121466 0.223864
-0.019574 0.000000 0.123141 0.223864
-0.019574 0.000000 0.124817 0.223864
-0.019574 0.000000 0.126492 0.223864
-0.019574 0.000000 0.128168 0.223864
-0.019574 0.000000 0.129843 0.223864
-0.019574 0.000000 0.131518 0.223864
-0.019574 0.000000 0.133194 0.223864
-0.019574 0.000000 0.134869 0.223864
-0.019574 0.000000 0.136545 0.223864
-0.019574 0.000000 0.138220 0.223864
-0.019574 0.000000 0.139895 0.223864
-0.019574 0.000000 0.141571 0.223864
-0.019574 0.000000 0.143246 0.223864
-0.019574 0.000000 0.144921 0.223864
-0.019574 0.000000 0.146597 0.223864
-0.019574 0.000000 0.148272 0.223864
-0.019574 0.000000 0.149948 0.223864
-0.019574 0.000000 0.151623 0.223864
-0.019574 0.000000 0.153298 0.223864
-0.019574 0.000000 0.154974 0.223864
-0.019574 0.000000 0.156649 0.223864
-0.019574 0.000000 0.158325 0.223864
-0.019574 0.000000 0.160000 0.223864
-0.017872 0.000000 -0.160000 0.287154
-0.017872 0.000000 -0.158325 0.287154
-0.017872 0.000000 -0.156649 0.287154
-0.017872 0.000000 -0.154974 0.287154
-0.017872 0.000000 -0.153298 0.287154
-0.017872 0.000000 -0.151623 0.287154
-0.017872 0.000000 -0.149948 0.287154
-0.017872 0.000000 -0.148272 0.287154
-0.017872 0.000000 -0.146597 0.287154
-0.017872 0.000000 -0.144921 0.287154
-0.017872 0.000000 -0.143246 0.287154
-0.017872 0.000000 -0.141571 0.287154
-0.017872 0.000000 -0.139895 0.287154
-0.017872 0.000000 -0.138220 0.287154
-0.017872 0.000000 -0.136545 0.287154
-0.017872 0.000000 -0.134869 0.287154
-0.017872 0.000000 -0.133194 0.287154
-0.017872 0.000000 -0.131518 0.287154
-0.017872 0.000000 -0.129843 0.287154
-0.017872 0.000000 -0.128168 0.287154
-0.017872 0.000000 -0.126492 0.287154
-0.017872 0.000000 -0.124817 0.287154
-0.017872 0.000000 -0.123141 0.287154
-0.017872 0.000000 -0.121466 0.287154
-0.017872 0.000000 -0.119791 0.287154
-0.017872 0.000000 -0.118115 0.287154
-0.017872 0.000000 -0.116440 0.287154
-0.017872 0.000000 -0.114764 0.287154
-0.017872 0.000000 -0.113089 0.287154
-0.017872 0.000000 -0.111414 0.287154
-0.017872 0.000000 -0.109738 0.287154
-0.017872 0.000000 -0.108063 0.287154
-0.017872 0.000000 -0.106387 0.287154
-0.017872 0.000000 -0.104712 0.287154
-0.017872 0.000000 -0.103037 0.287154
-0.017872 0.000000 -0.101361 0.287154
-0.017872 0.000000 -0.099686 0.287154
-0.017872 0.000000 -0.098010 0.287154
-0.017872 0.000000 -0.096335 0.287154
-0.017872 0.000000 -0.094660 0.287154
-0.017872 0.000000 -0.092984 0.287154
-0.017872 0.000000 -0.091309 0.287154
-0.017872 0.000000 -0.089634 0.287154
-0.017872 0.000000 -0.087958 0.287154
-0.017872 0.000000 -0.086283 0.287154
-0.017872 0.000000 -0.084607 0.287154
-0.017872 0.000000 -0.082932 0.287154
-0.017872 0.000000 -0.081257 0.287154
-0.017872 0.000000 -0.079581 0.287154
-0.017872 0.000000 -0.077906 0.287154
-0.017872 0.000000 -0.076230 0.287154
-0.017872 0.000000 -0.074555 0.287154
-0.017872 0.000000 -0.072880 0.287154
-0.017872 0.000000 -0.071204 0.287154
-0.017872 0.000000 -0.069529 0.287154
-0.017872 0.000000 -0.067853 0.287154
-0.017872 0.000000 -0.066178 0.287154
-0.017872 0.000000 -0.064503 0.287154
-0.017872 0.000000 -0.062827 0.287154
-0.017872 0.000000 -0.061152 0.287154
-0.017872 0.000000 -0.059476 0.287154
-0.017872 0.000000 -0.057801 0.287154
-0.017872 0.000000 -0.056126 0.287154
-0.017872 0.000000 -0.054450 0.287154
-0.017872 0.000000 -0.052775 0.287154
-0.017872 0.000000 -0.051099 0.287154
-0.017872 0.000000 -0.049424 0.287154
-0.017872 0.000000 -0.047749 0.287154
-0.017872 0.000000 -0.046073 0.287154
-0.017872 0.000000 -0.044398 0.287154
-0.017872 0.000000 -0.042723 0.287154
-0.017872 0.000000 -0.041047 0.287154
-0.017872 0.000000 -0.039372 0.287154
-0.017872 0.000000 -0.037696 0.287154
-0.017872 0.000000 -0.036021 0.287154
-0.017872 0.000000 -0.034346 0.287154
-0.017872 0.000000 -0.032670 0.287154
-0.017872 0.000000 -0.030995 0.287154
-0.017872 0.000000 -0.029319 0.287154
-0.017872 0.000000 -0.027644 0.287154
-0.017872 0.000000 -0.025969 0.287154
-0.017872 0.000000 -0.024293 0.287154
-0.017872 0.000000 -0.022618 0.287154
-0.017872 0.000000 -0.020942 0.287154
-0.017872 0.000000 -0.019267 0.287154
-0.017872 0.000000 -0.017592 0.287154
-0.017872 0.000000 -0.015916 0.287154
-0.017872 0.000000 -0.014241 0.287154
-0.017872 0.000000 -0.012565 0.287154
-0.017872 0.000000 -0.010890 0.287154
-0.017872 0.000000 -0.009215 0.287154
-0.017872 0.000000 -0.007539 0.287154
-0.017872 0.000000 -0.005864 0.287154
-0.017872 0.000000 -0.004188 0.287154
-0.017872 0.000000 -0.002513 0.287154
-0.017872 0.000000 -0.000838 0.287154
-0.017872 0.000000 0.000838 0.287154
-0.017872 0.000000 0.002513 0.287154
-0.017872 0.000000 0.004188 0.287154
-0.017872 0.000000 0.005864 0.287154
-0.017872 0.000000 0.007539 0.287154
-0.017872 0.000000 0.009215 0.287154
-0.017872 0.000000 0.010890 0.287154
-0.017872 0.000000 0.012565 0.287154
-0.017872 0.000000 0.014241 0.287154
-0.017872 0.000000 0.015916 0.287154
-0.017872 0.000000 0.017592 0.287154
-0.017872 0.000000 0.019267 0.287154
-0.017872 0.000000 0.020942 0.287154
-0.017872 0.000000 0.022618 0.287154
-0.017872 0.000000 0.024293 0.287154
-0.017872 0.000000 0.025969 0.287154
-0.017872 0.000000 0.027644 0.287154
-0.017872 0.000000 0.029319 0.287154
-0.017872 0.000000 0.030995 0.287154
-0.017872 0.000000 0.032670 0.287154
-0.017872 0.000000 0.034346 0.287154
-0.017872 0.000000 0.036021 0.287154
-0.017872 0.000000 0.037696 0.287154
-0.017872 0.000000 0.039372 0.287154
-0.017872 0.000000 0.041047 0.287154
-0.017872 0.000000 0.042723 0.287154
-0.017872 0.000000 0.044398 0.287154
-0.017872 0.000000 0.046073 0.287154
-0.017872 0.000000 0.047749 0.287154
-0.017872 0.000000 0.049424 0.287154
-0.017872 0.000000 0.051099 0.287154
-0.017872 0.000000 0.052775 0.287154
-0.017872 0.000000 0.054450 0.287154
-0.017872 0.000000 0.056126 0.287154
-0.017872 0.000000 0.057801 0.287154
-0.017872 0.000000 0.059476 0.287154
-0.017872 0.000000 0.061152 0.287154
-0.017872 0.000000 0.062827 0.287154
-0.017872 0.000000 0.064503 0.287154
-0.017872 0.000000 0.066178 0.287154
-0.017872 0.000000 0.067853 0.287154
-0.017872 0.000000 0.069529 0.287154
-0.017872 0.000000 0.071204 0.287154
-0.017872 0.000000 0.072880 0.287154
-0.017872 0.000000 0.074555 0.287154
-0.017872 0.000000 0.076230 0.287154
-0.017872 0.000000 0.077906 0.287154
-0.017872 0.000000 0.079581 0.287154
-0.017872 0.000000 0.081257 0.287154
-0.017872 0.000000 0.082932 0.287154
-0.017872 0.000000 0.084607 0.287154
-0.017872 0.000000 0.086283 0.287154
-0.017872 0.000000 0.087958 0.287154
-0.017872 0.000000 0.089634 0.287154
-0.017872 0.000000 0.091309 0.287154
-0.017872 0.000000 0.092984 0.287154
-0.017872 0.000000 0.094660 0.287154
-0.017872 0.000000 0.096335 0.287154
-0.017872 0.000000 0.098010 0.287154
-0.017872 0.000000 0.099686 0.287154
-0.017872 0.000000 0.101361 0.287154
-0.017872 0.000000 0.103037 0.287154
-0.017872 0.000000 0.104712 0.287154
-0.017872 0.000000 0.106387 0.287154
-0.017872 0.000000 0.108063 0.287154
-0.017872 0.000000 0.109738 0.287154
-0.017872 0.000000 0.111414 0.287154
-0.017872 0.000000 0.113089 0.287154
-0.017872 0.000000 0.114764 0.287154
-0.017872 0.000000 0.116440 0.287154
-0.017872 0.000000 0.118115 0.287154
-0.017872 0.000000 0.119791 0.287154
-0.017872 0.000000 0.121466 0.287154
-0.017872 0.000000 0.123141 0.287154
-0.017872 0.000000 0.124817 0.287154
-0.017872 0.000000 0.126492 0.287154
-0.017872 0.000000 0.128168 0.287154
-0.017872 0.000000 0.129843 0.287154
-0.017872 0.000000 0.131518 0.287154
-0.017872 0.000000 0.133194 0.287154
-0.017872 0.000000 0.134869 0.287154
-0.017872 0.000000 0.136545 0.287154
-0.017872 0.000000 0.138220 0.287154
-0.017872 0.000000 0.139895 0.287154
-0.017872 0.000000 0.141571 0.287154
-0.017872 0.000000 0.143246 0.287154
-0.017872 0.000000 0.144921 0.287154
-0.017872 0.000000 0.146597 0.287154
-0.017872 0.000000 0.148272 0.287154
-0.017872 0.000000 0.149948 0.287154
-0.017872 0.000000 0.151623 0.287154
-0.017872 0.000000 0.153298 0.287154
-0.017872 0.000000 0.154974 0.287154
-0.017872 0.000000 0.156649 0.287154
-0.017872 0.000000 0.158325 0.287154
-0.017872 0.000000 0.160000 0.287154
-0.016170 0.000000 -0.160000 0.360094
-0.016170 0.000000 -0.158325 0.360094
-0.016170 0.000000 -0.156649 0.360094
-0.016170 0.000000 -0.154974 0.360094
-0.016170 0.000000 -0.153298 0.360094
-0.016170 0.000000 -0.151623 0.360094
-0.016170 0.000000 -0.149948 0.360094
-0.016170 0.000000 -0.148272 0.360094
-0.016170 0.000000 -0.146597 0.360094
-0.016170 0.000000 -0.144921 0.360094
-0.016170 0.000000 -0.143246 0.360094
-0.016170 0.000000 -0.141571 0.360094
-0.016170 0.000000 -0.139895 0.360094
-0.016170 0.000000 -0.138220 0.360094
-0.016170 0.000000 -0.136545 0.360094
-0.016170 0.000000 -0.134869 0.360094
-0.016170 0.000000 -0.133194 0.360094
-0.016170 0.000000 -0.131518 0.360094
-0.016170 0.000000 -0.129843 0.360094
-0.016170 0.000000 -0.128168 0.360094
-0.016170 0.000000 -0.126492 0.360094
-0.016170 0.000000 -0.124817 0.360094
-0.016170 0.000000 -0.123141 0.360094
-0.016170 0.000000 -0.121466 0.360094
-0.016170 0.000000 -0.119791 0.360094
-0.016170 0.000000 -0.118115 0.360094
-0.016170 0.000000 -0.116440 0.360094
-0.016170 0.000000 -0.114764 0.360094
-0.016170 0.000000 -0.113089 0.360094
-0.016170 0.000000 -0.111414 0.360094
-0.016170 0.000000 -0.109738 0.360094
-0.016170 0.000000 -0.108063 0.360094
-0.016170 0.000000 -0.106387 0.360094
-0.016170 0.000000 -0.104712 0.360094
-0.016170 0.000000 -0.103037 0.360094
-0.016170 0.000000 -0.101361 0.360094
-0.016170 0.000000 -0.099686 0.360094
-0.016170 0.000000 -0.098010 0.360094
-0.016170 0.000000 -0.096335 0.360094
-0.016170 0.000000 -0.094660 0.360094
-0.016170 0.000000 -0.092984 0.360094
-0.016170 0.000000 -0.091309 0.360094
-0.016170 0.000000 -0.089634 0.360094
-0.016170 0.000000 -0.087958 0.360094
-0.016170 0.000000 -0.086283 0.360094
-0.016170 0.000000 -0.084607 0.360094
-0.016170 0.000000 -0.082932 0.360094
-0.016170 0.000000 -0.081257 0.360094
-0.016170 0.000000 -0.079581 0.360094
-0.016170 0.000000 -0.077906 0.360094
-0.016170 0.000000 -0.076230 0.360094
-0.016170 0.000000 -0.074555 0.360094
-0.016170 0.000000 -0.072880 0.360094
-0.016170 0.000000 -0.071204 0.360094
-0.016170 0.000000 -0.069529 0.360094
-0.016170 0.000000 -0.067853 0.360094
-0.016170 0.000000 -0.066178 0.360094
-0.016170 0.000000 -0.064503 0.360094
-0.016170 0.000000 -0.062827 0.360094
-0.016170 0.000000 -0.061152 0.360094
-0.016170 0.000000 -0.059476 0.360094
-0.016170 0.000000 -0.057801 0.360094
-0.016170 0.000000 -0.056126 0.360094
-0.016170 0.000000 -0.054450 0.360094
-0.016170 0.000000 -0.052775 0.360094
-0.016170 0.000000 -0.051099 0.360094
-0.016170 0.000000 -0.049424 0.360094
-0.016170 0.000000 -0.047749 0.360094
-0.016170 0.000000 -0.046073 0.360094
-0.016170 0.000000 -0.044398 0.360094
-0.016170 0.000000 -0.042723 0.360094
-0.016170 0.000000 -0.041047 0.360094
-0.016170 0.000000 -0.039372 0.360094
-0.016170 0.000000 -0.037696 0.360094
-0.016170 0.000000 -0.036021 0.360094
-0.016170 0.000000 -0.034346 0.360094
-0.016170 0.000000 -0.032670 0.360094
-0.016170 0.000000 -0.030995 0.360094
-0.016170 0.000000 -0.029319 0.360094
-0.016170 0.000000 -0.027644 0.360094
-0.016170 0.000000 -0.025969 0.360094
-0.016170 0.000000 -0.024293 0.360094
-0.016170 0.000000 -0.022618 0.360094
-0.016170 0.000000 -0.020942 0.360094
-0.016170 0.000000 -0.019267 0.360094
-0.016170 0.000000 -0.017592 0.360094
-0.016170 0.000000 -0.015916 0.360094
-0.016170 0.000000 -0.014241 0.360094
-0.016170 0.000000 -0.012565 0.360094
-0.016170 0.000000 -0.010890 0.360094
-0.016170 0.000000 -0.009215 0.360094
-0.016170 0.000000 -0.007539 0.360094
-0.016170 0.000000 -0.005864 0.360094
-0.016170 0.000000 -0.004188 0.360094
-0.016170 0.000000 -0.002513 0.360094
-0.016170 0.000000 -0.000838 0.360094
-0.016170 0.000000 0.000838 0.360094
-0.016170 0.000000 0.002513 0.360094
-0.016170 0.000000 0.004188 0.360094
-0.016170 0.000000 0.005864 0.360094
-0.016170 0.000000 0.007539 0.360094
-0.016170 0.000000 0.009215 0.360094
-0.016170 0.000000 0.010890 0.360094
-0.016170 0.000000 0.012565 0.360094
-0.016170 0.000000 0.014241 0.360094
-0.016170 0.000000 0.015916 0.360094
-0.016170 0.000000 0.017592 0.360094
-0.016170 0.000000 0.019267 0.360094
-0.016170 0.000000 0.020942 0.360094
-0.016170 0.000000 0.022618 0.360094
-0.016170 0.000000 0.024293 0.360094
-0.016170 0.000000 0.025969 0.360094
-0.016170 0.000000 0.027644 0.360094
-0.016170 0.000000 0.029319 0.360094
-0.016170 0.000000 0.030995 0.360094
-0.016170 0.000000 0.032670 0.360094
-0.016170 0.000000 0.034346 0.360094
-0.016170 0.000000 0.036021 0.360094
-0.016170 0.000000 0.037696 0.360094
-0.016170 0.000000 0.039372 0.360094
-0.016170 0.000000 0.041047 0.360094
-0.016170 0.000000 0.042723 0.360094
-0.016170 0.000000 0.044398 0.360094
-0.016170 0.000000 0.046073 0.360094
-0.016170 0.000000 0.047749 0.360094
-0.016170 0.000000 0.049424 0.360094
-0.016170 0.000000 0.051099 0.360094
-0.016170 0.000000 0.052775 0.360094
-0.016170 0.000000 0.054450 0.360094
-0.016170 0.000000 0.056126 0.360094
-0.016170 0.000000 0.057801 0.360094
-0.016170 0.000000 0.059476 0.360094
-0.016170 0.000000 0.061152 0.360094
-0.016170 0.000000 0.062827 0.360094
-0.016170 0.000000 0.064503 0.360094
-0.016170 0.000000 0.066178 0.360094
-0.016170 0.000000 0.067853 0.360094
-0.016170 0.000000 0.069529 0.360094
-0.016170 0.000000 0.071204 0.360094
-0.016170 0.000000 0.072880 0.360094
-0.016170 0.000000 0.074555 0.360094
-0.016170 0.000000 0.076230 0.360094
-0.016170 0.000000 0.077906 0.360094
-0.016170 0.000000 0.079581 0.360094
-0.016170 0.000000 0.081257 0.360094
-0.016170 0.000000 0.082932 0.360094
-0.016170 0.000000 0.084607 0.360094
-0.016170 0.000000 0.086283 0.360094
-0.016170 0.000000 0.087958 0.360094
-0.016170 0.000000 0.089634 0.360094
-0.016170 0.000000 0.091309 0.360094
-0.016170 0.000000 0.092984 0.360094
-0.016170 0.000000 0.094660 0.360094
-0.016170 0.000000 0.096335 0.360094
-0.016170 0.000000 0.098010 0.360094
-0.016170 0.000000 0.099686 0.360094
-0.016170 0.000000 0.101361 0.360094
-0.016170 0.000000 0.103037 0.360094
-0.016170 0.000000 0.104712 0.360094
-0.016170 0.000000 0.106387 0.360094
-0.016170 0.000000 0.108063 0.360094
-0.016170 0.000000 0.109738 0.360094
-0.016170 0.000000 0.111414 0.360094
-0.016170 0.000000 0.113089 0.360094
-0.016170 0.000000 0.114764 0.360094
-0.016170 0.000000 0.116440 0.360094
-0.016170 0.000000 0.118115 0.360094
-0.016170 0.000000 0.119791 0.360094
-0.016170 0.000000 0.121466 0.360094
-0.016170 0.000000 0.123141 0.360094
-0.016170 0.000000 0.124817 0.360094
-0.016170 0.000000 0.126492 0.360094
-0.016170 0.000000 0.128168 0.360094
-0.016170 0.000000 0.129843 0.360094
-0.016170 0.000000 0.131518 0.360094
-0.016170 0.000000 0.133194 0.360094
-0.016170 0.000000 0.134869 0.360094
-0.016170 0.000000 0.136545 0.360094
-0.016170 0.000000 0.138220 0.360094
-0.016170 0.000000 0.139895 0.360094
-0.016170 0.000000 0.141571 0.360094
-0.016170 0.000000 0.143246 0.360094
-0.016170 0.000000 0.144921 0.360094
-0.016170 0.000000 0.146597 0.360094
-0.016170 0.000000 0.148272 0.360094
-0.016170 0.000000 0.149948 0.360094
-0.016170 0.000000 0.151623 0.360094
-0.016170 0.000000 0.153298 0.360094
-0.016170 0.000000 0.154974 0.360094
-0.016170 0.000000 0.156649 0.360094
-0.016170 0.000000 0.158325 0.360094
-0.016170 0.000000 0.160000 0.360094
-0.014468 0.000000 -0.160000 0.441456
-0.014468 0.000000 -0.158325 0.441456
-0.014468 0.000000 -0.156649 0.441456
-0.014468 0.000000 -0.154974 0.441456
-0.014468 0.000000 -0.153298 0.441456
-0.014468 0.000000 -0.151623 0.441456
-0.014468 0.000000 -0.149948 0.441456
-0.014468 0.000000 -0.148272 0.441456
-0.014468 0.000000 -0.146597 0.441456
-0.014468 0.000000 -0.144921 0.441456
-0.014468 0.000000 -0.143246 0.441456
-0.014468 0.000000 -0.141571 0.441456
-0.014468 0.000000 -0.139895 0.441456
-0.014468 0.000000 -0.138220 0.441456
-0.014468 0.000000 -0.136545 0.441456
-0.014468 0.000000 -0.134869 0.441456
-0.014468 0.000000 -0.133194 0.441456
-0.014468 0.000000 -0.131518 0.441456
-0.014468 0.000000 -0.129843 0.441456
-0.014468 0.000000 -0.128168 0.441456
-0.014468 0.000000 -0.126492 0.441456
-0.014468 0.000000 -0.124817 0.441456
-0.014468 0.000000 -0.123141 0.441456
-0.014468 0.000000 -0.121466 0.441456
-0.014468 0.000000 -0.119791 0.441456
-0.014468 0.000000 -0.118115 0.441456
-0.014468 0.000000 -0.116440 0.441456
-0.014468 0.000000 -0.114764 0.441456
-0.014468 0.000000 -0.113089 0.441456
-0.014468 0.000000 -0.111414 0.441456
-0.014468 0.000000 -0.109738 0.441456
-0.014468 0.000000 -0.108063 0.441456
-0.014468 0.000000 -0.106387 0.441456
-0.014468 0.000000 -0.104712 0.441456
-0.014468 0.000000 -0.103037 0.441456
-0.014468 0.000000 -0.101361 0.441456
-0.014468 0.000000 -0.099686 0.441456
-0.014468 0.000000 -0.098010 0.441456
-0.014468 0.000000 -0.096335 0.441456
-0.014468 0.000000 -0.094660 0.441456
-0.014468 0.000000 -0.092984 0.441456
-0.014468 0.000000 -0.091309 0.441456
-0.014468 0.000000 -0.089634 0.441456
-0.014468 0.000000 -0.087958 0.441456
-0.014468 0.000000 -0.086283 0.441456
-0.014468 0.000000 -0.084607 0.441456
-0.014468 0.000000 -0.082932 0.441456
-0.014468 0.000000 -0.081257 0.441456
-0.014468 0.000000 -0.079581 0.441456
-0.014468 0.000000 -0.077906 0.441456
-0.014468 0.000000 -0.076230 0.441456
-0.014468 0.000000 -0.074555 0.441456
-0.014468 0.000000 -0.072880 0.441456
-0.014468 0.000000 -0.071204 0.441456
-0.014468 0.000000 -0.069529 0.441456
-0.014468 0.000000 -0.067853 0.441456
-0.014468 0.000000 -0.066178 0.441456
-0.014468 0.000000 -0.064503 0.441456
-0.014468 0.000000 -0.062827 0.441456
-0.014468 0.000000 -0.061152 0.441456
-0.014468 0.000000 -0.059476 0.441456
-0.014468 0.000000 -0.057801 0.441456
-0.014468 0.000000 -0.056126 0.441456
-0.014468 0.000000 -0.054450 0.441456
-0.014468 0.000000 -0.052775 0.441456
-0.014468 0.000000 -0.051099 0.441456
-0.014468 0.000000 -0.049424 0.441456
-0.014468 0.000000 -0.047749 0.441456
-0.014468 0.000000 -0.046073 0.441456
-0.014468 0.000000 -0.044398 0.441456
-0.014468 0.000000 -0.042723 0.441456
-0.014468 0.000000 -0.041047 0.441456
-0.014468 0.000000 -0.039372 0.441456
-0.014468 0.000000 -0.037696 0.441456
-0.014468 0.000000 -0.036021 0.441456
-0.014468 0.000000 -0.034346 0.441456
-0.014468 0.000000 -0.032670 0.441456
-0.014468 0.000000 -0.030995 0.441456
-0.014468 0.000000 -0.029319 0.441456
-0.014468 0.000000 -0.027644 0.441456
-0.014468 0.000000 -0.025969 0.441456
-0.014468 0.000000 -0.024293 0.441456
-0.014468 0.000000 -0.022618 0.441456
-0.014468 0.000000 -0.020942 0.441456
-0.014468 0.000000 -0.019267 0.441456
-0.014468 0.000000 -0.017592 0.441456
-0.014468 0.000000 -0.015916 0.441456
-0.014468 0.000000 -0.014241 0.441456
-0.014468 0.000000 -0.012565 0.441456
-0.014468 0.000000 -0.010890 0.441456
-0.014468 0.000000 -0.009215 0.441456
-0.014468 0.000000 -0.007539 0.441456
-0.014468 0.000000 -0.005864 0.441456
-0.014468 0.000000 -0.004188 0.441456
-0.014468 0.000000 -0.002513 0.441456
-0.014468 0.000000 -0.000838 0.441456
-0.014468 0.000000 0.000838 0.441456
-0.014468 0.000000 0.002513 0.441456
-0.014468 0.000000 0.004188 0.441456
-0.014468 0.000000 0.005864 0.441456
-0.014468 0.000000 0.007539 0.441456
-0.014468 0.000000 0.009215 0.441456
-0.014468 0.000000 0.010890 0.441456
-0.014468 0.000000 0.012565 0.441456
-0.014468 0.000000 0.014241 0.441456
-0.014468 0.000000 0.015916 0.441456
-0.014468 0.000000 0.017592 0.441456
-0.014468 0.000000 0.019267 0.441456
-0.014468 0.000000 0.020942 0.441456
-0.014468 0.000000 0.022618 0.441456
-0.014468 0.000000 0.024293 0.441456
-0.014468 0.000000 0.025969 0.441456
-0.014468 0.000000 0.027644 0.441456
-0.014468 0.000000 0.029319 0.441456
-0.014468 0.000000 0.030995 0.441456
-0.014468 0.000000 0.032670 0.441456
-0.014468 0.000000 0.034346 0.441456
-0.014468 0.000000 0.036021 0.441456
-0.014468 0.000000 0.037696 0.441456
-0.014468 0.000000 0.039372 0.441456
-0.014468 0.000000 0.041047 0.441456
-0.014468 0.000000 0.042723 0.441456
-0.014468 0.000000 0.044398 0.441456
-0.014468 0.000000 0.046073 0.441456
-0.014468 0.000000 0.047749 0.441456
-0.014468 0.000000 0.049424 0.441456
-0.014468 0.000000 0.051099 0.441456
-0.014468 0.000000 0.052775 0.441456
-0.014468 0.000000 0.054450 0.441456
-0.014468 0.000000 0.056126 0.441456
-0.014468 0.000000 0.057801 0.441456
-0.014468 0.000000 0.059476 0.441456
-0.014468 0.000000 0.061152 0.441456
-0.014468 0.000000 0.062827 0.441456
-0.014468 0.000000 0.064503 0.441456
-0.014468 0.000000 0.066178 0.441456
-0.014468 0.000000 0.067853 0.441456
-0.014468 0.000000 0.069529 0.441456
-0.014468 0.000000 0.071204 0.441456
-0.014468 0.000000 0.072880 0.441456
-0.014468 0.000000 0.074555 0.441456
-0.014468 0.000000 0.076230 0.441456
-0.014468 0.000000 0.077906 0.441456
-0.014468 0.000000 0.079581 0.441456
-0.014468 0.000000 0.081257 0.441456
-0.014468 0.000000 0.082932 0.441456
-0.014468 0.000000 0.084607 0.441456
-0.014468 0.000000 0.086283 0.441456
-0.014468 0.000000 0.087958 0.441456
-0.014468 0.000000 0.089634 0.441456
-0.014468 0.000000 0.091309 0.441456
-0.014468 0.000000 0.092984 0.441456
-0.014468 0.000000 0.094660 0.441456
-0.014468 0.000000 0.096335 0.441456
-0.014468 0.000000 0.098010 0.441456
-0.014468 0.000000 0.099686 0.441456
-0.014468 0.000000 0.101361 0.441456
-0.014468 0.000000 0.103037 0.441456
-0.014468 0.000000 0.104712 0.441456
-0.014468 0.000000 0.106387 0.441456
-0.014468 0.000000 0.108063 0.441456
-0.014468 0.000000 0.109738 0.441456
-0.014468 0.000000 0.111414 0.441456
-0.014468 0.000000 0.113089 0.441456
-0.014468 0.000000 0.114764 0.441456
-0.014468 0.000000 0.116440 0.441456
-0.014468 0.000000 0.118115 0.441456
-0.014468 0.000000 0.119791 0.441456
-0.014468 0.000000 0.121466 0.441456
-0.014468 0.000000 0.123141 0.441456
-0.014468 0.000000 0.124817 0.441456
-0.014468 0.000000 0.126492 0.441456
-0.014468 0.000000 0.128168 0.441456
-0.014468 0.000000 0.129843 0.441456
-0.014468 0.000000 0.131518 0.441456
-0.014468 0.000000 0.133194 0.441456
-0.014468 0.000000 0.134869 0.441456
-0.014468 0.000000 0.136545 0.441456
-0.014468 0.000000 0.138220 0.441456
-0.014468 0.000000 0.139895 0.441456
-0.014468 0.000000 0.141571 0.441456
-0.014468 0.000000 0.143246 0.441456
-0.014468 0.000000 0.144921 0.441456
-0.014468 0.000000 0.146597 0.441456
-0.014468 0.000000 0.148272 0.441456
-0.014468 0.000000 0.149948 0.441456
-0.014468 0.000000 0.151623 0.441456
-0.014468 0.000000 0.153298 0.441456
-0.014468 0.000000 0.154974 0.441456
-0.014468 0.000000 0.156649 0.441456
-0.014468 0.000000 0.158325 0.441456
-0.014468 0.000000 0.160000 0.441456
-0.012766 0.000000 -0.160000 0.529088
-0.012766 0.000000 -0.158325 0.529088
-0.012766 0.000000 -0.156649 0.529088
-0.012766 0.000000 -0.154974 0.529088
-0.012766 0.000000 -0.153298 0.529088
-0.012766 0.000000 -0.151623 0.529088
-0.012766 0.000000 -0.149948 0.529088
-0.012766 0.000000 -0.148272 0.529088
-0.012766 0.000000 -0.146597 0.529088
-0.012766 0.000000 -0.144921 0.529088
-0.012766 0.000000 -0.143246 0.529088
-0.012766 0.000000 -0.141571 0.529088
-0.012766 0.000000 -0.139895 0.529088
-0.012766 0.000000 -0.138220 0.529088
-0.012766 0.000000 -0.136545 0.529088
-0.012766 0.000000 -0.134869 0.529088
-0.012766 0.000000 -0.133194 0.529088
-0.012766 0.000000 -0.131518 0.529088
-0.012766 0.000000 -0.129843 0.529088
-0.012766 0.000000 -0.128168 0.529088
-0.012766 0.000000 -0.126492 0.529088
-0.012766 0.000000 -0.124817 0.529088
-0.012766 0.000000 -0.123141 0.529088
-0.012766 0.000000 -0.121466 0.529088
-0.012766 0.000000 -0.119791 0.529088
-0.012766 0.000000 -0.118115 0.529088
-0.012766 0.000000 -0.116440 0.529088
-0.012766 0.000000 -0.114764 0.529088
-0.012766 0.000000 -0.113089 0.529088
-0.012766 0.000000 -0.111414 0.529088
-0.012766 0.000000 -0.109738 0.529088
-0.012766 0.000000 -0.108063 0.529088
-0.012766 0.000000 -0.106387 0.529088
-0.012766 0.000000 -0.104712 0.529088
-0.012766 0.000000 -0.103037 0.529088
-0.012766 0.000000 -0.101361 0.529088
-0.012766 0.000000 -0.099686 0.529088
-0.012766 0.000000 -0.098010 0.529088
-0.012766 0.000000 -0.096335 0.529088
-0.012766 0.000000 -0.094660 0.529088
-0.012766 0.000000 -0.092984 0.529088
-0.012766 0.000000 -0.091309 0.529088
-0.012766 0.000000 -0.089634 0.529088
-0.012766 0.000000 -0.087958 0.529088
-0.012766 0.000000 -0.086283 0.529088
-0.012766 0.000000 -0.084607 0.529088
-0.012766 0.000000 -0.082932 0.529088
-0.012766 0.000000 -0.081257 0.529088
-0.012766 0.000000 -0.079581 0.529088
-0.012766 0.000000 -0.077906 0.529088
-0.012766 0.000000 -0.076230 0.529088
-0.012766 0.000000 -0.074555 0.529088
-0.012766 0.000000 -0.072880 0.529088
-0.012766 0.000000 -0.071204 0.529088
-0.012766 0.000000 -0.069529 0.529088
-0.012766 0.000000 -0.067853 0.529088
-0.012766 0.000000 -0.066178 0.529088
-0.012766 0.000000 -0.064503 0.529088
-0.012766 0.000000 -0.062827 0.529088
-0.012766 0.000000 -0.061152 0.529088
-0.012766 0.000000 -0.059476 0.529088
-0.012766 0.000000 -0.057801 0.529088
-0.012766 0.000000 -0.056126 0.529088
-0.012766 0.000000 -0.054450 0.529088
-0.012766 0.000000 -0.052775 0.529088
-0.012766 0.000000 -0.051099 0.529088
-0.012766 0.000000 -0.049424 0.529088
-0.012766 0.000000 -0.047749 0.529088
-0.012766 0.000000 -0.046073 0.529088
-0.012766 0.000000 -0.044398 0.529088
-0.012766 0.000000 -0.042723 0.529088
-0.012766 0.000000 -0.041047 0.529088
-0.012766 0.000000 -0.039372 0.529088
-0.012766 0.000000 -0.037696 0.529088
-0.012766 0.000000 -0.036021 0.529088
-0.012766 0.000000 -0.034346 0.529088
-0.012766 0.000000 -0.032670 0.529088
-0.012766 0.000000 -0.030995 0.529088
-0.012766 0.000000 -0.029319 0.529088
-0.012766 0.000000 -0.027644 0.529088
-0.012766 0.000000 -0.025969 0.529088
-0.012766 0.000000 -0.024293 0.529088
-0.012766 0.000000 -0.022618 0.529088
-0.012766 0.000000 -0.020942 0.529088
-0.012766 0.000000 -0.019267 0.529088
-0.012766 0.000000 -0.017592 0.529088
-0.012766 0.000000 -0.015916 0.529088
-0.012766 0.000000 -0.014241 0.529088
-0.012766 0.000000 -0.012565 0.529088
-0.012766 0.000000 -0.010890 0.529088
-0.012766 0.000000 -0.009215 0.529088
-0.012766 0.000000 -0.007539 0.529088
-0.012766 0.000000 -0.005864 0.529088
-0.012766 0.000000 -0.004188 0.529088
-0.012766 0.000000 -0.002513 0.529088
-0.012766 0.000000 -0.000838 0.529088
-0.012766 0.000000 0.000838 0.529088
-0.012766 0.000000 0.002513 0.529088
-0.012766 0.000000 0.004188 0.529088
-0.012766 0.000000 0.005864 0.529088
-0.012766 0.000000 0.007539 0.529088
-0.012766 0.000000 0.009215 0.529088
-0.012766 0.000000 0.010890 0.529088
-0.012766 0.000000 0.012565 0.529088
-0.012766 0.000000 0.014241 0.529088
-0.012766 0.000000 0.015916 0.529088
-0.012766 0.000000 0.017592 0.529088
-0.012766 0.000000 0.019267 0.529088
-0.012766 0.000000 0.020942 0.529088
-0.012766 0.000000 0.022618 0.529088
-0.012766 0.000000 0.024293 0.529088
-0.012766 0.000000 0.025969 0.529088
-0.012766 0.000000 0.027644 0.529088
-0.012766 0.000000 0.029319 0.529088
-0.012766 0.000000 0.030995 0.529088
-0.012766 0.000000 0.032670 0.529088
-0.012766 0.000000 0.034346 0.529088
-0.012766 0.000000 0.036021 0.529088
-0.012766 0.000000 0.037696 0.529088
-0.012766 0.000000 0.039372 0.529088
-0.012766 0.000000 0.041047 0.529088
-0.012766 0.000000 0.042723 0.529088
-0.012766 0.000000 0.044398 0.529088
-0.012766 0.000000 0.046073 0.529088
-0.012766 0.000000 0.047749 0.529088
-0.012766 0.000000 0.049424 0.529088
-0.012766 0.000000 0.051099 0.529088
-0.012766 0.000000 0.052775 0.529088
-0.012766 0.000000 0.054450 0.529088
-0.012766 0.000000 0.056126 0.529088
-0.012766 0.000000 0.057801 0.529088
-0.012766 0.000000 0.059476 0.529088
-0.012766 0.000000 0.061152 0.529088
-0.012766 0.000000 0.062827 0.529088
-0.012766 0.000000 0.064503 0.529088
-0.012766 0.000000 0.066178 0.529088
-0.012766 0.000000 0.067853 0.529088
-0.012766 0.000000 0.069529 0.529088
-0.012766 0.000000 0.071204 0.529088
-0.012766 0.000000 0.072880 0.529088
-0.012766 0.000000 0.074555 0.529088
-0.012766 0.000000 0.076230 0.529088
-0.012766 0.000000 0.077906 0.529088
-0.012766 0.000000 0.079581 0.529088
-0.012766 0.000000 0.081257 0.529088
-0.012766 0.000000 0.082932 0.529088
-0.012766 0.000000 0.084607 0.529088
-0.012766 0.000000 0.086283 0.529088
-0.012766 0.000000 0.087958 0.529088
-0.012766 0.000000 0.089634 0.529088
-0.012766 0.000000 0.091309 0.529088
-0.012766 0.000000 0.092984 0.529088
-0.012766 0.000000 0.094660 0.529088
-0.012766 0.000000 0.096335 0.529088
-0.012766 0.000000 0.098010 0.529088
-0.012766 0.000000 0.099686 0.529088
-0.012766 0.000000 0.101361 0.529088
-0.012766 0.000000 0.103037 0.529088
-0.012766 0.000000 0.104712 0.529088
-0.012766 0.000000 0.106387 0.529088
-0.012766 0.000000 0.108063 0.529088
-0.012766 0.000000 0.109738 0.529088
-0.012766 0.000000 0.111414 0.529088
-0.012766 0.000000 0.113089 0.529088
-0.012766 0.000000 0.114764 0.529088
-0.012766 0.000000 0.116440 0.529088
-0.012766 0.000000 0.118115 0.529088
-0.012766 0.000000 0.119791 0.529088
-0.012766 0.000000 0.121466 0.529088
-0.012766 0.000000 0.123141 0.529088
-0.012766 0.000000 0.124817 0.529088
-0.012766 0.000000 0.126492 0.529088
-0.012766 0.000000 0.128168 0.529088
-0.012766 0.000000 0.129843 0.529088
-0.012766 0.000000 0.131518 0.529088
-0.012766 0.000000 0.133194 0.529088
-0.012766 0.000000 0.134869 0.529088
-0.012766 0.000000 0.136545 0.529088
-0.012766 0.000000 0.138220 0.529088
-0.012766 0.000000 0.139895 0.529088
-0.012766 0.000000 0.141571 0.529088
-0.012766 0.000000 0.143246 0.529088
-0.012766 0.000000 0.144921 0.529088
-0.012766 0.000000 0.146597 0.529088
-0.012766 0.000000 0.148272 0.529088
-0.012766 0.000000 0.149948 0.529088
-0.012766 0.000000 0.151623 0.529088
-0.012766 0.000000 0.153298 0.529088
-0.012766 0.000000 0.154974 0.529088
-0.012766 0.000000 0.156649 0.529088
-0.012766 0.000000 0.158325 0.529088
-0.012766 0.000000 0.160000 0.529088
-0.011064 0.000000 -0.160000 0.619925
-0.011064 0.000000 -0.158325 0.619925
-0.011064 0.000000 -0.156649 0.619925
-0.011064 0.000000 -0.154974 0.619925
-0.011064 0.000000 -0.153298 0.619925
-0.011064 0.000000 -0.151623 0.619925
-0.011064 0.000000 -0.149948 0.619925
-0.011064 0.000000 -0.148272 0.619925
-0.011064 0.000000 -0.146597 0.619925
-0.011064 0.000000 -0.144921 0.619925
-0.011064 0.000000 -0.143246 0.619925
-0.011064 0.000000 -0.141571 0.619925
-0.011064 0.000000 -0.139895 0.619925
-0.011064 0.000000 -0.138220 0.619925
-0.011064 0.000000 -0.136545 0.619925
-0.011064 0.000000 -0.134869 0.619925
-0.011064 0.000000 -0.133194 0.619925
-0.011064 0.000000 -0.131518 0.619925
-0.011064 0.000000 -0.129843 0.619925
-0.011064 0.000000 -0.128168 0.619925
-0.011064 0.000000 -0.126492 0.619925
-0.011064 0.000000 -0.124817 0.619925
-0.011064 0.000000 -0.123141 0.619925
-0.011064 0.000000 -0.121466 0.619925
-0.011064 0.000000 -0.119791 0.619925
-0.011064 0.000000 -0.118115 0.619925
-0.011064 0.000000 -0.116440 0.619925
-0.011064 0.000000 -0.114764 0.619925
-0.011064 0.000000 -0.113089 0.619925
-0.011064 0.000000 -0.111414 0.619925
-0.011064 0.000000 -0.109738 0.619925
-0.011064 0.000000 -0.108063 0.619925
-0.011064 0.000000 -0.106387 0.619925
-0.011064 0.000000 -0.104712 0.619925
-0.011064 0.000000 -0.103037 0.619925
-0.011064 0.000000 -0.101361 0.619925
-0.011064 0.000000 -0.099686 0.619925
-0.011064 0.000000 -0.098010 0.619925
-0.011064 0.000000 -0.096335 0.619925
-0.011064 0.000000 -0.094660 0.619925
-0.011064 0.000000 -0.092984 0.619925
-0.011064 0.000000 -0.091309 0.619925
-0.011064 0.000000 -0.089634 0.619925
-0.011064 0.000000 -0.087958 0.619925
-0.011064 0.000000 -0.086283 0.619925
-0.011064 0.000000 -0.084607 0.619925
-0.011064 0.000000 -0.082932 0.619925
-0.011064 0.000000 -0.081257 0.619925
-0.011064 0.000000 -0.079581 0.619925
-0.011064 0.000000 -0.077906 0.619925
-0.011064 0.000000 -0.076230 0.619925
-0.011064 0.000000 -0.074555 0.619925
-0.011064 0.000000 -0.072880 0.619925
-0.011064 0.000000 -0.071204 0.619925
-0.011064 0.000000 -0.069529 0.619925
-0.011064 0.000000 -0.067853 0.619925
-0.011064 0.000000 -0.066178 0.619925
-0.011064 0.000000 -0.064503 0.619925
-0.011064 0.000000 -0.062827 0.619925
-0.011064 0.000000 -0.061152 0.619925
-0.011064 0.000000 -0.059476 0.619925
-0.011064 0.000000 -0.057801 0.619925
-0.011064 0.000000 -0.056126 0.619925
-0.011064 0.000000 -0.054450 0.619925
-0.011064 0.000000 -0.052775 0.619925
-0.011064 0.000000 -0.051099 0.619925
-0.011064 0.000000 -0.049424 0.619925
-0.011064 0.000000 -0.047749 0.619925
-0.011064 0.000000 -0.046073 0.619925
-0.011064 0.000000 -0.044398 0.619925
-0.011064 0.000000 -0.042723 0.619925
-0.011064 0.000000 -0.041047 0.619925
-0.011064 0.000000 -0.039372 0.619925
-0.011064 0.000000 -0.037696 0.619925
-0.011064 0.000000 -0.036021 0.619925
-0.011064 0.000000 -0.034346 0.619925
-0.011064 0.000000 -0.032670 0.619925
-0.011064 0.000000 -0.030995 0.619925
-0.011064 0.000000 -0.029319 0.619925
-0.011064 0.000000 -0.027644 0.619925
-0.011064 0.000000 -0.025969 0.619925
-0.011064 0.000000 -0.024293 0.619925
-0.011064 0.000000 -0.022618 0.619925
-0.011064 0.000000 -0.020942 0.619925
-0.011064 0.000000 -0.019267 0.619925
-0.011064 0.000000 -0.017592 0.619925
-0.011064 0.000000 -0.015916 0.619925
-0.011064 0.000000 -0.014241 0.619925
-0.011064 0.000000 -0.012565 0.619925
-0.011064 0.000000 -0.010890 0.619925
-0.011064 0.000000 -0.009215 0.619925
-0.011064 0.000000 -0.007539 0.619925
-0.011064 0.000000 -0.005864 0.619925
-0.011064 0.000000 -0.004188 0.619925
-0.011064 0.000000 -0.002513 0.619925
-0.011064 0.000000 -0.000838 0.619925
-0.011064 0.000000 0.000838 0.619925
-0.011064 0.000000 0.002513 0.619925
-0.011064 0.000000 0.004188 0.619925
-0.011064 0.000000 0.005864 0.619925
-0.011064 0.000000 0.007539 0.619925
-0.011064 0.000000 0.009215 0.619925
-0.011064 0.000000 0.010890 0.619925
-0.011064 0.000000 0.012565 0.619925
-0.011064 0.000000 0.014241 0.619925
-0.011064 0.000000 0.015916 0.619925
-0.011064 0.000000 0.017592 0.619925
-0.011064 0.000000 0.019267 0.619925
-0.011064 0.000000 0.020942 0.619925
-0.011064 0.000000 0.022618 0.619925
-0.011064 0.000000 0.024293 0.619925
-0.011064 0.000000 0.025969 0.619925
-0.011064 0.000000 0.027644 0.619925
-0.011064 0.000000 0.029319 0.619925
-0.011064 0.000000 0.030995 0.619925
-0.011064 0.000000 0.032670 0.619925
-0.011064 0.000000 0.034346 0.619925
-0.011064 0.000000 0.036021 0.619925
-0.011064 0.000000 0.037696 0.619925
-0.011064 0.000000 0.039372 0.619925
-0.011064 0.000000 0.041047 0.619925
-0.011064 0.000000 0.042723 0.619925
-0.011064 0.000000 0.044398 0.619925
-0.011064 0.000000 0.046073 0.619925
-0.011064 0.000000 0.047749 0.619925
-0.011064 0.000000 0.049424 0.619925
-0.011064 0.000000 0.051099 0.619925
-0.011064 0.000000 0.052775 0.619925
-0.011064 0.000000 0.054450 0.619925
-0.011064 0.000000 0.056126 0.619925
-0.011064 0.000000 0.057801 0.619925
-0.011064 0.000000 0.059476 0.619925
-0.011064 0.000000 0.061152 0.619925
-0.011064 0.000000 0.062827 0.619925
-0.011064 0.000000 0.064503 0.619925
-0.011064 0.000000 0.066178 0.619925
-0.011064 0.000000 0.067853 0.619925
-0.011064 0.000000 0.069529 0.619925
-0.011064 0.000000 0.071204 0.619925
-0.011064 0.000000 0.072880 0.619925
-0.011064 0.000000 0.074555 0.619925
-0.011064 0.000000 0.076230 0.619925
-0.011064 0.000000 0.077906 0.619925
-0.011064 0.000000 0.079581 0.619925
-0.011064 0.000000 0.081257 0.619925
-0.011064 0.000000 0.082932 0.619925
-0.011064 0.000000 0.084607 0.619925
-0.011064 0.000000 0.086283 0.619925
-0.011064 0.000000 0.087958 0.619925
-0.011064 0.000000 0.089634 0.619925
-0.011064 0.000000 0.091309 0.619925
-0.011064 0.000000 0.092984 0.619925
-0.011064 0.000000 0.094660 0.619925
-0.011064 0.000000 0.096335 0.619925
-0.011064 0.000000 0.098010 0.619925
-0.011064 0.000000 0.099686 0.619925
-0.011064 0.000000 0.101361 0.619925
-0.011064 0.000000 0.103037 0.619925
-0.011064 0.000000 0.104712 0.619925
-0.011064 0.000000 0.106387 0.619925
-0.011064 0.000000 0.108063 0.619925
-0.011064 0.000000 0.109738 0.619925
-0.011064 0.000000 0.111414 0.619925
-0.011064 0.000000 0.113089 0.619925
-0.011064 0.000000 0.114764 0.619925
-0.011064 0.000000 0.116440 0.619925
-0.011064 0.000000 0.118115 0.619925
-0.011064 0.000000 0.119791 0.619925
-0.011064 0.000000 0.121466 0.619925
-0.011064 0.000000 0.123141 0.619925
-0.011064 0.000000 0.124817 0.619925
-0.011064 0.000000 0.126492 0.619925
-0.011064 0.000000 0.128168 0.619925
-0.011064 0.000000 0.129843 0.619925
-0.011064 0.000000 0.131518 0.619925
-0.011064 0.000000 0.133194 0.619925
-0.011064 0.000000 0.134869 0.619925
-0.011064 0.000000 0.136545 0.619925
-0.011064 0.000000 0.138220 0.619925
-0.011064 0.000000 0.139895 0.619925
-0.011064 0.000000 0.141571 0.619925
-0.011064 0.000000 0.143246 0.619925
-0.011064 0.000000 0.144921 0.619925
-0.011064 0.000000 0.146597 0.619925
-0.011064 0.000000 0.148272 0.619925
-0.011064 0.000000 0.149948 0.619925
-0.011064 0.000000 0.151623 0.619925
-0.011064 0.000000 0.153298 0.619925
-0.011064 0.000000 0.154974 0.619925
-0.011064 0.000000 0.156649 0.619925
-0.011064 0.000000 0.158325 0.619925
-0.011064 0.000000 0.160000 0.619925
-0.009362 0.000000 -0.160000 0.710100
-0.009362 0.000000 -0.158325 0.710100
-0.009362 0.000000 -0.156649 0.710100
-0.009362 0.000000 -0.154974 0.710100
-0.009362 0.000000 -0.153298 0.710100
-0.009362 0.000000 -0.151623 0.710100
-0.009362 0.000000 -0.149948 0.710100
-0.009362 0.000000 -0.148272 0.710100
-0.009362 0.000000 -0.146597 0.710100
-0.009362 0.000000 -0.144921 0.710100
-0.009362 0.000000 -0.143246 0.710100
-0.009362 0.000000 -0.141571 0.710100
-0.009362 0.000000 -0.139895 0.710100
-0.009362 0.000000 -0.138220 0.710100
-0.009362 0.000000 -0.136545 0.710100
-0.009362 0.000000 -0.134869 0.710100
-0.009362 0.000000 -0.133194 0.710100
-0.009362 0.000000 -0.131518 0.710100
-0.009362 0.000000 -0.129843 0.710100
-0.009362 0.000000 -0.128168 0.710100
-0.009362 0.000000 -0.126492 0.710100
-0.009362 0.000000 -0.124817 0.710100
-0.009362 0.000000 -0.123141 0.710100
-0.009362 0.000000 -0.121466 0.710100
-0.009362 0.000000 -0.119791 0.710100
-0.009362 0.000000 -0.118115 0.710100
-0.009362 0.000000 -0.116440 0.710100
-0.009362 0.000000 -0.114764 0.710100
-0.009362 0.000000 -0.113089 0.710100
-0.009362 0.000000 -0.111414 0.710100
-0.009362 0.000000 -0.109738 0.710100
-0.009362 0.000000 -0.108063 0.710100
-0.009362 0.000000 -0.106387 0.710100
-0.009362 0.000000 -0.104712 0.710100
-0.009362 0.000000 -0.103037 0.710100
-0.009362 0.000000 -0.101361 0.710100
-0.009362 0.000000 -0.099686 0.710100
-0.009362 0.000000 -0.098010 0.710100
-0.009362 0.000000 -0.096335 0.710100
-0.009362 0.000000 -0.094660 0.710100
-0.009362 0.000000 -0.092984 0.710100
-0.009362 0.000000 -0.091309 0.710100
-0.009362 0.000000 -0.089634 0.710100
-0.009362 0.000000 -0.087958 0.710100
-0.009362 0.000000 -0.086283 0.710100
-0.009362 0.000000 -0.084607 0.710100
-0.009362 0.000000 -0.082932 0.710100
-0.009362 0.000000 -0.081257 0.710100
-0.009362 0.000000 -0.079581 0.710100
-0.009362 0.000000 -0.077906 0.710100
-0.009362 0.000000 -0.076230 0.710100
-0.009362 0.000000 -0.074555 0.710100
-0.009362 0.000000 -0.072880 0.710100
-0.009362 0.000000 -0.071204 0.710100
-0.009362 0.000000 -0.069529 0.710100
-0.009362 0.000000 -0.067853 0.710100
-0.009362 0.000000 -0.066178 0.710100
-0.009362 0.000000 -0.064503 0.710100
-0.009362 0.000000 -0.062827 0.710100
-0.009362 0.000000 -0.061152 0.710100
-0.009362 0.000000 -0.059476 0.710100
-0.009362 0.000000 -0.057801 0.710100
-0.009362 0.000000 -0.056126 0.710100
-0.009362 0.000000 -0.054450 0.710100
-0.009362 0.000000 -0.052775 0.710100
-0.009362 0.000000 -0.051099 0.710100
-0.009362 0.000000 -0.049424 0.710100
-0.009362 0.000000 -0.047749 0.710100
-0.009362 0.000000 -0.046073 0.710100
-0.009362 0.000000 -0.044398 0.710100
-0.009362 0.000000 -0.042723 0.710100
-0.009362 0.000000 -0.041047 0.710100
-0.009362 0.000000 -0.039372 0.710100
-0.009362 0.000000 -0.037696 0.710100
-0.009362 0.000000 -0.036021 0.710100
-0.009362 0.000000 -0.034346 0.710100
-0.009362 0.000000 -0.032670 0.710100
-0.009362 0.000000 -0.030995 0.710100
-0.009362 0.000000 -0.029319 0.710100
-0.009362 0.000000 -0.027644 0.710100
-0.009362 0.000000 -0.025969 0.710100
-0.009362 0.000000 -0.024293 0.710100
-0.009362 0.000000 -0.022618 0.710100
-0.009362 0.000000 -0.020942 0.710100
-0.009362 0.000000 -0.019267 0.710100
-0.009362 0.000000 -0.017592 0.710100
-0.009362 0.000000 -0.015916 0.710100
-0.009362 0.000000 -0.014241 0.710100
-0.009362 0.000000 -0.012565 0.710100
-0.009362 0.000000 -0.010890 0.710100
-0.009362 0.000000 -0.009215 0.710100
-0.009362 0.000000 -0.007539 0.710100
-0.009362 0.000000 -0.005864 0.710100
-0.009362 0.000000 -0.004188 0.710100
-0.009362 0.000000 -0.002513 0.710100
-0.009362 0.000000 -0.000838 0.710100
-0.009362 0.000000 0.000838 0.710100
-0.009362 0.000000 0.002513 0.710100
-0.009362 0.000000 0.004188 0.710100
-0.009362 0.000000 0.005864 0.710100
-0.009362 0.000000 0.007539 0.710100
-0.009362 0.000000 0.009215 0.710100
-0.009362 0.000000 0.010890 0.710100
-0.009362 0.000000 0.012565 0.710100
-0.009362 0.000000 0.014241 0.710100
-0.009362 0.000000 0.015916 0.710100
-0.009362 0.000000 0.017592 0.710100
-0.009362 0.000000 0.019267 0.710100
-0.009362 0.000000 0.020942 0.710100
-0.009362 0.000000 0.022618 0.710100
-0.009362 0.000000 0.024293 0.710100
-0.009362 0.000000 0.025969 0.710100
-0.009362 0.000000 0.027644 0.710100
-0.009362 0.000000 0.029319 0.710100
-0.009362 0.000000 0.030995 0.710100
-0.009362 0.000000 0.032670 0.710100
-0.009362 0.000000 0.034346 0.710100
-0.009362 0.000000 0.036021 0.710100
-0.009362 0.000000 0.037696 0.710100
-0.009362 0.000000 0.039372 0.710100
-0.009362 0.000000 0.041047 0.710100
-0.009362 0.000000 0.042723 0.710100
-0.009362 0.000000 0.044398 0.710100
-0.009362 0.000000 0.046073 0.710100
-0.009362 0.000000 0.047749 0.710100
-0.009362 0.000000 0.049424 0.710100
-0.009362 0.000000 0.051099 0.710100
-0.009362 0.000000 0.052775 0.710100
-0.009362 0.000000 0.054450 0.710100
-0.009362 0.000000 0.056126 0.710100
-0.009362 0.000000 0.057801 0.710100
-0.009362 0.000000 0.059476 0.710100
-0.009362 0.000000 0.061152 0.710100
-0.009362 0.000000 0.062827 0.710100
-0.009362 0.000000 0.064503 0.710100
-0.009362 0.000000 0.066178 0.710100
-0.009362 0.000000 0.067853 0.710100
-0.009362 0.000000 0.069529 0.710100
-0.009362 0.000000 0.071204 0.710100
-0.009362 0.000000 0.072880 0.710100
-0.009362 0.000000 0.074555 0.710100
-0.009362 0.000000 0.076230 0.710100
-0.009362 0.000000 0.077906 0.710100
-0.009362 0.000000 0.079581 0.710100
-0.009362 0.000000 0.081257 0.710100
-0.009362 0.000000 0.082932 0.710100
-0.009362 0.000000 0.084607 0.710100
-0.009362 0.000000 0.086283 0.710100
-0.009362 0.000000 0.087958 0.710100
-0.009362 0.000000 0.089634 0.710100
-0.009362 0.000000 0.091309 0.710100
-0.009362 0.000000 0.092984 0.710100
-0.009362 0.000000 0.094660 0.710100
-0.009362 0.000000 0.096335 0.710100
-0.009362 0.000000 0.098010 0.710100
-0.009362 0.000000 0.099686 0.710100
-0.009362 0.000000 0.101361 0.710100
-0.009362 0.000000 0.103037 0.710100
-0.009362 0.000000 0.104712 0.710100
-0.009362 0.000000 0.106387 0.710100
-0.009362 0.000000 0.108063 0.710100
-0.009362 0.000000 0.109738 0.710100
-0.009362 0.000000 0.111414 0.710100
-0.009362 0.000000 0.113089 0.710100
-0.009362 0.000000 0.114764 0.710100
-0.009362 0.000000 0.116440 0.710100
-0.009362 0.000000 0.118115 0.710100
-0.009362 0.000000 0.119791 0.710100
-0.009362 0.000000 0.121466 0.710100
-0.009362 0.000000 0.123141 0.710100
-0.009362 0.000000 0.124817 0.710100
-0.009362 0.000000 0.126492 0.710100
-0.009362 0.000000 0.128168 0.710100
-0.009362 0.000000 0.129843 0.710100
-0.009362 0.000000 0.131518 0.710100
-0.009362 0.000000 0.133194 0.710100
-0.009362 0.000000 0.134869 0.710100
-0.009362 0.000000 0.136545 0.710100
-0.009362 0.000000 0.138220 0.710100
-0.009362 0.000000 0.139895 0.710100
-0.009362 0.000000 0.141571 0.710100
-0.009362 0.000000 0.143246 0.710100
-0.009362 0.000000 0.144921 0.710100
-0.009362 0.000000 0.146597 0.710100
-0.009362 0.000000 0.148272 0.710100
-0.009362 0.000000 0.149948 0.710100
-0.009362 0.000000 0.151623 0.710100
-0.009362 0.000000 0.153298 0.710100
-0.009362 0.000000 0.154974 0.710100
-0.009362 0.000000 0.156649 0.710100
-0.009362 0.000000 0.158325 0.710100
-0.009362 0.000000 0.160000 0.710100
-0.007660 0.000000 -0.160000 0.795188
-0.007660 0.000000 -0.158325 0.795188
-0.007660 0.000000 -0.156649 0.795188
-0.007660 0.000000 -0.154974 0.795188
-0.007660 0.000000 -0.153298 0.795188
-0.007660 0.000000 -0.151623 0.795188
-0.007660 0.000000 -0.149948 0.795188
-0.007660 0.000000 -0.148272 0.795188
-0.007660 0.000000 -0.146597 0.795188
-0.007660 0.000000 -0.144921 0.795188
-0.007660 0.000000 -0.143246 0.795188
-0.007660 0.000000 -0.141571 0.795188
-0.007660 0.000000 -0.139895 0.795188
-0.007660 0.000000 -0.138220 0.795188
-0.007660 0.000000 -0.136545 0.795188
-0.007660 0.000000 -0.134869 0.795188
-0.007660 0.000000 -0.133194 0.795188
-0.007660 0.000000 -0.131518 0.795188
-0.007660 0.000000 -0.129843 0.795188
-0.007660 0.000000 -0.128168 0.795188
-0.007660 0.000000 -0.126492 0.795188
-0.007660 0.000000 -0.124817 0.795188
-0.007660 0.000000 -0.123141 0.795188
-0.007660 0.000000 -0.121466 0.795188
-0.007660 0.000000 -0.119791 0.795188
-0.007660 0.000000 -0.118115 0.795188
-0.007660 0.000000 -0.116440 0.795188
-0.007660 0.000000 -0.114764 0.795188
-0.007660 0.000000 -0.113089 0.795188
-0.007660 0.000000 -0.111414 0.795188
-0.007660 0.000000 -0.109738 0.795188
-0.007660 0.000000 -0.108063 0.795188
-0.007660 0.000000 -0.106387 0.795188
-0.007660 0.000000 -0.104712 0.795188
-0.007660 0.000000 -0.103037 0.795188
-0.007660 0.000000 -0.101361 0.795188
-0.007660 0.000000 -0.099686 0.795188
-0.007660 0.000000 -0.098010 0.795188
-0.007660 0.000000 -0.096335 0.795188
-0.007660 0.000000 -0.094660 0.795188
-0.007660 0.000000 -0.092984 0.795188
-0.007660 0.000000 -0.091309 0.795188
-0.007660 0.000000 -0.089634 0.795188
-0.007660 0.000000 -0.087958 0.795188
-0.007660 0.000000 -0.086283 0.795188
-0.007660 0.000000 -0.084607 0.795188
-0.007660 0.000000 -0.082932 0.795188
-0.007660 0.000000 -0.081257 0.795188
-0.007660 0.000000 -0.079581 0.795188
-0.007660 0.000000 -0.077906 0.795188
-0.007660 0.000000 -0.076230 0.795188
-0.007660 0.000000 -0.074555 0.795188
-0.007660 0.000000 -0.072880 0.795188
-0.007660 0.000000 -0.071204 0.795188
-0.007660 0.000000 -0.069529 0.795188
-0.007660 0.000000 -0.067853 0.795188
-0.007660 0.000000 -0.066178 0.795188
-0.007660 0.000000 -0.064503 0.795188
-0.007660 0.000000 -0.062827 0.795188
-0.007660 0.000000 -0.061152 0.795188
-0.007660 0.000000 -0.059476 0.795188
-0.007660 0.000000 -0.057801 0.795188
-0.007660 0.000000 -0.056126 0.795188
-0.007660 0.000000 -0.054450 0.795188
-0.007660 0.000000 -0.052775 0.795188
-0.007660 0.000000 -0.051099 0.795188
-0.007660 0.000000 -0.049424 0.795188
-0.007660 0.000000 -0.047749 0.795188
-0.007660 0.000000 -0.046073 0.795188
-0.007660 0.000000 -0.044398 0.795188
-0.007660 0.000000 -0.042723 0.795188
-0.007660 0.000000 -0.041047 0.795188
-0.007660 0.000000 -0.039372 0.795188
-0.007660 0.000000 -0.037696 0.795188
-0.007660 0.000000 -0.036021 0.795188
-0.007660 0.000000 -0.034346 0.795188
-0.007660 0.000000 -0.032670 0.795188
-0.007660 0.000000 -0.030995 0.795188
-0.007660 0.000000 -0.029319 0.795188
-0.007660 0.000000 -0.027644 0.795188
-0.007660 0.000000 -0.025969 0.795188
-0.007660 0.000000 -0.024293 0.795188
-0.007660 0.000000 -0.022618 0.795188
-0.007660 0.000000 -0.020942 0.795188
-0.007660 0.000000 -0.019267 0.795188
-0.007660 0.000000 -0.017592 0.795188
-0.007660 0.000000 -0.015916 0.795188
-0.007660 0.000000 -0.014241 0.795188
-0.007660 0.000000 -0.012565 0.795188
-0.007660 0.000000 -0.010890 0.795188
-0.007660 0.000000 -0.009215 0.795188
-0.007660 0.000000 -0.007539 0.795188
-0.007660 0.000000 -0.005864 0.795188
-0.007660 0.000000 -0.004188 0.795188
-0.007660 0.000000 -0.002513 0.795188
-0.007660 0.000000 -0.000838 0.795188
-0.007660 0.000000 0.000838 0.795188
-0.007660 0.000000 0.002513 0.795188
-0.007660 0.000000 0.004188 0.795188
-0.007660 0.000000 0.005864 0.795188
-0.007660 0.000000 0.007539 0.795188
-0.007660 0.000000 0.009215 0.795188
-0.007660 0.000000 0.010890 0.795188
-0.007660 0.000000 0.012565 0.795188
-0.007660 0.000000 0.014241 0.795188
-0.007660 0.000000 0.015916 0.795188
-0.007660 0.000000 0.017592 0.795188
-0.007660 0.000000 0.019267 0.795188
-0.007660 0.000000 0.020942 0.795188
-0.007660 0.000000 0.022618 0.795188
-0.007660 0.000000 0.024293 0.795188
-0.007660 0.000000 0.025969 0.795188
-0.007660 0.000000 0.027644 0.795188
-0.007660 0.000000 0.029319 0.795188
-0.007660 0.000000 0.030995 0.795188
-0.007660 0.000000 0.032670 0.795188
-0.007660 0.000000 0.034346 0.795188
-0.007660 0.000000 0.036021 0.795188
-0.007660 0.000000 0.037696 0.795188
-0.007660 0.000000 0.039372 0.795188
-0.007660 0.000000 0.041047 0.795188
-0.007660 0.000000 0.042723 0.795188
-0.007660 0.000000 0.044398 0.795188
-0.007660 0.000000 0.046073 0.795188
-0.007660 0.000000 0.047749 0.795188
-0.007660 0.000000 0.049424 0.795188
-0.007660 0.000000 0.051099 0.795188
-0.007660 0.000000 0.052775 0.795188
-0.007660 0.000000 0.054450 0.795188
-0.007660 0.000000 0.056126 0.795188
-0.007660 0.000000 0.057801 0.795188
-0.007660 0.000000 0.059476 0.795188
-0.007660 0.000000 0.061152 0.795188
-0.007660 0.000000 0.062827 0.795188
-0.007660 0.000000 0.064503 0.795188
-0.007660 0.000000 0.066178 0.795188
-0.007660 0.000000 0.067853 0.795188
-0.007660 0.000000 0.069529 0.795188
-0.007660 0.000000 0.071204 0.795188
-0.007660 0.000000 0.072880 0.795188
-0.007660 0.000000 0.074555 0.795188
-0.007660 0.000000 0.076230 0.795188
-0.007660 0.000000 0.077906 0.795188
-0.007660 0.000000 0.079581 0.795188
-0.007660 0.000000 0.081257 0.795188
-0.007660 0.000000 0.082932 0.795188
-0.007660 0.000000 0.084607 0.795188
-0.007660 0.000000 0.086283 0.795188
-0.007660 0.000000 0.087958 0.795188
-0.007660 0.000000 0.089634 0.795188
-0.007660 0.000000 0.091309 0.795188
-0.007660 0.000000 0.092984 0.795188
-0.007660 0.000000 0.094660 0.795188
-0.007660 0.000000 0.096335 0.795188
-0.007660 0.000000 0.098010 0.795188
-0.007660 0.000000 0.099686 0.795188
-0.007660 0.000000 0.101361 0.795188
-0.007660 0.000000 0.103037 0.795188
-0.007660 0.000000 0.104712 0.795188
-0.007660 0.000000 0.106387 0.795188
-0.007660 0.000000 0.108063 0.795188
-0.007660 0.000000 0.109738 0.795188
-0.007660 0.000000 0.111414 0.795188
-0.007660 0.000000 0.113089 0.795188
-0.007660 0.000000 0.114764 0.795188
-0.007660 0.000000 0.116440 0.795188
-0.007660 0.000000 0.118115 0.795188
-0.007660 0.000000 0.119791 0.795188
-0.007660 0.000000 0.121466 0.795188
-0.007660 0.000000 0.123141 0.795188
-0.007660 0.000000 0.124817 0.795188
-0.007660 0.000000 0.126492 0.795188
-0.007660 0.000000 0.128168 0.795188
-0.007660 0.000000 0.129843 0.795188
-0.007660 0.000000 0.131518 0.795188
-0.007660 0.000000 0.133194 0.795188
-0.007660 0.000000 0.134869 0.795188
-0.007660 0.000000 0.136545 0.795188
-0.007660 0.000000 0.138220 0.795188
-0.007660 0.000000 0.139895 0.795188
-0.007660 0.000000 0.141571 0.795188
-0.007660 0.000000 0.143246 0.795188
-0.007660 0.000000 0.144921 0.795188
-0.007660 0.000000 0.146597 0.795188
-0.007660 0.000000 0.148272 0.795188
-0.007660 0.000000 0.149948 0.795188
-0.007660 0.000000 0.151623 0.795188
-0.007660 0.000000 0.153298 0.795188
-0.007660 0.000000 0.154974 0.795188
-0.007660 0.000000 0.156649 0.795188
-0.007660 0.000000 0.158325 0.795188
-0.007660 0.000000 0.160000 0.795188
-0.005957 0.000000 -0.160000 0.870544
-0.005957 0.000000 -0.158325 0.870544
-0.005957 0.000000 -0.156649 0.870544
-0.005957 0.000000 -0.154974 0.870544
-0.005957 0.000000 -0.153298 0.870544
-0.005957 0.000000 -0.151623 0.870544
-0.005957 0.000000 -0.149948 0.870544
-0.005957 0.000000 -0.148272 0.870544
-0.005957 0.000000 -0.146597 0.870544
-0.005957 0.000000 -0.144921 0.870544
-0.005957 0.000000 -0.143246 0.870544
-0.005957 0.000000 -0.141571 0.870544
-0.005957 0.000000 -0.139895 0.870544
-0.005957 0.000000 -0.138220 0.870544
-0.005957 0.000000 -0.136545 0.870544
-0.005957 0.000000 -0.134869 0.870544
-0.005957 0.000000 -0.133194 0.870544
-0.005957 0.000000 -0.131518 0.870544
-0.005957 0.000000 -0.129843 0.870544
-0.005957 0.000000 -0.128168 0.870544
-0.005957 0.000000 -0.126492 0.870544
-0.005957 0.000000 -0.124817 0.870544
-0.005957 0.000000 -0.123141 0.870544
-0.005957 0.000000 -0.121466 0.870544
-0.005957 0.000000 -0.119791 0.870544
-0.005957 0.000000 -0.118115 0.870544
-0.005957 0.000000 -0.116440 0.870544
-0.005957 0.000000 -0.114764 0.870544
-0.005957 0.000000 -0.113089 0.870544
-0.005957 0.000000 -0.111414 0.870544
-0.005957 0.000000 -0.109738 0.870544
-0.005957 0.000000 -0.108063 0.870544
-0.005957 0.000000 -0.106387 0.870544
-0.005957 0.000000 -0.104712 0.870544
-0.005957 0.000000 -0.103037 0.870544
-0.005957 0.000000 -0.101361 0.870544
-0.005957 0.000000 -0.099686 0.870544
-0.005957 0.000000 -0.098010 0.870544
-0.005957 0.000000 -0.096335 0.870544
-0.005957 0.000000 -0.094660 0.870544
-0.005957 0.000000 -0.092984 0.870544
-0.005957 0.000000 -0.091309 0.870544
-0.005957 0.000000 -0.089634 0.870544
-0.005957 0.000000 -0.087958 0.870544
-0.005957 0.000000 -0.086283 0.870544
-0.005957 0.000000 -0.084607 0.870544
-0.005957 0.000000 -0.082932 0.870544
-0.005957 0.000000 -0.081257 0.870544
-0.005957 0.000000 -0.079581 0.870544
-0.005957 0.000000 -0.077906 0.870544
-0.005957 0.000000 -0.076230 0.870544
-0.005957 0.000000 -0.074555 0.870544
-0.005957 0.000000 -0.072880 0.870544
-0.005957 0.000000 -0.071204 0.870544
-0.005957 0.000000 -0.069529 0.870544
-0.005957 0.000000 -0.067853 0.870544
-0.005957 0.000000 -0.066178 0.870544
-0.005957 0.000000 -0.064503 0.870544
-0.005957 0.000000 -0.062827 0.870544
-0.005957 0.000000 -0.061152 0.870544
-0.005957 0.000000 -0.059476 0.870544
-0.005957 0.000000 -0.057801 0.870544
-0.005957 0.000000 -0.056126 0.870544
-0.005957 0.000000 -0.054450 0.870544
-0.005957 0.000000 -0.052775 0.870544
-0.005957 0.000000 -0.051099 0.870544
-0.005957 0.000000 -0.049424 0.870544
-0.005957 0.000000 -0.047749 0.870544
-0.005957 0.000000 -0.046073 0.870544
-0.005957 0.000000 -0.044398 0.870544
-0.005957 0.000000 -0.042723 0.870544
-0.005957 0.000000 -0.041047 0.870544
-0.005957 0.000000 -0.039372 0.870544
-0.005957 0.000000 -0.037696 0.870544
-0.005957 0.000000 -0.036021 0.870544
-0.005957 0.000000 -0.034346 0.870544
-0.005957 0.000000 -0.032670 0.870544
-0.005957 0.000000 -0.030995 0.870544
-0.005957 0.000000 -0.029319 0.870544
-0.005957 0.000000 -0.027644 0.870544
-0.005957 0.000000 -0.025969 0.870544
-0.005957 0.000000 -0.024293 0.870544
-0.005957 0.000000 -0.022618 0.870544
-0.005957 0.000000 -0.020942 0.870544
-0.005957 0.000000 -0.019267 0.870544
-0.005957 0.000000 -0.017592 0.870544
-0.005957 0.000000 -0.015916 0.870544
-0.005957 0.000000 -0.014241 0.870544
-0.005957 0.000000 -0.012565 0.870544
-0.005957 0.000000 -0.010890 0.870544
-0.005957 0.000000 -0.009215 0.870544
-0.005957 0.000000 -0.007539 0.870544
-0.005957 0.000000 -0.005864 0.870544
-0.005957 0.000000 -0.004188 0.870544
-0.005957 0.000000 -0.002513 0.870544
-0.005957 0.000000 -0.000838 0.870544
-0.005957 0.000000 0.000838 0.870544
-0.005957 0.000000 0.002513 0.870544
-0.005957 0.000000 0.004188 0.870544
-0.005957 0.000000 0.005864 0.870544
-0.005957 0.000000 0.007539 0.870544
-0.005957 0.000000 0.009215 0.870544
-0.005957 0.000000 0.010890 0.870544
-0.005957 0.000000 0.012565 0.870544
-0.005957 0.000000 0.014241 0.870544
-0.005957 0.000000 0.015916 0.870544
-0.005957 0.000000 0.017592 0.870544
-0.005957 0.000000 0.019267 0.870544
-0.005957 0.000000 0.020942 0.870544
-0.005957 0.000000 0.022618 0.870544
-0.005957 0.000000 0.024293 0.870544
-0.005957 0.000000 0.025969 0.870544
-0.005957 0.000000 0.027644 0.870544
-0.005957 0.000000 0.029319 0.870544
-0.005957 0.000000 0.030995 0.870544
-0.005957 0.000000 0.032670 0.870544
-0.005957 0.000000 0.034346 0.870544
-0.005957 0.000000 0.036021 0.870544
-0.005957 0.000000 0.037696 0.870544
-0.005957 0.000000 0.039372 0.870544
-0.005957 0.000000 0.041047 0.870544
-0.005957 0.000000 0.042723 0.870544
-0.005957 0.000000 0.044398 0.870544
-0.005957 0.000000 0.046073 0.870544
-0.005957 0.000000 0.047749 0.870544
-0.005957 0.000000 0.049424 0.870544
-0.005957 0.000000 0.051099 0.870544
-0.005957 0.000000 0.052775 0.870544
-0.005957 0.000000 0.054450 0.870544
-0.005957 0.000000 0.056126 0.870544
-0.005957 0.000000 0.057801 0.870544
-0.005957 0.000000 0.059476 0.870544
-0.005957 0.000000 0.061152 0.870544
-0.005957 0.000000 0.062827 0.870544
-0.005957 0.000000 0.064503 0.870544
-0.005957 0.000000 0.066178 0.870544
-0.005957 0.000000 0.067853 0.870544
-0.005957 0.000000 0.069529 0.870544
-0.005957 0.000000 0.071204 0.870544
-0.005957 0.000000 0.072880 0.870544
-0.005957 0.000000 0.074555 0.870544
-0.005957 0.000000 0.076230 0.870544
-0.005957 0.000000 0.077906 0.870544
-0.005957 0.000000 0.079581 0.870544
-0.005957 0.000000 0.081257 0.870544
-0.005957 0.000000 0.082932 0.870544
-0.005957 0.000000 0.084607 0.870544
-0.005957 0.000000 0.086283 0.870544
-0.005957 0.000000 0.087958 0.870544
-0.005957 0.000000 0.089634 0.870544
-0.005957 0.000000 0.091309 0.870544
-0.005957 0.000000 0.092984 0.870544
-0.005957 0.000000 0.094660 0.870544
-0.005957 0.000000 0.096335 0.870544
-0.005957 0.000000 0.098010 0.870544
-0.005957 0.000000 0.099686 0.870544
-0.005957 0.000000 0.101361 0.870544
-0.005957 0.000000 0.103037 0.870544
-0.005957 0.000000 0.104712 0.870544
-0.005957 0.000000 0.106387 0.870544
-0.005957 0.000000 0.108063 0.870544
-0.005957 0.000000 0.109738 0.870544
-0.005957 0.000000 0.111414 0.870544
-0.005957 0.000000 0.113089 0.870544
-0.005957 0.000000 0.114764 0.870544
-0.005957 0.000000 0.116440 0.870544
-0.005957 0.000000 0.118115 0.870544
-0.005957 0.000000 0.119791 0.870544
-0.005957 0.000000 0.121466 0.870544
-0.005957 0.000000 0.123141 0.870544
-0.005957 0.000000 0.124817 0.870544
-0.005957 0.000000 0.126492 0.870544
-0.005957 0.000000 0.128168 0.870544
-0.005957 0.000000 0.129843 0.870544
-0.005957 0.000000 0.131518 0.870544
-0.005957 0.000000 0.133194 0.870544
-0.005957 0.000000 0.134869 0.870544
-0.005957 0.000000 0.136545 0.870544
-0.005957 0.000000 0.138220 0.870544
-0.005957 0.000000 0.139895 0.870544
-0.005957 0.000000 0.141571 0.870544
-0.005957 0.000000 0.143246 0.870544
-0.005957 0.000000 0.144921 0.870544
-0.005957 0.000000 0.146597 0.870544
-0.005957 0.000000 0.148272 0.870544
-0.005957 0.000000 0.149948 0.870544
-0.005957 0.000000 0.151623 0.870544
-0.005957 0.000000 0.153298 0.870544
-0.005957 0.000000 0.154974 0.870544
-0.005957 0.000000 0.156649 0.870544
-0.005957 0.000000 0.158325 0.870544
-0.005957 0.000000 0.160000 0.870544
-0.004255 0.000000 -0.160000 0.931710
-0.004255 0.000000 -0.158325 0.931710
-0.004255 0.000000 -0.156649 0.931710
-0.004255 0.000000 -0.154974 0.931710
-0.004255 0.000000 -0.153298 0.931710
-0.004255 0.000000 -0.151623 0.931710
-0.004255 0.000000 -0.149948 0.931710
-0.004255 0.000000 -0.148272 0.931710
-0.004255 0.000000 -0.146597 0.931710
-0.004255 0.000000 -0.144921 0.931710
-0.004255 0.000000 -0.143246 0.931710
-0.004255 0.000000 -0.141571 0.931710
-0.004255 0.000000 -0.139895 0.931710
-0.004255 0.000000 -0.138220 0.931710
-0.004255 0.000000 -0.136545 0.931710
-0.004255 0.000000 -0.134869 0.931710
-0.004255 0.000000 -0.133194 0.931710
-0.004255 0.000000 -0.131518 0.931710
-0.004255 0.000000 -0.129843 0.931710
-0.004255 0.000000 -0.128168 0.931710
-0.004255 0.000000 -0.126492 0.931710
-0.004255 0.000000 -0.124817 0.931710
-0.004255 0.000000 -0.123141 0.931710
-0.004255 0.000000 -0.121466 0.931710
-0.004255 0.000000 -0.119791 0.931710
-0.004255 0.000000 -0.118115 0.931710
-0.004255 0.000000 -0.116440 0.931710
-0.004255 0.000000 -0.114764 0.931710
-0.004255 0.000000 -0.113089 0.931710
-0.004255 0.000000 -0.111414 0.931710
-0.004255 0.000000 -0.109738 0.931710
-0.004255 0.000000 -0.108063 0.931710
-0.004255 0.000000 -0.106387 0.931710
-0.004255 0.000000 -0.104712 0.931710
-0.004255 0.000000 -0.103037 0.931710
-0.004255 0.000000 -0.101361 0.931710
-0.004255 0.000000 -0.099686 0.931710
-0.004255 0.000000 -0.098010 0.931710
-0.004255 0.000000 -0.096335 0.931710
-0.004255 0.000000 -0.094660 0.931710
-0.004255 0.000000 -0.092984 0.931710
-0.004255 0.000000 -0.091309 0.931710
-0.004255 0.000000 -0.089634 0.931710
-0.004255 0.000000 -0.087958 0.931710
-0.004255 0.000000 -0.086283 0.931710
-0.004255 0.000000 -0.084607 0.931710
-0.004255 0.000000 -0.082932 0.931710
-0.004255 0.000000 -0.081257 0.931710
-0.004255 0.000000 -0.079581 0.931710
-0.004255 0.000000 -0.077906 0.931710
-0.004255 0.000000 -0.076230 0.931710
-0.004255 0.000000 -0.074555 0.931710
-0.004255 0.000000 -0.072880 0.931710
-0.004255 0.000000 -0.071204 0.931710
-0.004255 0.000000 -0.069529 0.931710
-0.004255 0.000000 -0.067853 0.931710
-0.004255 0.000000 -0.066178 0.931710
-0.004255 0.000000 -0.064503 0.931710
-0.004255 0.000000 -0.062827 0.931710
-0.004255 0.000000 -0.061152 0.931710
-0.004255 0.000000 -0.059476 0.931710
-0.004255 0.000000 -0.057801 0.931710
-0.004255 0.000000 -0.056126 0.931710
-0.004255 0.000000 -0.054450 0.931710
-0.004255 0.000000 -0.052775 0.931710
-0.004255 0.000000 -0.051099 0.931710
-0.004255 0.000000 -0.049424 0.931710
-0.004255 0.000000 -0.047749 0.931710
-0.004255 0.000000 -0.046073 0.931710
-0.004255 0.000000 -0.044398 0.931710
-0.004255 0.000000 -0.042723 0.931710
-0.004255 0.000000 -0.041047 0.931710
-0.004255 0.000000 -0.039372 0.931710
-0.004255 0.000000 -0.037696 0.931710
-0.004255 0.000000 -0.036021 0.931710
-0.004255 0.000000 -0.034346 0.931710
-0.004255 0.000000 -0.032670 0.931710
-0.004255 0.000000 -0.030995 0.931710
-0.004255 0.000000 -0.029319 0.931710
-0.004255 0.000000 -0.027644 0.931710
-0.004255 0.000000 -0.025969 0.931710
-0.004255 0.000000 -0.024293 0.931710
-0.004255 0.000000 -0.022618 0.931710
-0.004255 0.000000 -0.020942 0.931710
-0.004255 0.000000 -0.019267 0.931710
-0.004255 0.000000 -0.017592 0.931710
-0.004255 0.000000 -0.015916 0.931710
-0.004255 0.000000 -0.014241 0.931710
-0.004255 0.000000 -0.012565 0.931710
-0.004255 0.000000 -0.010890 0.931710
-0.004255 0.000000 -0.009215 0.931710
-0.004255 0.000000 -0.007539 0.931710
-0.004255 0.000000 -0.005864 0.931710
-0.004255 0.000000 -0.004188 0.931710
-0.004255 0.000000 -0.002513 0.931710
-0.004255 0.000000 -0.000838 0.931710
-0.004255 0.000000 0.000838 0.931710
-0.004255 0.000000 0.002513 0.931710
-0.004255 0.000000 0.004188 0.931710
-0.004255 0.000000 0.005864 0.931710
-0.004255 0.000000 0.007539 0.931710
-0.004255 0.000000 0.009215 0.931710
-0.004255 0.000000 0.010890 0.931710
-0.004255 0.000000 0.012565 0.931710
-0.004255 0.000000 0.014241 0.931710
-0.004255 0.000000 0.015916 0.931710
-0.004255 0.000000 0.017592 0.931710
-0.004255 0.000000 0.019267 0.931710
-0.004255 0.000000 0.020942 0.931710
-0.004255 0.000000 0.022618 0.931710
-0.004255 0.000000 0.024293 0.931710
-0.004255 0.000000 0.025969 0.931710
-0.004255 0.000000 0.027644 0.931710
-0.004255 0.000000 0.029319 0.931710
-0.004255 0.000000 0.030995 0.931710
-0.004255 0.000000 0.032670 0.931710
-0.004255 0.000000 0.034346 0.931710
-0.004255 0.000000 0.036021 0.931710
-0.004255 0.000000 0.037696 0.931710
-0.004255 0.000000 0.039372 0.931710
-0.004255 0.000000 0.041047 0.931710
-0.004255 0.000000 0.042723 0.931710
-0.004255 0.000000 0.044398 0.931710
-0.004255 0.000000 0.046073 0.931710
-0.004255 0.000000 0.047749 0.931710
-0.004255 0.000000 0.049424 0.931710
-0.004255 0.000000 0.051099 0.931710
-0.004255 0.000000 0.052775 0.931710
-0.004255 0.000000 0.054450 0.931710
-0.004255 0.000000 0.056126 0.931710
-0.004255 0.000000 0.057801 0.931710
-0.004255 0.000000 0.059476 0.931710
-0.004255 0.000000 0.061152 0.931710
-0.004255 0.000000 0.062827 0.931710
-0.004255 0.000000 0.064503 0.931710
-0.004255 0.000000 0.066178 0.931710
-0.004255 0.000000 0.067853 0.931710
-0.004255 0.000000 0.069529 0.931710
-0.004255 0.000000 0.071204 0.931710
-0.004255 0.000000 0.072880 0.931710
-0.004255 0.000000 0.074555 0.931710
-0.004255 0.000000 0.076230 0.931710
-0.004255 0.000000 0.077906 0.931710
-0.004255 0.000000 0.079581 0.931710
-0.004255 0.000000 0.081257 0.931710
-0.004255 0.000000 0.082932 0.931710
-0.004255 0.000000 0.084607 0.931710
-0.004255 0.000000 0.086283 0.931710
-0.004255 0.000000 0.087958 0.931710
-0.004255 0.000000 0.089634 0.931710
-0.004255 0.000000 0.091309 0.931710
-0.004255 0.000000 0.092984 0.931710
-0.004255 0.000000 0.094660 0.931710
-0.004255 0.000000 0.096335 0.931710
-0.004255 0.000000 0.098010 0.931710
-0.004255 0.000000 0.099686 0.931710
-0.004255 0.000000 0.101361 0.931710
-0.004255 0.000000 0.103037 0.931710
-0.004255 0.000000 0.104712 0.931710
-0.004255 0.000000 0.106387 0.931710
-0.004255 0.000000 0.108063 0.931710
-0.004255 0.000000 0.109738 0.931710
-0.004255 0.000000 0.111414 0.931710
-0.004255 0.000000 0.113089 0.931710
-0.004255 0.000000 0.114764 0.931710
-0.004255 0.000000 0.116440 0.931710
-0.004255 0.000000 0.118115 0.931710
-0.004255 0.000000 0.119791 0.931710
-0.004255 0.000000 0.121466 0.931710
-0.004255 0.000000 0.123141 0.931710
-0.004255 0.000000 0.124817 0.931710
-0.004255 0.000000 0.126492 0.931710
-0.004255 0.000000 0.128168 0.931710
-0.004255 0.000000 0.129843 0.931710
-0.004255 0.000000 0.131518 0.931710
-0.004255 0.000000 0.133194 0.931710
-0.004255 0.000000 0.134869 0.931710
-0.004255 0.000000 0.136545 0.931710
-0.004255 0.000000 0.138220 0.931710
-0.004255 0.000000 0.139895 0.931710
-0.004255 0.000000 0.141571 0.931710
-0.004255 0.000000 0.143246 0.931710
-0.004255 0.000000 0.144921 0.931710
-0.004255 0.000000 0.146597 0.931710
-0.004255 0.000000 0.148272 0.931710
-0.004255 0.000000 0.149948 0.931710
-0.004255 0.000000 0.151623 0.931710
-0.004255 0.000000 0.153298 0.931710
-0.004255 0.000000 0.154974 0.931710
-0.004255 0.000000 0.156649 0.931710
-0.004255 0.000000 0.158325 0.931710
-0.004255 0.000000 0.160000 0.931710
-0.002553 0.000000 -0.160000 0.974857
-0.002553 0.000000 -0.158325 0.974857
-0.002553 0.000000 -0.156649 0.974857
-0.002553 0.000000 -0.154974 0.974857
-0.002553 0.000000 -0.153298 0.974857
-0.002553 0.000000 -0.151623 0.974857
-0.002553 0.000000 -0.149948 0.974857
-0.002553 0.000000 -0.148272 0.974857
-0.002553 0.000000 -0.146597 0.974857
-0.002553 0.000000 -0.144921 0.974857
-0.002553 0.000000 -0.143246 0.974857
-0.002553 0.000000 -0.141571 0.974857
-0.002553 0.000000 -0.139895 0.974857
-0.002553 0.000000 -0.138220 0.974857
-0.002553 0.000000 -0.136545 0.974857
-0.002553 0.000000 -0.134869 0.974857
-0.002553 0.000000 -0.133194 0.974857
-0.002553 0.000000 -0.131518 0.974857
-0.002553 0.000000 -0.129843 0.974857
-0.002553 0.000000 -0.128168 0.974857
-0.002553 0.000000 -0.126492 0.974857
-0.002553 0.000000 -0.124817 0.974857
-0.002553 0.000000 -0.123141 0.974857
-0.002553 0.000000 -0.121466 0.974857
-0.002553 0.000000 -0.119791 0.974857
-0.002553 0.000000 -0.118115 0.974857
-0.002553 0.000000 -0.116440 0.974857
-0.002553 0.000000 -0.114764 0.974857
-0.002553 0.000000 -0.113089 0.974857
-0.002553 0.000000 -0.111414 0.974857
-0.002553 0.000000 -0.109738 0.974857
-0.002553 0.000000 -0.108063 0.974857
-0.002553 0.000000 -0.106387 0.974857
-0.002553 0.000000 -0.104712 0.974857
-0.002553 0.000000 -0.103037 0.974857
-0.002553 0.000000 -0.101361 0.974857
-0.002553 0.000000 -0.099686 0.974857
-0.002553 0.000000 -0.098010 0.974857
-0.002553 0.000000 -0.096335 0.974857
-0.002553 0.000000 -0.094660 0.974857
-0.002553 0.000000 -0.092984 0.974857
-0.002553 0.000000 -0.091309 0.974857
-0.002553 0.000000 -0.089634 0.974857
-0.002553 0.000000 -0.087958 0.974857
-0.002553 0.000000 -0.086283 0.974857
-0.002553 0.000000 -0.084607 0.974857
-0.002553 0.000000 -0.082932 0.974857
-0.002553 0.000000 -0.081257 0.974857
-0.002553 0.000000 -0.079581 0.974857
-0.002553 0.000000 -0.077906 0.974857
-0.002553 0.000000 -0.076230 0.974857
-0.002553 0.000000 -0.074555 0.974857
-0.002553 0.000000 -0.072880 0.974857
-0.002553 0.000000 -0.071204 0.974857
-0.002553 0.000000 -0.069529 0.974857
-0.002553 0.000000 -0.067853 0.974857
-0.002553 0.000000 -0.066178 0.974857
-0.002553 0.000000 -0.064503 0.974857
-0.002553 0.000000 -0.062827 0.974857
-0.002553 0.000000 -0.061152 0.974857
-0.002553 0.000000 -0.059476 0.974857
-0.002553 0.000000 -0.057801 0.974857
-0.002553 0.000000 -0.056126 0.974857
-0.002553 0.000000 -0.054450 0.974857
-0.002553 0.000000 -0.052775 0.974857
-0.002553 0.000000 -0.051099 0.974857
-0.002553 0.000000 -0.049424 0.974857
-0.002553 0.000000 -0.047749 0.974857
-0.002553 0.000000 -0.046073 0.974857
-0.002553 0.000000 -0.044398 0.974857
-0.002553 0.000000 -0.042723 0.974857
-0.002553 0.000000 -0.041047 0.974857
-0.002553 0.000000 -0.039372 0.974857
-0.002553 0.000000 -0.037696 0.974857
-0.002553 0.000000 -0.036021 0.974857
-0.002553 0.000000 -0.034346 0.974857
-0.002553 0.000000 -0.032670 0.974857
-0.002553 0.000000 -0.030995 0.974857
-0.002553 0.000000 -0.029319 0.974857
-0.002553 0.000000 -0.027644 0.974857
-0.002553 0.000000 -0.025969 0.974857
-0.002553 0.000000 -0.024293 0.974857
-0.002553 0.000000 -0.022618 0.974857
-0.002553 0.000000 -0.020942 0.974857
-0.002553 0.000000 -0.019267 0.974857
-0.002553 0.000000 -0.017592 0.974857
-0.002553 0.000000 -0.015916 0.974857
-0.002553 0.000000 -0.014241 0.974857
-0.002553 0.000000 -0.012565 0.974857
-0.002553 0.000000 -0.010890 0.974857
-0.002553 0.000000 -0.009215 0.974857
-0.002553 0.000000 -0.007539 0.974857
-0.002553 0.000000 -0.005864 0.974857
-0.002553 0.000000 -0.004188 0.974857
-0.002553 0.000000 -0.002513 0.974857
-0.002553 0.000000 -0.000838 0.974857
-0.002553 0.000000 0.000838 0.974857
-0.002553 0.000000 0.002513 0.974857
-0.002553 0.000000 0.004188 0.974857
-0.002553 0.000000 0.005864 0.974857
-0.002553 0.000000 0.007539 0.974857
-0.002553 0.000000 0.009215 0.974857
-0.002553 0.000000 0.010890 0.974857
-0.002553 0.000000 0.012565 0.974857
-0.002553 0.000000 0.014241 0.974857
-0.002553 0.000000 0.015916 0.974857
-0.002553 0.000000 0.017592 0.974857
-0.002553 0.000000 0.019267 0.974857
-0.002553 0.000000 0.020942 0.974857
-0.002553 0.000000 0.022618 0.974857
-0.002553 0.000000 0.024293 0.974857
-0.002553 0.000000 0.025969 0.974857
-0.002553 0.000000 0.027644 0.974857
-0.002553 0.000000 0.029319 0.974857
-0.002553 0.000000 0.030995 0.974857
-0.002553 0.000000 0.032670 0.974857
-0.002553 0.000000 0.034346 0.974857
-0.002553 0.000000 0.036021 0.974857
-0.002553 0.000000 0.037696 0.974857
-0.002553 0.000000 0.039372 0.974857
-0.002553 0.000000 0.041047 0.974857
-0.002553 0.000000 0.042723 0.974857
-0.002553 0.000000 0.044398 0.974857
-0.002553 0.000000 0.046073 0.974857
-0.002553 0.000000 0.047749 0.974857
-0.002553 0.000000 0.049424 0.974857
-0.002553 0.000000 0.051099 0.974857
-0.002553 0.000000 0.052775 0.974857
-0.002553 0.000000 0.054450 0.974857
-0.002553 0.000000 0.056126 0.974857
-0.002553 0.000000 0.057801 0.974857
-0.002553 0.000000 0.059476 0.974857
-0.002553 0.000000 0.061152 0.974857
-0.002553 0.000000 0.062827 0.974857
-0.002553 0.000000 0.064503 0.974857
-0.002553 0.000000 0.066178 0.974857
-0.002553 0.000000 0.067853 0.974857
-0.002553 0.000000 0.069529 0.974857
-0.002553 0.000000 0.071204 0.974857
-0.002553 0.000000 0.072880 0.974857
-0.002553 0.000000 0.074555 0.974857
-0.002553 0.000000 0.076230 0.974857
-0.002553 0.000000 0.077906 0.974857
-0.002553 0.000000 0.079581 0.974857
-0.002553 0.000000 0.081257 0.974857
-0.002553 0.000000 0.082932 0.974857
-0.002553 0.000000 0.084607 0.974857
-0.002553 0.000000 0.086283 0.974857
-0.002553 0.000000 0.087958 0.974857
-0.002553 0.000000 0.089634 0.974857
-0.002553 0.000000 0.091309 0.974857
-0.002553 0.000000 0.092984 0.974857
-0.002553 0.000000 0.094660 0.974857
-0.002553 0.000000 0.096335 0.974857
-0.002553 0.000000 0.098010 0.974857
-0.002553 0.000000 0.099686 0.974857
-0.002553 0.000000 0.101361 0.974857
-0.002553 0.000000 0.103037 0.974857
-0.002553 0.000000 0.104712 0.974857
-0.002553 0.000000 0.106387 0.974857
-0.002553 0.000000 0.108063 0.974857
-0.002553 0.000000 0.109738 0.974857
-0.002553 0.000000 0.111414 0.974857
-0.002553 0.000000 0.113089 0.974857
-0.002553 0.000000 0.114764 0.974857
-0.002553 0.000000 0.116440 0.974857
-0.002553 0.000000 0.118115 0.974857
-0.002553 0.000000 0.119791 0.974857
-0.002553 0.000000 0.121466 0.974857
-0.002553 0.000000 0.123141 0.974857
-0.002553 0.000000 0.124817 0.974857
-0.002553 0.000000 0.126492 0.974857
-0.002553 0.000000 0.128168 0.974857
-0.002553 0.000000 0.129843 0.974857
-0.002553 0.000000 0.131518 0.974857
-0.002553 0.000000 0.133194 0.974857
-0.002553 0.000000 0.134869 0.974857
-0.002553 0.000000 0.136545 0.974857
-0.002553 0.000000 0.138220 0.974857
-0.002553 0.000000 0.139895 0.974857
-0.002553 0.000000 0.141571 0.974857
-0.002553 0.000000 0.143246 0.974857
-0.002553 0.000000 0.144921 0.974857
-0.002553 0.000000 0.146597 0.974857
-0.002553 0.000000 0.148272 0.974857
-0.002553 0.000000 0.149948 0.974857
-0.002553 0.000000 0.151623 0.974857
-0.002553 0.000000 0.153298 0.974857
-0.002553 0.000000 0.154974 0.974857
-0.002553 0.000000 0.156649 0.974857
-0.002553 0.000000 0.158325 0.974857
-0.002553 0.000000 0.160000 0.974857
-0.000851 0.000000 -0.160000 0.997175
-0.000851 0.000000 -0.158325 0.997175
-0.000851 0.000000 -0.156649 0.997175
-0.000851 0.000000 -0.154974 0.997175
-0.000851 0.000000 -0.153298 0.997175
-0.000851 0.000000 -0.151623 0.997175
-0.000851 0.000000 -0.149948 0.997175
-0.000851 0.000000 -0.148272 0.997175
-0.000851 0.000000 -0.146597 0.997175
-0.000851 0.000000 -0.144921 0.997175
-0.000851 0.000000 -0.143246 0.997175
-0.000851 0.000000 -0.141571 0.997175
-0.000851 0.000000 -0.139895 0.997175
-0.000851 0.000000 -0.138220 0.997175
-0.000851 0.000000 -0.136545 0.997175
-0.000851 0.000000 -0.134869 0.997175
-0.000851 0.000000 -0.133194 0.997175
-0.000851 0.000000 -0.131518 0.997175
-0.000851 0.000000 -0.129843 0.997175
-0.000851 0.000000 -0.128168 0.997175
-0.000851 0.000000 -0.126492 0.997175
-0.000851 0.000000 -0.124817 0.997175
-0.000851 0.000000 -0.123141 0.997175
-0.000851 0.000000 -0.121466 0.997175
-0.000851 0.000000 -0.119791 0.997175
-0.000851 0.000000 -0.118115 0.997175
-0.000851 0.000000 -0.116440 0.997175
-0.000851 0.000000 -0.114764 0.997175
-0.000851 0.000000 -0.113089 0.997175
-0.000851 0.000000 -0.111414 0.997175
-0.000851 0.000000 -0.109738 0.997175
-0.000851 0.000000 -0.108063 0.997175
-0.000851 0.000000 -0.106387 0.997175
-0.000851 0.000000 -0.104712 0.997175
-0.000851 0.000000 -0.103037 0.997175
-0.000851 0.000000 -0.101361 0.997175
-0.000851 0.000000 -0.099686 0.997175
-0.000851 0.000000 -0.098010 0.997175
-0.000851 0.000000 -0.096335 0.997175
-0.000851 0.000000 -0.094660 0.997175
-0.000851 0.000000 -0.092984 0.997175
-0.000851 0.000000 -0.091309 0.997175
-0.000851 0.000000 -0.089634 0.997175
-0.000851 0.000000 -0.087958 0.997175
-0.000851 0.000000 -0.086283 0.997175
-0.000851 0.000000 -0.084607 0.997175
-0.000851 0.000000 -0.082932 0.997175
-0.000851 0.000000 -0.081257 0.997175
-0.000851 0.000000 -0.079581 0.997175
-0.000851 0.000000 -0.077906 0.997175
-0.000851 0.000000 -0.076230 0.997175
-0.000851 0.000000 -0.074555 0.997175
-0.000851 0.000000 -0.072880 0.997175
-0.000851 0.000000 -0.071204 0.997175
-0.000851 0.000000 -0.069529 0.997175
-0.000851 0.000000 -0.067853 0.997175
-0.000851 0.000000 -0.066178 0.997175
-0.000851 0.000000 -0.064503 0.997175
-0.000851 0.000000 -0.062827 0.997175
-0.000851 0.000000 -0.061152 0.997175
-0.000851 0.000000 -0.059476 0.997175
-0.000851 0.000000 -0.057801 0.997175
-0.000851 0.000000 -0.056126 0.997175
-0.000851 0.000000 -0.054450 0.997175
-0.000851 0.000000 -0.052775 0.997175
-0.000851 0.000000 -0.051099 0.997175
-0.000851 0.000000 -0.049424 0.997175
-0.000851 0.000000 -0.047749 0.997175
-0.000851 0.000000 -0.046073 0.997175
-0.000851 0.000000 -0.044398 0.997175
-0.000851 0.000000 -0.042723 0.997175
-0.000851 0.000000 -0.041047 0.997175
-0.000851 0.000000 -0.039372 0.997175
-0.000851 0.000000 -0.037696 0.997175
-0.000851 0.000000 -0.036021 0.997175
-0.000851 0.000000 -0.034346 0.997175
-0.000851 0.000000 -0.032670 0.997175
-0.000851 0.000000 -0.030995 0.997175
-0.000851 0.000000 -0.029319 0.997175
-0.000851 0.000000 -0.027644 0.997175
-0.000851 0.000000 -0.025969 0.997175
-0.000851 0.000000 -0.024293 0.997175
-0.000851 0.000000 -0.022618 0.997175
-0.000851 0.000000 -0.020942 0.997175
-0.000851 0.000000 -0.019267 0.997175
-0.000851 0.000000 -0.017592 0.997175
-0.000851 0.000000 -0.015916 0.997175
-0.000851 0.000000 -0.014241 0.997175
-0.000851 0.000000 -0.012565 0.997175
-0.000851 0.000000 -0.010890 0.997175
-0.000851 0.000000 -0.009215 0.997175
-0.000851 0.000000 -0.007539 0.997175
-0.000851 0.000000 -0.005864 0.997175
-0.000851 0.000000 -0.004188 0.997175
-0.000851 0.000000 -0.002513 0.997175
-0.000851 0.000000 -0.000838 0.997175
-0.000851 0.000000 0.000838 0.997175
-0.000851 0.000000 0.002513 0.997175
-0.000851 0.000000 0.004188 0.997175
-0.000851 0.000000 0.005864 0.997175
-0.000851 0.000000 0.007539 0.997175
-0.000851 0.000000 0.009215 0.997175
-0.000851 0.000000 0.010890 0.997175
-0.000851 0.000000 0.012565 0.997175
-0.000851 0.000000 0.014241 0.997175
-0.000851 0.000000 0.015916 0.997175
-0.000851 0.000000 0.017592 0.997175
-0.000851 0.000000 0.019267 0.997175
-0.000851 0.000000 0.020942 0.997175
-0.000851 0.000000 0.022618 0.997175
-0.000851 0.000000 0.024293 0.997175
-0.000851 0.000000 0.025969 0.997175
-0.000851 0.000000 0.027644 0.997175
-0.000851 0.000000 0.029319 0.997175
-0.000851 0.000000 0.030995 0.997175
-0.000851 0.000000 0.032670 0.997175
-0.000851 0.000000 0.034346 0.997175
-0.000851 0.000000 0.036021 0.997175
-0.000851 0.000000 0.037696 0.997175
-0.000851 0.000000 0.039372 0.997175
-0.000851 0.000000 0.041047 0.997175
-0.000851 0.000000 0.042723 0.997175
-0.000851 0.000000 0.044398 0.997175
-0.000851 0.000000 0.046073 0.997175
-0.000851 0.000000 0.047749 0.997175
-0.000851 0.000000 0.049424 0.997175
-0.000851 0.000000 0.051099 0.997175
-0.000851 0.000000 0.052775 0.997175
-0.000851 0.000000 0.054450 0.997175
-0.000851 0.000000 0.056126 0.997175
-0.000851 0.000000 0.057801 0.997175
-0.000851 0.000000 0.059476 0.997175
-0.000851 0.000000 0.061152 0.997175
-0.000851 0.000000 0.062827 0.997175
-0.000851 0.000000 0.064503 0.997175
-0.000851 0.000000 0.066178 0.997175
-0.000851 0.000000 0.067853 0.997175
-0.000851 0.000000 0.069529 0.997175
-0.000851 0.000000 0.071204 0.997175
-0.000851 0.000000 0.072880 0.997175
-0.000851 0.000000 0.074555 0.997175
-0.000851 0.000000 0.076230 0.997175
-0.000851 0.000000 0.077906 0.997175
-0.000851 0.000000 0.079581 0.997175
-0.000851 0.000000 0.081257 0.997175
-0.000851 0.000000 0.082932 0.997175
-0.000851 0.000000 0.084607 0.997175
-0.000851 0.000000 0.086283 0.997175
-0.000851 0.000000 0.087958 0.997175
-0.000851 0.000000 0.089634 0.997175
-0.000851 0.000000 0.091309 0.997175
-0.000851 0.000000 0.092984 0.997175
-0.000851 0.000000 0.094660 0.997175
-0.000851 0.000000 0.096335 0.997175
-0.000851 0.000000 0.098010 0.997175
-0.000851 0.000000 0.099686 0.997175
-0.000851 0.000000 0.101361 0.997175
-0.000851 0.000000 0.103037 0.997175
-0.000851 0.000000 0.104712 0.997175
-0.000851 0.000000 0.106387 0.997175
-0.000851 0.000000 0.108063 0.997175
-0.000851 0.000000 0.109738 0.997175
-0.000851 0.000000 0.111414 0.997175
-0.000851 0.000000 0.113089 0.997175
-0.000851 0.000000 0.114764 0.997175
-0.000851 0.000000 0.116440 0.997175
-0.000851 0.000000 0.118115 0.997175
-0.000851 0.000000 0.119791 0.997175
-0.000851 0.000000 0.121466 0.997175
-0.000851 0.000000 0.123141 0.997175
-0.000851 0.000000 0.124817 0.997175
-0.000851 0.000000 0.126492 0.997175
-0.000851 0.000000 0.128168 0.997175
-0.000851 0.000000 0.129843 0.997175
-0.000851 0.000000 0.131518 0.997175
-0.000851 0.000000 0.133194 0.997175
-0.000851 0.000000 0.134869 0.997175
-0.000851 0.000000 0.136545 0.997175
-0.000851 0.000000 0.138220 0.997175
-0.000851 0.000000 0.139895 0.997175
-0.000851 0.000000 0.141571 0.997175
-0.000851 0.000000 0.143246 0.997175
-0.000851 0.000000 0.144921 0.997175
-0.000851 0.000000 0.146597 0.997175
-0.000851 0.000000 0.148272 0.997175
-0.000851 0.000000 0.149948 0.997175
-0.000851 0.000000 0.151623 0.997175
-0.000851 0.000000 0.153298 0.997175
-0.000851 0.000000 0.154974 0.997175
-0.000851 0.000000 0.156649 0.997175
-0.000851 0.000000 0.158325 0.997175
-0.000851 0.000000 0.160000 0.997175
0.000851 0.000000 -0.160000 0.997175
0.000851 0.000000 -0.158325 0.997175
0.000851 0.000000 -0.156649 0.997175
0.000851 0.000000 -0.154974 0.997175
0.000851 0.000000 -0.153298 0.997175
0.000851 0.000000 -0.151623 0.997175
0.000851 0.000000 -0.149948 0.997175
0.000851 0.000000 -0.148272 0.997175
0.000851 0.000000 -0.146597 0.997175
0.000851 0.000000 -0.144921 0.997175
0.000851 0.000000 -0.143246 0.997175
0.000851 0.000000 -0.141571 0.997175
0.000851 0.000000 -0.139895 0.997175
0.000851 0.000000 -0.138220 0.997175
0.000851 0.000000 -0.136545 0.997175
0.000851 0.000000 -0.134869 0.997175
0.000851 0.000000 -0.133194 0.997175
0.000851 0.000000 -0.131518 0.997175
0.000851 0.000000 -0.129843 0.997175
0.000851 0.000000 -0.128168 0.997175
0.000851 0.000000 -0.126492 0.997175
0.000851 0.000000 -0.124817 0.997175
0.000851 0.000000 -0.123141 0.997175
0.000851 0.000000 -0.121466 0.997175
0.000851 0.000000 -0.119791 0.997175
0.000851 0.000000 -0.118115 0.997175
0.000851 0.000000 -0.116440 0.997175
0.000851 0.000000 -0.114764 0.997175
0.000851 0.000000 -0.113089 0.997175
0.000851 0.000000 -0.111414 0.997175
0.000851 0.000000 -0.109738 0.997175
0.000851 0.000000 -0.108063 0.997175
0.000851 0.000000 -0.106387 0.997175
0.000851 0.000000 -0.104712 0.997175
0.000851 0.000000 -0.103037 0.997175
0.000851 0.000000 -0.101361 0.997175
0.000851 0.000000 -0.099686 0.997175
0.000851 0.000000 -0.098010 0.997175
0.000851 0.000000 -0.096335 0.997175
0.000851 0.000000 -0.094660 0.997175
0.000851 0.000000 -0.092984 0.997175
0.000851 0.000000 -0.091309 0.997175
0.000851 0.000000 -0.089634 0.997175
0.000851 0.000000 -0.087958 0.997175
0.000851 0.000000 -0.086283 0.997175
0.000851 0.000000 -0.084607 0.997175
0.000851 0.000000 -0.082932 0.997175
0.000851 0.000000 -0.081257 0.997175
0.000851 0.000000 -0.079581 0.997175
0.000851 0.000000 -0.077906 0.997175
0.000851 0.000000 -0.076230 0.997175
0.000851 0.000000 -0.074555 0.997175
0.000851 0.000000 -0.072880 0.997175
0.000851 0.000000 -0.071204 0.997175
0.000851 0.000000 -0.069529 0.997175
0.000851 0.000000 -0.067853 0.997175
0.000851 0.000000 -0.066178 0.997175
0.000851 0.000000 -0.064503 0.997175
0.000851 0.000000 -0.062827 0.997175
0.000851 0.000000 -0.061152 0.997175
0.000851 0.000000 -0.059476 0.997175
0.000851 0.000000 -0.057801 0.997175
0.000851 0.000000 -0.056126 0.997175
0.000851 0.000000 -0.054450 0.997175
0.000851 0.000000 -0.052775 0.997175
0.000851 0.000000 -0.051099 0.997175
0.000851 0.000000 -0.049424 0.997175
0.000851 0.000000 -0.047749 0.997175
0.000851 0.000000 -0.046073 0.997175
0.000851 0.000000 -0.044398 0.997175
0.000851 0.000000 -0.042723 0.997175
0.000851 0.000000 -0.041047 0.997175
0.000851 0.000000 -0.039372 0.997175
0.000851 0.000000 -0.037696 0.997175
0.000851 0.000000 -0.036021 0.997175
0.000851 0.000000 -0.034346 0.997175
0.000851 0.000000 -0.032670 0.997175
0.000851 0.000000 -0.030995 0.997175
0.000851 0.000000 -0.029319 0.997175
0.000851 0.000000 -0.027644 0.997175
0.000851 0.000000 -0.025969 0.997175
0.000851 0.000000 -0.024293 0.997175
0.000851 0.000000 -0.022618 0.997175
0.000851 0.000000 -0.020942 0.997175
0.000851 0.000000 -0.019267 0.997175
0.000851 0.000000 -0.017592 0.997175
0.000851 0.000000 -0.015916 0.997175
0.000851 0.000000 -0.014241 0.997175
0.000851 0.000000 -0.012565 0.997175
0.000851 0.000000 -0.010890 0.997175
0.000851 0.000000 -0.009215 0.997175
0.000851 0.000000 -0.007539 0.997175
0.000851 0.000000 -0.005864 0.997175
0.000851 0.000000 -0.004188 0.997175
0.000851 0.000000 -0.002513 0.997175
0.000851 0.000000 -0.000838 0.997175
0.000851 0.000000 0.000838 0.997175
0.000851 0.000000 0.002513 0.997175
0.000851 0.000000 0.004188 0.997175
0.000851 0.000000 0.005864 0.997175
0.000851 0.000000 0.007539 0.997175
0.000851 0.000000 0.009215 0.997175
0.000851 0.000000 0.010890 0.997175
0.000851 0.000000 0.012565 0.997175
0.000851 0.000000 0.014241 0.997175
0.000851 0.000000 0.015916 0.997175
0.000851 0.000000 0.017592 0.997175
0.000851 0.000000 0.019267 0.997175
0.000851 0.000000 0.020942 0.997175
0.000851 0.000000 0.022618 0.997175
0.000851 0.000000 0.024293 0.997175
0.000851 0.000000 0.025969 0.997175
0.000851 0.000000 0.027644 0.997175
0.000851 0.000000 0.029319 0.997175
0.000851 0.000000 0.030995 0.997175
0.000851 0.000000 0.032670 0.997175
0.000851 0.000000 0.034346 0.997175
0.000851 0.000000 0.036021 0.997175
0.000851 0.000000 0.037696 0.997175
0.000851 0.000000 0.039372 0.997175
0.000851 0.000000 0.041047 0.997175
0.000851 0.000000 0.042723 0.997175
0.000851 0.000000 0.044398 0.997175
0.000851 0.000000 0.046073 0.997175
0.000851 0.000000 0.047749 0.997175
0.000851 0.000000 0.049424 0.997175
0.000851 0.000000 0.051099 0.997175
0.000851 0.000000 0.052775 0.997175
0.000851 0.000000 0.054450 0.997175
0.000851 0.000000 0.056126 0.997175
0.000851 0.000000 0.057801 0.997175
0.000851 0.000000 0.059476 0.997175
0.000851 0.000000 0.061152 0.997175
0.000851 0.000000 0.062827 0.997175
0.000851 0.000000 0.064503 0.997175
0.000851 0.000000 0.066178 0.997175
0.000851 0.000000 0.067853 0.997175
0.000851 0.000000 0.069529 0.997175
0.000851 0.000000 0.071204 0.997175
0.000851 0.000000 0.072880 0.997175
0.000851 0.000000 0.074555 0.997175
0.000851 0.000000 0.076230 0.997175
0.000851 0.000000 0.077906 0.997175
0.000851 0.000000 0.079581 0.997175
0.000851 0.000000 0.081257 0.997175
0.000851 0.000000 0.082932 0.997175
0.000851 0.000000 0.084607 0.997175
0.000851 0.000000 0.086283 0.997175
0.000851 0.000000 0.087958 0.997175
0.000851 0.000000 0.089634 0.997175
0.000851 0.000000 0.091309 0.997175
0.000851 0.000000 0.092984 0.997175
0.000851 0.000000 0.094660 0.997175
0.000851 0.000000 0.096335 0.997175
0.000851 0.000000 0.098010 0.997175
0.000851 0.000000 0.099686 0.997175
0.000851 0.000000 0.101361 0.997175
0.000851 0.000000 0.103037 0.997175
0.000851 0.000000 0.104712 0.997175
0.000851 0.000000 0.106387 0.997175
0.000851 0.000000 0.108063 0.997175
0.000851 0.000000 0.109738 0.997175
0.000851 0.000000 0.111414 0.997175
0.000851 0.000000 0.113089 0.997175
0.000851 0.000000 0.114764 0.997175
0.000851 0.000000 0.116440 0.997175
0.000851 0.000000 0.118115 0.997175
0.000851 0.000000 0.119791 0.997175
0.000851 0.000000 0.121466 0.997175
0.000851 0.000000 0.123141 0.997175
0.000851 0.000000 0.124817 0.997175
0.000851 0.000000 0.126492 0.997175
0.000851 0.000000 0.128168 0.997175
0.000851 0.000000 0.129843 0.997175
0.000851 0.000000 0.131518 0.997175
0.000851 0.000000 0.133194 0.997175
0.000851 0.000000 0.134869 0.997175
0.000851 0.000000 0.136545 0.997175
0.000851 0.000000 0.138220 0.997175
0.000851 0.000000 0.139895 0.997175
0.000851 0.000000 0.141571 0.997175
0.000851 0.000000 0.143246 0.997175
0.000851 0.000000 0.144921 0.997175
0.000851 0.000000 0.146597 0.997175
0.000851 0.000000 0.148272 0.997175
0.000851 0.000000 0.149948 0.997175
0.000851 0.000000 0.151623 0.997175
0.000851 0.000000 0.153298 0.997175
0.000851 0.000000 0.154974 0.997175
0.000851 0.000000 0.156649 0.997175
0.000851 0.000000 0.158325 0.997175
0.000851 0.000000 0.160000 0.997175
0.002553 0.000000 -0.160000 0.974857
0.002553 0.000000 -0.158325 0.974857
0.002553 0.000000 -0.156649 0.974857
0.002553 0.000000 -0.154974 0.974857
0.002553 0.000000 -0.153298 0.974857
0.002553 0.000000 -0.151623 0.974857
0.002553 0.000000 -0.149948 0.974857
0.002553 0.000000 -0.148272 0.974857
0.002553 0.000000 -0.146597 0.974857
0.002553 0.000000 -0.144921 0.974857
0.002553 0.000000 -0.143246 0.974857
0.002553 0.000000 -0.141571 0.974857
0.002553 0.000000 -0.139895 0.974857
0.002553 0.000000 -0.138220 0.974857
0.002553 0.000000 -0.136545 0.974857
0.002553 0.000000 -0.134869 0.974857
0.002553 0.000000 -0.133194 0.974857
0.002553 0.000000 -0.131518 0.974857
0.002553 0.000000 -0.129843 0.974857
0.002553 0.000000 -0.128168 0.974857
0.002553 0.000000 -0.126492 0.974857
0.002553 0.000000 -0.124817 0.974857
0.002553 0.000000 -0.123141 0.974857
0.002553 0.000000 -0.121466 0.974857
0.002553 0.000000 -0.119791 0.974857
0.002553 0.000000 -0.118115 0.974857
0.002553 0.000000 -0.116440 0.974857
0.002553 0.000000 -0.114764 0.974857
0.002553 0.000000 -0.113089 0.974857
0.002553 0.000000 -0.111414 0.974857
0.002553 0.000000 -0.109738 0.974857
0.002553 0.000000 -0.108063 0.974857
0.002553 0.000000 -0.106387 0.974857
0.002553 0.000000 -0.104712 0.974857
0.002553 0.000000 -0.103037 0.974857
0.002553 0.000000 -0.101361 0.974857
0.002553 0.000000 -0.099686 0.974857
0.002553 0.000000 -0.098010 0.974857
0.002553 0.000000 -0.096335 0.974857
0.002553 0.000000 -0.094660 0.974857
0.002553 0.000000 -0.092984 0.974857
0.002553 0.000000 -0.091309 0.974857
0.002553 0.000000 -0.089634 0.974857
0.002553 0.000000 -0.087958 0.974857
0.002553 0.000000 -0.086283 0.974857
0.002553 0.000000 -0.084607 0.974857
0.002553 0.000000 -0.082932 0.974857
0.002553 0.000000 -0.081257 0.974857
0.002553 0.000000 -0.079581 0.974857
0.002553 0.000000 -0.077906 0.974857
0.002553 0.000000 -0.076230 0.974857
0.002553 0.000000 -0.074555 0.974857
0.002553 0.000000 -0.072880 0.974857
0.002553 0.000000 -0.071204 0.974857
0.002553 0.000000 -0.069529 0.974857
0.002553 0.000000 -0.067853 0.974857
0.002553 0.000000 -0.066178 0.974857
0.002553 0.000000 -0.064503 0.974857
0.002553 0.000000 -0.062827 0.974857
0.002553 0.000000 -0.061152 0.974857
0.002553 0.000000 -0.059476 0.974857
0.002553 0.000000 -0.057801 0.974857
0.002553 0.000000 -0.056126 0.974857
0.002553 0.000000 -0.054450 0.974857
0.002553 0.000000 -0.052775 0.974857
0.002553 0.000000 -0.051099 0.974857
0.002553 0.000000 -0.049424 0.974857
0.002553 0.000000 -0.047749 0.974857
0.002553 0.000000 -0.046073 0.974857
0.002553 0.000000 -0.044398 0.974857
0.002553 0.000000 -0.042723 0.974857
0.002553 0.000000 -0.041047 0.974857
0.002553 0.000000 -0.039372 0.974857
0.002553 0.000000 -0.037696 0.974857
0.002553 0.000000 -0.036021 0.974857
0.002553 0.000000 -0.034346 0.974857
0.002553 0.000000 -0.032670 0.974857
0.002553 0.000000 -0.030995 0.974857
0.002553 0.000000 -0.029319 0.974857
0.002553 0.000000 -0.027644 0.974857
0.002553 0.000000 -0.025969 0.974857
0.002553 0.000000 -0.024293 0.974857
0.002553 0.000000 -0.022618 0.974857
0.002553 0.000000 -0.020942 0.974857
0.002553 0.000000 -0.019267 0.974857
0.002553 0.000000 -0.017592 0.974857
0.002553 0.000000 -0.015916 0.974857
0.002553 0.000000 -0.014241 0.974857
0.002553 0.000000 -0.012565 0.974857
0.002553 0.000000 -0.010890 0.974857
0.002553 0.000000 -0.009215 0.974857
0.002553 0.000000 -0.007539 0.974857
0.002553 0.000000 -0.005864 0.974857
0.002553 0.000000 -0.004188 0.974857
0.002553 0.000000 -0.002513 0.974857
0.002553 0.000000 -0.000838 0.974857
0.002553 0.000000 0.000838 0.974857
0.002553 0.000000 0.002513 0.974857
0.002553 0.000000 0.004188 0.974857
0.002553 0.000000 0.005864 0.974857
0.002553 0.000000 0.007539 0.974857
0.002553 0.000000 0.009215 0.974857
0.002553 0.000000 0.010890 0.974857
0.002553 0.000000 0.012565 0.974857
0.002553 0.000000 0.014241 0.974857
0.002553 0.000000 0.015916 0.974857
0.002553 0.000000 0.017592 0.974857
0.002553 0.000000 0.019267 0.974857
0.002553 0.000000 0.020942 0.974857
0.002553 0.000000 0.022618 0.974857
0.002553 0.000000 0.024293 0.974857
0.002553 0.000000 0.025969 0.974857
0.002553 0.000000 0.027644 0.974857
0.002553 0.000000 0.029319 0.974857
0.002553 0.000000 0.030995 0.974857
0.002553 0.000000 0.032670 0.974857
0.002553 0.000000 0.034346 0.974857
0.002553 0.000000 0.036021 0.974857
0.002553 0.000000 0.037696 0.974857
0.002553 0.000000 0.039372 0.974857
0.002553 0.000000 0.041047 0.974857
0.002553 0.000000 0.042723 0.974857
0.002553 0.000000 0.044398 0.974857
0.002553 0.000000 0.046073 0.974857
0.002553 0.000000 0.047749 0.974857
0.002553 0.000000 0.049424 0.974857
0.002553 0.000000 0.051099 0.974857
0.002553 0.000000 0.052775 0.974857
0.002553 0.000000 0.054450 0.974857
0.002553 0.000000 0.056126 0.974857
0.002553 0.000000 0.057801 0.974857
0.002553 0.000000 0.059476 0.974857
0.002553 0.000000 0.061152 0.974857
0.002553 0.000000 0.062827 0.974857
0.002553 0.000000 0.064503 0.974857
0.002553 0.000000 0.066178 0.974857
0.002553 0.000000 0.067853 0.974857
0.002553 0.000000 0.069529 0.974857
0.002553 0.000000 0.071204 0.974857
0.002553 0.000000 0.072880 0.974857
0.002553 0.000000 0.074555 0.974857
0.002553 0.000000 0.076230 0.974857
0.002553 0.000000 0.077906 0.974857
0.002553 0.000000 0.079581 0.974857
0.002553 0.000000 0.081257 0.974857
0.002553 0.000000 0.082932 0.974857
0.002553 0.000000 0.084607 0.974857
0.002553 0.000000 0.086283 0.974857
0.002553 0.000000 0.087958 0.974857
0.002553 0.000000 0.089634 0.974857
0.002553 0.000000 0.091309 0.974857
0.002553 0.000000 0.092984 0.974857
0.002553 0.000000 0.094660 0.974857
0.002553 0.000000 0.096335 0.974857
0.002553 0.000000 0.098010 0.974857
0.002553 0.000000 0.099686 0.974857
0.002553 0.000000 0.101361 0.974857
0.002553 0.000000 0.103037 0.974857
0.002553 0.000000 0.104712 0.974857
0.002553 0.000000 0.106387 0.974857
0.002553 0.000000 0.108063 0.974857
0.002553 0.000000 0.109738 0.974857
0.002553 0.000000 0.111414 0.974857
0.002553 0.000000 0.113089 0.974857
0.002553 0.000000 0.114764 0.974857
0.002553 0.000000 0.116440 0.974857
0.002553 0.000000 0.118115 0.974857
0.002553 0.000000 0.119791 0.974857
0.002553 0.000000 0.121466 0.974857
0.002553 0.000000 0.123141 0.974857
0.002553 0.000000 0.124817 0.974857
0.002553 0.000000 0.126492 0.974857
0.002553 0.000000 0.128168 0.974857
0.002553 0.000000 0.129843 0.974857
0.002553 0.000000 0.131518 0.974857
0.002553 0.000000 0.133194 0.974857
0.002553 0.000000 0.134869 0.974857
0.002553 0.000000 0.136545 0.974857
0.002553 0.000000 0.138220 0.974857
0.002553 0.000000 0.139895 0.974857
0.002553 0.000000 0.141571 0.974857
0.002553 0.000000 0.143246 0.974857
0.002553 0.000000 0.144921 0.974857
0.002553 0.000000 0.146597 0.974857
0.002553 0.000000 0.148272 0.974857
0.002553 0.000000 0.149948 0.974857
0.002553 0.000000 0.151623 0.974857
0.002553 0.000000 0.153298 0.974857
0.002553 0.000000 0.154974 0.974857
0.002553 0.000000 0.156649 0.974857
0.002553 0.000000 0.158325 0.974857
0.002553 0.000000 0.160000 0.974857
0.004255 0.000000 -0.160000 0.931710
0.004255 0.000000 -0.158325 0.931710
0.004255 0.000000 -0.156649 0.931710
0.004255 0.000000 -0.154974 0.931710
0.004255 0.000000 -0.153298 0.931710
0.004255 0.000000 -0.151623 0.931710
0.004255 0.000000 -0.149948 0.931710
0.004255 0.000000 -0.148272 0.931710
0.004255 0.000000 -0.146597 0.931710
0.004255 0.000000 -0.144921 0.931710
0.004255 0.000000 -0.143246 0.931710
0.004255 0.000000 -0.141571 0.931710
0.004255 0.000000 -0.139895 0.931710
0.004255 0.000000 -0.138220 0.931710
0.004255 0.000000 -0.136545 0.931710
0.004255 0.000000 -0.134869 0.931710
0.004255 0.000000 -0.133194 0.931710
0.004255 0.000000 -0.131518 0.931710
0.004255 0.000000 -0.129843 0.931710
0.004255 0.000000 -0.128168 0.931710
0.004255 0.000000 -0.126492 0.931710
0.004255 0.000000 -0.124817 0.931710
0.004255 0.000000 -0.123141 0.931710
0.004255 0.000000 -0.121466 0.931710
0.004255 0.000000 -0.119791 0.931710
0.004255 0.000000 -0.118115 0.931710
0.004255 0.000000 -0.116440 0.931710
0.004255 0.000000 -0.114764 0.931710
0.004255 0.000000 -0.113089 0.931710
0.004255 0.000000 -0.111414 0.931710
0.004255 0.000000 -0.109738 0.931710
0.004255 0.000000 -0.108063 0.931710
0.004255 0.000000 -0.106387 0.931710
0.004255 0.000000 -0.104712 0.931710
0.004255 0.000000 -0.103037 0.931710
0.004255 0.000000 -0.101361 0.931710
0.004255 0.000000 -0.099686 0.931710
0.004255 0.000000 -0.098010 0.931710
0.004255 0.000000 -0.096335 0.931710
0.004255 0.000000 -0.094660 0.931710
0.004255 0.000000 -0.092984 0.931710
0.004255 0.000000 -0.091309 0.931710
0.004255 0.000000 -0.089634 0.931710
0.004255 0.000000 -0.087958 0.931710
0.004255 0.000000 -0.086283 0.931710
0.004255 0.000000 -0.084607 0.931710
0.004255 0.000000 -0.082932 0.931710
0.004255 0.000000 -0.081257 0.931710
0.004255 0.000000 -0.079581 0.931710
0.004255 0.000000 -0.077906 0.931710
0.004255 0.000000 -0.076230 0.931710
0.004255 0.000000 -0.074555 0.931710
0.004255 0.000000 -0.072880 0.931710
0.004255 0.000000 -0.071204 0.931710
0.004255 0.000000 -0.069529 0.931710
0.004255 0.000000 -0.067853 0.931710
0.004255 0.000000 -0.066178 0.931710
0.004255 0.000000 -0.064503 0.931710
0.004255 0.000000 -0.062827 0.931710
0.004255 0.000000 -0.061152 0.931710
0.004255 0.000000 -0.059476 0.931710
0.004255 0.000000 -0.057801 0.931710
0.004255 0.000000 -0.056126 0.931710
0.004255 0.000000 -0.054450 0.931710
0.004255 0.000000 -0.052775 0.931710
0.004255 0.000000 -0.051099 0.931710
0.004255 0.000000 -0.049424 0.931710
0.004255 0.000000 -0.047749 0.931710
0.004255 0.000000 -0.046073 0.931710
0.004255 0.000000 -0.044398 0.931710
0.004255 0.000000 -0.042723 0.931710
0.004255 0.000000 -0.041047 0.931710
0.004255 0.000000 -0.039372 0.931710
0.004255 0.000000 -0.037696 0.931710
0.004255 0.000000 -0.036021 0.931710
0.004255 0.000000 -0.034346 0.931710
0.004255 0.000000 -0.032670 0.931710
0.004255 0.000000 -0.030995 0.931710
0.004255 0.000000 -0.029319 0.931710
0.004255 0.000000 -0.027644 0.931710
0.004255 0.000000 -0.025969 0.931710
0.004255 0.000000 -0.024293 0.931710
0.004255 0.000000 -0.022618 0.931710
0.004255 0.000000 -0.020942 0.931710
0.004255 0.000000 -0.019267 0.931710
0.004255 0.000000 -0.017592 0.931710
0.004255 0.000000 -0.015916 0.931710
0.004255 0.000000 -0.014241 0.931710
0.004255 0.000000 -0.012565 0.931710
0.004255 0.000000 -0.010890 0.931710
0.004255 0.000000 -0.009215 0.931710
0.004255 0.000000 -0.007539 0.931710
0.004255 0.000000 -0.005864 0.931710
0.004255 0.000000 -0.004188 0.931710
0.004255 0.000000 -0.002513 0.931710
0.004255 0.000000 -0.000838 0.931710
0.004255 0.000000 0.000838 0.931710
0.004255 0.000000 0.002513 0.931710
0.004255 0.000000 0.004188 0.931710
0.004255 0.000000 0.005864 0.931710
0.004255 0.000000 0.007539 0.931710
0.004255 0.000000 0.009215 0.931710
0.004255 0.000000 0.010890 0.931710
0.004255 0.000000 0.012565 0.931710
0.004255 0.000000 0.014241 0.931710
0.004255 0.000000 0.015916 0.931710
0.004255 0.000000 0.017592 0.931710
0.004255 0.000000 0.019267 0.931710
0.004255 0.000000 0.020942 0.931710
0.004255 0.000000 0.022618 0.931710
0.004255 0.000000 0.024293 0.931710
0.004255 0.000000 0.025969 0.931710
0.004255 0.000000 0.027644 0.931710
0.004255 0.000000 0.029319 0.931710
0.004255 0.000000 0.030995 0.931710
0.004255 0.000000 0.032670 0.931710
0.004255 0.000000 0.034346 0.931710
0.004255 0.000000 0.036021 0.931710
0.004255 0.000000 0.037696 0.931710
0.004255 0.000000 0.039372 0.931710
0.004255 0.000000 0.041047 0.931710
0.004255 0.000000 0.042723 0.931710
0.004255 0.000000 0.044398 0.931710
0.004255 0.000000 0.046073 0.931710
0.004255 0.000000 0.047749 0.931710
0.004255 0.000000 0.049424 0.931710
0.004255 0.000000 0.051099 0.931710
0.004255 0.000000 0.052775 0.931710
0.004255 0.000000 0.054450 0.931710
0.004255 0.000000 0.056126 0.931710
0.004255 0.000000 0.057801 0.931710
0.004255 0.000000 0.059476 0.931710
0.004255 0.000000 0.061152 0.931710
0.004255 0.000000 0.062827 0.931710
0.004255 0.000000 0.064503 0.931710
0.004255 0.000000 0.066178 0.931710
0.004255 0.000000 0.067853 0.931710
0.004255 0.000000 0.069529 0.931710
0.004255 0.000000 0.071204 0.931710
0.004255 0.000000 0.072880 0.931710
0.004255 0.000000 0.074555 0.931710
0.004255 0.000000 0.076230 0.931710
0.004255 0.000000 0.077906 0.931710
0.004255 0.000000 0.079581 0.931710
0.004255 0.000000 0.081257 0.931710
0.004255 0.000000 0.082932 0.931710
0.004255 0.000000 0.084607 0.931710
0.004255 0.000000 0.086283 0.931710
0.004255 0.000000 0.087958 0.931710
0.004255 0.000000 0.089634 0.931710
0.004255 0.000000 0.091309 0.931710
0.004255 0.000000 0.092984 0.931710
0.004255 0.000000 0.094660 0.931710
0.004255 0.000000 0.096335 0.931710
0.004255 0.000000 0.098010 0.931710
0.004255 0.000000 0.099686 0.931710
0.004255 0.000000 0.101361 0.931710
0.004255 0.000000 0.103037 0.931710
0.004255 0.000000 0.104712 0.931710
0.004255 0.000000 0.106387 0.931710
0.004255 0.000000 0.108063 0.931710
0.004255 0.000000 0.109738 0.931710
0.004255 0.000000 0.111414 0.931710
0.004255 0.000000 0.113089 0.931710
0.004255 0.000000 0.114764 0.931710
0.004255 0.000000 0.116440 0.931710
0.004255 0.000000 0.118115 0.931710
0.004255 0.000000 0.119791 0.931710
0.004255 0.000000 0.121466 0.931710
0.004255 0.000000 0.123141 0.931710
0.004255 0.000000 0.124817 0.931710
0.004255 0.000000 0.126492 0.931710
0.004255 0.000000 0.128168 0.931710
0.004255 0.000000 0.129843 0.931710
0.004255 0.000000 0.131518 0.931710
0.004255 0.000000 0.133194 0.931710
0.004255 0.000000 0.134869 0.931710
0.004255 0.000000 0.136545 0.931710
0.004255 0.000000 0.138220 0.931710
0.004255 0.000000 0.139895 0.931710
0.004255 0.000000 0.141571 0.931710
0.004255 0.000000 0.143246 0.931710
0.004255 0.000000 0.144921 0.931710
0.004255 0.000000 0.146597 0.931710
0.004255 0.000000 0.148272 0.931710
0.004255 0.000000 0.149948 0.931710
0.004255 0.000000 0.151623 0.931710
0.004255 0.000000 0.153298 0.931710
0.004255 0.000000 0.154974 0.931710
0.004255 0.000000 0.156649 0.931710
0.004255 0.000000 0.158325 0.931710
0.004255 0.000000 0.160000 0.931710
0.005957 0.000000 -0.160000 0.870544
0.005957 0.000000 -0.158325 0.870544
0.005957 0.000000 -0.156649 0.870544
0.005957 0.000000 -0.154974 0.870544
0.005957 0.000000 -0.153298 0.870544
0.005957 0.000000 -0.151623 0.870544
0.005957 0.000000 -0.149948 0.870544
0.005957 0.000000 -0.148272 0.870544
0.005957 0.000000 -0.146597 0.870544
0.005957 0.000000 -0.144921 0.870544
0.005957 0.000000 -0.143246 0.870544
0.005957 0.000000 -0.141571 0.870544
0.005957 0.000000 -0.139895 0.870544
0.005957 0.000000 -0.138220 0.870544
0.005957 0.000000 -0.136545 0.870544
0.005957 0.000000 -0.134869 0.870544
0.005957 0.000000 -0.133194 0.870544
0.005957 0.000000 -0.131518 0.870544
0.005957 0.000000 -0.129843 0.870544
0.005957 0.000000 -0.128168 0.870544
0.005957 0.000000 -0.126492 0.870544
0.005957 0.000000 -0.124817 0.870544
0.005957 0.000000 -0.123141 0.870544
0.005957 0.000000 -0.121466 0.870544
0.005957 0.000000 -0.119791 0.870544
0.005957 0.000000 -0.118115 0.870544
0.005957 0.000000 -0.116440 0.870544
0.005957 0.000000 -0.114764 0.870544
0.005957 0.000000 -0.113089 0.870544
0.005957 0.000000 -0.111414 0.870544
0.005957 0.000000 -0.109738 0.870544
0.005957 0.000000 -0.108063 0.870544
0.005957 0.000000 -0.106387 0.870544
0.005957 0.000000 -0.104712 0.870544
0.005957 0.000000 -0.103037 0.870544
0.005957 0.000000 -0.101361 0.870544
0.005957 0.000000 -0.099686 0.870544
0.005957 0.000000 -0.098010 0.870544
0.005957 0.000000 -0.096335 0.870544
0.005957 0.000000 -0.094660 0.870544
0.005957 0.000000 -0.092984 0.870544
0.005957 0.000000 -0.091309 0.870544
0.005957 0.000000 -0.089634 0.870544
0.005957 0.000000 -0.087958 0.870544
0.005957 0.000000 -0.086283 0.870544
0.005957 0.000000 -0.084607 0.870544
0.005957 0.000000 -0.082932 0.870544
0.005957 0.000000 -0.081257 0.870544
0.005957 0.000000 -0.079581 0.870544
0.005957 0.000000 -0.077906 0.870544
0.005957 0.000000 -0.076230 0.870544
0.005957 0.000000 -0.074555 0.870544
0.005957 0.000000 -0.072880 0.870544
0.005957 0.000000 -0.071204 0.870544
0.005957 0.000000 -0.069529 0.870544
0.005957 0.000000 -0.067853 0.870544
0.005957 0.000000 -0.066178 0.870544
0.005957 0.000000 -0.064503 0.870544
0.005957 0.000000 -0.062827 0.870544
0.005957 0.000000 -0.061152 0.870544
0.005957 0.000000 -0.059476 0.870544
0.005957 0.000000 -0.057801 0.870544
0.005957 0.000000 -0.056126 0.870544
0.005957 0.000000 -0.054450 0.870544
0.005957 0.000000 -0.052775 0.870544
0.005957 0.000000 -0.051099 0.870544
0.005957 0.000000 -0.049424 0.870544
0.005957 0.000000 -0.047749 0.870544
0.005957 0.000000 -0.046073 0.870544
0.005957 0.000000 -0.044398 0.870544
0.005957 0.000000 -0.042723 0.870544
0.005957 0.000000 -0.041047 0.870544
0.005957 0.000000 -0.039372 0.870544
0.005957 0.000000 -0.037696 0.870544
0.005957 0.000000 -0.036021 0.870544
0.005957 0.000000 -0.034346 0.870544
0.005957 0.000000 -0.032670 0.870544
0.005957 0.000000 -0.030995 0.870544
0.005957 0.000000 -0.029319 0.870544
0.005957 0.000000 -0.027644 0.870544
0.005957 0.000000 -0.025969 0.870544
0.005957 0.000000 -0.024293 0.870544
0.005957 0.000000 -0.022618 0.870544
0.005957 0.000000 -0.020942 0.870544
0.005957 0.000000 -0.019267 0.870544
0.005957 0.000000 -0.017592 0.870544
0.005957 0.000000 -0.015916 0.870544
0.005957 0.000000 -0.014241 0.870544
0.005957 0.000000 -0.012565 0.870544
0.005957 0.000000 -0.010890 0.870544
0.005957 0.000000 -0.009215 0.870544
0.005957 0.000000 -0.007539 0.870544
0.005957 0.000000 -0.005864 0.870544
0.005957 0.000000 -0.004188 0.870544
0.005957 0.000000 -0.002513 0.870544
0.005957 0.000000 -0.000838 0.870544
0.005957 0.000000 0.000838 0.870544
0.005957 0.000000 0.002513 0.870544
0.005957 0.000000 0.004188 0.870544
0.005957 0.000000 0.005864 0.870544
0.005957 0.000000 0.007539 0.870544
0.005957 0.000000 0.009215 0.870544
0.005957 0.000000 0.010890 0.870544
0.005957 0.000000 0.012565 0.870544
0.005957 0.000000 0.014241 0.870544
0.005957 0.000000 0.015916 0.870544
0.005957 0.000000 0.017592 0.870544
0.005957 0.000000 0.019267 0.870544
0.005957 0.000000 0.020942 0.870544
0.005957 0.000000 0.022618 0.870544
0.005957 0.000000 0.024293 0.870544
0.005957 0.000000 0.025969 0.870544
0.005957 0.000000 0.027644 0.870544
0.005957 0.000000 0.029319 0.870544
0.005957 0.000000 0.030995 0.870544
0.005957 0.000000 0.032670 0.870544
0.005957 0.000000 0.034346 0.870544
0.005957 0.000000 0.036021 0.870544
0.005957 0.000000 0.037696 0.870544
0.005957 0.000000 0.039372 0.870544
0.005957 0.000000 0.041047 0.870544
0.005957 0.000000 0.042723 0.870544
0.005957 0.000000 0.044398 0.870544
0.005957 0.000000 0.046073 0.870544
0.005957 0.000000 0.047749 0.870544
0.005957 0.000000 0.049424 0.870544
0.005957 0.000000 0.051099 0.870544
0.005957 0.000000 0.052775 0.870544
0.005957 0.000000 0.054450 0.870544
0.005957 0.000000 0.056126 0.870544
0.005957 0.000000 0.057801 0.870544
0.005957 0.000000 0.059476 0.870544
0.005957 0.000000 0.061152 0.870544
0.005957 0.000000 0.062827 0.870544
0.005957 0.000000 0.064503 0.870544
0.005957 0.000000 0.066178 0.870544
0.005957 0.000000 0.067853 0.870544
0.005957 0.000000 0.069529 0.870544
0.005957 0.000000 0.071204 0.870544
0.005957 0.000000 0.072880 0.870544
0.005957 0.000000 0.074555 0.870544
0.005957 0.000000 0.076230 0.870544
0.005957 0.000000 0.077906 0.870544
0.005957 0.000000 0.079581 0.870544
0.005957 0.000000 0.081257 0.870544
0.005957 0.000000 0.082932 0.870544
0.005957 0.000000 0.084607 0.870544
0.005957 0.000000 0.086283 0.870544
0.005957 0.000000 0.087958 0.870544
0.005957 0.000000 0.089634 0.870544
0.005957 0.000000 0.091309 0.870544
0.005957 0.000000 0.092984 0.870544
0.005957 0.000000 0.094660 0.870544
0.005957 0.000000 0.096335 0.870544
0.005957 0.000000 0.098010 0.870544
0.005957 0.000000 0.099686 0.870544
0.005957 0.000000 0.101361 0.870544
0.005957 0.000000 0.103037 0.870544
0.005957 0.000000 0.104712 0.870544
0.005957 0.000000 0.106387 0.870544
0.005957 0.000000 0.108063 0.870544
0.005957 0.000000 0.109738 0.870544
0.005957 0.000000 0.111414 0.870544
0.005957 0.000000 0.113089 0.870544
0.005957 0.000000 0.114764 0.870544
0.005957 0.000000 0.116440 0.870544
0.005957 0.000000 0.118115 0.870544
0.005957 0.000000 0.119791 0.870544
0.005957 0.000000 0.121466 0.870544
0.005957 0.000000 0.123141 0.870544
0.005957 0.000000 0.124817 0.870544
0.005957 0.000000 0.126492 0.870544
0.005957 0.000000 0.128168 0.870544
0.005957 0.000000 0.129843 0.870544
0.005957 0.000000 0.131518 0.870544
0.005957 0.000000 0.133194 0.870544
0.005957 0.000000 0.134869 0.870544
0.005957 0.000000 0.136545 0.870544
0.005957 0.000000 0.138220 0.870544
0.005957 0.000000 0.139895 0.870544
0.005957 0.000000 0.141571 0.870544
0.005957 0.000000 0.143246 0.870544
0.005957 0.000000 0.144921 0.870544
0.005957 0.000000 0.146597 0.870544
0.005957 0.000000 0.148272 0.870544
0.005957 0.000000 0.149948 0.870544
0.005957 0.000000 0.151623 0.870544
0.005957 0.000000 0.153298 0.870544
0.005957 0.000000 0.154974 0.870544
0.005957 0.000000 0.156649 0.870544
0.005957 0.000000 0.158325 0.870544
0.005957 0.000000 0.160000 0.870544
0.007660 0.000000 -0.160000 0.795188
0.007660 0.000000 -0.158325 0.795188
0.007660 0.000000 -0.156649 0.795188
0.007660 0.000000 -0.154974 0.795188
0.007660 0.000000 -0.153298 0.795188
0.007660 0.000000 -0.151623 0.795188
0.007660 0.000000 -0.149948 0.795188
0.007660 0.000000 -0.148272 0.795188
0.007660 0.000000 -0.146597 0.795188
0.007660 0.000000 -0.144921 0.795188
0.007660 0.000000 -0.143246 0.795188
0.007660 0.000000 -0.141571 0.795188
0.007660 0.000000 -0.139895 0.795188
0.007660 0.000000 -0.138220 0.795188
0.007660 0.000000 -0.136545 0.795188
0.007660 0.000000 -0.134869 0.795188
0.007660 0.000000 -0.133194 0.795188
0.007660 0.000000 -0.131518 0.795188
0.007660 0.000000 -0.129843 0.795188
0.007660 0.000000 -0.128168 0.795188
0.007660 0.000000 -0.126492 0.795188
0.007660 0.000000 -0.124817 0.795188
0.007660 0.000000 -0.123141 0.795188
0.007660 0.000000 -0.121466 0.795188
0.007660 0.000000 -0.119791 0.795188
0.007660 0.000000 -0.118115 0.795188
0.007660 0.000000 -0.116440 0.795188
0.007660 0.000000 -0.114764 0.795188
0.007660 0.000000 -0.113089 0.795188
0.007660 0.000000 -0.111414 0.795188
0.007660 0.000000 -0.109738 0.795188
0.007660 0.000000 -0.108063 0.795188
0.007660 0.000000 -0.106387 0.795188
0.007660 0.000000 -0.104712 0.795188
0.007660 0.000000 -0.103037 0.795188
0.007660 0.000000 -0.101361 0.795188
0.007660 0.000000 -0.099686 0.795188
0.007660 0.000000 -0.098010 0.795188
0.007660 0.000000 -0.096335 0.795188
0.007660 0.000000 -0.094660 0.795188
0.007660 0.000000 -0.092984 0.795188
0.007660 0.000000 -0.091309 0.795188
0.007660 0.000000 -0.089634 0.795188
0.007660 0.000000 -0.087958 0.795188
0.007660 0.000000 -0.086283 0.795188
0.007660 0.000000 -0.084607 0.795188
0.007660 0.000000 -0.082932 0.795188
0.007660 0.000000 -0.081257 0.795188
0.007660 0.000000 -0.079581 0.795188
0.007660 0.000000 -0.077906 0.795188
0.007660 0.000000 -0.076230 0.795188
0.007660 0.000000 -0.074555 0.795188
0.007660 0.000000 -0.072880 0.795188
0.007660 0.000000 -0.071204 0.795188
0.007660 0.000000 -0.069529 0.795188
0.007660 0.000000 -0.067853 0.795188
0.007660 0.000000 -0.066178 0.795188
0.007660 0.000000 -0.064503 0.795188
0.007660 0.000000 -0.062827 0.795188
0.007660 0.000000 -0.061152 0.795188
0.007660 0.000000 -0.059476 0.795188
0.007660 0.000000 -0.057801 0.795188
0.007660 0.000000 -0.056126 0.795188
0.007660 0.000000 -0.054450 0.795188
0.007660 0.000000 -0.052775 0.795188
0.007660 0.000000 -0.051099 0.795188
0.007660 0.000000 -0.049424 0.795188
0.007660 0.000000 -0.047749 0.795188
0.007660 0.000000 -0.046073 0.795188
0.007660 0.000000 -0.044398 0.795188
0.007660 0.000000 -0.042723 0.795188
0.007660 0.000000 -0.041047 0.795188
0.007660 0.000000 -0.039372 0.795188
0.007660 0.000000 -0.037696 0.795188
0.007660 0.000000 -0.036021 0.795188
0.007660 0.000000 -0.034346 0.795188
0.007660 0.000000 -0.032670 0.795188
0.007660 0.000000 -0.030995 0.795188
0.007660 0.000000 -0.029319 0.795188
0.007660 0.000000 -0.027644 0.795188
0.007660 0.000000 -0.025969 0.795188
0.007660 0.000000 -0.024293 0.795188
0.007660 0.000000 -0.022618 0.795188
0.007660 0.000000 -0.020942 0.795188
0.007660 0.000000 -0.019267 0.795188
0.007660 0.000000 -0.017592 0.795188
0.007660 0.000000 -0.015916 0.795188
0.007660 0.000000 -0.014241 0.795188
0.007660 0.000000 -0.012565 0.795188
0.007660 0.000000 -0.010890 0.795188
0.007660 0.000000 -0.009215 0.795188
0.007660 0.000000 -0.007539 0.795188
0.007660 0.000000 -0.005864 0.795188
0.007660 0.000000 -0.004188 0.795188
0.007660 0.000000 -0.002513 0.795188
0.007660 0.000000 -0.000838 0.795188
0.007660 0.000000 0.000838 0.795188
0.007660 0.000000 0.002513 0.795188
0.007660 0.000000 0.004188 0.795188
0.007660 0.000000 0.005864 0.795188
0.007660 0.000000 0.007539 0.795188
0.007660 0.000000 0.009215 0.795188
0.007660 0.000000 0.010890 0.795188
0.007660 0.000000 0.012565 0.795188
0.007660 0.000000 0.014241 0.795188
0.007660 0.000000 0.015916 0.795188
0.007660 0.000000 0.017592 0.795188
0.007660 0.000000 0.019267 0.795188
0.007660 0.000000 0.020942 0.795188
0.007660 0.000000 0.022618 0.795188
0.007660 0.000000 0.024293 0.795188
0.007660 0.000000 0.025969 0.795188
0.007660 0.000000 0.027644 0.795188
0.007660 0.000000 0.029319 0.795188
0.007660 0.000000 0.030995 0.795188
0.007660 0.000000 0.032670 0.795188
0.007660 0.000000 0.034346 0.795188
0.007660 0.000000 0.036021 0.795188
0.007660 0.000000 0.037696 0.795188
0.007660 0.000000 0.039372 0.795188
0.007660 0.000000 0.041047 0.795188
0.007660 0.000000 0.042723 0.795188
0.007660 0.000000 0.044398 0.795188
0.007660 0.000000 0.046073 0.795188
0.007660 0.000000 0.047749 0.795188
0.007660 0.000000 0.049424 0.795188
0.007660 0.000000 0.051099 0.795188
0.007660 0.000000 0.052775 0.795188
0.007660 0.000000 0.054450 0.795188
0.007660 0.000000 0.056126 0.795188
0.007660 0.000000 0.057801 0.795188
0.007660 0.000000 0.059476 0.795188
0.007660 0.000000 0.061152 0.795188
0.007660 0.000000 0.062827 0.795188
0.007660 0.000000 0.064503 0.795188
0.007660 0.000000 0.066178 0.795188
0.007660 0.000000 0.067853 0.795188
0.007660 0.000000 0.069529 0.795188
0.007660 0.000000 0.071204 0.795188
0.007660 0.000000 0.072880 0.795188
0.007660 0.000000 0.074555 0.795188
0.007660 0.000000 0.076230 0.795188
0.007660 0.000000 0.077906 0.795188
0.007660 0.000000 0.079581 0.795188
0.007660 0.000000 0.081257 0.795188
0.007660 0.000000 0.082932 0.795188
0.007660 0.000000 0.084607 0.795188
0.007660 0.000000 0.086283 0.795188
0.007660 0.000000 0.087958 0.795188
0.007660 0.000000 0.089634 0.795188
0.007660 0.000000 0.091309 0.795188
0.007660 0.000000 0.092984 0.795188
0.007660 0.000000 0.094660 0.795188
0.007660 0.000000 0.096335 0.795188
0.007660 0.000000 0.098010 0.795188
0.007660 0.000000 0.099686 0.795188
0.007660 0.000000 0.101361 0.795188
0.007660 0.000000 0.103037 0.795188
0.007660 0.000000 0.104712 0.795188
0.007660 0.000000 0.106387 0.795188
0.007660 0.000000 0.108063 0.795188
0.007660 0.000000 0.109738 0.795188
0.007660 0.000000 0.111414 0.795188
0.007660 0.000000 0.113089 0.795188
0.007660 0.000000 0.114764 0.795188
0.007660 0.000000 0.116440 0.795188
0.007660 0.000000 0.118115 0.795188
0.007660 0.000000 0.119791 0.795188
0.007660 0.000000 0.121466 0.795188
0.007660 0.000000 0.123141 0.795188
0.007660 0.000000 0.124817 0.795188
0.007660 0.000000 0.126492 0.795188
0.007660 0.000000 0.128168 0.795188
0.007660 0.000000 0.129843 0.795188
0.007660 0.000000 0.131518 0.795188
0.007660 0.000000 0.133194 0.795188
0.007660 0.000000 0.134869 0.795188
0.007660 0.000000 0.136545 0.795188
0.007660 0.000000 0.138220 0.795188
0.007660 0.000000 0.139895 0.795188
0.007660 0.000000 0.141571 0.795188
0.007660 0.000000 0.143246 0.795188
0.007660 0.000000 0.144921 0.795188
0.007660 0.000000 0.146597 0.795188
0.007660 0.000000 0.148272 0.795188
0.007660 0.000000 0.149948 0.795188
0.007660 0.000000 0.151623 0.795188
0.007660 0.000000 0.153298 0.795188
0.007660 0.000000 0.154974 0.795188
0.007660 0.000000 0.156649 0.795188
0.007660 0.000000 0.158325 0.795188
0.007660 0.000000 0.160000 0.795188
0.009362 0.000000 -0.160000 0.710100
0.009362 0.000000 -0.158325 0.710100
0.009362 0.000000 -0.156649 0.710100
0.009362 0.000000 -0.154974 0.710100
0.009362 0.000000 -0.153298 0.710100
0.009362 0.000000 -0.151623 0.710100
0.009362 0.000000 -0.149948 0.710100
0.009362 0.000000 -0.148272 0.710100
0.009362 0.000000 -0.146597 0.710100
0.009362 0.000000 -0.144921 0.710100
0.009362 0.000000 -0.143246 0.710100
0.009362 0.000000 -0.141571 0.710100
0.009362 0.000000 -0.139895 0.710100
0.009362 0.000000 -0.138220 0.710100
0.009362 0.000000 -0.136545 0.710100
0.009362 0.000000 -0.134869 0.710100
0.009362 0.000000 -0.133194 0.710100
0.009362 0.000000 -0.131518 0.710100
0.009362 0.000000 -0.129843 0.710100
0.009362 0.000000 -0.128168 0.710100
0.009362 0.000000 -0.126492 0.710100
0.009362 0.000000 -0.124817 0.710100
0.009362 0.000000 -0.123141 0.710100
0.009362 0.000000 -0.121466 0.710100
0.009362 0.000000 -0.119791 0.710100
0.009362 0.000000 -0.118115 0.710100
0.009362 0.000000 -0.116440 0.710100
0.009362 0.000000 -0.114764 0.710100
0.009362 0.000000 -0.113089 0.710100
0.009362 0.000000 -0.111414 0.710100
0.009362 0.000000 -0.109738 0.710100
0.009362 0.000000 -0.108063 0.710100
0.009362 0.000000 -0.106387 0.710100
0.009362 0.000000 -0.104712 0.710100
0.009362 0.000000 -0.103037 0.710100
0.009362 0.000000 -0.101361 0.710100
0.009362 0.000000 -0.099686 0.710100
0.009362 0.000000 -0.098010 0.710100
0.009362 0.000000 -0.096335 0.710100
0.009362 0.000000 -0.094660 0.710100
0.009362 0.000000 -0.092984 0.710100
0.009362 0.000000 -0.091309 0.710100
0.009362 0.000000 -0.089634 0.710100
0.009362 0.000000 -0.087958 0.710100
0.009362 0.000000 -0.086283 0.710100
0.009362 0.000000 -0.084607 0.710100
0.009362 0.000000 -0.082932 0.710100
0.009362 0.000000 -0.081257 0.710100
0.009362 0.000000 -0.079581 0.710100
0.009362 0.000000 -0.077906 0.710100
0.009362 0.000000 -0.076230 0.710100
0.009362 0.000000 -0.074555 0.710100
0.009362 0.000000 -0.072880 0.710100
0.009362 0.000000 -0.071204 0.710100
0.009362 0.000000 -0.069529 0.710100
0.009362 0.000000 -0.067853 0.710100
0.009362 0.000000 -0.066178 0.710100
0.009362 0.000000 -0.064503 0.710100
0.009362 0.000000 -0.062827 0.710100
0.009362 0.000000 -0.061152 0.710100
0.009362 0.000000 -0.059476 0.710100
0.009362 0.000000 -0.057801 0.710100
0.009362 0.000000 -0.056126 0.710100
0.009362 0.000000 -0.054450 0.710100
0.009362 0.000000 -0.052775 0.710100
0.009362 0.000000 -0.051099 0.710100
0.009362 0.000000 -0.049424 0.710100
0.009362 0.000000 -0.047749 0.710100
0.009362 0.000000 -0.046073 0.710100
0.009362 0.000000 -0.044398 0.710100
0.009362 0.000000 -0.042723 0.710100
0.009362 0.000000 -0.041047 0.710100
0.009362 0.000000 -0.039372 0.710100
0.009362 0.000000 -0.037696 0.710100
0.009362 0.000000 -0.036021 0.710100
0.009362 0.000000 -0.034346 0.710100
0.009362 0.000000 -0.032670 0.710100
0.009362 0.000000 -0.030995 0.710100
0.009362 0.000000 -0.029319 0.710100
0.009362 0.000000 -0.027644 0.710100
0.009362 0.000000 -0.025969 0.710100
0.009362 0.000000 -0.024293 0.710100
0.009362 0.000000 -0.022618 0.710100
0.009362 0.000000 -0.020942 0.710100
0.009362 0.000000 -0.019267 0.710100
0.009362 0.000000 -0.017592 0.710100
0.009362 0.000000 -0.015916 0.710100
0.009362 0.000000 -0.014241 0.710100
0.009362 0.000000 -0.012565 0.710100
0.009362 0.000000 -0.010890 0.710100
0.009362 0.000000 -0.009215 0.710100
0.009362 0.000000 -0.007539 0.710100
0.009362 0.000000 -0.005864 0.710100
0.009362 0.000000 -0.004188 0.710100
0.009362 0.000000 -0.002513 0.710100
0.009362 0.000000 -0.000838 0.710100
0.009362 0.000000 0.000838 0.710100
0.009362 0.000000 0.002513 0.710100
0.009362 0.000000 0.004188 0.710100
0.009362 0.000000 0.005864 0.710100
0.009362 0.000000 0.007539 0.710100
0.009362 0.000000 0.009215 0.710100
0.009362 0.000000 0.010890 0.710100
0.009362 0.000000 0.012565 0.710100
0.009362 0.000000 0.014241 0.710100
0.009362 0.000000 0.015916 0.710100
0.009362 0.000000 0.017592 0.710100
0.009362 0.000000 0.019267 0.710100
0.009362 0.000000 0.020942 0.710100
0.009362 0.000000 0.022618 0.710100
0.009362 0.000000 0.024293 0.710100
0.009362 0.000000 0.025969 0.710100
0.009362 0.000000 0.027644 0.710100
0.009362 0.000000 0.029319 0.710100
0.009362 0.000000 0.030995 0.710100
0.009362 0.000000 0.032670 0.710100
0.009362 0.000000 0.034346 0.710100
0.009362 0.000000 0.036021 0.710100
0.009362 0.000000 0.037696 0.710100
0.009362 0.000000 0.039372 0.710100
0.009362 0.000000 0.041047 0.710100
0.009362 0.000000 0.042723 0.710100
0.009362 0.000000 0.044398 0.710100
0.009362 0.000000 0.046073 0.710100
0.009362 0.000000 0.047749 0.710100
0.009362 0.000000 0.049424 0.710100
0.009362 0.000000 0.051099 0.710100
0.009362 0.000000 0.052775 0.710100
0.009362 0.000000 0.054450 0.710100
0.009362 0.000000 0.056126 0.710100
0.009362 0.000000 0.057801 0.710100
0.009362 0.000000 0.059476 0.710100
0.009362 0.000000 0.061152 0.710100
0.009362 0.000000 0.062827 0.710100
0.009362 0.000000 0.064503 0.710100
0.009362 0.000000 0.066178 0.710100
0.009362 0.000000 0.067853 0.710100
0.009362 0.000000 0.069529 0.710100
0.009362 0.000000 0.071204 0.710100
0.009362 0.000000 0.072880 0.710100
0.009362 0.000000 0.074555 0.710100
0.009362 0.000000 0.076230 0.710100
0.009362 0.000000 0.077906 0.710100
0.009362 0.000000 0.079581 0.710100
0.009362 0.000000 0.081257 0.710100
0.009362 0.000000 0.082932 0.710100
0.009362 0.000000 0.084607 0.710100
0.009362 0.000000 0.086283 0.710100
0.009362 0.000000 0.087958 0.710100
0.009362 0.000000 0.089634 0.710100
0.009362 0.000000 0.091309 0.710100
0.009362 0.000000 0.092984 0.710100
0.009362 0.000000 0.094660 0.710100
0.009362 0.000000 0.096335 0.710100
0.009362 0.000000 0.098010 0.710100
0.009362 0.000000 0.099686 0.710100
0.009362 0.000000 0.101361 0.710100
0.009362 0.000000 0.103037 0.710100
0.009362 0.000000 0.104712 0.710100
0.009362 0.000000 0.106387 0.710100
0.009362 0.000000 0.108063 0.710100
0.009362 0.000000 0.109738 0.710100
0.009362 0.000000 0.111414 0.710100
0.009362 0.000000 0.113089 0.710100
0.009362 0.000000 0.114764 0.710100
0.009362 0.000000 0.116440 0.710100
0.009362 0.000000 0.118115 0.710100
0.009362 0.000000 0.119791 0.710100
0.009362 0.000000 0.121466 0.710100
0.009362 0.000000 0.123141 0.710100
0.009362 0.000000 0.124817 0.710100
0.009362 0.000000 0.126492 0.710100
0.009362 0.000000 0.128168 0.710100
0.009362 0.000000 0.129843 0.710100
0.009362 0.000000 0.131518 0.710100
0.009362 0.000000 0.133194 0.710100
0.009362 0.000000 0.134869 0.710100
0.009362 0.000000 0.136545 0.710100
0.009362 0.000000 0.138220 0.710100
0.009362 0.000000 0.139895 0.710100
0.009362 0.000000 0.141571 0.710100
0.009362 0.000000 0.143246 0.710100
0.009362 0.000000 0.144921 0.710100
0.009362 0.000000 0.146597 0.710100
0.009362 0.000000 0.148272 0.710100
0.009362 0.000000 0.149948 0.710100
0.009362 0.000000 0.151623 0.710100
0.009362 0.000000 0.153298 0.710100
0.009362 0.000000 0.154974 0.710100
0.009362 0.000000 0.156649 0.710100
0.009362 0.000000 0.158325 0.710100
0.009362 0.000000 0.160000 0.710100
0.011064 0.000000 -0.160000 0.619925
0.011064 0.000000 -0.158325 0.619925
0.011064 0.000000 -0.156649 0.619925
0.011064 0.000000 -0.154974 0.619925
0.011064 0.000000 -0.153298 0.619925
0.011064 0.000000 -0.151623 0.619925
0.011064 0.000000 -0.149948 0.619925
0.011064 0.000000 -0.148272 0.619925
0.011064 0.000000 -0.146597 0.619925
0.011064 0.000000 -0.144921 0.619925
0.011064 0.000000 -0.143246 0.619925
0.011064 0.000000 -0.141571 0.619925
0.011064 0.000000 -0.139895 0.619925
0.011064 0.000000 -0.138220 0.619925
0.011064 0.000000 -0.136545 0.619925
0.011064 0.000000 -0.134869 0.619925
0.011064 0.000000 -0.133194 0.619925
0.011064 0.000000 -0.131518 0.619925
0.011064 0.000000 -0.129843 0.619925
0.011064 0.000000 -0.128168 0.619925
0.011064 0.000000 -0.126492 0.619925
0.011064 0.000000 -0.124817 0.619925
0.011064 0.000000 -0.123141 0.619925
0.011064 0.000000 -0.121466 0.619925
0.011064 0.000000 -0.119791 0.619925
0.011064 0.000000 -0.118115 0.619925
0.011064 0.000000 -0.116440 0.619925
0.011064 0.000000 -0.114764 0.619925
0.011064 0.000000 -0.113089 0.619925
0.011064 0.000000 -0.111414 0.619925
0.011064 0.000000 -0.109738 0.619925
0.011064 0.000000 -0.108063 0.619925
0.011064 0.000000 -0.106387 0.619925
0.011064 0.000000 -0.104712 0.619925
0.011064 0.000000 -0.103037 0.619925
0.011064 0.000000 -0.101361 0.619925
0.011064 0.000000 -0.099686 0.619925
0.011064 0.000000 -0.098010 0.619925
0.011064 0.000000 -0.096335 0.619925
0.011064 0.000000 -0.094660 0.619925
0.011064 0.000000 -0.092984 0.619925
0.011064 0.000000 -0.091309 0.619925
0.011064 0.000000 -0.089634 0.619925
0.011064 0.000000 -0.087958 0.619925
0.011064 0.000000 -0.086283 0.619925
0.011064 0.000000 -0.084607 0.619925
0.011064 0.000000 -0.082932 0.619925
0.011064 0.000000 -0.081257 0.619925
0.011064 0.000000 -0.079581 0.619925
0.011064 0.000000 -0.077906 0.619925
0.011064 0.000000 -0.076230 0.619925
0.011064 0.000000 -0.074555 0.619925
0.011064 0.000000 -0.072880 0.619925
0.011064 0.000000 -0.071204 0.619925
0.011064 0.000000 -0.069529 0.619925
0.011064 0.000000 -0.067853 0.619925
0.011064 0.000000 -0.066178 0.619925
0.011064 0.000000 -0.064503 0.619925
0.011064 0.000000 -0.062827 0.619925
0.011064 0.000000 -0.061152 0.619925
0.011064 0.000000 -0.059476 0.619925
0.011064 0.000000 -0.057801 0.619925
0.011064 0.000000 -0.056126 0.619925
0.011064 0.000000 -0.054450 0.619925
0.011064 0.000000 -0.052775 0.619925
0.011064 0.000000 -0.051099 0.619925
0.011064 0.000000 -0.049424 0.619925
0.011064 0.000000 -0.047749 0.619925
0.011064 0.000000 -0.046073 0.619925
0.011064 0.000000 -0.044398 0.619925
0.011064 0.000000 -0.042723 0.619925
0.011064 0.000000 -0.041047 0.619925
0.011064 0.000000 -0.039372 0.619925
0.011064 0.000000 -0.037696 0.619925
0.011064 0.000000 -0.036021 0.619925
0.011064 0.000000 -0.034346 0.619925
0.011064 0.000000 -0.032670 0.619925
0.011064 0.000000 -0.030995 0.619925
0.011064 0.000000 -0.029319 0.619925
0.011064 0.000000 -0.027644 0.619925
0.011064 0.000000 -0.025969 0.619925
0.011064 0.000000 -0.024293 0.619925
0.011064 0.000000 -0.022618 0.619925
0.011064 0.000000 -0.020942 0.619925
0.011064 0.000000 -0.019267 0.619925
0.011064 0.000000 -0.017592 0.619925
0.011064 0.000000 -0.015916 0.619925
0.011064 0.000000 -0.014241 0.619925
0.011064 0.000000 -0.012565 0.619925
0.011064 0.000000 -0.010890 0.619925
0.011064 0.000000 -0.009215 0.619925
0.011064 0.000000 -0.007539 0.619925
0.011064 0.000000 -0.005864 0.619925
0.011064 0.000000 -0.004188 0.619925
0.011064 0.000000 -0.002513 0.619925
0.011064 0.000000 -0.000838 0.619925
0.011064 0.000000 0.000838 0.619925
0.011064 0.000000 0.002513 0.619925
0.011064 0.000000 0.004188 0.619925
0.011064 0.000000 0.005864 0.619925
0.011064 0.000000 0.007539 0.619925
0.011064 0.000000 0.009215 0.619925
0.011064 0.000000 0.010890 0.619925
0.011064 0.000000 0.012565 0.619925
0.011064 0.000000 0.014241 0.619925
0.011064 0.000000 0.015916 0.619925
0.011064 0.000000 0.017592 0.619925
0.011064 0.000000 0.019267 0.619925
0.011064 0.000000 0.020942 0.619925
0.011064 0.000000 0.022618 0.619925
0.011064 0.000000 0.024293 0.619925
0.011064 0.000000 0.025969 0.619925
0.011064 0.000000 0.027644 0.619925
0.011064 0.000000 0.029319 0.619925
0.011064 0.000000 0.030995 0.619925
0.011064 0.000000 0.032670 0.619925
0.011064 0.000000 0.034346 0.619925
0.011064 0.000000 0.036021 0.619925
0.011064 0.000000 0.037696 0.619925
0.011064 0.000000 0.039372 0.619925
0.011064 0.000000 0.041047 0.619925
0.011064 0.000000 0.042723 0.619925
0.011064 0.000000 0.044398 0.619925
0.011064 0.000000 0.046073 0.619925
0.011064 0.000000 0.047749 0.619925
0.011064 0.000000 0.049424 0.619925
0.011064 0.000000 0.051099 0.619925
0.011064 0.000000 0.052775 0.619925
0.011064 0.000000 0.054450 0.619925
0.011064 0.000000 0.056126 0.619925
0.011064 0.000000 0.057801 0.619925
0.011064 0.000000 0.059476 0.619925
0.011064 0.000000 0.061152 0.619925
0.011064 0.000000 0.062827 0.619925
0.011064 0.000000 0.064503 0.619925
0.011064 0.000000 0.066178 0.619925
0.011064 0.000000 0.067853 0.619925
0.011064 0.000000 0.069529 0.619925
0.011064 0.000000 0.071204 0.619925
0.011064 0.000000 0.072880 0.619925
0.011064 0.000000 0.074555 0.619925
0.011064 0.000000 0.076230 0.619925
0.011064 0.000000 0.077906 0.619925
0.011064 0.000000 0.079581 0.619925
0.011064 0.000000 0.081257 0.619925
0.011064 0.000000 0.082932 0.619925
0.011064 0.000000 0.084607 0.619925
0.011064 0.000000 0.086283 0.619925
0.011064 0.000000 0.087958 0.619925
0.011064 0.000000 0.089634 0.619925
0.011064 0.000000 0.091309 0.619925
0.011064 0.000000 0.092984 0.619925
0.011064 0.000000 0.094660 0.619925
0.011064 0.000000 0.096335 0.619925
0.011064 0.000000 0.098010 0.619925
0.011064 0.000000 0.099686 0.619925
0.011064 0.000000 0.101361 0.619925
0.011064 0.000000 0.103037 0.619925
0.011064 0.000000 0.104712 0.619925
0.011064 0.000000 0.106387 0.619925
0.011064 0.000000 0.108063 0.619925
0.011064 0.000000 0.109738 0.619925
0.011064 0.000000 0.111414 0.619925
0.011064 0.000000 0.113089 0.619925
0.011064 0.000000 0.114764 0.619925
0.011064 0.000000 0.116440 0.619925
0.011064 0.000000 0.118115 0.619925
0.011064 0.000000 0.119791 0.619925
0.011064 0.000000 0.121466 0.619925
0.011064 0.000000 0.123141 0.619925
0.011064 0.000000 0.124817 0.619925
0.011064 0.000000 0.126492 0.619925
0.011064 0.000000 0.128168 0.619925
0.011064 0.000000 0.129843 0.619925
0.011064 0.000000 0.131518 0.619925
0.011064 0.000000 0.133194 0.619925
0.011064 0.000000 0.134869 0.619925
0.011064 0.000000 0.136545 0.619925
0.011064 0.000000 0.138220 0.619925
0.011064 0.000000 0.139895 0.619925
0.011064 0.000000 0.141571 0.619925
0.011064 0.000000 0.143246 0.619925
0.011064 0.000000 0.144921 0.619925
0.011064 0.000000 0.146597 0.619925
0.011064 0.000000 0.148272 0.619925
0.011064 0.000000 0.149948 0.619925
0.011064 0.000000 0.151623 0.619925
0.011064 0.000000 0.153298 0.619925
0.011064 0.000000 0.154974 0.619925
0.011064 0.000000 0.156649 0.619925
0.011064 0.000000 0.158325 0.619925
0.011064 0.000000 0.160000 0.619925
0.012766 0.000000 -0.160000 0.529088
0.012766 0.000000 -0.158325 0.529088
0.012766 0.000000 -0.156649 0.529088
0.012766 0.000000 -0.154974 0.529088
0.012766 0.000000 -0.153298 0.529088
0.012766 0.000000 -0.151623 0.529088
0.012766 0.000000 -0.149948 0.529088
0.012766 0.000000 -0.148272 0.529088
0.012766 0.000000 -0.146597 0.529088
0.012766 0.000000 -0.144921 0.529088
0.012766 0.000000 -0.143246 0.529088
0.012766 0.000000 -0.141571 0.529088
0.012766 0.000000 -0.139895 0.529088
0.012766 0.000000 -0.138220 0.529088
0.012766 0.000000 -0.136545 0.529088
0.012766 0.000000 -0.134869 0.529088
0.012766 0.000000 -0.133194 0.529088
0.012766 0.000000 -0.131518 0.529088
0.012766 0.000000 -0.129843 0.529088
0.012766 0.000000 -0.128168 0.529088
0.012766 0.000000 -0.126492 0.529088
0.012766 0.000000 -0.124817 0.529088
0.012766 0.000000 -0.123141 0.529088
0.012766 0.000000 -0.121466 0.529088
0.012766 0.000000 -0.119791 0.529088
0.012766 0.000000 -0.118115 0.529088
0.012766 0.000000 -0.116440 0.529088
0.012766 0.000000 -0.114764 0.529088
0.012766 0.000000 -0.113089 0.529088
0.012766 0.000000 -0.111414 0.529088
0.012766 0.000000 -0.109738 0.529088
0.012766 0.000000 -0.108063 0.529088
0.012766 0.000000 -0.106387 0.529088
0.012766 0.000000 -0.104712 0.529088
0.012766 0.000000 -0.103037 0.529088
0.012766 0.000000 -0.101361 0.529088
0.012766 0.000000 -0.099686 0.529088
0.012766 0.000000 -0.098010 0.529088
0.012766 0.000000 -0.096335 0.529088
0.012766 0.000000 -0.094660 0.529088
0.012766 0.000000 -0.092984 0.529088
0.012766 0.000000 -0.091309 0.529088
0.012766 0.000000 -0.089634 0.529088
0.012766 0.000000 -0.087958 0.529088
0.012766 0.000000 -0.086283 0.529088
0.012766 0.000000 -0.084607 0.529088
0.012766 0.000000 -0.082932 0.529088
0.012766 0.000000 -0.081257 0.529088
0.012766 0.000000 -0.079581 0.529088
0.012766 0.000000 -0.077906 0.529088
0.012766 0.000000 -0.076230 0.529088
0.012766 0.000000 -0.074555 0.529088
0.012766 0.000000 -0.072880 0.529088
0.012766 0.000000 -0.071204 0.529088
0.012766 0.000000 -0.069529 0.529088
0.012766 0.000000 -0.067853 0.529088
0.012766 0.000000 -0.066178 0.529088
0.012766 0.000000 -0.064503 0.529088
0.012766 0.000000 -0.062827 0.529088
0.012766 0.000000 -0.061152 0.529088
0.012766 0.000000 -0.059476 0.529088
0.012766 0.000000 -0.057801 0.529088
0.012766 0.000000 -0.056126 0.529088
0.012766 0.000000 -0.054450 0.529088
0.012766 0.000000 -0.052775 0.529088
0.012766 0.000000 -0.051099 0.529088
0.012766 0.000000 -0.049424 0.529088
0.012766 0.000000 -0.047749 0.529088
0.012766 0.000000 -0.046073 0.529088
0.012766 0.000000 -0.044398 0.529088
0.012766 0.000000 -0.042723 0.529088
0.012766 0.000000 -0.041047 0.529088
0.012766 0.000000 -0.039372 0.529088
0.012766 0.000000 -0.037696 0.529088
0.012766 0.000000 -0.036021 0.529088
0.012766 0.000000 -0.034346 0.529088
0.012766 0.000000 -0.032670 0.529088
0.012766 0.000000 -0.030995 0.529088
0.012766 0.000000 -0.029319 0.529088
0.012766 0.000000 -0.027644 0.529088
0.012766 0.000000 -0.025969 0.529088
0.012766 0.000000 -0.024293 0.529088
0.012766 0.000000 -0.022618 0.529088
0.012766 0.000000 -0.020942 0.529088
0.012766 0.000000 -0.019267 0.529088
0.012766 0.000000 -0.017592 0.529088
0.012766 0.000000 -0.015916 0.529088
0.012766 0.000000 -0.014241 0.529088
0.012766 0.000000 -0.012565 0.529088
0.012766 0.000000 -0.010890 0.529088
0.012766 0.000000 -0.009215 0.529088
0.012766 0.000000 -0.007539 0.529088
0.012766 0.000000 -0.005864 0.529088
0.012766 0.000000 -0.004188 0.529088
0.012766 0.000000 -0.002513 0.529088
0.012766 0.000000 -0.000838 0.529088
0.012766 0.000000 0.000838 0.529088
0.012766 0.000000 0.002513 0.529088
0.012766 0.000000 0.004188 0.529088
0.012766 0.000000 0.005864 0.529088
0.012766 0.000000 0.007539 0.529088
0.012766 0.000000 0.009215 0.529088
0.012766 0.000000 0.010890 0.529088
0.012766 0.000000 0.012565 0.529088
0.012766 0.000000 0.014241 0.529088
0.012766 0.000000 0.015916 0.529088
0.012766 0.000000 0.017592 0.529088
0.012766 0.000000 0.019267 0.529088
0.012766 0.000000 0.020942 0.529088
0.012766 0.000000 0.022618 0.529088
0.012766 0.000000 0.024293 0.529088
0.012766 0.000000 0.025969 0.529088
0.012766 0.000000 0.027644 0.529088
0.012766 0.000000 0.029319 0.529088
0.012766 0.000000 0.030995 0.529088
0.012766 0.000000 0.032670 0.529088
0.012766 0.000000 0.034346 0.529088
0.012766 0.000000 0.036021 0.529088
0.012766 0.000000 0.037696 0.529088
0.012766 0.000000 0.039372 0.529088
0.012766 0.000000 0.041047 0.529088
0.012766 0.000000 0.042723 0.529088
0.012766 0.000000 0.044398 0.529088
0.012766 0.000000 0.046073 0.529088
0.012766 0.000000 0.047749 0.529088
0.012766 0.000000 0.049424 0.529088
0.012766 0.000000 0.051099 0.529088
0.012766 0.000000 0.052775 0.529088
0.012766 0.000000 0.054450 0.529088
0.012766 0.000000 0.056126 0.529088
0.012766 0.000000 0.057801 0.529088
0.012766 0.000000 0.059476 0.529088
0.012766 0.000000 0.061152 0.529088
0.012766 0.000000 0.062827 0.529088
0.012766 0.000000 0.064503 0.529088
0.012766 0.000000 0.066178 0.529088
0.012766 0.000000 0.067853 0.529088
0.012766 0.000000 0.069529 0.529088
0.012766 0.000000 0.071204 0.529088
0.012766 0.000000 0.072880 0.529088
0.012766 0.000000 0.074555 0.529088
0.012766 0.000000 0.076230 0.529088
0.012766 0.000000 0.077906 0.529088
0.012766 0.000000 0.079581 0.529088
0.012766 0.000000 0.081257 0.529088
0.012766 0.000000 0.082932 0.529088
0.012766 0.000000 0.084607 0.529088
0.012766 0.000000 0.086283 0.529088
0.012766 0.000000 0.087958 0.529088
0.012766 0.000000 0.089634 0.529088
0.012766 0.000000 0.091309 0.529088
0.012766 0.000000 0.092984 0.529088
0.012766 0.000000 0.094660 0.529088
0.012766 0.000000 0.096335 0.529088
0.012766 0.000000 0.098010 0.529088
0.012766 0.000000 0.099686 0.529088
0.012766 0.000000 0.101361 0.529088
0.012766 0.000000 0.103037 0.529088
0.012766 0.000000 0.104712 0.529088
0.012766 0.000000 0.106387 0.529088
0.012766 0.000000 0.108063 0.529088
0.012766 0.000000 0.109738 0.529088
0.012766 0.000000 0.111414 0.529088
0.012766 0.000000 0.113089 0.529088
0.012766 0.000000 0.114764 0.529088
0.012766 0.000000 0.116440 0.529088
0.012766 0.000000 0.118115 0.529088
0.012766 0.000000 0.119791 0.529088
0.012766 0.000000 0.121466 0.529088
0.012766 0.000000 0.123141 0.529088
0.012766 0.000000 0.124817 0.529088
0.012766 0.000000 0.126492 0.529088
0.012766 0.000000 0.128168 0.529088
0.012766 0.000000 0.129843 0.529088
0.012766 0.000000 0.131518 0.529088
0.012766 0.000000 0.133194 0.529088
0.012766 0.000000 0.134869 0.529088
0.012766 0.000000 0.136545 0.529088
0.012766 0.000000 0.138220 0.529088
0.012766 0.000000 0.139895 0.529088
0.012766 0.000000 0.141571 0.529088
0.012766 0.000000 0.143246 0.529088
0.012766 0.000000 0.144921 0.529088
0.012766 0.000000 0.146597 0.529088
0.012766 0.000000 0.148272 0.529088
0.012766 0.000000 0.149948 0.529088
0.012766 0.000000 0.151623 0.529088
0.012766 0.000000 0.153298 0.529088
0.012766 0.000000 0.154974 0.529088
0.012766 0.000000 0.156649 0.529088
0.012766 0.000000 0.158325 0.529088
0.012766 0.000000 0.160000 0.529088
0.014468 0.000000 -0.160000 0.441456
0.014468 0.000000 -0.158325 0.441456
0.014468 0.000000 -0.156649 0.441456
0.014468 0.000000 -0.154974 0.441456
0.014468 0.000000 -0.153298 0.441456
0.014468 0.000000 -0.151623 0.441456
0.014468 0.000000 -0.149948 0.441456
0.014468 0.000000 -0.148272 0.441456
0.014468 0.000000 -0.146597 0.441456
0.014468 0.000000 -0.144921 0.441456
0.014468 0.000000 -0.143246 0.441456
0.014468 0.000000 -0.141571 0.441456
0.014468 0.000000 -0.139895 0.441456
0.014468 0.000000 -0.138220 0.441456
0.014468 0.000000 -0.136545 0.441456
0.014468 0.000000 -0.134869 0.441456
0.014468 0.000000 -0.133194 0.441456
0.014468 0.000000 -0.131518 0.441456
0.014468 0.000000 -0.129843 0.441456
0.014468 0.000000 -0.128168 0.441456
0.014468 0.000000 -0.126492 0.441456
0.014468 0.000000 -0.124817 0.441456
0.014468 0.000000 -0.123141 0.441456
0.014468 0.000000 -0.121466 0.441456
0.014468 0.000000 -0.119791 0.441456
0.014468 0.000000 -0.118115 0.441456
0.014468 0.000000 -0.116440 0.441456
0.014468 0.000000 -0.114764 0.441456
0.014468 0.000000 -0.113089 0.441456
0.014468 0.000000 -0.111414 0.441456
0.014468 0.000000 -0.109738 0.441456
0.014468 0.000000 -0.108063 0.441456
0.014468 0.000000 -0.106387 0.441456
0.014468 0.000000 -0.104712 0.441456
0.014468 0.000000 -0.103037 0.441456
0.014468 0.000000 -0.101361 0.441456
0.014468 0.000000 -0.099686 0.441456
0.014468 0.000000 -0.098010 0.441456
0.014468 0.000000 -0.096335 0.441456
0.014468 0.000000 -0.094660 0.441456
0.014468 0.000000 -0.092984 0.441456
0.014468 0.000000 -0.091309 0.441456
0.014468 0.000000 -0.089634 0.441456
0.014468 0.000000 -0.087958 0.441456
0.014468 0.000000 -0.086283 0.441456
0.014468 0.000000 -0.084607 0.441456
0.014468 0.000000 -0.082932 0.441456
0.014468 0.000000 -0.081257 0.441456
0.014468 0.000000 -0.079581 0.441456
0.014468 0.000000 -0.077906 0.441456
0.014468 0.000000 -0.076230 0.441456
0.014468 0.000000 -0.074555 0.441456
0.014468 0.000000 -0.072880 0.441456
0.014468 0.000000 -0.071204 0.441456
0.014468 0.000000 -0.069529 0.441456
0.014468 0.000000 -0.067853 0.441456
0.014468 0.000000 -0.066178 0.441456
0.014468 0.000000 -0.064503 0.441456
0.014468 0.000000 -0.062827 0.441456
0.014468 0.000000 -0.061152 0.441456
0.014468 0.000000 -0.059476 0.441456
0.014468 0.000000 -0.057801 0.441456
0.014468 0.000000 -0.056126 0.441456
0.014468 0.000000 -0.054450 0.441456
0.014468 0.000000 -0.052775 0.441456
0.014468 0.000000 -0.051099 0.441456
0.014468 0.000000 -0.049424 0.441456
0.014468 0.000000 -0.047749 0.441456
0.014468 0.000000 -0.046073 0.441456
0.014468 0.000000 -0.044398 0.441456
0.014468 0.000000 -0.042723 0.441456
0.014468 0.000000 -0.041047 0.441456
0.014468 0.000000 -0.039372 0.441456
0.014468 0.000000 -0.037696 0.441456
0.014468 0.000000 -0.036021 0.441456
0.014468 0.000000 -0.034346 0.441456
0.014468 0.000000 -0.032670 0.441456
0.014468 0.000000 -0.030995 0.441456
0.014468 0.000000 -0.029319 0.441456
0.014468 0.000000 -0.027644 0.441456
0.014468 0.000000 -0.025969 0.441456
0.014468 0.000000 -0.024293 0.441456
0.014468 0.000000 -0.022618 0.441456
0.014468 0.000000 -0.020942 0.441456
0.014468 0.000000 -0.019267 0.441456
0.014468 0.000000 -0.017592 0.441456
0.014468 0.000000 -0.015916 0.441456
0.014468 0.000000 -0.014241 0.441456
0.014468 0.000000 -0.012565 0.441456
0.014468 0.000000 -0.010890 0.441456
0.014468 0.000000 -0.009215 0.441456
0.014468 0.000000 -0.007539 0.441456
0.014468 0.000000 -0.005864 0.441456
0.014468 0.000000 -0.004188 0.441456
0.014468 0.000000 -0.002513 0.441456
0.014468 0.000000 -0.000838 0.441456
0.014468 0.000000 0.000838 0.441456
0.014468 0.000000 0.002513 0.441456
0.014468 0.000000 0.004188 0.441456
0.014468 0.000000 0.005864 0.441456
0.014468 0.000000 0.007539 0.441456
0.014468 0.000000 0.009215 0.441456
0.014468 0.000000 0.010890 0.441456
0.014468 0.000000 0.012565 0.441456
0.014468 0.000000 0.014241 0.441456
0.014468 0.000000 0.015916 0.441456
0.014468 0.000000 0.017592 0.441456
0.014468 0.000000 0.019267 0.441456
0.014468 0.000000 0.020942 0.441456
0.014468 0.000000 0.022618 0.441456
0.014468 0.000000 0.024293 0.441456
0.014468 0.000000 0.025969 0.441456
0.014468 0.000000 0.027644 0.441456
0.014468 0.000000 0.029319 0.441456
0.014468 0.000000 0.030995 0.441456
0.014468 0.000000 0.032670 0.441456
0.014468 0.000000 0.034346 0.441456
0.014468 0.000000 0.036021 0.441456
0.014468 0.000000 0.037696 0.441456
0.014468 0.000000 0.039372 0.441456
0.014468 0.000000 0.041047 0.441456
0.014468 0.000000 0.042723 0.441456
0.014468 0.000000 0.044398 0.441456
0.014468 0.000000 0.046073 0.441456
0.014468 0.000000 0.047749 0.441456
0.014468 0.000000 0.049424 0.441456
0.014468 0.000000 0.051099 0.441456
0.014468 0.000000 0.052775 0.441456
0.014468 0.000000 0.054450 0.441456
0.014468 0.000000 0.056126 0.441456
0.014468 0.000000 0.057801 0.441456
0.014468 0.000000 0.059476 0.441456
0.014468 0.000000 0.061152 0.441456
0.014468 0.000000 0.062827 0.441456
0.014468 0.000000 0.064503 0.441456
0.014468 0.000000 0.066178 0.441456
0.014468 0.000000 0.067853 0.441456
0.014468 0.000000 0.069529 0.441456
0.014468 0.000000 0.071204 0.441456
0.014468 0.000000 0.072880 0.441456
0.014468 0.000000 0.074555 0.441456
0.014468 0.000000 0.076230 0.441456
0.014468 0.000000 0.077906 0.441456
0.014468 0.000000 0.079581 0.441456
0.014468 0.000000 0.081257 0.441456
0.014468 0.000000 0.082932 0.441456
0.014468 0.000000 0.084607 0.441456
0.014468 0.000000 0.086283 0.441456
0.014468 0.000000 0.087958 0.441456
0.014468 0.000000 0.089634 0.441456
0.014468 0.000000 0.091309 0.441456
0.014468 0.000000 0.092984 0.441456
0.014468 0.000000 0.094660 0.441456
0.014468 0.000000 0.096335 0.441456
0.014468 0.000000 0.098010 0.441456
0.014468 0.000000 0.099686 0.441456
0.014468 0.000000 0.101361 0.441456
0.014468 0.000000 0.103037 0.441456
0.014468 0.000000 0.104712 0.441456
0.014468 0.000000 0.106387 0.441456
0.014468 0.000000 0.108063 0.441456
0.014468 0.000000 0.109738 0.441456
0.014468 0.000000 0.111414 0.441456
0.014468 0.000000 0.113089 0.441456
0.014468 0.000000 0.114764 0.441456
0.014468 0.000000 0.116440 0.441456
0.014468 0.000000 0.118115 0.441456
0.014468 0.000000 0.119791 0.441456
0.014468 0.000000 0.121466 0.441456
0.014468 0.000000 0.123141 0.441456
0.014468 0.000000 0.124817 0.441456
0.014468 0.000000 0.126492 0.441456
0.014468 0.000000 0.128168 0.441456
0.014468 0.000000 0.129843 0.441456
0.014468 0.000000 0.131518 0.441456
0.014468 0.000000 0.133194 0.441456
0.014468 0.000000 0.134869 0.441456
0.014468 0.000000 0.136545 0.441456
0.014468 0.000000 0.138220 0.441456
0.014468 0.000000 0.139895 0.441456
0.014468 0.000000 0.141571 0.441456
0.014468 0.000000 0.143246 0.441456
0.014468 0.000000 0.144921 0.441456
0.014468 0.000000 0.146597 0.441456
0.014468 0.000000 0.148272 0.441456
0.014468 0.000000 0.149948 0.441456
0.014468 0.000000 0.151623 0.441456
0.014468 0.000000 0.153298 0.441456
0.014468 0.000000 0.154974 0.441456
0.014468 0.000000 0.156649 0.441456
0.014468 0.000000 0.158325 0.441456
0.014468 0.000000 0.160000 0.441456
0.016170 0.000000 -0.160000 0.360094
0.016170 0.000000 -0.158325 0.360094
0.016170 0.000000 -0.156649 0.360094
0.016170 0.000000 -0.154974 0.360094
0.016170 0.000000 -0.153298 0.360094
0.016170 0.000000 -0.151623 0.360094
0.016170 0.000000 -0.149948 0.360094
0.016170 0.000000 -0.148272 0.360094
0.016170 0.000000 -0.146597 0.360094
0.016170 0.000000 -0.144921 0.360094
0.016170 0.000000 -0.143246 0.360094
0.016170 0.000000 -0.141571 0.360094
0.016170 0.000000 -0.139895 0.360094
0.016170 0.000000 -0.138220 0.360094
0.016170 0.000000 -0.136545 0.360094
0.016170 0.000000 -0.134869 0.360094
0.016170 0.000000 -0.133194 0.360094
0.016170 0.000000 -0.131518 0.360094
0.016170 0.000000 -0.129843 0.360094
0.016170 0.000000 -0.128168 0.360094
0.016170 0.000000 -0.126492 0.360094
0.016170 0.000000 -0.124817 0.360094
0.016170 0.000000 -0.123141 0.360094
0.016170 0.000000 -0.121466 0.360094
0.016170 0.000000 -0.119791 0.360094
0.016170 0.000000 -0.118115 0.360094
0.016170 0.000000 -0.116440 0.360094
0.016170 0.000000 -0.114764 0.360094
0.016170 0.000000 -0.113089 0.360094
0.016170 0.000000 -0.111414 0.360094
0.016170 0.000000 -0.109738 0.360094
0.016170 0.000000 -0.108063 0.360094
0.016170 0.000000 -0.106387 0.360094
0.016170 0.000000 -0.104712 0.360094
0.016170 0.000000 -0.103037 0.360094
0.016170 0.000000 -0.101361 0.360094
0.016170 0.000000 -0.099686 0.360094
0.016170 0.000000 -0.098010 0.360094
0.016170 0.000000 -0.096335 0.360094
0.016170 0.000000 -0.094660 0.360094
0.016170 0.000000 -0.092984 0.360094
0.016170 0.000000 -0.091309 0.360094
0.016170 0.000000 -0.089634 0.360094
0.016170 0.000000 -0.087958 0.360094
0.016170 0.000000 -0.086283 0.360094
0.016170 0.000000 -0.084607 0.360094
0.016170 0.000000 -0.082932 0.360094
0.016170 0.000000 -0.081257 0.360094
0.016170 0.000000 -0.079581 0.360094
0.016170 0.000000 -0.077906 0.360094
0.016170 0.000000 -0.076230 0.360094
0.016170 0.000000 -0.074555 0.360094
0.016170 0.000000 -0.072880 0.360094
0.016170 0.000000 -0.071204 0.360094
0.016170 0.000000 -0.069529 0.360094
0.016170 0.000000 -0.067853 0.360094
0.016170 0.000000 -0.066178 0.360094
0.016170 0.000000 -0.064503 0.360094
0.016170 0.000000 -0.062827 0.360094
0.016170 0.000000 -0.061152 0.360094
0.016170 0.000000 -0.059476 0.360094
0.016170 0.000000 -0.057801 0.360094
0.016170 0.000000 -0.056126 0.360094
0.016170 0.000000 -0.054450 0.360094
0.016170 0.000000 -0.052775 0.360094
0.016170 0.000000 -0.051099 0.360094
0.016170 0.000000 -0.049424 0.360094
0.016170 0.000000 -0.047749 0.360094
0.016170 0.000000 -0.046073 0.360094
0.016170 0.000000 -0.044398 0.360094
0.016170 0.000000 -0.042723 0.360094
0.016170 0.000000 -0.041047 0.360094
0.016170 0.000000 -0.039372 0.360094
0.016170 0.000000 -0.037696 0.360094
0.016170 0.000000 -0.036021 0.360094
0.016170 0.000000 -0.034346 0.360094
0.016170 0.000000 -0.032670 0.360094
0.016170 0.000000 -0.030995 0.360094
0.016170 0.000000 -0.029319 0.360094
0.016170 0.000000 -0.027644 0.360094
0.016170 0.000000 -0.025969 0.360094
0.016170 0.000000 -0.024293 0.360094
0.016170 0.000000 -0.022618 0.360094
0.016170 0.000000 -0.020942 0.360094
0.016170 0.000000 -0.019267 0.360094
0.016170 0.000000 -0.017592 0.360094
0.016170 0.000000 -0.015916 0.360094
0.016170 0.000000 -0.014241 0.360094
0.016170 0.000000 -0.012565 0.360094
0.016170 0.000000 -0.010890 0.360094
0.016170 0.000000 -0.009215 0.360094
0.016170 0.000000 -0.007539 0.360094
0.016170 0.000000 -0.005864 0.360094
0.016170 0.000000 -0.004188 0.360094
0.016170 0.000000 -0.002513 0.360094
0.016170 0.000000 -0.000838 0.360094
0.016170 0.000000 0.000838 0.360094
0.016170 0.000000 0.002513 0.360094
0.016170 0.000000 0.004188 0.360094
0.016170 0.000000 0.005864 0.360094
0.016170 0.000000 0.007539 0.360094
0.016170 0.000000 0.009215 0.360094
0.016170 0.000000 0.010890 0.360094
0.016170 0.000000 0.012565 0.360094
0.016170 0.000000 0.014241 0.360094
0.016170 0.000000 0.015916 0.360094
0.016170 0.000000 0.017592 0.360094
0.016170 0.000000 0.019267 0.360094
0.016170 0.000000 0.020942 0.360094
0.016170 0.000000 0.022618 0.360094
0.016170 0.000000 0.024293 0.360094
0.016170 0.000000 0.025969 0.360094
0.016170 0.000000 0.027644 0.360094
0.016170 0.000000 0.029319 0.360094
0.016170 0.000000 0.030995 0.360094
0.016170 0.000000 0.032670 0.360094
0.016170 0.000000 0.034346 0.360094
0.016170 0.000000 0.036021 0.360094
0.016170 0.000000 0.037696 0.360094
0.016170 0.000000 0.039372 0.360094
0.016170 0.000000 0.041047 0.360094
0.016170 0.000000 0.042723 0.360094
0.016170 0.000000 0.044398 0.360094
0.016170 0.000000 0.046073 0.360094
0.016170 0.000000 0.047749 0.360094
0.016170 0.000000 0.049424 0.360094
0.016170 0.000000 0.051099 0.360094
0.016170 0.000000 0.052775 0.360094
0.016170 0.000000 0.054450 0.360094
0.016170 0.000000 0.056126 0.360094
0.016170 0.000000 0.057801 0.360094
0.016170 0.000000 0.059476 0.360094
0.016170 0.000000 0.061152 0.360094
0.016170 0.000000 0.062827 0.360094
0.016170 0.000000 0.064503 0.360094
0.016170 0.000000 0.066178 0.360094
0.016170 0.000000 0.067853 0.360094
0.016170 0.000000 0.069529 0.360094
0.016170 0.000000 0.071204 0.360094
0.016170 0.000000 0.072880 0.360094
0.016170 0.000000 0.074555 0.360094
0.016170 0.000000 0.076230 0.360094
0.016170 0.000000 0.077906 0.360094
0.016170 0.000000 0.079581 0.360094
0.016170 0.000000 0.081257 0.360094
0.016170 0.000000 0.082932 0.360094
0.016170 0.000000 0.084607 0.360094
0.016170 0.000000 0.086283 0.360094
0.016170 0.000000 0.087958 0.360094
0.016170 0.000000 0.089634 0.360094
0.016170 0.000000 0.091309 0.360094
0.016170 0.000000 0.092984 0.360094
0.016170 0.000000 0.094660 0.360094
0.016170 0.000000 0.096335 0.360094
0.016170 0.000000 0.098010 0.360094
0.016170 0.000000 0.099686 0.360094
0.016170 0.000000 0.101361 0.360094
0.016170 0.000000 0.103037 0.360094
0.016170 0.000000 0.104712 0.360094
0.016170 0.000000 0.106387 0.360094
0.016170 0.000000 0.108063 0.360094
0.016170 0.000000 0.109738 0.360094
0.016170 0.000000 0.111414 0.360094
0.016170 0.000000 0.113089 0.360094
0.016170 0.000000 0.114764 0.360094
0.016170 0.000000 0.116440 0.360094
0.016170 0.000000 0.118115 0.360094
0.016170 0.000000 0.119791 0.360094
0.016170 0.000000 0.121466 0.360094
0.016170 0.000000 0.123141 0.360094
0.016170 0.000000 0.124817 0.360094
0.016170 0.000000 0.126492 0.360094
0.016170 0.000000 0.128168 0.360094
0.016170 0.000000 0.129843 0.360094
0.016170 0.000000 0.131518 0.360094
0.016170 0.000000 0.133194 0.360094
0.016170 0.000000 0.134869 0.360094
0.016170 0.000000 0.136545 0.360094
0.016170 0.000000 0.138220 0.360094
0.016170 0.000000 0.139895 0.360094
0.016170 0.000000 0.141571 0.360094
0.016170 0.000000 0.143246 0.360094
0.016170 0.000000 0.144921 0.360094
0.016170 0.000000 0.146597 0.360094
0.016170 0.000000 0.148272 0.360094
0.016170 0.000000 0.149948 0.360094
0.016170 0.000000 0.151623 0.360094
0.016170 0.000000 0.153298 0.360094
0.016170 0.000000 0.154974 0.360094
0.016170 0.000000 0.156649 0.360094
0.016170 0.000000 0.158325 0.360094
0.016170 0.000000 0.160000 0.360094
0.017872 0.000000 -0.160000 0.287154
0.017872 0.000000 -0.158325 0.287154
0.017872 0.000000 -0.156649 0.287154
0.017872 0.000000 -0.154974 0.287154
0.017872 0.000000 -0.153298 0.287154
0.017872 0.000000 -0.151623 0.287154
0.017872 0.000000 -0.149948 0.287154
0.017872 0.000000 -0.148272 0.287154
0.017872 0.000000 -0.146597 0.287154
0.017872 0.000000 -0.144921 0.287154
0.017872 0.000000 -0.143246 0.287154
0.017872 0.000000 -0.141571 0.287154
0.017872 0.000000 -0.139895 0.287154
0.017872 0.000000 -0.138220 0.287154
0.017872 0.000000 -0.136545 0.287154
0.017872 0.000000 -0.134869 0.287154
0.017872 0.000000 -0.133194 0.287154
0.017872 0.000000 -0.131518 0.287154
0.017872 0.000000 -0.129843 0.287154
0.017872 0.000000 -0.128168 0.287154
0.017872 0.000000 -0.126492 0.287154
0.017872 0.000000 -0.124817 0.287154
0.017872 0.000000 -0.123141 0.287154
0.017872 0.000000 -0.121466 0.287154
0.017872 0.000000 -0.119791 0.287154
0.017872 0.000000 -0.118115 0.287154
0.017872 0.000000 -0.116440 0.287154
0.017872 0.000000 -0.114764 0.287154
0.017872 0.000000 -0.113089 0.287154
0.017872 0.000000 -0.111414 0.287154
0.017872 0.000000 -0.109738 0.287154
0.017872 0.000000 -0.108063 0.287154
0.017872 0.000000 -0.106387 0.287154
0.017872 0.000000 -0.104712 0.287154
0.017872 0.000000 -0.103037 0.287154
0.017872 0.000000 -0.101361 0.287154
0.017872 0.000000 -0.099686 0.287154
0.017872 0.000000 -0.098010 0.287154
0.017872 0.000000 -0.096335 0.287154
0.017872 0.000000 -0.094660 0.287154
0.017872 0.000000 -0.092984 0.287154
0.017872 0.000000 -0.091309 0.287154
0.017872 0.000000 -0.089634 0.287154
0.017872 0.000000 -0.087958 0.287154
0.017872 0.000000 -0.086283 0.287154
0.017872 0.000000 -0.084607 0.287154
0.017872 0.000000 -0.082932 0.287154
0.017872 0.000000 -0.081257 0.287154
0.017872 0.000000 -0.079581 0.287154
0.017872 0.000000 -0.077906 0.287154
0.017872 0.000000 -0.076230 0.287154
0.017872 0.000000 -0.074555 0.287154
0.017872 0.000000 -0.072880 0.287154
0.017872 0.000000 -0.071204 0.287154
0.017872 0.000000 -0.069529 0.287154
0.017872 0.000000 -0.067853 0.287154
0.017872 0.000000 -0.066178 0.287154
0.017872 0.000000 -0.064503 0.287154
0.017872 0.000000 -0.062827 0.287154
0.017872 0.000000 -0.061152 0.287154
0.017872 0.000000 -0.059476 0.287154
0.017872 0.000000 -0.057801 0.287154
0.017872 0.000000 -0.056126 0.287154
0.017872 0.000000 -0.054450 0.287154
0.017872 0.000000 -0.052775 0.287154
0.017872 0.000000 -0.051099 0.287154
0.017872 0.000000 -0.049424 0.287154
0.017872 0.000000 -0.047749 0.287154
0.017872 0.000000 -0.046073 0.287154
0.017872 0.000000 -0.044398 0.287154
0.017872 0.000000 -0.042723 0.287154
0.017872 0.000000 -0.041047 0.287154
0.017872 0.000000 -0.039372 0.287154
0.017872 0.000000 -0.037696 0.287154
0.017872 0.000000 -0.036021 0.287154
0.017872 0.000000 -0.034346 0.287154
0.017872 0.000000 -0.032670 0.287154
0.017872 0.000000 -0.030995 0.287154
0.017872 0.000000 -0.029319 0.287154
0.017872 0.000000 -0.027644 0.287154
0.017872 0.000000 -0.025969 0.287154
0.017872 0.000000 -0.024293 0.287154
0.017872 0.000000 -0.022618 0.287154
0.017872 0.000000 -0.020942 0.287154
0.017872 0.000000 -0.019267 0.287154
0.017872 0.000000 -0.017592 0.287154
0.017872 0.000000 -0.015916 0.287154
0.017872 0.000000 -0.014241 0.287154
0.017872 0.000000 -0.012565 0.287154
0.017872 0.000000 -0.010890 0.287154
0.017872 0.000000 -0.009215 0.287154
0.017872 0.000000 -0.007539 0.287154
0.017872 0.000000 -0.005864 0.287154
0.017872 0.000000 -0.004188 0.287154
0.017872 0.000000 -0.002513 0.287154
0.017872 0.000000 -0.000838 0.287154
0.017872 0.000000 0.000838 0.287154
0.017872 0.000000 0.002513 0.287154
0.017872 0.000000 0.004188 0.287154
0.017872 0.000000 0.005864 0.287154
0.017872 0.000000 0.007539 0.287154
0.017872 0.000000 0.009215 0.287154
0.017872 0.000000 0.010890 0.287154
0.017872 0.000000 0.012565 0.287154
0.017872 0.000000 0.014241 0.287154
0.017872 0.000000 0.015916 0.287154
0.017872 0.000000 0.017592 0.287154
0.017872 0.000000 0.019267 0.287154
0.017872 0.000000 0.020942 0.287154
0.017872 0.000000 0.022618 0.287154
0.017872 0.000000 0.024293 0.287154
0.017872 0.000000 0.025969 0.287154
0.017872 0.000000 0.027644 0.287154
0.017872 0.000000 0.029319 0.287154
0.017872 0.000000 0.030995 0.287154
0.017872 0.000000 0.032670 0.287154
0.017872 0.000000 0.034346 0.287154
0.017872 0.000000 0.036021 0.287154
0.017872 0.000000 0.037696 0.287154
0.017872 0.000000 0.039372 0.287154
0.017872 0.000000 0.041047 0.287154
0.017872 0.000000 0.042723 0.287154
0.017872 0.000000 0.044398 0.287154
0.017872 0.000000 0.046073 0.287154
0.017872 0.000000 0.047749 0.287154
0.017872 0.000000 0.049424 0.287154
0.017872 0.000000 0.051099 0.287154
0.017872 0.000000 0.052775 0.287154
0.017872 0.000000 0.054450 0.287154
0.017872 0.000000 0.056126 0.287154
0.017872 0.000000 0.057801 0.287154
0.017872 0.000000 0.059476 0.287154
0.017872 0.000000 0.061152 0.287154
0.017872 0.000000 0.062827 0.287154
0.017872 0.000000 0.064503 0.287154
0.017872 0.000000 0.066178 0.287154
0.017872 0.000000 0.067853 0.287154
0.017872 0.000000 0.069529 0.287154
0.017872 0.000000 0.071204 0.287154
0.017872 0.000000 0.072880 0.287154
0.017872 0.000000 0.074555 0.287154
0.017872 0.000000 0.076230 0.287154
0.017872 0.000000 0.077906 0.287154
0.017872 0.000000 0.079581 0.287154
0.017872 0.000000 0.081257 0.287154
0.017872 0.000000 0.082932 0.287154
0.017872 0.000000 0.084607 0.287154
0.017872 0.000000 0.086283 0.287154
0.017872 0.000000 0.087958 0.287154
0.017872 0.000000 0.089634 0.287154
0.017872 0.000000 0.091309 0.287154
0.017872 0.000000 0.092984 0.287154
0.017872 0.000000 0.094660 0.287154
0.017872 0.000000 0.096335 0.287154
0.017872 0.000000 0.098010 0.287154
0.017872 0.000000 0.099686 0.287154
0.017872 0.000000 0.101361 0.287154
0.017872 0.000000 0.103037 0.287154
0.017872 0.000000 0.104712 0.287154
0.017872 0.000000 0.106387 0.287154
0.017872 0.000000 0.108063 0.287154
0.017872 0.000000 0.109738 0.287154
0.017872 0.000000 0.111414 0.287154
0.017872 0.000000 0.113089 0.287154
0.017872 0.000000 0.114764 0.287154
0.017872 0.000000 0.116440 0.287154
0.017872 0.000000 0.118115 0.287154
0.017872 0.000000 0.119791 0.287154
0.017872 0.000000 0.121466 0.287154
0.017872 0.000000 0.123141 0.287154
0.017872 0.000000 0.124817 0.287154
0.017872 0.000000 0.126492 0.287154
0.017872 0.000000 0.128168 0.287154
0.017872 0.000000 0.129843 0.287154
0.017872 0.000000 0.131518 0.287154
0.017872 0.000000 0.133194 0.287154
0.017872 0.000000 0.134869 0.287154
0.017872 0.000000 0.136545 0.287154
0.017872 0.000000 0.138220 0.287154
0.017872 0.000000 0.139895 0.287154
0.017872 0.000000 0.141571 0.287154
0.017872 0.000000 0.143246 0.287154
0.017872 0.000000 0.144921 0.287154
0.017872 0.000000 0.146597 0.287154
0.017872 0.000000 0.148272 0.287154
0.017872 0.000000 0.149948 0.287154
0.017872 0.000000 0.151623 0.287154
0.017872 0.000000 0.153298 0.287154
0.017872 0.000000 0.154974 0.287154
0.017872 0.000000 0.156649 0.287154
0.017872 0.000000 0.158325 0.287154
0.017872 0.000000 0.160000 0.287154
0.019574 0.000000 -0.160000 0.223864
0.019574 0.000000 -0.158325 0.223864
0.019574 0.000000 -0.156649 0.223864
0.019574 0.000000 -0.154974 0.223864
0.019574 0.000000 -0.153298 0.223864
0.019574 0.000000 -0.151623 0.223864
0.019574 0.000000 -0.149948 0.223864
0.019574 0.000000 -0.148272 0.223864
0.019574 0.000000 -0.146597 0.223864
0.019574 0.000000 -0.144921 0.223864
0.019574 0.000000 -0.143246 0.223864
0.019574 0.000000 -0.141571 0.223864
0.019574 0.000000 -0.139895 0.223864
0.019574 0.000000 -0.138220 0.223864
0.019574 0.000000 -0.136545 0.223864
0.019574 0.000000 -0.134869 0.223864
0.019574 0.000000 -0.133194 0.223864
0.019574 0.000000 -0.131518 0.223864
0.019574 0.000000 -0.129843 0.223864
0.019574 0.000000 -0.128168 0.223864
0.019574 0.000000 -0.126492 0.223864
0.019574 0.000000 -0.124817 0.223864
0.019574 0.000000 -0.123141 0.223864
0.019574 0.000000 -0.121466 0.223864
0.019574 0.000000 -0.119791 0.223864
0.019574 0.000000 -0.118115 0.223864
0.019574 0.000000 -0.116440 0.223864
0.019574 0.000000 -0.114764 0.223864
0.019574 0.000000 -0.113089 0.223864
0.019574 0.000000 -0.111414 0.223864
0.019574 0.000000 -0.109738 0.223864
0.019574 0.000000 -0.108063 0.223864
0.019574 0.000000 -0.106387 0.223864
0.019574 0.000000 -0.104712 0.223864
0.019574 0.000000 -0.103037 0.223864
0.019574 0.000000 -0.101361 0.223864
0.019574 0.000000 -0.099686 0.223864
0.019574 0.000000 -0.098010 0.223864
0.019574 0.000000 -0.096335 0.223864
0.019574 0.000000 -0.094660 0.223864
0.019574 0.000000 -0.092984 0.223864
0.019574 0.000000 -0.091309 0.223864
0.019574 0.000000 -0.089634 0.223864
0.019574 0.000000 -0.087958 0.223864
0.019574 0.000000 -0.086283 0.223864
0.019574 0.000000 -0.084607 0.223864
0.019574 0.000000 -0.082932 0.223864
0.019574 0.000000 -0.081257 0.223864
0.019574 0.000000 -0.079581 0.223864
0.019574 0.000000 -0.077906 0.223864
0.019574 0.000000 -0.076230 0.223864
0.019574 0.000000 -0.074555 0.223864
0.019574 0.000000 -0.072880 0.223864
0.019574 0.000000 -0.071204 0.223864
0.019574 0.000000 -0.069529 0.223864
0.019574 0.000000 -0.067853 0.223864
0.019574 0.000000 -0.066178 0.223864
0.019574 0.000000 -0.064503 0.223864
0.019574 0.000000 -0.062827 0.223864
0.019574 0.000000 -0.061152 0.223864
0.019574 0.000000 -0.059476 0.223864
0.019574 0.000000 -0.057801 0.223864
0.019574 0.000000 -0.056126 0.223864
0.019574 0.000000 -0.054450 0.223864
0.019574 0.000000 -0.052775 0.223864
0.019574 0.000000 -0.051099 0.223864
0.019574 0.000000 -0.049424 0.223864
0.019574 0.000000 -0.047749 0.223864
0.019574 0.000000 -0.046073 0.223864
0.019574 0.000000 -0.044398 0.223864
0.019574 0.000000 -0.042723 0.223864
0.019574 0.000000 -0.041047 0.223864
0.019574 0.000000 -0.039372 0.223864
0.019574 0.000000 -0.037696 0.223864
0.019574 0.000000 -0.036021 0.223864
0.019574 0.000000 -0.034346 0.223864
0.019574 0.000000 -0.032670 0.223864
0.019574 0.000000 -0.030995 0.223864
0.019574 0.000000 -0.029319 0.223864
0.019574 0.000000 -0.027644 0.223864
0.019574 0.000000 -0.025969 0.223864
0.019574 0.000000 -0.024293 0.223864
0.019574 0.000000 -0.022618 0.223864
0.019574 0.000000 -0.020942 0.223864
0.019574 0.000000 -0.019267 0.223864
0.019574 0.000000 -0.017592 0.223864
0.019574 0.000000 -0.015916 0.223864
0.019574 0.000000 -0.014241 0.223864
0.019574 0.000000 -0.012565 0.223864
0.019574 0.000000 -0.010890 0.223864
0.019574 0.000000 -0.009215 0.223864
0.019574 0.000000 -0.007539 0.223864
0.019574 0.000000 -0.005864 0.223864
0.019574 0.000000 -0.004188 0.223864
0.019574 0.000000 -0.002513 0.223864
0.019574 0.000000 -0.000838 0.223864
0.019574 0.000000 0.000838 0.223864
0.019574 0.000000 0.002513 0.223864
0.019574 0.000000 0.004188 0.223864
0.019574 0.000000 0.005864 0.223864
0.019574 0.000000 0.007539 0.223864
0.019574 0.000000 0.009215 0.223864
0.019574 0.000000 0.010890 0.223864
0.019574 0.000000 0.012565 0.223864
0.019574 0.000000 0.014241 0.223864
0.019574 0.000000 0.015916 0.223864
0.019574 0.000000 0.017592 0.223864
0.019574 0.000000 0.019267 0.223864
0.019574 0.000000 0.020942 0.223864
0.019574 0.000000 0.022618 0.223864
0.019574 0.000000 0.024293 0.223864
0.019574 0.000000 0.025969 0.223864
0.019574 0.000000 0.027644 0.223864
0.019574 0.000000 0.029319 0.223864
0.019574 0.000000 0.030995 0.223864
0.019574 0.000000 0.032670 0.223864
0.019574 0.000000 0.034346 0.223864
0.019574 0.000000 0.036021 0.223864
0.019574 0.000000 0.037696 0.223864
0.019574 0.000000 0.039372 0.223864
0.019574 0.000000 0.041047 0.223864
0.019574 0.000000 0.042723 0.223864
0.019574 0.000000 0.044398 0.223864
0.019574 0.000000 0.046073 0.223864
0.019574 0.000000 0.047749 0.223864
0.019574 0.000000 0.049424 0.223864
0.019574 0.000000 0.051099 0.223864
0.019574 0.000000 0.052775 0.223864
0.019574 0.000000 0.054450 0.223864
0.019574 0.000000 0.056126 0.223864
0.019574 0.000000 0.057801 0.223864
0.019574 0.000000 0.059476 0.223864
0.019574 0.000000 0.061152 0.223864
0.019574 0.000000 0.062827 0.223864
0.019574 0.000000 0.064503 0.223864
0.019574 0.000000 0.066178 0.223864
0.019574 0.000000 0.067853 0.223864
0.019574 0.000000 0.069529 0.223864
0.019574 0.000000 0.071204 0.223864
0.019574 0.000000 0.072880 0.223864
0.019574 0.000000 0.074555 0.223864
0.019574 0.000000 0.076230 0.223864
0.019574 0.000000 0.077906 0.223864
0.019574 0.000000 0.079581 0.223864
0.019574 0.000000 0.081257 0.223864
0.019574 0.000000 0.082932 0.223864
0.019574 0.000000 0.084607 0.223864
0.019574 0.000000 0.086283 0.223864
0.019574 0.000000 0.087958 0.223864
0.019574 0.000000 0.089634 0.223864
0.019574 0.000000 0.091309 0.223864
0.019574 0.000000 0.092984 0.223864
0.019574 0.000000 0.094660 0.223864
0.019574 0.000000 0.096335 0.223864
0.019574 0.000000 0.098010 0.223864
0.019574 0.000000 0.099686 0.223864
0.019574 0.000000 0.101361 0.223864
0.019574 0.000000 0.103037 0.223864
0.019574 0.000000 0.104712 0.223864
0.019574 0.000000 0.106387 0.223864
0.019574 0.000000 0.108063 0.223864
0.019574 0.000000 0.109738 0.223864
0.019574 0.000000 0.111414 0.223864
0.019574 0.000000 0.113089 0.223864
0.019574 0.000000 0.114764 0.223864
0.019574 0.000000 0.116440 0.223864
0.019574 0.000000 0.118115 0.223864
0.019574 0.000000 0.119791 0.223864
0.019574 0.000000 0.121466 0.223864
0.019574 0.000000 0.123141 0.223864
0.019574 0.000000 0.124817 0.223864
0.019574 0.000000 0.126492 0.223864
0.019574 0.000000 0.128168 0.223864
0.019574 0.000000 0.129843 0.223864
0.019574 0.000000 0.131518 0.223864
0.019574 0.000000 0.133194 0.223864
0.019574 0.000000 0.134869 0.223864
0.019574 0.000000 0.136545 0.223864
0.019574 0.000000 0.138220 0.223864
0.019574 0.000000 0.139895 0.223864
0.019574 0.000000 0.141571 0.223864
0.019574 0.000000 0.143246 0.223864
0.019574 0.000000 0.144921 0.223864
0.019574 0.000000 0.146597 0.223864
0.019574 0.000000 0.148272 0.223864
0.019574 0.000000 0.149948 0.223864
0.019574 0.000000 0.151623 0.223864
0.019574 0.000000 0.153298 0.223864
0.019574 0.000000 0.154974 0.223864
0.019574 0.000000 0.156649 0.223864
0.019574 0.000000 0.158325 0.223864
0.019574 0.000000 0.160000 0.223864
0.021277 0.000000 -0.160000 0.170617
0.021277 0.000000 -0.158325 0.170617
0.021277 0.000000 -0.156649 0.170617
0.021277 0.000000 -0.154974 0.170617
0.021277 0.000000 -0.153298 0.170617
0.021277 0.000000 -0.151623 0.170617
0.021277 0.000000 -0.149948 0.170617
0.021277 0.000000 -0.148272 0.170617
0.021277 0.000000 -0.146597 0.170617
0.021277 0.000000 -0.144921 0.170617
0.021277 0.000000 -0.143246 0.170617
0.021277 0.000000 -0.141571 0.170617
0.021277 0.000000 -0.139895 0.170617
0.021277 0.000000 -0.138220 0.170617
0.021277 0.000000 -0.136545 0.170617
0.021277 0.000000 -0.134869 0.170617
0.021277 0.000000 -0.133194 0.170617
0.021277 0.000000 -0.131518 0.170617
0.021277 0.000000 -0.129843 0.170617
0.021277 0.000000 -0.128168 0.170617
0.021277 0.000000 -0.126492 0.170617
0.021277 0.000000 -0.124817 0.170617
0.021277 0.000000 -0.123141 0.170617
0.021277 0.000000 -0.121466 0.170617
0.021277 0.000000 -0.119791 0.170617
0.021277 0.000000 -0.118115 0.170617
0.021277 0.000000 -0.116440 0.170617
0.021277 0.000000 -0.114764 0.170617
0.021277 0.000000 -0.113089 0.170617
0.021277 0.000000 -0.111414 0.170617
0.021277 0.000000 -0.109738 0.170617
0.021277 0.000000 -0.108063 0.170617
0.021277 0.000000 -0.106387 0.170617
0.021277 0.000000 -0.104712 0.170617
0.021277 0.000000 -0.103037 0.170617
0.021277 0.000000 -0.101361 0.170617
0.021277 0.000000 -0.099686 0.170617
0.021277 0.000000 -0.098010 0.170617
0.021277 0.000000 -0.096335 0.170617
0.021277 0.000000 -0.094660 0.170617
0.021277 0.000000 -0.092984 0.170617
0.021277 0.000000 -0.091309 0.170617
0.021277 0.000000 -0.089634 0.170617
0.021277 0.000000 -0.087958 0.170617
0.021277 0.000000 -0.086283 0.170617
0.021277 0.000000 -0.084607 0.170617
0.021277 0.000000 -0.082932 0.170617
0.021277 0.000000 -0.081257 0.170617
0.021277 0.000000 -0.079581 0.170617
0.021277 0.000000 -0.077906 0.170617
0.021277 0.000000 -0.076230 0.170617
0.021277 0.000000 -0.074555 0.170617
0.021277 0.000000 -0.072880 0.170617
0.021277 0.000000 -0.071204 0.170617
0.021277 0.000000 -0.069529 0.170617
0.021277 0.000000 -0.067853 0.170617
0.021277 0.000000 -0.066178 0.170617
0.021277 0.000000 -0.064503 0.170617
0.021277 0.000000 -0.062827 0.170617
0.021277 0.000000 -0.061152 0.170617
0.021277 0.000000 -0.059476 0.170617
0.021277 0.000000 -0.057801 0.170617
0.021277 0.000000 -0.056126 0.170617
0.021277 0.000000 -0.054450 0.170617
0.021277 0.000000 -0.052775 0.170617
0.021277 0.000000 -0.051099 0.170617
0.021277 0.000000 -0.049424 0.170617
0.021277 0.000000 -0.047749 0.170617
0.021277 0.000000 -0.046073 0.170617
0.021277 0.000000 -0.044398 0.170617
0.021277 0.000000 -0.042723 0.170617
0.021277 0.000000 -0.041047 0.170617
0.021277 0.000000 -0.039372 0.170617
0.021277 0.000000 -0.037696 0.170617
0.021277 0.000000 -0.036021 0.170617
0.021277 0.000000 -0.034346 0.170617
0.021277 0.000000 -0.032670 0.170617
0.021277 0.000000 -0.030995 0.170617
0.021277 0.000000 -0.029319 0.170617
0.021277 0.000000 -0.027644 0.170617
0.021277 0.000000 -0.025969 0.170617
0.021277 0.000000 -0.024293 0.170617
0.021277 0.000000 -0.022618 0.170617
0.021277 0.000000 -0.020942 0.170617
0.021277 0.000000 -0.019267 0.170617
0.021277 0.000000 -0.017592 0.170617
0.021277 0.000000 -0.015916 0.170617
0.021277 0.000000 -0.014241 0.170617
0.021277 0.000000 -0.012565 0.170617
0.021277 0.000000 -0.010890 0.170617
0.021277 0.000000 -0.009215 0.170617
0.021277 0.000000 -0.007539 0.170617
0.021277 0.000000 -0.005864 0.170617
0.021277 0.000000 -0.004188 0.170617
0.021277 0.000000 -0.002513 0.170617
0.021277 0.000000 -0.000838 0.170617
0.021277 0.000000 0.000838 0.170617
0.021277 0.000000 0.002513 0.170617
0.021277 0.000000 0.004188 0.170617
0.021277 0.000000 0.005864 0.170617
0.021277 0.000000 0.007539 0.170617
0.021277 0.000000 0.009215 0.170617
0.021277 0.000000 0.010890 0.170617
0.021277 0.000000 0.012565 0.170617
0.021277 0.000000 0.014241 0.170617
0.021277 0.000000 0.015916 0.170617
0.021277 0.000000 0.017592 0.170617
0.021277 0.000000 0.019267 0.170617
0.021277 0.000000 0.020942 0.170617
0.021277 0.000000 0.022618 0.170617
0.021277 0.000000 0.024293 0.170617
0.021277 0.000000 0.025969 0.170617
0.021277 0.000000 0.027644 0.170617
0.021277 0.000000 0.029319 0.170617
0.021277 0.000000 0.030995 0.170617
0.021277 0.000000 0.032670 0.170617
0.021277 0.000000 0.034346 0.170617
0.021277 0.000000 0.036021 0.170617
0.021277 0.000000 0.037696 0.170617
0.021277 0.000000 0.039372 0.170617
0.021277 0.000000 0.041047 0.170617
0.021277 0.000000 0.042723 0.170617
0.021277 0.000000 0.044398 0.170617
0.021277 0.000000 0.046073 0.170617
0.021277 0.000000 0.047749 0.170617
0.021277 0.000000 0.049424 0.170617
0.021277 0.000000 0.051099 0.170617
0.021277 0.000000 0.052775 0.170617
0.021277 0.000000 0.054450 0.170617
0.021277 0.000000 0.056126 0.170617
0.021277 0.000000 0.057801 0.170617
0.021277 0.000000 0.059476 0.170617
0.021277 0.000000 0.061152 0.170617
0.021277 0.000000 0.062827 0.170617
0.021277 0.000000 0.064503 0.170617
0.021277 0.000000 0.066178 0.170617
0.021277 0.000000 0.067853 0.170617
0.021277 0.000000 0.069529 0.170617
0.021277 0.000000 0.071204 0.170617
0.021277 0.000000 0.072880 0.170617
0.021277 0.000000 0.074555 0.170617
0.021277 0.000000 0.076230 0.170617
0.021277 0.000000 0.077906 0.170617
0.021277 0.000000 0.079581 0.170617
0.021277 0.000000 0.081257 0.170617
0.021277 0.000000 0.082932 0.170617
0.021277 0.000000 0.084607 0.170617
0.021277 0.000000 0.086283 0.170617
0.021277 0.000000 0.087958 0.170617
0.021277 0.000000 0.089634 0.170617
0.021277 0.000000 0.091309 0.170617
0.021277 0.000000 0.092984 0.170617
0.021277 0.000000 0.094660 0.170617
0.021277 0.000000 0.096335 0.170617
0.021277 0.000000 0.098010 0.170617
0.021277 0.000000 0.099686 0.170617
0.021277 0.000000 0.101361 0.170617
0.021277 0.000000 0.103037 0.170617
0.021277 0.000000 0.104712 0.170617
0.021277 0.000000 0.106387 0.170617
0.021277 0.000000 0.108063 0.170617
0.021277 0.000000 0.109738 0.170617
0.021277 0.000000 0.111414 0.170617
0.021277 0.000000 0.113089 0.170617
0.021277 0.000000 0.114764 0.170617
0.021277 0.000000 0.116440 0.170617
0.021277 0.000000 0.118115 0.170617
0.021277 0.000000 0.119791 0.170617
0.021277 0.000000 0.121466 0.170617
0.021277 0.000000 0.123141 0.170617
0.021277 0.000000 0.124817 0.170617
0.021277 0.000000 0.126492 0.170617
0.021277 0.000000 0.128168 0.170617
0.021277 0.000000 0.129843 0.170617
0.021277 0.000000 0.131518 0.170617
0.021277 0.000000 0.133194 0.170617
0.021277 0.000000 0.134869 0.170617
0.021277 0.000000 0.136545 0.170617
0.021277 0.000000 0.138220 0.170617
0.021277 0.000000 0.139895 0.170617
0.021277 0.000000 0.141571 0.170617
0.021277 0.000000 0.143246 0.170617
0.021277 0.000000 0.144921 0.170617
0.021277 0.000000 0.146597 0.170617
0.021277 0.000000 0.148272 0.170617
0.021277 0.000000 0.149948 0.170617
0.021277 0.000000 0.151623 0.170617
0.021277 0.000000 0.153298 0.170617
0.021277 0.000000 0.154974 0.170617
0.021277 0.000000 0.156649 0.170617
0.021277 0.000000 0.158325 0.170617
0.021277 0.000000 0.160000 0.170617
0.022979 0.000000 -0.160000 0.127125
0.022979 0.000000 -0.158325 0.127125
0.022979 0.000000 -0.156649 0.127125
0.022979 0.000000 -0.154974 0.127125
0.022979 0.000000 -0.153298 0.127125
0.022979 0.000000 -0.151623 0.127125
0.022979 0.000000 -0.149948 0.127125
0.022979 0.000000 -0.148272 0.127125
0.022979 0.000000 -0.146597 0.127125
0.022979 0.000000 -0.144921 0.127125
0.022979 0.000000 -0.143246 0.127125
0.022979 0.000000 -0.141571 0.127125
0.022979 0.000000 -0.139895 0.127125
0.022979 0.000000 -0.138220 0.127125
0.022979 0.000000 -0.136545 0.127125
0.022979 0.000000 -0.134869 0.127125
0.022979 0.000000 -0.133194 0.127125
0.022979 0.000000 -0.131518 0.127125
0.022979 0.000000 -0.129843 0.127125
0.022979 0.000000 -0.128168 0.127125
0.022979 0.000000 -0.126492 0.127125
0.022979 0.000000 -0.124817 0.127125
0.022979 0.000000 -0.123141 0.127125
0.022979 0.000000 -0.121466 0.127125
0.022979 0.000000 -0.119791 0.127125
0.022979 0.000000 -0.118115 0.127125
0.022979 0.000000 -0.116440 0.127125
0.022979 0.000000 -0.114764 0.127125
0.022979 0.000000 -0.113089 0.127125
0.022979 0.000000 -0.111414 0.127125
0.022979 0.000000 -0.109738 0.127125
0.022979 0.000000 -0.108063 0.127125
0.022979 0.000000 -0.106387 0.127125
0.022979 0.000000 -0.104712 0.127125
0.022979 0.000000 -0.103037 0.127125
0.022979 0.000000 -0.101361 0.127125
0.022979 0.000000 -0.099686 0.127125
0.022979 0.000000 -0.098010 0.127125
0.022979 0.000000 -0.096335 0.127125
0.022979 0.000000 -0.094660 0.127125
0.022979 0.000000 -0.092984 0.127125
0.022979 0.000000 -0.091309 0.127125
0.022979 0.000000 -0.089634 0.127125
0.022979 0.000000 -0.087958 0.127125
0.022979 0.000000 -0.086283 0.127125
0.022979 0.000000 -0.084607 0.127125
0.022979 0.000000 -0.082932 0.127125
0.022979 0.000000 -0.081257 0.127125
0.022979 0.000000 -0.079581 0.127125
0.022979 0.000000 -0.077906 0.127125
0.022979 0.000000 -0.076230 0.127125
0.022979 0.000000 -0.074555 0.127125
0.022979 0.000000 -0.072880 0.127125
0.022979 0.000000 -0.071204 0.127125
0.022979 0.000000 -0.069529 0.127125
0.022979 0.000000 -0.067853 0.127125
0.022979 0.000000 -0.066178 0.127125
0.022979 0.000000 -0.064503 0.127125
0.022979 0.000000 -0.062827 0.127125
0.022979 0.000000 -0.061152 0.127125
0.022979 0.000000 -0.059476 0.127125
0.022979 0.000000 -0.057801 0.127125
0.022979 0.000000 -0.056126 0.127125
0.022979 0.000000 -0.054450 0.127125
0.022979 0.000000 -0.052775 0.127125
0.022979 0.000000 -0.051099 0.127125
0.022979 0.000000 -0.049424 0.127125
0.022979 0.000000 -0.047749 0.127125
0.022979 0.000000 -0.046073 0.127125
0.022979 0.000000 -0.044398 0.127125
0.022979 0.000000 -0.042723 0.127125
0.022979 0.000000 -0.041047 0.127125
0.022979 0.000000 -0.039372 0.127125
0.022979 0.000000 -0.037696 0.127125
0.022979 0.000000 -0.036021 0.127125
0.022979 0.000000 -0.034346 0.127125
0.022979 0.000000 -0.032670 0.127125
0.022979 0.000000 -0.030995 0.127125
0.022979 0.000000 -0.029319 0.127125
0.022979 0.000000 -0.027644 0.127125
0.022979 0.000000 -0.025969 0.127125
0.022979 0.000000 -0.024293 0.127125
0.022979 0.000000 -0.022618 0.127125
0.022979 0.000000 -0.020942 0.127125
0.022979 0.000000 -0.019267 0.127125
0.022979 0.000000 -0.017592 0.127125
0.022979 0.000000 -0.015916 0.127125
0.022979 0.000000 -0.014241 0.127125
0.022979 0.000000 -0.012565 0.127125
0.022979 0.000000 -0.010890 0.127125
0.022979 0.000000 -0.009215 0.127125
0.022979 0.000000 -0.007539 0.127125
0.022979 0.000000 -0.005864 0.127125
0.022979 0.000000 -0.004188 0.127125
0.022979 0.000000 -0.002513 0.127125
0.022979 0.000000 -0.000838 0.127125
0.022979 0.000000 0.000838 0.127125
0.022979 0.000000 0.002513 0.127125
0.022979 0.000000 0.004188 0.127125
0.022979 0.000000 0.005864 0.127125
0.022979 0.000000 0.007539 0.127125
0.022979 0.000000 0.009215 0.127125
0.022979 0.000000 0.010890 0.127125
0.022979 0.000000 0.012565 0.127125
0.022979 0.000000 0.014241 0.127125
0.022979 0.000000 0.015916 0.127125
0.022979 0.000000 0.017592 0.127125
0.022979 0.000000 0.019267 0.127125
0.022979 0.000000 0.020942 0.127125
0.022979 0.000000 0.022618 0.127125
0.022979 0.000000 0.024293 0.127125
0.022979 0.000000 0.025969 0.127125
0.022979 0.000000 0.027644 0.127125
0.022979 0.000000 0.029319 0.127125
0.022979 0.000000 0.030995 0.127125
0.022979 0.000000 0.032670 0.127125
0.022979 0.000000 0.034346 0.127125
0.022979 0.000000 0.036021 0.127125
0.022979 0.000000 0.037696 0.127125
0.022979 0.000000 0.039372 0.127125
0.022979 0.000000 0.041047 0.127125
0.022979 0.000000 0.042723 0.127125
0.022979 0.000000 0.044398 0.127125
0.022979 0.000000 0.046073 0.127125
0.022979 0.000000 0.047749 0.127125
0.022979 0.000000 0.049424 0.127125
0.022979 0.000000 0.051099 0.127125
0.022979 0.000000 0.052775 0.127125
0.022979 0.000000 0.054450 0.127125
0.022979 0.000000 0.056126 0.127125
0.022979 0.000000 0.057801 0.127125
0.022979 0.000000 0.059476 0.127125
0.022979 0.000000 0.061152 0.127125
0.022979 0.000000 0.062827 0.127125
0.022979 0.000000 0.064503 0.127125
0.022979 0.000000 0.066178 0.127125
0.022979 0.000000 0.067853 0.127125
0.022979 0.000000 0.069529 0.127125
0.022979 0.000000 0.071204 0.127125
0.022979 0.000000 0.072880 0.127125
0.022979 0.000000 0.074555 0.127125
0.022979 0.000000 0.076230 0.127125
0.022979 0.000000 0.077906 0.127125
0.022979 0.000000 0.079581 0.127125
0.022979 0.000000 0.081257 0.127125
0.022979 0.000000 0.082932 0.127125
0.022979 0.000000 0.084607 0.127125
0.022979 0.000000 0.086283 0.127125
0.022979 0.000000 0.087958 0.127125
0.022979 0.000000 0.089634 0.127125
0.022979 0.000000 0.091309 0.127125
0.022979 0.000000 0.092984 0.127125
0.022979 0.000000 0.094660 0.127125
0.022979 0.000000 0.096335 0.127125
0.022979 0.000000 0.098010 0.127125
0.022979 0.000000 0.099686 0.127125
0.022979 0.000000 0.101361 0.127125
0.022979 0.000000 0.103037 0.127125
0.022979 0.000000 0.104712 0.127125
0.022979 0.000000 0.106387 0.127125
0.022979 0.000000 0.108063 0.127125
0.022979 0.000000 0.109738 0.127125
0.022979 0.000000 0.111414 0.127125
0.022979 0.000000 0.113089 0.127125
0.022979 0.000000 0.114764 0.127125
0.022979 0.000000 0.116440 0.127125
0.022979 0.000000 0.118115 0.127125
0.022979 0.000000 0.119791 0.127125
0.022979 0.000000 0.121466 0.127125
0.022979 0.000000 0.123141 0.127125
0.022979 0.000000 0.124817 0.127125
0.022979 0.000000 0.126492 0.127125
0.022979 0.000000 0.128168 0.127125
0.022979 0.000000 0.129843 0.127125
0.022979 0.000000 0.131518 0.127125
0.022979 0.000000 0.133194 0.127125
0.022979 0.000000 0.134869 0.127125
0.022979 0.000000 0.136545 0.127125
0.022979 0.000000 0.138220 0.127125
0.022979 0.000000 0.139895 0.127125
0.022979 0.000000 0.141571 0.127125
0.022979 0.000000 0.143246 0.127125
0.022979 0.000000 0.144921 0.127125
0.022979 0.000000 0.146597 0.127125
0.022979 0.000000 0.148272 0.127125
0.022979 0.000000 0.149948 0.127125
0.022979 0.000000 0.151623 0.127125
0.022979 0.000000 0.153298 0.127125
0.022979 0.000000 0.154974 0.127125
0.022979 0.000000 0.156649 0.127125
0.022979 0.000000 0.158325 0.127125
0.022979 0.000000 0.160000 0.127125
0.024681 0.000000 -0.160000 0.092600
0.024681 0.000000 -0.158325 0.092600
0.024681 0.000000 -0.156649 0.092600
0.024681 0.000000 -0.154974 0.092600
0.024681 0.000000 -0.153298 0.092600
0.024681 0.000000 -0.151623 0.092600
0.024681 0.000000 -0.149948 0.092600
0.024681 0.000000 -0.148272 0.092600
0.024681 0.000000 -0.146597 0.092600
0.024681 0.000000 -0.144921 0.092600
0.024681 0.000000 -0.143246 0.092600
0.024681 0.000000 -0.141571 0.092600
0.024681 0.000000 -0.139895 0.092600
0.024681 0.000000 -0.138220 0.092600
0.024681 0.000000 -0.136545 0.092600
0.024681 0.000000 -0.134869 0.092600
0.024681 0.000000 -0.133194 0.092600
0.024681 0.000000 -0.131518 0.092600
0.024681 0.000000 -0.129843 0.092600
0.024681 0.000000 -0.128168 0.092600
0.024681 0.000000 -0.126492 0.092600
0.024681 0.000000 -0.124817 0.092600
0.024681 0.000000 -0.123141 0.092600
0.024681 0.000000 -0.121466 0.092600
0.024681 0.000000 -0.119791 0.092600
0.024681 0.000000 -0.118115 0.092600
0.024681 0.000000 -0.116440 0.092600
0.024681 0.000000 -0.114764 0.092600
0.024681 0.000000 -0.113089 0.092600
0.024681 0.000000 -0.111414 0.092600
0.024681 0.000000 -0.109738 0.092600
0.024681 0.000000 -0.108063 0.092600
0.024681 0.000000 -0.106387 0.092600
0.024681 0.000000 -0.104712 0.092600
0.024681 0.000000 -0.103037 0.092600
0.024681 0.000000 -0.101361 0.092600
0.024681 0.000000 -0.099686 0.092600
0.024681 0.000000 -0.098010 0.092600
0.024681 0.000000 -0.096335 0.092600
0.024681 0.000000 -0.094660 0.092600
0.024681 0.000000 -0.092984 0.092600
0.024681 0.000000 -0.091309 0.092600
0.024681 0.000000 -0.089634 0.092600
0.024681 0.000000 -0.087958 0.092600
0.024681 0.000000 -0.086283 0.092600
0.024681 0.000000 -0.084607 0.092600
0.024681 0.000000 -0.082932 0.092600
0.024681 0.000000 -0.081257 0.092600
0.024681 0.000000 -0.079581 0.092600
0.024681 0.000000 -0.077906 0.092600
0.024681 0.000000 -0.076230 0.092600
0.024681 0.000000 -0.074555 0.092600
0.024681 0.000000 -0.072880 0.092600
0.024681 0.000000 -0.071204 0.092600
0.024681 0.000000 -0.069529 0.092600
0.024681 0.000000 -0.067853 0.092600
0.024681 0.000000 -0.066178 0.092600
0.024681 0.000000 -0.064503 0.092600
0.024681 0.000000 -0.062827 0.092600
0.024681 0.000000 -0.061152 0.092600
0.024681 0.000000 -0.059476 0.092600
0.024681 0.000000 -0.057801 0.092600
0.024681 0.000000 -0.056126 0.092600
0.024681 0.000000 -0.054450 0.092600
0.024681 0.000000 -0.052775 0.092600
0.024681 0.000000 -0.051099 0.092600
0.024681 0.000000 -0.049424 0.092600
0.024681 0.000000 -0.047749 0.092600
0.024681 0.000000 -0.046073 0.092600
0.024681 0.000000 -0.044398 0.092600
0.024681 0.000000 -0.042723 0.092600
0.024681 0.000000 -0.041047 0.092600
0.024681 0.000000 -0.039372 0.092600
0.024681 0.000000 -0.037696 0.092600
0.024681 0.000000 -0.036021 0.092600
0.024681 0.000000 -0.034346 0.092600
0.024681 0.000000 -0.032670 0.092600
0.024681 0.000000 -0.030995 0.092600
0.024681 0.000000 -0.029319 0.092600
0.024681 0.000000 -0.027644 0.092600
0.024681 0.000000 -0.025969 0.092600
0.024681 0.000000 -0.024293 0.092600
0.024681 0.000000 -0.022618 0.092600
0.024681 0.000000 -0.020942 0.092600
0.024681 0.000000 -0.019267 0.092600
0.024681 0.000000 -0.017592 0.092600
0.024681 0.000000 -0.015916 0.092600
0.024681 0.000000 -0.014241 0.092600
0.024681 0.000000 -0.012565 0.092600
0.024681 0.000000 -0.010890 0.092600
0.024681 0.000000 -0.009215 0.092600
0.024681 0.000000 -0.007539 0.092600
0.024681 0.000000 -0.005864 0.092600
0.024681 0.000000 -0.004188 0.092600
0.024681 0.000000 -0.002513 0.092600
0.024681 0.000000 -0.000838 0.092600
0.024681 0.000000 0.000838 0.092600
0.024681 0.000000 0.002513 0.092600
0.024681 0.000000 0.004188 0.092600
0.024681 0.000000 0.005864 0.092600
0.024681 0.000000 0.007539 0.092600
0.024681 0.000000 0.009215 0.092600
0.024681 0.000000 0.010890 0.092600
0.024681 0.000000 0.012565 0.092600
0.024681 0.000000 0.014241 0.092600
0.024681 0.000000 0.015916 0.092600
0.024681 0.000000 0.017592 0.092600
0.024681 0.000000 0.019267 0.092600
0.024681 0.000000 0.020942 0.092600
0.024681 0.000000 0.022618 0.092600
0.024681 0.000000 0.024293 0.092600
0.024681 0.000000 0.025969 0.092600
0.024681 0.000000 0.027644 0.092600
0.024681 0.000000 0.029319 0.092600
0.024681 0.000000 0.030995 0.092600
0.024681 0.000000 0.032670 0.092600
0.024681 0.000000 0.034346 0.092600
0.024681 0.000000 0.036021 0.092600
0.024681 0.000000 0.037696 0.092600
0.024681 0.000000 0.039372 0.092600
0.024681 0.000000 0.041047 0.092600
0.024681 0.000000 0.042723 0.092600
0.024681 0.000000 0.044398 0.092600
0.024681 0.000000 0.046073 0.092600
0.024681 0.000000 0.047749 0.092600
0.024681 0.000000 0.049424 0.092600
0.024681 0.000000 0.051099 0.092600
0.024681 0.000000 0.052775 0.092600
0.024681 0.000000 0.054450 0.092600
0.024681 0.000000 0.056126 0.092600
0.024681 0.000000 0.057801 0.092600
0.024681 0.000000 0.059476 0.092600
0.024681 0.000000 0.061152 0.092600
0.024681 0.000000 0.062827 0.092600
0.024681 0.000000 0.064503 0.092600
0.024681 0.000000 0.066178 0.092600
0.024681 0.000000 0.067853 0.092600
0.024681 0.000000 0.069529 0.092600
0.024681 0.000000 0.071204 0.092600
0.024681 0.000000 0.072880 0.092600
0.024681 0.000000 0.074555 0.092600
0.024681 0.000000 0.076230 0.092600
0.024681 0.000000 0.077906 0.092600
0.024681 0.000000 0.079581 0.092600
0.024681 0.000000 0.081257 0.092600
0.024681 0.000000 0.082932 0.092600
0.024681 0.000000 0.084607 0.092600
0.024681 0.000000 0.086283 0.092600
0.024681 0.000000 0.087958 0.092600
0.024681 0.000000 0.089634 0.092600
0.024681 0.000000 0.091309 0.092600
0.024681 0.000000 0.092984 0.092600
0.024681 0.000000 0.094660 0.092600
0.024681 0.000000 0.096335 0.092600
0.024681 0.000000 0.098010 0.092600
0.024681 0.000000 0.099686 0.092600
0.024681 0.000000 0.101361 0.092600
0.024681 0.000000 0.103037 0.092600
0.024681 0.000000 0.104712 0.092600
0.024681 0.000000 0.106387 0.092600
0.024681 0.000000 0.108063 0.092600
0.024681 0.000000 0.109738 0.092600
0.024681 0.000000 0.111414 0.092600
0.024681 0.000000 0.113089 0.092600
0.024681 0.000000 0.114764 0.092600
0.024681 0.000000 0.116440 0.092600
0.024681 0.000000 0.118115 0.092600
0.024681 0.000000 0.119791 0.092600
0.024681 0.000000 0.121466 0.092600
0.024681 0.000000 0.123141 0.092600
0.024681 0.000000 0.124817 0.092600
0.024681 0.000000 0.126492 0.092600
0.024681 0.000000 0.128168 0.092600
0.024681 0.000000 0.129843 0.092600
0.024681 0.000000 0.131518 0.092600
0.024681 0.000000 0.133194 0.092600
0.024681 0.000000 0.134869 0.092600
0.024681 0.000000 0.136545 0.092600
0.024681 0.000000 0.138220 0.092600
0.024681 0.000000 0.139895 0.092600
0.024681 0.000000 0.141571 0.092600
0.024681 0.000000 0.143246 0.092600
0.024681 0.000000 0.144921 0.092600
0.024681 0.000000 0.146597 0.092600
0.024681 0.000000 0.148272 0.092600
0.024681 0.000000 0.149948 0.092600
0.024681 0.000000 0.151623 0.092600
0.024681 0.000000 0.153298 0.092600
0.024681 0.000000 0.154974 0.092600
0.024681 0.000000 0.156649 0.092600
0.024681 0.000000 0.158325 0.092600
0.024681 0.000000 0.160000 0.092600
0.026383 0.000000 -0.160000 0.065941
0.026383 0.000000 -0.158325 0.065941
0.026383 0.000000 -0.156649 0.065941
0.026383 0.000000 -0.154974 0.065941
0.026383 0.000000 -0.153298 0.065941
0.026383 0.000000 -0.151623 0.065941
0.026383 0.000000 -0.149948 0.065941
0.026383 0.000000 -0.148272 0.065941
0.026383 0.000000 -0.146597 0.065941
0.026383 0.000000 -0.144921 0.065941
0.026383 0.000000 -0.143246 0.065941
0.026383 0.000000 -0.141571 0.065941
0.026383 0.000000 -0.139895 0.065941
0.026383 0.000000 -0.138220 0.065941
0.026383 0.000000 -0.136545 0.065941
0.026383 0.000000 -0.134869 0.065941
0.026383 0.000000 -0.133194 0.065941
0.026383 0.000000 -0.131518 0.065941
0.026383 0.000000 -0.129843 0.065941
0.026383 0.000000 -0.128168 0.065941
0.026383 0.000000 -0.126492 0.065941
0.026383 0.000000 -0.124817 0.065941
0.026383 0.000000 -0.123141 0.065941
0.026383 0.000000 -0.121466 0.065941
0.026383 0.000000 -0.119791 0.065941
0.026383 0.000000 -0.118115 0.065941
0.026383 0.000000 -0.116440 0.065941
0.026383 0.000000 -0.114764 0.065941
0.026383 0.000000 -0.113089 0.065941
0.026383 0.000000 -0.111414 0.065941
0.026383 0.000000 -0.109738 0.065941
0.026383 0.000000 -0.108063 0.065941
0.026383 0.000000 -0.106387 0.065941
0.026383 0.000000 -0.104712 0.065941
0.026383 0.000000 -0.103037 0.065941
0.026383 0.000000 -0.101361 0.065941
0.026383 0.000000 -0.099686 0.065941
0.026383 0.000000 -0.098010 0.065941
0.026383 0.000000 -0.096335 0.065941
0.026383 0.000000 -0.094660 0.065941
0.026383 0.000000 -0.092984 0.065941
0.026383 0.000000 -0.091309 0.065941
0.026383 0.000000 -0.089634 0.065941
0.026383 0.000000 -0.087958 0.065941
0.026383 0.000000 -0.086283 0.065941
0.026383 0.000000 -0.084607 0.065941
0.026383 0.000000 -0.082932 0.065941
0.026383 0.000000 -0.081257 0.065941
0.026383 0.000000 -0.079581 0.065941
0.026383 0.000000 -0.077906 0.065941
0.026383 0.000000 -0.076230 0.065941
0.026383 0.000000 -0.074555 0.065941
0.026383 0.000000 -0.072880 0.065941
0.026383 0.000000 -0.071204 0.065941
0.026383 0.000000 -0.069529 0.065941
0.026383 0.000000 -0.067853 0.065941
0.026383 0.000000 -0.066178 0.065941
0.026383 0.000000 -0.064503 0.065941
0.026383 0.000000 -0.062827 0.065941
0.026383 0.000000 -0.061152 0.065941
0.026383 0.000000 -0.059476 0.065941
0.026383 0.000000 -0.057801 0.065941
0.026383 0.000000 -0.056126 0.065941
0.026383 0.000000 -0.054450 0.065941
0.026383 0.000000 -0.052775 0.065941
0.026383 0.000000 -0.051099 0.065941
0.026383 0.000000 -0.049424 0.065941
0.026383 0.000000 -0.047749 0.065941
0.026383 0.000000 -0.046073 0.065941
0.026383 0.000000 -0.044398 0.065941
0.026383 0.000000 -0.042723 0.065941
0.026383 0.000000 -0.041047 0.065941
0.026383 0.000000 -0.039372 0.065941
0.026383 0.000000 -0.037696 0.065941
0.026383 0.000000 -0.036021 0.065941
0.026383 0.000000 -0.034346 0.065941
0.026383 0.000000 -0.032670 0.065941
0.026383 0.000000 -0.030995 0.065941
0.026383 0.000000 -0.029319 0.065941
0.026383 0.000000 -0.027644 0.065941
0.026383 0.000000 -0.025969 0.065941
0.026383 0.000000 -0.024293 0.065941
0.026383 0.000000 -0.022618 0.065941
0.026383 0.000000 -0.020942 0.065941
0.026383 0.000000 -0.019267 0.065941
0.026383 0.000000 -0.017592 0.065941
0.026383 0.000000 -0.015916 0.065941
0.026383 0.000000 -0.014241 0.065941
0.026383 0.000000 -0.012565 0.065941
0.026383 0.000000 -0.010890 0.065941
0.026383 0.000000 -0.009215 0.065941
0.026383 0.000000 -0.007539 0.065941
0.026383 0.000000 -0.005864 0.065941
0.026383 0.000000 -0.004188 0.065941
0.026383 0.000000 -0.002513 0.065941
0.026383 0.000000 -0.000838 0.065941
0.026383 0.000000 0.000838 0.065941
0.026383 0.000000 0.002513 0.065941
0.026383 0.000000 0.004188 0.065941
0.026383 0.000000 0.005864 0.065941
0.026383 0.000000 0.007539 0.065941
0.026383 0.000000 0.009215 0.065941
0.026383 0.000000 0.010890 0.065941
0.026383 0.000000 0.012565 0.065941
0.026383 0.000000 0.014241 0.065941
0.026383 0.000000 0.015916 0.065941
0.026383 0.000000 0.017592 0.065941
0.026383 0.000000 0.019267 0.065941
0.026383 0.000000 0.020942 0.065941
0.026383 0.000000 0.022618 0.065941
0.026383 0.000000 0.024293 0.065941
0.026383 0.000000 0.025969 0.065941
0.026383 0.000000 0.027644 0.065941
0.026383 0.000000 0.029319 0.065941
0.026383 0.000000 0.030995 0.065941
0.026383 0.000000 0.032670 0.065941
0.026383 0.000000 0.034346 0.065941
0.026383 0.000000 0.036021 0.065941
0.026383 0.000000 0.037696 0.065941
0.026383 0.000000 0.039372 0.065941
0.026383 0.000000 0.041047 0.065941
0.026383 0.000000 0.042723 0.065941
0.026383 0.000000 0.044398 0.065941
0.026383 0.000000 0.046073 0.065941
0.026383 0.000000 0.047749 0.065941
0.026383 0.000000 0.049424 0.065941
0.026383 0.000000 0.051099 0.065941
0.026383 0.000000 0.052775 0.065941
0.026383 0.000000 0.054450 0.065941
0.026383 0.000000 0.056126 0.065941
0.026383 0.000000 0.057801 0.065941
0.026383 0.000000 0.059476 0.065941
0.026383 0.000000 0.061152 0.065941
0.026383 0.000000 0.062827 0.065941
0.026383 0.000000 0.064503 0.065941
0.026383 0.000000 0.066178 0.065941
0.026383 0.000000 0.067853 0.065941
0.026383 0.000000 0.069529 0.065941
0.026383 0.000000 0.071204 0.065941
0.026383 0.000000 0.072880 0.065941
0.026383 0.000000 0.074555 0.065941
0.026383 0.000000 0.076230 0.065941
0.026383 0.000000 0.077906 0.065941
0.026383 0.000000 0.079581 0.065941
0.026383 0.000000 0.081257 0.065941
0.026383 0.000000 0.082932 0.065941
0.026383 0.000000 0.084607 0.065941
0.026383 0.000000 0.086283 0.065941
0.026383 0.000000 0.087958 0.065941
0.026383 0.000000 0.089634 0.065941
0.026383 0.000000 0.091309 0.065941
0.026383 0.000000 0.092984 0.065941
0.026383 0.000000 0.094660 0.065941
0.026383 0.000000 0.096335 0.065941
0.026383 0.000000 0.098010 0.065941
0.026383 0.000000 0.099686 0.065941
0.026383 0.000000 0.101361 0.065941
0.026383 0.000000 0.103037 0.065941
0.026383 0.000000 0.104712 0.065941
0.026383 0.000000 0.106387 0.065941
0.026383 0.000000 0.108063 0.065941
0.026383 0.000000 0.109738 0.065941
0.026383 0.000000 0.111414 0.065941
0.026383 0.000000 0.113089 0.065941
0.026383 0.000000 0.114764 0.065941
0.026383 0.000000 0.116440 0.065941
0.026383 0.000000 0.118115 0.065941
0.026383 0.000000 0.119791 0.065941
0.026383 0.000000 0.121466 0.065941
0.026383 0.000000 0.123141 0.065941
0.026383 0.000000 0.124817 0.065941
0.026383 0.000000 0.126492 0.065941
0.026383 0.000000 0.128168 0.065941
0.026383 0.000000 0.129843 0.065941
0.026383 0.000000 0.131518 0.065941
0.026383 0.000000 0.133194 0.065941
0.026383 0.000000 0.134869 0.065941
0.026383 0.000000 0.136545 0.065941
0.026383 0.000000 0.138220 0.065941
0.026383 0.000000 0.139895 0.065941
0.026383 0.000000 0.141571 0.065941
0.026383 0.000000 0.143246 0.065941
0.026383 0.000000 0.144921 0.065941
0.026383 0.000000 0.146597 0.065941
0.026383 0.000000 0.148272 0.065941
0.026383 0.000000 0.149948 0.065941
0.026383 0.000000 0.151623 0.065941
0.026383 0.000000 0.153298 0.065941
0.026383 0.000000 0.154974 0.065941
0.026383 0.000000 0.156649 0.065941
0.026383 0.000000 0.158325 0.065941
0.026383 0.000000 0.160000 0.065941
0.028085 0.000000 -0.160000 0.045907
0.028085 0.000000 -0.158325 0.045907
0.028085 0.000000 -0.156649 0.045907
0.028085 0.000000 -0.154974 0.045907
0.028085 0.000000 -0.153298 0.045907
0.028085 0.000000 -0.151623 0.045907
0.028085 0.000000 -0.149948 0.045907
0.028085 0.000000 -0.148272 0.045907
0.028085 0.000000 -0.146597 0.045907
0.028085 0.000000 -0.144921 0.045907
0.028085 0.000000 -0.143246 0.045907
0.028085 0.000000 -0.141571 0.045907
0.028085 0.000000 -0.139895 0.045907
0.028085 0.000000 -0.138220 0.045907
0.028085 0.000000 -0.136545 0.045907
0.028085 0.000000 -0.134869 0.045907
0.028085 0.000000 -0.133194 0.045907
0.028085 0.000000 -0.131518 0.045907
0.028085 0.000000 -0.129843 0.045907
0.028085 0.000000 -0.128168 0.045907
0.028085 0.000000 -0.126492 0.045907
0.028085 0.000000 -0.124817 0.045907
0.028085 0.000000 -0.123141 0.045907
0.028085 0.000000 -0.121466 0.045907
0.028085 0.000000 -0.119791 0.045907
0.028085 0.000000 -0.118115 0.045907
0.028085 0.000000 -0.116440 0.045907
0.028085 0.000000 -0.114764 0.045907
0.028085 0.000000 -0.113089 0.045907
0.028085 0.000000 -0.111414 0.045907
0.028085 0.000000 -0.109738 0.045907
0.028085 0.000000 -0.108063 0.045907
0.028085 0.000000 -0.106387 0.045907
0.028085 0.000000 -0.104712 0.045907
0.028085 0.000000 -0.103037 0.045907
0.028085 0.000000 -0.101361 0.045907
0.028085 0.000000 -0.099686 0.045907
0.028085 0.000000 -0.098010 0.045907
0.028085 0.000000 -0.096335 0.045907
0.028085 0.000000 -0.094660 0.045907
0.028085 0.000000 -0.092984 0.045907
0.028085 0.000000 -0.091309 0.045907
0.028085 0.000000 -0.089634 0.045907
0.028085 0.000000 -0.087958 0.045907
0.028085 0.000000 -0.086283 0.045907
0.028085 0.000000 -0.084607 0.045907
0.028085 0.000000 -0.082932 0.045907
0.028085 0.000000 -0.081257 0.045907
0.028085 0.000000 -0.079581 0.045907
0.028085 0.000000 -0.077906 0.045907
0.028085 0.000000 -0.076230 0.045907
0.028085 0.000000 -0.074555 0.045907
0.028085 0.000000 -0.072880 0.045907
0.028085 0.000000 -0.071204 0.045907
0.028085 0.000000 -0.069529 0.045907
0.028085 0.000000 -0.067853 0.045907
0.028085 0.000000 -0.066178 0.045907
0.028085 0.000000 -0.064503 0.045907
0.028085 0.000000 -0.062827 0.045907
0.028085 0.000000 -0.061152 0.045907
0.028085 0.000000 -0.059476 0.045907
0.028085 0.000000 -0.057801 0.045907
0.028085 0.000000 -0.056126 0.045907
0.028085 0.000000 -0.054450 0.045907
0.028085 0.000000 -0.052775 0.045907
0.028085 0.000000 -0.051099 0.045907
0.028085 0.000000 -0.049424 0.045907
0.028085 0.000000 -0.047749 0.045907
0.028085 0.000000 -0.046073 0.045907
0.028085 0.000000 -0.044398 0.045907
0.028085 0.000000 -0.042723 0.045907
0.028085 0.000000 -0.041047 0.045907
0.028085 0.000000 -0.039372 0.045907
0.028085 0.000000 -0.037696 0.045907
0.028085 0.000000 -0.036021 0.045907
0.028085 0.000000 -0.034346 0.045907
0.028085 0.000000 -0.032670 0.045907
0.028085 0.000000 -0.030995 0.045907
0.028085 0.000000 -0.029319 0.045907
0.028085 0.000000 -0.027644 0.045907
0.028085 0.000000 -0.025969 0.045907
0.028085 0.000000 -0.024293 0.045907
0.028085 0.000000 -0.022618 0.045907
0.028085 0.000000 -0.020942 0.045907
0.028085 0.000000 -0.019267 0.045907
0.028085 0.000000 -0.017592 0.045907
0.028085 0.000000 -0.015916 0.045907
0.028085 0.000000 -0.014241 0.045907
0.028085 0.000000 -0.012565 0.045907
0.028085 0.000000 -0.010890 0.045907
0.028085 0.000000 -0.009215 0.045907
0.028085 0.000000 -0.007539 0.045907
0.028085 0.000000 -0.005864 0.045907
0.028085 0.000000 -0.004188 0.045907
0.028085 0.000000 -0.002513 0.045907
0.028085 0.000000 -0.000838 0.045907
0.028085 0.000000 0.000838 0.045907
0.028085 0.000000 0.002513 0.045907
0.028085 0.000000 0.004188 0.045907
0.028085 0.000000 0.005864 0.045907
0.028085 0.000000 0.007539 0.045907
0.028085 0.000000 0.009215 0.045907
0.028085 0.000000 0.010890 0.045907
0.028085 0.000000 0.012565 0.045907
0.028085 0.000000 0.014241 0.045907
0.028085 0.000000 0.015916 0.045907
0.028085 0.000000 0.017592 0.045907
0.028085 0.000000 0.019267 0.045907
0.028085 0.000000 0.020942 0.045907
0.028085 0.000000 0.022618 0.045907
0.028085 0.000000 0.024293 0.045907
0.028085 0.000000 0.025969 0.045907
0.028085 0.000000 0.027644 0.045907
0.028085 0.000000 0.029319 0.045907
0.028085 0.000000 0.030995 0.045907
0.028085 0.000000 0.032670 0.045907
0.028085 0.000000 0.034346 0.045907
0.028085 0.000000 0.036021 0.045907
0.028085 0.000000 0.037696 0.045907
0.028085 0.000000 0.039372 0.045907
0.028085 0.000000 0.041047 0.045907
0.028085 0.000000 0.042723 0.045907
0.028085 0.000000 0.044398 0.045907
0.028085 0.000000 0.046073 0.045907
0.028085 0.000000 0.047749 0.045907
0.028085 0.000000 0.049424 0.045907
0.028085 0.000000 0.051099 0.045907
0.028085 0.000000 0.052775 0.045907
0.028085 0.000000 0.054450 0.045907
0.028085 0.000000 0.056126 0.045907
0.028085 0.000000 0.057801 0.045907
0.028085 0.000000 0.059476 0.045907
0.028085 0.000000 0.061152 0.045907
0.028085 0.000000 0.062827 0.045907
0.028085 0.000000 0.064503 0.045907
0.028085 0.000000 0.066178 0.045907
0.028085 0.000000 0.067853 0.045907
0.028085 0.000000 0.069529 0.045907
0.028085 0.000000 0.071204 0.045907
0.028085 0.000000 0.072880 0.045907
0.028085 0.000000 0.074555 0.045907
0.028085 0.000000 0.076230 0.045907
0.028085 0.000000 0.077906 0.045907
0.028085 0.000000 0.079581 0.045907
0.028085 0.000000 0.081257 0.045907
0.028085 0.000000 0.082932 0.045907
0.028085 0.000000 0.084607 0.045907
0.028085 0.000000 0.086283 0.045907
0.028085 0.000000 0.087958 0.045907
0.028085 0.000000 0.089634 0.045907
0.028085 0.000000 0.091309 0.045907
0.028085 0.000000 0.092984 0.045907
0.028085 0.000000 0.094660 0.045907
0.028085 0.000000 0.096335 0.045907
0.028085 0.000000 0.098010 0.045907
0.028085 0.000000 0.099686 0.045907
0.028085 0.000000 0.101361 0.045907
0.028085 0.000000 0.103037 0.045907
0.028085 0.000000 0.104712 0.045907
0.028085 0.000000 0.106387 0.045907
0.028085 0.000000 0.108063 0.045907
0.028085 0.000000 0.109738 0.045907
0.028085 0.000000 0.111414 0.045907
0.028085 0.000000 0.113089 0.045907
0.028085 0.000000 0.114764 0.045907
0.028085 0.000000 0.116440 0.045907
0.028085 0.000000 0.118115 0.045907
0.028085 0.000000 0.119791 0.045907
0.028085 0.000000 0.121466 0.045907
0.028085 0.000000 0.123141 0.045907
0.028085 0.000000 0.124817 0.045907
0.028085 0.000000 0.126492 0.045907
0.028085 0.000000 0.128168 0.045907
0.028085 0.000000 0.129843 0.045907
0.028085 0.000000 0.131518 0.045907
0.028085 0.000000 0.133194 0.045907
0.028085 0.000000 0.134869 0.045907
0.028085 0.000000 0.136545 0.045907
0.028085 0.000000 0.138220 0.045907
0.028085 0.000000 0.139895 0.045907
0.028085 0.000000 0.141571 0.045907
0.028085 0.000000 0.143246 0.045907
0.028085 0.000000 0.144921 0.045907
0.028085 0.000000 0.146597 0.045907
0.028085 0.000000 0.148272 0.045907
0.028085 0.000000 0.149948 0.045907
0.028085 0.000000 0.151623 0.045907
0.028085 0.000000 0.153298 0.045907
0.028085 0.000000 0.154974 0.045907
0.028085 0.000000 0.156649 0.045907
0.028085 0.000000 0.158325 0.045907
0.028085 0.000000 0.160000 0.045907
0.029787 0.000000 -0.160000 0.031244
0.029787 0.000000 -0.158325 0.031244
0.029787 0.000000 -0.156649 0.031244
0.029787 0.000000 -0.154974 0.031244
0.029787 0.000000 -0.153298 0.031244
0.029787 0.000000 -0.151623 0.031244
0.029787 0.000000 -0.149948 0.031244
0.029787 0.000000 -0.148272 0.031244
0.029787 0.000000 -0.146597 0.031244
0.029787 0.000000 -0.144921 0.031244
0.029787 0.000000 -0.143246 0.031244
0.029787 0.000000 -0.141571 0.031244
0.029787 0.000000 -0.139895 0.031244
0.029787 0.000000 -0.138220 0.031244
0.029787 0.000000 -0.136545 0.031244
0.029787 0.000000 -0.134869 0.031244
0.029787 0.000000 -0.133194 0.031244
0.029787 0.000000 -0.131518 0.031244
0.029787 0.000000 -0.129843 0.031244
0.029787 0.000000 -0.128168 0.031244
0.029787 0.000000 -0.126492 0.031244
0.029787 0.000000 -0.124817 0.031244
0.029787 0.000000 -0.123141 0.031244
0.029787 0.000000 -0.121466 0.031244
0.029787 0.000000 -0.119791 0.031244
0.029787 0.000000 -0.118115 0.031244
0.029787 0.000000 -0.116440 0.031244
0.029787 0.000000 -0.114764 0.031244
0.029787 0.000000 -0.113089 0.031244
0.029787 0.000000 -0.111414 0.031244
0.029787 0.000000 -0.109738 0.031244
0.029787 0.000000 -0.108063 0.031244
0.029787 0.000000 -0.106387 0.031244
0.029787 0.000000 -0.104712 0.031244
0.029787 0.000000 -0.103037 0.031244
0.029787 0.000000 -0.101361 0.031244
0.029787 0.000000 -0.099686 0.031244
0.029787 0.000000 -0.098010 0.031244
0.029787 0.000000 -0.096335 0.031244
0.029787 0.000000 -0.094660 0.031244
0.029787 0.000000 -0.092984 0.031244
0.029787 0.000000 -0.091309 0.031244
0.029787 0.000000 -0.089634 0.031244
0.029787 0.000000 -0.087958 0.031244
0.029787 0.000000 -0.086283 0.031244
0.029787 0.000000 -0.084607 0.031244
0.029787 0.000000 -0.082932 0.031244
0.029787 0.000000 -0.081257 0.031244
0.029787 0.000000 -0.079581 0.031244
0.029787 0.000000 -0.077906 0.031244
0.029787 0.000000 -0.076230 0.031244
0.029787 0.000000 -0.074555 0.031244
0.029787 0.000000 -0.072880 0.031244
0.029787 0.000000 -0.071204 0.031244
0.029787 0.000000 -0.069529 0.031244
0.029787 0.000000 -0.067853 0.031244
0.029787 0.000000 -0.066178 0.031244
0.029787 0.000000 -0.064503 0.031244
0.029787 0.000000 -0.062827 0.031244
0.029787 0.000000 -0.061152 0.031244
0.029787 0.000000 -0.059476 0.031244
0.029787 0.000000 -0.057801 0.031244
0.029787 0.000000 -0.056126 0.031244
0.029787 0.000000 -0.054450 0.031244
0.029787 0.000000 -0.052775 0.031244
0.029787 0.000000 -0.051099 0.031244
0.029787 0.000000 -0.049424 0.031244
0.029787 0.000000 -0.047749 0.031244
0.029787 0.000000 -0.046073 0.031244
0.029787 0.000000 -0.044398 0.031244
0.029787 0.000000 -0.042723 0.031244
0.029787 0.000000 -0.041047 0.031244
0.029787 0.000000 -0.039372 0.031244
0.029787 0.000000 -0.037696 0.031244
0.029787 0.000000 -0.036021 0.031244
0.029787 0.000000 -0.034346 0.031244
0.029787 0.000000 -0.032670 0.031244
0.029787 0.000000 -0.030995 0.031244
0.029787 0.000000 -0.029319 0.031244
0.029787 0.000000 -0.027644 0.031244
0.029787 0.000000 -0.025969 0.031244
0.029787 0.000000 -0.024293 0.031244
0.029787 0.000000 -0.022618 0.031244
0.029787 0.000000 -0.020942 0.031244
0.029787 0.000000 -0.019267 0.031244
0.029787 0.000000 -0.017592 0.031244
0.029787 0.000000 -0.015916 0.031244
0.029787 0.000000 -0.014241 0.031244
0.029787 0.000000 -0.012565 0.031244
0.029787 0.000000 -0.010890 0.031244
0.029787 0.000000 -0.009215 0.031244
0.029787 0.000000 -0.007539 0.031244
0.029787 0.000000 -0.005864 0.031244
0.029787 0.000000 -0.004188 0.031244
0.029787 0.000000 -0.002513 0.031244
0.029787 0.000000 -0.000838 0.031244
0.029787 0.000000 0.000838 0.031244
0.029787 0.000000 0.002513 0.031244
0.029787 0.000000 0.004188 0.031244
0.029787 0.000000 0.005864 0.031244
0.029787 0.000000 0.007539 0.031244
0.029787 0.000000 0.009215 0.031244
0.029787 0.000000 0.010890 0.031244
0.029787 0.000000 0.012565 0.031244
0.029787 0.000000 0.014241 0.031244
0.029787 0.000000 0.015916 0.031244
0.029787 0.000000 0.017592 0.031244
0.029787 0.000000 0.019267 0.031244
0.029787 0.000000 0.020942 0.031244
0.029787 0.000000 0.022618 0.031244
0.029787 0.000000 0.024293 0.031244
0.029787 0.000000 0.025969 0.031244
0.029787 0.000000 0.027644 0.031244
0.029787 0.000000 0.029319 0.031244
0.029787 0.000000 0.030995 0.031244
0.029787 0.000000 0.032670 0.031244
0.029787 0.000000 0.034346 0.031244
0.029787 0.000000 0.036021 0.031244
0.029787 0.000000 0.037696 0.031244
0.029787 0.000000 0.039372 0.031244
0.029787 0.000000 0.041047 0.031244
0.029787 0.000000 0.042723 0.031244
0.029787 0.000000 0.044398 0.031244
0.029787 0.000000 0.046073 0.031244
0.029787 0.000000 0.047749 0.031244
0.029787 0.000000 0.049424 0.031244
0.029787 0.000000 0.051099 0.031244
0.029787 0.000000 0.052775 0.031244
0.029787 0.000000 0.054450 0.031244
0.029787 0.000000 0.056126 0.031244
0.029787 0.000000 0.057801 0.031244
0.029787 0.000000 0.059476 0.031244
0.029787 0.000000 0.061152 0.031244
0.029787 0.000000 0.062827 0.031244
0.029787 0.000000 0.064503 0.031244
0.029787 0.000000 0.066178 0.031244
0.029787 0.000000 0.067853 0.031244
0.029787 0.000000 0.069529 0.031244
0.029787 0.000000 0.071204 0.031244
0.029787 0.000000 0.072880 0.031244
0.029787 0.000000 0.074555 0.031244
0.029787 0.000000 0.076230 0.031244
0.029787 0.000000 0.077906 0.031244
0.029787 0.000000 0.079581 0.031244
0.029787 0.000000 0.081257 0.031244
0.029787 0.000000 0.082932 0.031244
0.029787 0.000000 0.084607 0.031244
0.029787 0.000000 0.086283 0.031244
0.029787 0.000000 0.087958 0.031244
0.029787 0.000000 0.089634 0.031244
0.029787 0.000000 0.091309 0.031244
0.029787 0.000000 0.092984 0.031244
0.029787 0.000000 0.094660 0.031244
0.029787 0.000000 0.096335 0.031244
0.029787 0.000000 0.098010 0.031244
0.029787 0.000000 0.099686 0.031244
0.029787 0.000000 0.101361 0.031244
0.029787 0.000000 0.103037 0.031244
0.029787 0.000000 0.104712 0.031244
0.029787 0.000000 0.106387 0.031244
0.029787 0.000000 0.108063 0.031244
0.029787 0.000000 0.109738 0.031244
0.029787 0.000000 0.111414 0.031244
0.029787 0.000000 0.113089 0.031244
0.029787 0.000000 0.114764 0.031244
0.029787 0.000000 0.116440 0.031244
0.029787 0.000000 0.118115 0.031244
0.029787 0.000000 0.119791 0.031244
0.029787 0.000000 0.121466 0.031244
0.029787 0.000000 0.123141 0.031244
0.029787 0.000000 0.124817 0.031244
0.029787 0.000000 0.126492 0.031244
0.029787 0.000000 0.128168 0.031244
0.029787 0.000000 0.129843 0.031244
0.029787 0.000000 0.131518 0.031244
0.029787 0.000000 0.133194 0.031244
0.029787 0.000000 0.134869 0.031244
0.029787 0.000000 0.136545 0.031244
0.029787 0.000000 0.138220 0.031244
0.029787 0.000000 0.139895 0.031244
0.029787 0.000000 0.141571 0.031244
0.029787 0.000000 0.143246 0.031244
0.029787 0.000000 0.144921 0.031244
0.029787 0.000000 0.146597 0.031244
0.029787 0.000000 0.148272 0.031244
0.029787 0.000000 0.149948 0.031244
0.029787 0.000000 0.151623 0.031244
0.029787 0.000000 0.153298 0.031244
0.029787 0.000000 0.154974 0.031244
0.029787 0.000000 0.156649 0.031244
0.029787 0.000000 0.158325 0.031244
0.029787 0.000000 0.160000 0.031244
0.031489 0.000000 -0.160000 0.020788
0.031489 0.000000 -0.158325 0.020788
0.031489 0.000000 -0.156649 0.020788
0.031489 0.000000 -0.154974 0.020788
0.031489 0.000000 -0.153298 0.020788
0.031489 0.000000 -0.151623 0.020788
0.031489 0.000000 -0.149948 0.020788
0.031489 0.000000 -0.148272 0.020788
0.031489 0.000000 -0.146597 0.020788
0.031489 0.000000 -0.144921 0.020788
0.031489 0.000000 -0.143246 0.020788
0.031489 0.000000 -0.141571 0.020788
0.031489 0.000000 -0.139895 0.020788
0.031489 0.000000 -0.138220 0.020788
0.031489 0.000000 -0.136545 0.020788
0.031489 0.000000 -0.134869 0.020788
0.031489 0.000000 -0.133194 0.020788
0.031489 0.000000 -0.131518 0.020788
0.031489 0.000000 -0.129843 0.020788
0.031489 0.000000 -0.128168 0.020788
0.031489 0.000000 -0.126492 0.020788
0.031489 0.000000 -0.124817 0.020788
0.031489 0.000000 -0.123141 0.020788
0.031489 0.000000 -0.121466 0.020788
0.031489 0.000000 -0.119791 0.020788
0.031489 0.000000 -0.118115 0.020788
0.031489 0.000000 -0.116440 0.020788
0.031489 0.000000 -0.114764 0.020788
0.031489 0.000000 -0.113089 0.020788
0.031489 0.000000 -0.111414 0.020788
0.031489 0.000000 -0.109738 0.020788
0.031489 0.000000 -0.108063 0.020788
0.031489 0.000000 -0.106387 0.020788
0.031489 0.000000 -0.104712 0.020788
0.031489 0.000000 -0.103037 0.020788
0.031489 0.000000 -0.101361 0.020788
0.031489 0.000000 -0.099686 0.020788
0.031489 0.000000 -0.098010 0.020788
0.031489 0.000000 -0.096335 0.020788
0.031489 0.000000 -0.094660 0.020788
0.031489 0.000000 -0.092984 0.020788
0.031489 0.000000 -0.091309 0.020788
0.031489 0.000000 -0.089634 0.020788
0.031489 0.000000 -0.087958 0.020788
0.031489 0.000000 -0.086283 0.020788
0.031489 0.000000 -0.084607 0.020788
0.031489 0.000000 -0.082932 0.020788
0.031489 0.000000 -0.081257 0.020788
0.031489 0.000000 -0.079581 0.020788
0.031489 0.000000 -0.077906 0.020788
0.031489 0.000000 -0.076230 0.020788
0.031489 0.000000 -0.074555 0.020788
0.031489 0.000000 -0.072880 0.020788
0.031489 0.000000 -0.071204 0.020788
0.031489 0.000000 -0.069529 0.020788
0.031489 0.000000 -0.067853 0.020788
0.031489 0.000000 -0.066178 0.020788
0.031489 0.000000 -0.064503 0.020788
0.031489 0.000000 -0.062827 0.020788
0.031489 0.000000 -0.061152 0.020788
0.031489 0.000000 -0.059476 0.020788
0.031489 0.000000 -0.057801 0.020788
0.031489 0.000000 -0.056126 0.020788
0.031489 0.000000 -0.054450 0.020788
0.031489 0.000000 -0.052775 0.020788
0.031489 0.000000 -0.051099 0.020788
0.031489 0.000000 -0.049424 0.020788
0.031489 0.000000 -0.047749 0.020788
0.031489 0.000000 -0.046073 0.020788
0.031489 0.000000 -0.044398 0.020788
0.031489 0.000000 -0.042723 0.020788
0.031489 0.000000 -0.041047 0.020788
0.031489 0.000000 -0.039372 0.020788
0.031489 0.000000 -0.037696 0.020788
0.031489 0.000000 -0.036021 0.020788
0.031489 0.000000 -0.034346 0.020788
0.031489 0.000000 -0.032670 0.020788
0.031489 0.000000 -0.030995 0.020788
0.031489 0.000000 -0.029319 0.020788
0.031489 0.000000 -0.027644 0.020788
0.031489 0.000000 -0.025969 0.020788
0.031489 0.000000 -0.024293 0.020788
0.031489 0.000000 -0.022618 0.020788
0.031489 0.000000 -0.020942 0.020788
0.031489 0.000000 -0.019267 0.020788
0.031489 0.000000 -0.017592 0.020788
0.031489 0.000000 -0.015916 0.020788
0.031489 0.000000 -0.014241 0.020788
0.031489 0.000000 -0.012565 0.020788
0.031489 0.000000 -0.010890 0.020788
0.031489 0.000000 -0.009215 0.020788
0.031489 0.000000 -0.007539 0.020788
0.031489 0.000000 -0.005864 0.020788
0.031489 0.000000 -0.004188 0.020788
0.031489 0.000000 -0.002513 0.020788
0.031489 0.000000 -0.000838 0.020788
0.031489 0.000000 0.000838 0.020788
0.031489 0.000000 0.002513 0.020788
0.031489 0.000000 0.004188 0.020788
0.031489 0.000000 0.005864 0.020788
0.031489 0.000000 0.007539 0.020788
0.031489 0.000000 0.009215 0.020788
0.031489 0.000000 0.010890 0.020788
0.031489 0.000000 0.012565 0.020788
0.031489 0.000000 0.014241 0.020788
0.031489 0.000000 0.015916 0.020788
0.031489 0.000000 0.017592 0.020788
0.031489 0.000000 0.019267 0.020788
0.031489 0.000000 0.020942 0.020788
0.031489 0.000000 0.022618 0.020788
0.031489 0.000000 0.024293 0.020788
0.031489 0.000000 0.025969 0.020788
0.031489 0.000000 0.027644 0.020788
0.031489 0.000000 0.029319 0.020788
0.031489 0.000000 0.030995 0.020788
0.031489 0.000000 0.032670 0.020788
0.031489 0.000000 0.034346 0.020788
0.031489 0.000000 0.036021 0.020788
0.031489 0.000000 0.037696 0.020788
0.031489 0.000000 0.039372 0.020788
0.031489 0.000000 0.041047 0.020788
0.031489 0.000000 0.042723 0.020788
0.031489 0.000000 0.044398 0.020788
0.031489 0.000000 0.046073 0.020788
0.031489 0.000000 0.047749 0.020788
0.031489 0.000000 0.049424 0.020788
0.031489 0.000000 0.051099 0.020788
0.031489 0.000000 0.052775 0.020788
0.031489 0.000000 0.054450 0.020788
0.031489 0.000000 0.056126 0.020788
0.031489 0.000000 0.057801 0.020788
0.031489 0.000000 0.059476 0.020788
0.031489 0.000000 0.061152 0.020788
0.031489 0.000000 0.062827 0.020788
0.031489 0.000000 0.064503 0.020788
0.031489 0.000000 0.066178 0.020788
0.031489 0.000000 0.067853 0.020788
0.031489 0.000000 0.069529 0.020788
0.031489 0.000000 0.071204 0.020788
0.031489 0.000000 0.072880 0.020788
0.031489 0.000000 0.074555 0.020788
0.031489 0.000000 0.076230 0.020788
0.031489 0.000000 0.077906 0.020788
0.031489 0.000000 0.079581 0.020788
0.031489 0.000000 0.081257 0.020788
0.031489 0.000000 0.082932 0.020788
0.031489 0.000000 0.084607 0.020788
0.031489 0.000000 0.086283 0.020788
0.031489 0.000000 0.087958 0.020788
0.031489 0.000000 0.089634 0.020788
0.031489 0.000000 0.091309 0.020788
0.031489 0.000000 0.092984 0.020788
0.031489 0.000000 0.094660 0.020788
0.031489 0.000000 0.096335 0.020788
0.031489 0.000000 0.098010 0.020788
0.031489 0.000000 0.099686 0.020788
0.031489 0.000000 0.101361 0.020788
0.031489 0.000000 0.103037 0.020788
0.031489 0.000000 0.104712 0.020788
0.031489 0.000000 0.106387 0.020788
0.031489 0.000000 0.108063 0.020788
0.031489 0.000000 0.109738 0.020788
0.031489 0.000000 0.111414 0.020788
0.031489 0.000000 0.113089 0.020788
0.031489 0.000000 0.114764 0.020788
0.031489 0.000000 0.116440 0.020788
0.031489 0.000000 0.118115 0.020788
0.031489 0.000000 0.119791 0.020788
0.031489 0.000000 0.121466 0.020788
0.031489 0.000000 0.123141 0.020788
0.031489 0.000000 0.124817 0.020788
0.031489 0.000000 0.126492 0.020788
0.031489 0.000000 0.128168 0.020788
0.031489 0.000000 0.129843 0.020788
0.031489 0.000000 0.131518 0.020788
0.031489 0.000000 0.133194 0.020788
0.031489 0.000000 0.134869 0.020788
0.031489 0.000000 0.136545 0.020788
0.031489 0.000000 0.138220 0.020788
0.031489 0.000000 0.139895 0.020788
0.031489 0.000000 0.141571 0.020788
0.031489 0.000000 0.143246 0.020788
0.031489 0.000000 0.144921 0.020788
0.031489 0.000000 0.146597 0.020788
0.031489 0.000000 0.148272 0.020788
0.031489 0.000000 0.149948 0.020788
0.031489 0.000000 0.151623 0.020788
0.031489 0.000000 0.153298 0.020788
0.031489 0.000000 0.154974 0.020788
0.031489 0.000000 0.156649 0.020788
0.031489 0.000000 0.158325 0.020788
0.031489 0.000000 0.160000 0.020788
0.033191 0.000000 -0.160000 0.013522
0.033191 0.000000 -0.158325 0.013522
0.033191 0.000000 -0.156649 0.013522
0.033191 0.000000 -0.154974 0.013522
0.033191 0.000000 -0.153298 0.013522
0.033191 0.000000 -0.151623 0.013522
0.033191 0.000000 -0.149948 0.013522
0.033191 0.000000 -0.148272 0.013522
0.033191 0.000000 -0.146597 0.013522
0.033191 0.000000 -0.144921 0.013522
0.033191 0.000000 -0.143246 0.013522
0.033191 0.000000 -0.141571 0.013522
0.033191 0.000000 -0.139895 0.013522
0.033191 0.000000 -0.138220 0.013522
0.033191 0.000000 -0.136545 0.013522
0.033191 0.000000 -0.134869 0.013522
0.033191 0.000000 -0.133194 0.013522
0.033191 0.000000 -0.131518 0.013522
0.033191 0.000000 -0.129843 0.013522
0.033191 0.000000 -0.128168 0.013522
0.033191 0.000000 -0.126492 0.013522
0.033191 0.000000 -0.124817 0.013522
0.033191 0.000000 -0.123141 0.013522
0.033191 0.000000 -0.121466 0.013522
0.033191 0.000000 -0.119791 0.013522
0.033191 0.000000 -0.118115 0.013522
0.033191 0.000000 -0.116440 0.013522
0.033191 0.000000 -0.114764 0.013522
0.033191 0.000000 -0.113089 0.013522
0.033191 0.000000 -0.111414 0.013522
0.033191 0.000000 -0.109738 0.013522
0.033191 0.000000 -0.108063 0.013522
0.033191 0.000000 -0.106387 0.013522
0.033191 0.000000 -0.104712 0.013522
0.033191 0.000000 -0.103037 0.013522
0.033191 0.000000 -0.101361 0.013522
0.033191 0.000000 -0.099686 0.013522
0.033191 0.000000 -0.098010 0.013522
0.033191 0.000000 -0.096335 0.013522
0.033191 0.000000 -0.094660 0.013522
0.033191 0.000000 -0.092984 0.013522
0.033191 0.000000 -0.091309 0.013522
0.033191 0.000000 -0.089634 0.013522
0.033191 0.000000 -0.087958 0.013522
0.033191 0.000000 -0.086283 0.013522
0.033191 0.000000 -0.084607 0.013522
0.033191 0.000000 -0.082932 0.013522
0.033191 0.000000 -0.081257 0.013522
0.033191 0.000000 -0.079581 0.013522
0.033191 0.000000 -0.077906 0.013522
0.033191 0.000000 -0.076230 0.013522
0.033191 0.000000 -0.074555 0.013522
0.033191 0.000000 -0.072880 0.013522
0.033191 0.000000 -0.071204 0.013522
0.033191 0.000000 -0.069529 0.013522
0.033191 0.000000 -0.067853 0.013522
0.033191 0.000000 -0.066178 0.013522
0.033191 0.000000 -0.064503 0.013522
0.033191 0.000000 -0.062827 0.013522
0.033191 0.000000 -0.061152 0.013522
0.033191 0.000000 -0.059476 0.013522
0.033191 0.000000 -0.057801 0.013522
0.033191 0.000000 -0.056126 0.013522
0.033191 0.000000 -0.054450 0.013522
0.033191 0.000000 -0.052775 0.013522
0.033191 0.000000 -0.051099 0.013522
0.033191 0.000000 -0.049424 0.013522
0.033191 0.000000 -0.047749 0.013522
0.033191 0.000000 -0.046073 0.013522
0.033191 0.000000 -0.044398 0.013522
0.033191 0.000000 -0.042723 0.013522
0.033191 0.000000 -0.041047 0.013522
0.033191 0.000000 -0.039372 0.013522
0.033191 0.000000 -0.037696 0.013522
0.033191 0.000000 -0.036021 0.013522
0.033191 0.000000 -0.034346 0.013522
0.033191 0.000000 -0.032670 0.013522
0.033191 0.000000 -0.030995 0.013522
0.033191 0.000000 -0.029319 0.013522
0.033191 0.000000 -0.027644 0.013522
0.033191 0.000000 -0.025969 0.013522
0.033191 0.000000 -0.024293 0.013522
0.033191 0.000000 -0.022618 0.013522
0.033191 0.000000 -0.020942 0.013522
0.033191 0.000000 -0.019267 0.013522
0.033191 0.000000 -0.017592 0.013522
0.033191 0.000000 -0.015916 0.013522
0.033191 0.000000 -0.014241 0.013522
0.033191 0.000000 -0.012565 0.013522
0.033191 0.000000 -0.010890 0.013522
0.033191 0.000000 -0.009215 0.013522
0.033191 0.000000 -0.007539 0.013522
0.033191 0.000000 -0.005864 0.013522
0.033191 0.000000 -0.004188 0.013522
0.033191 0.000000 -0.002513 0.013522
0.033191 0.000000 -0.000838 0.013522
0.033191 0.000000 0.000838 0.013522
0.033191 0.000000 0.002513 0.013522
0.033191 0.000000 0.004188 0.013522
0.033191 0.000000 0.005864 0.013522
0.033191 0.000000 0.007539 0.013522
0.033191 0.000000 0.009215 0.013522
0.033191 0.000000 0.010890 0.013522
0.033191 0.000000 0.012565 0.013522
0.033191 0.000000 0.014241 0.013522
0.033191 0.000000 0.015916 0.013522
0.033191 0.000000 0.017592 0.013522
0.033191 0.000000 0.019267 0.013522
0.033191 0.000000 0.020942 0.013522
0.033191 0.000000 0.022618 0.013522
0.033191 0.000000 0.024293 0.013522
0.033191 0.000000 0.025969 0.013522
0.033191 0.000000 0.027644 0.013522
0.033191 0.000000 0.029319 0.013522
0.033191 0.000000 0.030995 0.013522
0.033191 0.000000 0.032670 0.013522
0.033191 0.000000 0.034346 0.013522
0.033191 0.000000 0.036021 0.013522
0.033191 0.000000 0.037696 0.013522
0.033191 0.000000 0.039372 0.013522
0.033191 0.000000 0.041047 0.013522
0.033191 0.000000 0.042723 0.013522
0.033191 0.000000 0.044398 0.013522
0.033191 0.000000 0.046073 0.013522
0.033191 0.000000 0.047749 0.013522
0.033191 0.000000 0.049424 0.013522
0.033191 0.000000 0.051099 0.013522
0.033191 0.000000 0.052775 0.013522
0.033191 0.000000 0.054450 0.013522
0.033191 0.000000 0.056126 0.013522
0.033191 0.000000 0.057801 0.013522
0.033191 0.000000 0.059476 0.013522
0.033191 0.000000 0.061152 0.013522
0.033191 0.000000 0.062827 0.013522
0.033191 0.000000 0.064503 0.013522
0.033191 0.000000 0.066178 0.013522
0.033191 0.000000 0.067853 0.013522
0.033191 0.000000 0.069529 0.013522
0.033191 0.000000 0.071204 0.013522
0.033191 0.000000 0.072880 0.013522
0.033191 0.000000 0.074555 0.013522
0.033191 0.000000 0.076230 0.013522
0.033191 0.000000 0.077906 0.013522
0.033191 0.000000 0.079581 0.013522
0.033191 0.000000 0.081257 0.013522
0.033191 0.000000 0.082932 0.013522
0.033191 0.000000 0.084607 0.013522
0.033191 0.000000 0.086283 0.013522
0.033191 0.000000 0.087958 0.013522
0.033191 0.000000 0.089634 0.013522
0.033191 0.000000 0.091309 0.013522
0.033191 0.000000 0.092984 0.013522
0.033191 0.000000 0.094660 0.013522
0.033191 0.000000 0.096335 0.013522
0.033191 0.000000 0.098010 0.013522
0.033191 0.000000 0.099686 0.013522
0.033191 0.000000 0.101361 0.013522
0.033191 0.000000 0.103037 0.013522
0.033191 0.000000 0.104712 0.013522
0.033191 0.000000 0.106387 0.013522
0.033191 0.000000 0.108063 0.013522
0.033191 0.000000 0.109738 0.013522
0.033191 0.000000 0.111414 0.013522
0.033191 0.000000 0.113089 0.013522
0.033191 0.000000 0.114764 0.013522
0.033191 0.000000 0.116440 0.013522
0.033191 0.000000 0.118115 0.013522
0.033191 0.000000 0.119791 0.013522
0.033191 0.000000 0.121466 0.013522
0.033191 0.000000 0.123141 0.013522
0.033191 0.000000 0.124817 0.013522
0.033191 0.000000 0.126492 0.013522
0.033191 0.000000 0.128168 0.013522
0.033191 0.000000 0.129843 0.013522
0.033191 0.000000 0.131518 0.013522
0.033191 0.000000 0.133194 0.013522
0.033191 0.000000 0.134869 0.013522
0.033191 0.000000 0.136545 0.013522
0.033191 0.000000 0.138220 0.013522
0.033191 0.000000 0.139895 0.013522
0.033191 0.000000 0.141571 0.013522
0.033191 0.000000 0.143246 0.013522
0.033191 0.000000 0.144921 0.013522
0.033191 0.000000 0.146597 0.013522
0.033191 0.000000 0.148272 0.013522
0.033191 0.000000 0.149948 0.013522
0.033191 0.000000 0.151623 0.013522
0.033191 0.000000 0.153298 0.013522
0.033191 0.000000 0.154974 0.013522
0.033191 0.000000 0.156649 0.013522
0.033191 0.000000 0.158325 0.013522
0.033191 0.000000 0.160000 0.013522
0.034894 0.000000 -0.160000 0.008599
0.034894 0.000000 -0.158325 0.008599
0.034894 0.000000 -0.156649 0.008599
0.034894 0.000000 -0.154974 0.008599
0.034894 0.000000 -0.153298 0.008599
0.034894 0.000000 -0.151623 0.008599
0.034894 0.000000 -0.149948 0.008599
0.034894 0.000000 -0.148272 0.008599
0.034894 0.000000 -0.146597 0.008599
0.034894 0.000000 -0.144921 0.008599
0.034894 0.000000 -0.143246 0.008599
0.034894 0.000000 -0.141571 0.008599
0.034894 0.000000 -0.139895 0.008599
0.034894 0.000000 -0.138220 0.008599
0.034894 0.000000 -0.136545 0.008599
0.034894 0.000000 -0.134869 0.008599
0.034894 0.000000 -0.133194 0.008599
0.034894 0.000000 -0.131518 0.008599
0.034894 0.000000 -0.129843 0.008599
0.034894 0.000000 -0.128168 0.008599
0.034894 0.000000 -0.126492 0.008599
0.034894 0.000000 -0.124817 0.008599
0.034894 0.000000 -0.123141 0.008599
0.034894 0.000000 -0.121466 0.008599
0.034894 0.000000 -0.119791 0.008599
0.034894 0.000000 -0.118115 0.008599
0.034894 0.000000 -0.116440 0.008599
0.034894 0.000000 -0.114764 0.008599
0.034894 0.000000 -0.113089 0.008599
0.034894 0.000000 -0.111414 0.008599
0.034894 0.000000 -0.109738 0.008599
0.034894 0.000000 -0.108063 0.008599
0.034894 0.000000 -0.106387 0.008599
0.034894 0.000000 -0.104712 0.008599
0.034894 0.000000 -0.103037 0.008599
0.034894 0.000000 -0.101361 0.008599
0.034894 0.000000 -0.099686 0.008599
0.034894 0.000000 -0.098010 0.008599
0.034894 0.000000 -0.096335 0.008599
0.034894 0.000000 -0.094660 0.008599
0.034894 0.000000 -0.092984 0.008599
0.034894 0.000000 -0.091309 0.008599
0.034894 0.000000 -0.089634 0.008599
0.034894 0.000000 -0.087958 0.008599
0.034894 0.000000 -0.086283 0.008599
0.034894 0.000000 -0.084607 0.008599
0.034894 0.000000 -0.082932 0.008599
0.034894 0.000000 -0.081257 0.008599
0.034894 0.000000 -0.079581 0.008599
0.034894 0.000000 -0.077906 0.008599
0.034894 0.000000 -0.076230 0.008599
0.034894 0.000000 -0.074555 0.008599
0.034894 0.000000 -0.072880 0.008599
0.034894 0.000000 -0.071204 0.008599
0.034894 0.000000 -0.069529 0.008599
0.034894 0.000000 -0.067853 0.008599
0.034894 0.000000 -0.066178 0.008599
0.034894 0.000000 -0.064503 0.008599
0.034894 0.000000 -0.062827 0.008599
0.034894 0.000000 -0.061152 0.008599
0.034894 0.000000 -0.059476 0.008599
0.034894 0.000000 -0.057801 0.008599
0.034894 0.000000 -0.056126 0.008599
0.034894 0.000000 -0.054450 0.008599
0.034894 0.000000 -0.052775 0.008599
0.034894 0.000000 -0.051099 0.008599
0.034894 0.000000 -0.049424 0.008599
0.034894 0.000000 -0.047749 0.008599
0.034894 0.000000 -0.046073 0.008599
0.034894 0.000000 -0.044398 0.008599
0.034894 0.000000 -0.042723 0.008599
0.034894 0.000000 -0.041047 0.008599
0.034894 0.000000 -0.039372 0.008599
0.034894 0.000000 -0.037696 0.008599
0.034894 0.000000 -0.036021 0.008599
0.034894 0.000000 -0.034346 0.008599
0.034894 0.000000 -0.032670 0.008599
0.034894 0.000000 -0.030995 0.008599
0.034894 0.000000 -0.029319 0.008599
0.034894 0.000000 -0.027644 0.008599
0.034894 0.000000 -0.025969 0.008599
0.034894 0.000000 -0.024293 0.008599
0.034894 0.000000 -0.022618 0.008599
0.034894 0.000000 -0.020942 0.008599
0.034894 0.000000 -0.019267 0.008599
0.034894 0.000000 -0.017592 0.008599
0.034894 0.000000 -0.015916 0.008599
0.034894 0.000000 -0.014241 0.008599
0.034894 0.000000 -0.012565 0.008599
0.034894 0.000000 -0.010890 0.008599
0.034894 0.000000 -0.009215 0.008599
0.034894 0.000000 -0.007539 0.008599
0.034894 0.000000 -0.005864 0.008599
0.034894 0.000000 -0.004188 0.008599
0.034894 0.000000 -0.002513 0.008599
0.034894 0.000000 -0.000838 0.008599
0.034894 0.000000 0.000838 0.008599
0.034894 0.000000 0.002513 0.008599
0.034894 0.000000 0.004188 0.008599
0.034894 0.000000 0.005864 0.008599
0.034894 0.000000 0.007539 0.008599
0.034894 0.000000 0.009215 0.008599
0.034894 0.000000 0.010890 0.008599
0.034894 0.000000 0.012565 0.008599
0.034894 0.000000 0.014241 0.008599
0.034894 0.000000 0.015916 0.008599
0.034894 0.000000 0.017592 0.008599
0.034894 0.000000 0.019267 0.008599
0.034894 0.000000 0.020942 0.008599
0.034894 0.000000 0.022618 0.008599
0.034894 0.000000 0.024293 0.008599
0.034894 0.000000 0.025969 0.008599
0.034894 0.000000 0.027644 0.008599
0.034894 0.000000 0.029319 0.008599
0.034894 0.000000 0.030995 0.008599
0.034894 0.000000 0.032670 0.008599
0.034894 0.000000 0.034346 0.008599
0.034894 0.000000 0.036021 0.008599
0.034894 0.000000 0.037696 0.008599
0.034894 0.000000 0.039372 0.008599
0.034894 0.000000 0.041047 0.008599
0.034894 0.000000 0.042723 0.008599
0.034894 0.000000 0.044398 0.008599
0.034894 0.000000 0.046073 0.008599
0.034894 0.000000 0.047749 0.008599
0.034894 0.000000 0.049424 0.008599
0.034894 0.000000 0.051099 0.008599
0.034894 0.000000 0.052775 0.008599
0.034894 0.000000 0.054450 0.008599
0.034894 0.000000 0.056126 0.008599
0.034894 0.000000 0.057801 0.008599
0.034894 0.000000 0.059476 0.008599
0.034894 0.000000 0.061152 0.008599
0.034894 0.000000 0.062827 0.008599
0.034894 0.000000 0.064503 0.008599
0.034894 0.000000 0.066178 0.008599
0.034894 0.000000 0.067853 0.008599
0.034894 0.000000 0.069529 0.008599
0.034894 0.000000 0.071204 0.008599
0.034894 0.000000 0.072880 0.008599
0.034894 0.000000 0.074555 0.008599
0.034894 0.000000 0.076230 0.008599
0.034894 0.000000 0.077906 0.008599
0.034894 0.000000 0.079581 0.008599
0.034894 0.000000 0.081257 0.008599
0.034894 0.000000 0.082932 0.008599
0.034894 0.000000 0.084607 0.008599
0.034894 0.000000 0.086283 0.008599
0.034894 0.000000 0.087958 0.008599
0.034894 0.000000 0.089634 0.008599
0.034894 0.000000 0.091309 0.008599
0.034894 0.000000 0.092984 0.008599
0.034894 0.000000 0.094660 0.008599
0.034894 0.000000 0.096335 0.008599
0.034894 0.000000 0.098010 0.008599
0.034894 0.000000 0.099686 0.008599
0.034894 0.000000 0.101361 0.008599
0.034894 0.000000 0.103037 0.008599
0.034894 0.000000 0.104712 0.008599
0.034894 0.000000 0.106387 0.008599
0.034894 0.000000 0.108063 0.008599
0.034894 0.000000 0.109738 0.008599
0.034894 0.000000 0.111414 0.008599
0.034894 0.000000 0.113089 0.008599
0.034894 0.000000 0.114764 0.008599
0.034894 0.000000 0.116440 0.008599
0.034894 0.000000 0.118115 0.008599
0.034894 0.000000 0.119791 0.008599
0.034894 0.000000 0.121466 0.008599
0.034894 0.000000 0.123141 0.008599
0.034894 0.000000 0.124817 0.008599
0.034894 0.000000 0.126492 0.008599
0.034894 0.000000 0.128168 0.008599
0.034894 0.000000 0.129843 0.008599
0.034894 0.000000 0.131518 0.008599
0.034894 0.000000 0.133194 0.008599
0.034894 0.000000 0.134869 0.008599
0.034894 0.000000 0.136545 0.008599
0.034894 0.000000 0.138220 0.008599
0.034894 0.000000 0.139895 0.008599
0.034894 0.000000 0.141571 0.008599
0.034894 0.000000 0.143246 0.008599
0.034894 0.000000 0.144921 0.008599
0.034894 0.000000 0.146597 0.008599
0.034894 0.000000 0.148272 0.008599
0.034894 0.000000 0.149948 0.008599
0.034894 0.000000 0.151623 0.008599
0.034894 0.000000 0.153298 0.008599
0.034894 0.000000 0.154974 0.008599
0.034894 0.000000 0.156649 0.008599
0.034894 0.000000 0.158325 0.008599
0.034894 0.000000 0.160000 0.008599
0.036596 0.000000 -0.160000 0.005346
0.036596 0.000000 -0.158325 0.005346
0.036596 0.000000 -0.156649 0.005346
0.036596 0.000000 -0.154974 0.005346
0.036596 0.000000 -0.153298 0.005346
0.036596 0.000000 -0.151623 0.005346
0.036596 0.000000 -0.149948 0.005346
0.036596 0.000000 -0.148272 0.005346
0.036596 0.000000 -0.146597 0.005346
0.036596 0.000000 -0.144921 0.005346
0.036596 0.000000 -0.143246 0.005346
0.036596 0.000000 -0.141571 0.005346
0.036596 0.000000 -0.139895 0.005346
0.036596 0.000000 -0.138220 0.005346
0.036596 0.000000 -0.136545 0.005346
0.036596 0.000000 -0.134869 0.005346
0.036596 0.000000 -0.133194 0.005346
0.036596 0.000000 -0.131518 0.005346
0.036596 0.000000 -0.129843 0.005346
0.036596 0.000000 -0.128168 0.005346
0.036596 0.000000 -0.126492 0.005346
0.036596 0.000000 -0.124817 0.005346
0.036596 0.000000 -0.123141 0.005346
0.036596 0.000000 -0.121466 0.005346
0.036596 0.000000 -0.119791 0.005346
0.036596 0.000000 -0.118115 0.005346
0.036596 0.000000 -0.116440 0.005346
0.036596 0.000000 -0.114764 0.005346
0.036596 0.000000 -0.113089 0.005346
0.036596 0.000000 -0.111414 0.005346
0.036596 0.000000 -0.109738 0.005346
0.036596 0.000000 -0.108063 0.005346
0.036596 0.000000 -0.106387 0.005346
0.036596 0.000000 -0.104712 0.005346
0.036596 0.000000 -0.103037 0.005346
0.036596 0.000000 -0.101361 0.005346
0.036596 0.000000 -0.099686 0.005346
0.036596 0.000000 -0.098010 0.005346
0.036596 0.000000 -0.096335 0.005346
0.036596 0.000000 -0.094660 0.005346
0.036596 0.000000 -0.092984 0.005346
0.036596 0.000000 -0.091309 0.005346
0.036596 0.000000 -0.089634 0.005346
0.036596 0.000000 -0.087958 0.005346
0.036596 0.000000 -0.086283 0.005346
0.036596 0.000000 -0.084607 0.005346
0.036596 0.000000 -0.082932 0.005346
0.036596 0.000000 -0.081257 0.005346
0.036596 0.000000 -0.079581 0.005346
0.036596 0.000000 -0.077906 0.005346
0.036596 0.000000 -0.076230 0.005346
0.036596 0.000000 -0.074555 0.005346
0.036596 0.000000 -0.072880 0.005346
0.036596 0.000000 -0.071204 0.005346
0.036596 0.000000 -0.069529 0.005346
0.036596 0.000000 -0.067853 0.005346
0.036596 0.000000 -0.066178 0.005346
0.036596 0.000000 -0.064503 0.005346
0.036596 0.000000 -0.062827 0.005346
0.036596 0.000000 -0.061152 0.005346
0.036596 0.000000 -0.059476 0.005346
0.036596 0.000000 -0.057801 0.005346
0.036596 0.000000 -0.056126 0.005346
0.036596 0.000000 -0.054450 0.005346
0.036596 0.000000 -0.052775 0.005346
0.036596 0.000000 -0.051099 0.005346
0.036596 0.000000 -0.049424 0.005346
0.036596 0.000000 -0.047749 0.005346
0.036596 0.000000 -0.046073 0.005346
0.036596 0.000000 -0.044398 0.005346
0.036596 0.000000 -0.042723 0.005346
0.036596 0.000000 -0.041047 0.005346
0.036596 0.000000 -0.039372 0.005346
0.036596 0.000000 -0.037696 0.005346
0.036596 0.000000 -0.036021 0.005346
0.036596 0.000000 -0.034346 0.005346
0.036596 0.000000 -0.032670 0.005346
0.036596 0.000000 -0.030995 0.005346
0.036596 0.000000 -0.029319 0.005346
0.036596 0.000000 -0.027644 0.005346
0.036596 0.000000 -0.025969 0.005346
0.036596 0.000000 -0.024293 0.005346
0.036596 0.000000 -0.022618 0.005346
0.036596 0.000000 -0.020942 0.005346
0.036596 0.000000 -0.019267 0.005346
0.036596 0.000000 -0.017592 0.005346
0.036596 0.000000 -0.015916 0.005346
0.036596 0.000000 -0.014241 0.005346
0.036596 0.000000 -0.012565 0.005346
0.036596 0.000000 -0.010890 0.005346
0.036596 0.000000 -0.009215 0.005346
0.036596 0.000000 -0.007539 0.005346
0.036596 0.000000 -0.005864 0.005346
0.036596 0.000000 -0.004188 0.005346
0.036596 0.000000 -0.002513 0.005346
0.036596 0.000000 -0.000838 0.005346
0.036596 0.000000 0.000838 0.005346
0.036596 0.000000 0.002513 0.005346
0.036596 0.000000 0.004188 0.005346
0.036596 0.000000 0.005864 0.005346
0.036596 0.000000 0.007539 0.005346
0.036596 0.000000 0.009215 0.005346
0.036596 0.000000 0.010890 0.005346
0.036596 0.000000 0.012565 0.005346
0.036596 0.000000 0.014241 0.005346
0.036596 0.000000 0.015916 0.005346
0.036596 0.000000 0.017592 0.005346
0.036596 0.000000 0.019267 0.005346
0.036596 0.000000 0.020942 0.005346
0.036596 0.000000 0.022618 0.005346
0.036596 0.000000 0.024293 0.005346
0.036596 0.000000 0.025969 0.005346
0.036596 0.000000 0.027644 0.005346
0.036596 0.000000 0.029319 0.005346
0.036596 0.000000 0.030995 0.005346
0.036596 0.000000 0.032670 0.005346
0.036596 0.000000 0.034346 0.005346
0.036596 0.000000 0.036021 0.005346
0.036596 0.000000 0.037696 0.005346
0.036596 0.000000 0.039372 0.005346
0.036596 0.000000 0.041047 0.005346
0.036596 0.000000 0.042723 0.005346
0.036596 0.000000 0.044398 0.005346
0.036596 0.000000 0.046073 0.005346
0.036596 0.000000 0.047749 0.005346
0.036596 0.000000 0.049424 0.005346
0.036596 0.000000 0.051099 0.005346
0.036596 0.000000 0.052775 0.005346
0.036596 0.000000 0.054450 0.005346
0.036596 0.000000 0.056126 0.005346
0.036596 0.000000 0.057801 0.005346
0.036596 0.000000 0.059476 0.005346
0.036596 0.000000 0.061152 0.005346
0.036596 0.000000 0.062827 0.005346
0.036596 0.000000 0.064503 0.005346
0.036596 0.000000 0.066178 0.005346
0.036596 0.000000 0.067853 0.005346
0.036596 0.000000 0.069529 0.005346
0.036596 0.000000 0.071204 0.005346
0.036596 0.000000 0.072880 0.005346
0.036596 0.000000 0.074555 0.005346
0.036596 0.000000 0.076230 0.005346
0.036596 0.000000 0.077906 0.005346
0.036596 0.000000 0.079581 0.005346
0.036596 0.000000 0.081257 0.005346
0.036596 0.000000 0.082932 0.005346
0.036596 0.000000 0.084607 0.005346
0.036596 0.000000 0.086283 0.005346
0.036596 0.000000 0.087958 0.005346
0.036596 0.000000 0.089634 0.005346
0.036596 0.000000 0.091309 0.005346
0.036596 0.000000 0.092984 0.005346
0.036596 0.000000 0.094660 0.005346
0.036596 0.000000 0.096335 0.005346
0.036596 0.000000 0.098010 0.005346
0.036596 0.000000 0.099686 0.005346
0.036596 0.000000 0.101361 0.005346
0.036596 0.000000 0.103037 0.005346
0.036596 0.000000 0.104712 0.005346
0.036596 0.000000 0.106387 0.005346
0.036596 0.000000 0.108063 0.005346
0.036596 0.000000 0.109738 0.005346
0.036596 0.000000 0.111414 0.005346
0.036596 0.000000 0.113089 0.005346
0.036596 0.000000 0.114764 0.005346
0.036596 0.000000 0.116440 0.005346
0.036596 0.000000 0.118115 0.005346
0.036596 0.000000 0.119791 0.005346
0.036596 0.000000 0.121466 0.005346
0.036596 0.000000 0.123141 0.005346
0.036596 0.000000 0.124817 0.005346
0.036596 0.000000 0.126492 0.005346
0.036596 0.000000 0.128168 0.005346
0.036596 0.000000 0.129843 0.005346
0.036596 0.000000 0.131518 0.005346
0.036596 0.000000 0.133194 0.005346
0.036596 0.000000 0.134869 0.005346
0.036596 0.000000 0.136545 0.005346
0.036596 0.000000 0.138220 0.005346
0.036596 0.000000 0.139895 0.005346
0.036596 0.000000 0.141571 0.005346
0.036596 0.000000 0.143246 0.005346
0.036596 0.000000 0.144921 0.005346
0.036596 0.000000 0.146597 0.005346
0.036596 0.000000 0.148272 0.005346
0.036596 0.000000 0.149948 0.005346
0.036596 0.000000 0.151623 0.005346
0.036596 0.000000 0.153298 0.005346
0.036596 0.000000 0.154974 0.005346
0.036596 0.000000 0.156649 0.005346
0.036596 0.000000 0.158325 0.005346
0.036596 0.000000 0.160000 0.005346
0.038298 0.000000 -0.160000 0.003249
0.038298 0.000000 -0.158325 0.003249
0.038298 0.000000 -0.156649 0.003249
0.038298 0.000000 -0.154974 0.003249
0.038298 0.000000 -0.153298 0.003249
0.038298 0.000000 -0.151623 0.003249
0.038298 0.000000 -0.149948 0.003249
0.038298 0.000000 -0.148272 0.003249
0.038298 0.000000 -0.146597 0.003249
0.038298 0.000000 -0.144921 0.003249
0.038298 0.000000 -0.143246 0.003249
0.038298 0.000000 -0.141571 0.003249
0.038298 0.000000 -0.139895 0.003249
0.038298 0.000000 -0.138220 0.003249
0.038298 0.000000 -0.136545 0.003249
0.038298 0.000000 -0.134869 0.003249
0.038298 0.000000 -0.133194 0.003249
0.038298 0.000000 -0.131518 0.003249
0.038298 0.000000 -0.129843 0.003249
0.038298 0.000000 -0.128168 0.003249
0.038298 0.000000 -0.126492 0.003249
0.038298 0.000000 -0.124817 0.003249
0.038298 0.000000 -0.123141 0.003249
0.038298 0.000000 -0.121466 0.003249
0.038298 0.000000 -0.119791 0.003249
0.038298 0.000000 -0.118115 0.003249
0.038298 0.000000 -0.116440 0.003249
0.038298 0.000000 -0.114764 0.003249
0.038298 0.000000 -0.113089 0.003249
0.038298 0.000000 -0.111414 0.003249
0.038298 0.000000 -0.109738 0.003249
0.038298 0.000000 -0.108063 0.003249
0.038298 0.000000 -0.106387 0.003249
0.038298 0.000000 -0.104712 0.003249
0.038298 0.000000 -0.103037 0.003249
0.038298 0.000000 -0.101361 0.003249
0.038298 0.000000 -0.099686 0.003249
0.038298 0.000000 -0.098010 0.003249
0.038298 0.000000 -0.096335 0.003249
0.038298 0.000000 -0.094660 0.003249
0.038298 0.000000 -0.092984 0.003249
0.038298 0.000000 -0.091309 0.003249
0.038298 0.000000 -0.089634 0.003249
0.038298 0.000000 -0.087958 0.003249
0.038298 0.000000 -0.086283 0.003249
0.038298 0.000000 -0.084607 0.003249
0.038298 0.000000 -0.082932 0.003249
0.038298 0.000000 -0.081257 0.003249
0.038298 0.000000 -0.079581 0.003249
0.038298 0.000000 -0.077906 0.003249
0.038298 0.000000 -0.076230 0.003249
0.038298 0.000000 -0.074555 0.003249
0.038298 0.000000 -0.072880 0.003249
0.038298 0.000000 -0.071204 0.003249
0.038298 0.000000 -0.069529 0.003249
0.038298 0.000000 -0.067853 0.003249
0.038298 0.000000 -0.066178 0.003249
0.038298 0.000000 -0.064503 0.003249
0.038298 0.000000 -0.062827 0.003249
0.038298 0.000000 -0.061152 0.003249
0.038298 0.000000 -0.059476 0.003249
0.038298 0.000000 -0.057801 0.003249
0.038298 0.000000 -0.056126 0.003249
0.038298 0.000000 -0.054450 0.003249
0.038298 0.000000 -0.052775 0.003249
0.038298 0.000000 -0.051099 0.003249
0.038298 0.000000 -0.049424 0.003249
0.038298 0.000000 -0.047749 0.003249
0.038298 0.000000 -0.046073 0.003249
0.038298 0.000000 -0.044398 0.003249
0.038298 0.000000 -0.042723 0.003249
0.038298 0.000000 -0.041047 0.003249
0.038298 0.000000 -0.039372 0.003249
0.038298 0.000000 -0.037696 0.003249
0.038298 0.000000 -0.036021 0.003249
0.038298 0.000000 -0.034346 0.003249
0.038298 0.000000 -0.032670 0.003249
0.038298 0.000000 -0.030995 0.003249
0.038298 0.000000 -0.029319 0.003249
0.038298 0.000000 -0.027644 0.003249
0.038298 0.000000 -0.025969 0.003249
0.038298 0.000000 -0.024293 0.003249
0.038298 0.000000 -0.022618 0.003249
0.038298 0.000000 -0.020942 0.003249
0.038298 0.000000 -0.019267 0.003249
0.038298 0.000000 -0.017592 0.003249
0.038298 0.000000 -0.015916 0.003249
0.038298 0.000000 -0.014241 0.003249
0.038298 0.000000 -0.012565 0.003249
0.038298 0.000000 -0.010890 0.003249
0.038298 0.000000 -0.009215 0.003249
0.038298 0.000000 -0.007539 0.003249
0.038298 0.000000 -0.005864 0.003249
0.038298 0.000000 -0.004188 0.003249
0.038298 0.000000 -0.002513 0.003249
0.038298 0.000000 -0.000838 0.003249
0.038298 0.000000 0.000838 0.003249
0.038298 0.000000 0.002513 0.003249
0.038298 0.000000 0.004188 0.003249
0.038298 0.000000 0.005864 0.003249
0.038298 0.000000 0.007539 0.003249
0.038298 0.000000 0.009215 0.003249
0.038298 0.000000 0.010890 0.003249
0.038298 0.000000 0.012565 0.003249
0.038298 0.000000 0.014241 0.003249
0.038298 0.000000 0.015916 0.003249
0.038298 0.000000 0.017592 0.003249
0.038298 0.000000 0.019267 0.003249
0.038298 0.000000 0.020942 0.003249
0.038298 0.000000 0.022618 0.003249
0.038298 0.000000 0.024293 0.003249
0.038298 0.000000 0.025969 0.003249
0.038298 0.000000 0.027644 0.003249
0.038298 0.000000 0.029319 0.003249
0.038298 0.000000 0.030995 0.003249
0.038298 0.000000 0.032670 0.003249
0.038298 0.000000 0.034346 0.003249
0.038298 0.000000 0.036021 0.003249
0.038298 0.000000 0.037696 0.003249
0.038298 0.000000 0.039372 0.003249
0.038298 0.000000 0.041047 0.003249
0.038298 0.000000 0.042723 0.003249
0.038298 0.000000 0.044398 0.003249
0.038298 0.000000 0.046073 0.003249
0.038298 0.000000 0.047749 0.003249
0.038298 0.000000 0.049424 0.003249
0.038298 0.000000 0.051099 0.003249
0.038298 0.000000 0.052775 0.003249
0.038298 0.000000 0.054450 0.003249
0.038298 0.000000 0.056126 0.003249
0.038298 0.000000 0.057801 0.003249
0.038298 0.000000 0.059476 0.003249
0.038298 0.000000 0.061152 0.003249
0.038298 0.000000 0.062827 0.003249
0.038298 0.000000 0.064503 0.003249
0.038298 0.000000 0.066178 0.003249
0.038298 0.000000 0.067853 0.003249
0.038298 0.000000 0.069529 0.003249
0.038298 0.000000 0.071204 0.003249
0.038298 0.000000 0.072880 0.003249
0.038298 0.000000 0.074555 0.003249
0.038298 0.000000 0.076230 0.003249
0.038298 0.000000 0.077906 0.003249
0.038298 0.000000 0.079581 0.003249
0.038298 0.000000 0.081257 0.003249
0.038298 0.000000 0.082932 0.003249
0.038298 0.000000 0.084607 0.003249
0.038298 0.000000 0.086283 0.003249
0.038298 0.000000 0.087958 0.003249
0.038298 0.000000 0.089634 0.003249
0.038298 0.000000 0.091309 0.003249
0.038298 0.000000 0.092984 0.003249
0.038298 0.000000 0.094660 0.003249
0.038298 0.000000 0.096335 0.003249
0.038298 0.000000 0.098010 0.003249
0.038298 0.000000 0.099686 0.003249
0.038298 0.000000 0.101361 0.003249
0.038298 0.000000 0.103037 0.003249
0.038298 0.000000 0.104712 0.003249
0.038298 0.000000 0.106387 0.003249
0.038298 0.000000 0.108063 0.003249
0.038298 0.000000 0.109738 0.003249
0.038298 0.000000 0.111414 0.003249
0.038298 0.000000 0.113089 0.003249
0.038298 0.000000 0.114764 0.003249
0.038298 0.000000 0.116440 0.003249
0.038298 0.000000 0.118115 0.003249
0.038298 0.000000 0.119791 0.003249
0.038298 0.000000 0.121466 0.003249
0.038298 0.000000 0.123141 0.003249
0.038298 0.000000 0.124817 0.003249
0.038298 0.000000 0.126492 0.003249
0.038298 0.000000 0.128168 0.003249
0.038298 0.000000 0.129843 0.003249
0.038298 0.000000 0.131518 0.003249
0.038298 0.000000 0.133194 0.003249
0.038298 0.000000 0.134869 0.003249
0.038298 0.000000 0.136545 0.003249
0.038298 0.000000 0.138220 0.003249
0.038298 0.000000 0.139895 0.003249
0.038298 0.000000 0.141571 0.003249
0.038298 0.000000 0.143246 0.003249
0.038298 0.000000 0.144921 0.003249
0.038298 0.000000 0.146597 0.003249
0.038298 0.000000 0.148272 0.003249
0.038298 0.000000 0.149948 0.003249
0.038298 0.000000 0.151623 0.003249
0.038298 0.000000 0.153298 0.003249
0.038298 0.000000 0.154974 0.003249
0.038298 0.000000 0.156649 0.003249
0.038298 0.000000 0.158325 0.003249
0.038298 0.000000 0.160000 0.003249
0.040000 0.000000 -0.160000 0.001930
0.040000 0.000000 -0.158325 0.001930
0.040000 0.000000 -0.156649 0.001930
0.040000 0.000000 -0.154974 0.001930
0.040000 0.000000 -0.153298 0.001930
0.040000 0.000000 -0.151623 0.001930
0.040000 0.000000 -0.149948 0.001930
0.040000 0.000000 -0.148272 0.001930
0.040000 0.000000 -0.146597 0.001930
0.040000 0.000000 -0.144921 0.001930
0.040000 0.000000 -0.143246 0.001930
0.040000 0.000000 -0.141571 0.001930
0.040000 0.000000 -0.139895 0.001930
0.040000 0.000000 -0.138220 0.001930
0.040000 0.000000 -0.136545 0.001930
0.040000 0.000000 -0.134869 0.001930
0.040000 0.000000 -0.133194 0.001930
0.040000 0.000000 -0.131518 0.001930
0.040000 0.000000 -0.129843 0.001930
0.040000 0.000000 -0.128168 0.001930
0.040000 0.000000 -0.126492 0.001930
0.040000 0.000000 -0.124817 0.001930
0.040000 0.000000 -0.123141 0.001930
0.040000 0.000000 -0.121466 0.001930
0.040000 0.000000 -0.119791 0.001930
0.040000 0.000000 -0.118115 0.001930
0.040000 0.000000 -0.116440 0.001930
0.040000 0.000000 -0.114764 0.001930
0.040000 0.000000 -0.113089 0.001930
0.040000 0.000000 -0.111414 0.001930
0.040000 0.000000 -0.109738 0.001930
0.040000 0.000000 -0.108063 0.001930
0.040000 0.000000 -0.106387 0.001930
0.040000 0.000000 -0.104712 0.001930
0.040000 0.000000 -0.103037 0.001930
0.040000 0.000000 -0.101361 0.001930
0.040000 0.000000 -0.099686 0.001930
0.040000 0.000000 -0.098010 0.001930
0.040000 0.000000 -0.096335 0.001930
0.040000 0.000000 -0.094660 0.001930
0.040000 0.000000 -0.092984 0.001930
0.040000 0.000000 -0.091309 0.001930
0.040000 0.000000 -0.089634 0.001930
0.040000 0.000000 -0.087958 0.001930
0.040000 0.000000 -0.086283 0.001930
0.040000 0.000000 -0.084607 0.001930
0.040000 0.000000 -0.082932 0.001930
0.040000 0.000000 -0.081257 0.001930
0.040000 0.000000 -0.079581 0.001930
0.040000 0.000000 -0.077906 0.001930
0.040000 0.000000 -0.076230 0.001930
0.040000 0.000000 -0.074555 0.001930
0.040000 0.000000 -0.072880 0.001930
0.040000 0.000000 -0.071204 0.001930
0.040000 0.000000 -0.069529 0.001930
0.040000 0.000000 -0.067853 0.001930
0.040000 0.000000 -0.066178 0.001930
0.040000 0.000000 -0.064503 0.001930
0.040000 0.000000 -0.062827 0.001930
0.040000 0.000000 -0.061152 0.001930
0.040000 0.000000 -0.059476 0.001930
0.040000 0.000000 -0.057801 0.001930
0.040000 0.000000 -0.056126 0.001930
0.040000 0.000000 -0.054450 0.001930
0.040000 0.000000 -0.052775 0.001930
0.040000 0.000000 -0.051099 0.001930
0.040000 0.000000 -0.049424 0.001930
0.040000 0.000000 -0.047749 0.001930
0.040000 0.000000 -0.046073 0.001930
0.040000 0.000000 -0.044398 0.001930
0.040000 0.000000 -0.042723 0.001930
0.040000 0.000000 -0.041047 0.001930
0.040000 0.000000 -0.039372 0.001930
0.040000 0.000000 -0.037696 0.001930
0.040000 0.000000 -0.036021 0.001930
0.040000 0.000000 -0.034346 0.001930
0.040000 0.000000 -0.032670 0.001930
0.040000 0.000000 -0.030995 0.001930
0.040000 0.000000 -0.029319 0.001930
0.040000 0.000000 -0.027644 0.001930
0.040000 0.000000 -0.025969 0.001930
0.040000 0.000000 -0.024293 0.001930
0.040000 0.000000 -0.022618 0.001930
0.040000 0.000000 -0.020942 0.001930
0.040000 0.000000 -0.019267 0.001930
0.040000 0.000000 -0.017592 0.001930
0.040000 0.000000 -0.015916 0.001930
0.040000 0.000000 -0.014241 0.001930
0.040000 0.000000 -0.012565 0.001930
0.040000 0.000000 -0.010890 0.001930
0.040000 0.000000 -0.009215 0.001930
0.040000 0.000000 -0.007539 0.001930
0.040000 0.000000 -0.005864 0.001930
0.040000 0.000000 -0.004188 0.001930
0.040000 0.000000 -0.002513 0.001930
0.040000 0.000000 -0.000838 0.001930
0.040000 0.000000 0.000838 0.001930
0.040000 0.000000 0.002513 0.001930
0.040000 0.000000 0.004188 0.001930
0.040000 0.000000 0.005864 0.001930
0.040000 0.000000 0.007539 0.001930
0.040000 0.000000 0.009215 0.001930
0.040000 0.000000 0.010890 0.001930
0.040000 0.000000 0.012565 0.001930
0.040000 0.000000 0.014241 0.001930
0.040000 0.000000 0.015916 0.001930
0.040000 0.000000 0.017592 0.001930
0.040000 0.000000 0.019267 0.001930
0.040000 0.000000 0.020942 0.001930
0.040000 0.000000 0.022618 0.001930
0.040000 0.000000 0.024293 0.001930
0.040000 0.000000 0.025969 0.001930
0.040000 0.000000 0.027644 0.001930
0.040000 0.000000 0.029319 0.001930
0.040000 0.000000 0.030995 0.001930
0.040000 0.000000 0.032670 0.001930
0.040000 0.000000 0.034346 0.001930
0.040000 0.000000 0.036021 0.001930
0.040000 0.000000 0.037696 0.001930
0.040000 0.000000 0.039372 0.001930
0.040000 0.000000 0.041047 0.001930
0.040000 0.000000 0.042723 0.001930
0.040000 0.000000 0.044398 0.001930
0.040000 0.000000 0.046073 0.001930
0.040000 0.000000 0.047749 0.001930
0.040000 0.000000 0.049424 0.001930
0.040000 0.000000 0.051099 0.001930
0.040000 0.000000 0.052775 0.001930
0.040000 0.000000 0.054450 0.001930
0.040000 0.000000 0.056126 0.001930
0.040000 0.000000 0.057801 0.001930
0.040000 0.000000 0.059476 0.001930
0.040000 0.000000 0.061152 0.001930
0.040000 0.000000 0.062827 0.001930
0.040000 0.000000 0.064503 0.001930
0.040000 0.000000 0.066178 0.001930
0.040000 0.000000 0.067853 0.001930
0.040000 0.000000 0.069529 0.001930
0.040000 0.000000 0.071204 0.001930
0.040000 0.000000 0.072880 0.001930
0.040000 0.000000 0.074555 0.001930
0.040000 0.000000 0.076230 0.001930
0.040000 0.000000 0.077906 0.001930
0.040000 0.000000 0.079581 0.001930
0.040000 0.000000 0.081257 0.001930
0.040000 0.000000 0.082932 0.001930
0.040000 0.000000 0.084607 0.001930
0.040000 0.000000 0.086283 0.001930
0.040000 0.000000 0.087958 0.001930
0.040000 0.000000 0.089634 0.001930
0.040000 0.000000 0.091309 0.001930
0.040000 0.000000 0.092984 0.001930
0.040000 0.000000 0.094660 0.001930
0.040000 0.000000 0.096335 0.001930
0.040000 0.000000 0.098010 0.001930
0.040000 0.000000 0.099686 0.001930
0.040000 0.000000 0.101361 0.001930
0.040000 0.000000 0.103037 0.001930
0.040000 0.000000 0.104712 0.001930
0.040000 0.000000 0.106387 0.001930
0.040000 0.000000 0.108063 0.001930
0.040000 0.000000 0.109738 0.001930
0.040000 0.000000 0.111414 0.001930
0.040000 0.000000 0.113089 0.001930
0.040000 0.000000 0.114764 0.001930
0.040000 0.000000 0.116440 0.001930
0.040000 0.000000 0.118115 0.001930
0.040000 0.000000 0.119791 0.001930
0.040000 0.000000 0.121466 0.001930
0.040000 0.000000 0.123141 0.001930
0.040000 0.000000 0.124817 0.001930
0.040000 0.000000 0.126492 0.001930
0.040000 0.000000 0.128168 0.001930
0.040000 0.000000 0.129843 0.001930
0.040000 0.000000 0.131518 0.001930
0.040000 0.000000 0.133194 0.001930
0.040000 0.000000 0.134869 0.001930
0.040000 0.000000 0.136545 0.001930
0.040000 0.000000 0.138220 0.001930
0.040000 0.000000 0.139895 0.001930
0.040000 0.000000 0.141571 0.001930
0.040000 0.000000 0.143246 0.001930
0.040000 0.000000 0.144921 0.001930
0.040000 0.000000 0.146597 0.001930
0.040000 0.000000 0.148272 0.001930
0.040000 0.000000 0.149948 0.001930
0.040000 0.000000 0.151623 0.001930
0.040000 0.000000 0.153298 0.001930
0.040000 0.000000 0.154974 0.001930
0.040000 0.000000 0.156649 0.001930
0.040000 0.000000 0.158325 0.001930
0.040000 0.000000 0.160000 0.001930
