-0.040000 0.080000 -0.160000 0.000000
-0.040000 0.080000 -0.158325 0.000000
-0.040000 0.080000 -0.156649 0.000000
-0.040000 0.080000 -0.154974 0.000000
-0.040000 0.080000 -0.153298 0.000000
-0.040000 0.080000 -0.151623 0.000000
-0.040000 0.080000 -0.149948 0.000000
-0.040000 0.080000 -0.148272 0.000000
-0.040000 0.080000 -0.146597 0.000000
-0.040000 0.080000 -0.144921 0.000000
-0.040000 0.080000 -0.143246 0.000000
-0.040000 0.080000 -0.141571 0.000000
-0.040000 0.080000 -0.139895 0.000000
-0.040000 0.080000 -0.138220 0.000000
-0.040000 0.080000 -0.136545 0.000000
-0.040000 0.080000 -0.134869 0.000000
-0.040000 0.080000 -0.133194 0.000000
-0.040000 0.080000 -0.131518 0.000000
-0.040000 0.080000 -0.129843 0.000000
-0.040000 0.080000 -0.128168 0.000000
-0.040000 0.080000 -0.126492 0.000000
-0.040000 0.080000 -0.124817 0.000000
-0.040000 0.080000 -0.123141 0.000000
-0.040000 0.080000 -0.121466 0.000000
-0.040000 0.080000 -0.119791 0.000000
-0.040000 0.080000 -0.118115 0.000000
-0.040000 0.080000 -0.116440 0.000000
-0.040000 0.080000 -0.114764 0.000000
-0.040000 0.080000 -0.113089 0.000000
-0.040000 0.080000 -0.111414 0.000000
-0.040000 0.080000 -0.109738 0.000000
-0.040000 0.080000 -0.108063 0.000000
-0.040000 0.080000 -0.106387 0.000000
-0.040000 0.080000 -0.104712 0.000000
-0.040000 0.080000 -0.103037 0.000000
-0.040000 0.080000 -0.101361 0.000000
-0.040000 0.080000 -0.099686 0.000000
-0.040000 0.080000 -0.098010 0.000000
-0.040000 0.080000 -0.096335 0.000000
-0.040000 0.080000 -0.094660 0.000000
-0.040000 0.080000 -0.092984 0.000000
-0.040000 0.080000 -0.091309 0.000000
-0.040000 0.080000 -0.089634 0.000000
-0.040000 0.080000 -0.087958 0.000000
-0.040000 0.080000 -0.086283 0.000000
-0.040000 0.080000 -0.084607 0.000000
-0.040000 0.080000 -0.082932 0.000000
-0.040000 0.080000 -0.081257 0.000000
-0.040000 0.080000 -0.079581 0.000000
-0.040000 0.080000 -0.077906 0.000000
-0.040000 0.080000 -0.076230 0.000000
-0.040000 0.080000 -0.074555 0.000000
-0.040000 0.080000 -0.072880 0.000000
-0.040000 0.080000 -0.071204 0.000000
-0.040000 0.080000 -0.069529 0.000000
-0.040000 0.080000 -0.067853 0.000000
-0.040000 0.080000 -0.066178 0.000000
-0.040000 0.080000 -0.064503 0.000000
-0.040000 0.080000 -0.062827 0.000000
-0.040000 0.080000 -0.061152 0.000000
-0.040000 0.080000 -0.059476 0.000000
-0.040000 0.080000 -0.057801 0.000000
-0.040000 0.080000 -0.056126 0.000000
-0.040000 0.080000 -0.054450 0.000000
-0.040000 0.080000 -0.052775 0.000000
-0.040000 0.080000 -0.051099 0.000000
-0.040000 0.080000 -0.049424 0.000000
-0.040000 0.080000 -0.047749 0.000000
-0.040000 0.080000 -0.046073 0.000000
-0.040000 0.080000 -0.044398 0.000000
-0.040000 0.080000 -0.042723 0.000000
-0.040000 0.080000 -0.041047 0.000000
-0.040000 0.080000 -0.039372 0.000000
-0.040000 0.080000 -0.037696 0.000000
-0.040000 0.080000 -0.036021 0.000000
-0.040000 0.080000 -0.034346 0.000000
-0.040000 0.080000 -0.032670 0.000000
-0.040000 0.080000 -0.030995 0.000000
-0.040000 0.080000 -0.029319 0.000000
-0.040000 0.080000 -0.027644 0.000000
-0.040000 0.080000 -0.025969 0.000000
-0.040000 0.080000 -0.024293 0.000000
-0.040000 0.080000 -0.022618 0.000000
-0.040000 0.080000 -0.020942 0.000000
-0.040000 0.080000 -0.019267 0.000000
-0.040000 0.080000 -0.017592 0.000000
-0.040000 0.080000 -0.015916 0.000000
-0.040000 0.080000 -0.014241 0.000000
-0.040000 0.080000 -0.012565 0.000000
-0.040000 0.080000 -0.010890 0.000000
-0.040000 0.080000 -0.009215 0.000000
-0.040000 0.080000 -0.007539 0.000000
-0.040000 0.080000 -0.005864 0.000000
-0.040000 0.080000 -0.004188 0.000000
-0.040000 0.080000 -0.002513 0.000000
-0.040000 0.080000 -0.000838 0.000000
-0.040000 0.080000 0.000838 0.000000
-0.040000 0.080000 0.002513 0.000000
-0.040000 0.080000 0.004188 0.000000
-0.040000 0.080000 0.005864 0.000000
-0.040000 0.080000 0.007539 0.000000
-0.040000 0.080000 0.009215 0.000000
-0.040000 0.080000 0.010890 0.000000
-0.040000 0.080000 0.012565 0.000000
-0.040000 0.080000 0.014241 0.000000
-0.040000 0.080000 0.015916 0.000000
-0.040000 0.080000 0.017592 0.000000
-0.040000 0.080000 0.019267 0.000000
-0.040000 0.080000 0.020942 0.000000
-0.040000 0.080000 0.022618 0.000000
-0.040000 0.080000 0.024293 0.000000
-0.040000 0.080000 0.025969 0.000000
-0.040000 0.080000 0.027644 0.000000
-0.040000 0.080000 0.029319 0.000000
-0.040000 0.080000 0.030995 0.000000
-0.040000 0.080000 0.032670 0.000000
-0.040000 0.080000 0.034346 0.000000
-0.040000 0.080000 0.036021 0.000000
-0.040000 0.080000 0.037696 0.000000
-0.040000 0.080000 0.039372 0.000000
-0.040000 0.080000 0.041047 0.000000
-0.040000 0.080000 0.042723 0.000000
-0.040000 0.080000 0.044398 0.000000
-0.040000 0.080000 0.046073 0.000000
-0.040000 0.080000 0.047749 0.000000
-0.040000 0.080000 0.049424 0.000000
-0.040000 0.080000 0.051099 0.000000
-0.040000 0.080000 0.052775 0.000000
-0.040000 0.080000 0.054450 0.000000
-0.040000 0.080000 0.056126 0.000000
-0.040000 0.080000 0.057801 0.000000
-0.040000 0.080000 0.059476 0.000000
-0.040000 0.080000 0.061152 0.000000
-0.040000 0.080000 0.062827 0.000000
-0.040000 0.080000 0.064503 0.000000
-0.040000 0.080000 0.066178 0.000000
-0.040000 0.080000 0.067853 0.000000
-0.040000 0.080000 0.069529 0.000000
-0.040000 0.080000 0.071204 0.000000
-0.040000 0.080000 0.072880 0.000000
-0.040000 0.080000 0.074555 0.000000
-0.040000 0.080000 0.076230 0.000000
-0.040000 0.080000 0.077906 0.000000
-0.040000 0.080000 0.079581 0.000000
-0.040000 0.080000 0.081257 0.000000
-0.040000 0.080000 0.082932 0.000000
-0.040000 0.080000 0.084607 0.000000
-0.040000 0.080000 0.086283 0.000000
-0.040000 0.080000 0.087958 0.000000
-0.040000 0.080000 0.089634 0.000000
-0.040000 0.080000 0.091309 0.000000
-0.040000 0.080000 0.092984 0.000000
-0.040000 0.080000 0.094660 0.000000
-0.040000 0.080000 0.096335 0.000000
-0.040000 0.080000 0.098010 0.000000
-0.040000 0.080000 0.099686 0.000000
-0.040000 0.080000 0.101361 0.000000
-0.040000 0.080000 0.103037 0.000000
-0.040000 0.080000 0.104712 0.000000
-0.040000 0.080000 0.106387 0.000000
-0.040000 0.080000 0.108063 0.000000
-0.040000 0.080000 0.109738 0.000000
-0.040000 0.080000 0.111414 0.000000
-0.040000 0.080000 0.113089 0.000000
-0.040000 0.080000 0.114764 0.000000
-0.040000 0.080000 0.116440 0.000000
-0.040000 0.080000 0.118115 0.000000
-0.040000 0.080000 0.119791 0.000000
-0.040000 0.080000 0.121466 0.000000
-0.040000 0.080000 0.123141 0.000000
-0.040000 0.080000 0.124817 0.000000
-0.040000 0.080000 0.126492 0.000000
-0.040000 0.080000 0.128168 0.000000
-0.040000 0.080000 0.129843 0.000000
-0.040000 0.080000 0.131518 0.000000
-0.040000 0.080000 0.133194 0.000000
-0.040000 0.080000 0.134869 0.000000
-0.040000 0.080000 0.136545 0.000000
-0.040000 0.080000 0.138220 0.000000
-0.040000 0.080000 0.139895 0.000000
-0.040000 0.080000 0.141571 0.000000
-0.040000 0.080000 0.143246 0.000000
-0.040000 0.080000 0.144921 0.000000
-0.040000 0.080000 0.146597 0.000000
-0.040000 0.080000 0.148272 0.000000
-0.040000 0.080000 0.149948 0.000000
-0.040000 0.080000 0.151623 0.000000
-0.040000 0.080000 0.153298 0.000000
-0.040000 0.080000 0.154974 0.000000
-0.040000 0.080000 0.156649 0.000000
-0.040000 0.080000 0.158325 0.000000
-0.040000 0.080000 0.160000 0.000000
-0.038298 0.080000 -0.160000 0.000000
-0.038298 0.080000 -0.158325 0.000000
-0.038298 0.080000 -0.156649 0.000000
-0.038298 0.080000 -0.154974 0.000000
-0.038298 0.080000 -0.153298 0.000000
-0.038298 0.080000 -0.151623 0.000000
-0.038298 0.080000 -0.149948 0.000000
-0.038298 0.080000 -0.148272 0.000000
-0.038298 0.080000 -0.146597 0.000000
-0.038298 0.080000 -0.144921 0.000000
-0.038298 0.080000 -0.143246 0.000000
-0.038298 0.080000 -0.141571 0.000000
-0.038298 0.080000 -0.139895 0.000000
-0.038298 0.080000 -0.138220 0.000000
-0.038298 0.080000 -0.136545 0.000000
-0.038298 0.080000 -0.134869 0.000000
-0.038298 0.080000 -0.133194 0.000000
-0.038298 0.080000 -0.131518 0.000000
-0.038298 0.080000 -0.129843 0.000000
-0.038298 0.080000 -0.128168 0.000000
-0.038298 0.080000 -0.126492 0.000000
-0.038298 0.080000 -0.124817 0.000000
-0.038298 0.080000 -0.123141 0.000000
-0.038298 0.080000 -0.121466 0.000000
-0.038298 0.080000 -0.119791 0.000000
-0.038298 0.080000 -0.118115 0.000000
-0.038298 0.080000 -0.116440 0.000000
-0.038298 0.080000 -0.114764 0.000000
-0.038298 0.080000 -0.113089 0.000000
-0.038298 0.080000 -0.111414 0.000000
-0.038298 0.080000 -0.109738 0.000000
-0.038298 0.080000 -0.108063 0.000000
-0.038298 0.080000 -0.106387 0.000000
-0.038298 0.080000 -0.104712 0.000000
-0.038298 0.080000 -0.103037 0.000000
-0.038298 0.080000 -0.101361 0.000000
-0.038298 0.080000 -0.099686 0.000000
-0.038298 0.080000 -0.098010 0.000000
-0.038298 0.080000 -0.096335 0.000000
-0.038298 0.080000 -0.094660 0.000000
-0.038298 0.080000 -0.092984 0.000000
-0.038298 0.080000 -0.091309 0.000000
-0.038298 0.080000 -0.089634 0.000000
-0.038298 0.080000 -0.087958 0.000000
-0.038298 0.080000 -0.086283 0.000000
-0.038298 0.080000 -0.084607 0.000000
-0.038298 0.080000 -0.082932 0.000000
-0.038298 0.080000 -0.081257 0.000000
-0.038298 0.080000 -0.079581 0.000000
-0.038298 0.080000 -0.077906 0.000000
-0.038298 0.080000 -0.076230 0.000000
-0.038298 0.080000 -0.074555 0.000000
-0.038298 0.080000 -0.072880 0.000000
-0.038298 0.080000 -0.071204 0.000000
-0.038298 0.080000 -0.069529 0.000000
-0.038298 0.080000 -0.067853 0.000000
-0.038298 0.080000 -0.066178 0.000000
-0.038298 0.080000 -0.064503 0.000000
-0.038298 0.080000 -0.062827 0.000000
-0.038298 0.080000 -0.061152 0.000000
-0.038298 0.080000 -0.059476 0.000000
-0.038298 0.080000 -0.057801 0.000000
-0.038298 0.080000 -0.056126 0.000000
-0.038298 0.080000 -0.054450 0.000000
-0.038298 0.080000 -0.052775 0.000000
-0.038298 0.080000 -0.051099 0.000000
-0.038298 0.080000 -0.049424 0.000000
-0.038298 0.080000 -0.047749 0.000000
-0.038298 0.080000 -0.046073 0.000000
-0.038298 0.080000 -0.044398 0.000000
-0.038298 0.080000 -0.042723 0.000000
-0.038298 0.080000 -0.041047 0.000000
-0.038298 0.080000 -0.039372 0.000000
-0.038298 0.080000 -0.037696 0.000000
-0.038298 0.080000 -0.036021 0.000000
-0.038298 0.080000 -0.034346 0.000000
-0.038298 0.080000 -0.032670 0.000000
-0.038298 0.080000 -0.030995 0.000000
-0.038298 0.080000 -0.029319 0.000000
-0.038298 0.080000 -0.027644 0.000000
-0.038298 0.080000 -0.025969 0.000000
-0.038298 0.080000 -0.024293 0.000000
-0.038298 0.080000 -0.022618 0.000000
-0.038298 0.080000 -0.020942 0.000000
-0.038298 0.080000 -0.019267 0.000000
-0.038298 0.080000 -0.017592 0.000000
-0.038298 0.080000 -0.015916 0.000000
-0.038298 0.080000 -0.014241 0.000000
-0.038298 0.080000 -0.012565 0.000000
-0.038298 0.080000 -0.010890 0.000000
-0.038298 0.080000 -0.009215 0.000000
-0.038298 0.080000 -0.007539 0.000000
-0.038298 0.080000 -0.005864 0.000000
-0.038298 0.080000 -0.004188 0.000000
-0.038298 0.080000 -0.002513 0.000000
-0.038298 0.080000 -0.000838 0.000000
-0.038298 0.080000 0.000838 0.000000
-0.038298 0.080000 0.002513 0.000000
-0.038298 0.080000 0.004188 0.000000
-0.038298 0.080000 0.005864 0.000000
-0.038298 0.080000 0.007539 0.000000
-0.038298 0.080000 0.009215 0.000000
-0.038298 0.080000 0.010890 0.000000
-0.038298 0.080000 0.012565 0.000000
-0.038298 0.080000 0.014241 0.000000
-0.038298 0.080000 0.015916 0.000000
-0.038298 0.080000 0.017592 0.000000
-0.038298 0.080000 0.019267 0.000000
-0.038298 0.080000 0.020942 0.000000
-0.038298 0.080000 0.022618 0.000000
-0.038298 0.080000 0.024293 0.000000
-0.038298 0.080000 0.025969 0.000000
-0.038298 0.080000 0.027644 0.000000
-0.038298 0.080000 0.029319 0.000000
-0.038298 0.080000 0.030995 0.000000
-0.038298 0.080000 0.032670 0.000000
-0.038298 0.080000 0.034346 0.000000
-0.038298 0.080000 0.036021 0.000000
-0.038298 0.080000 0.037696 0.000000
-0.038298 0.080000 0.039372 0.000000
-0.038298 0.080000 0.041047 0.000000
-0.038298 0.080000 0.042723 0.000000
-0.038298 0.080000 0.044398 0.000000
-0.038298 0.080000 0.046073 0.000000
-0.038298 0.080000 0.047749 0.000000
-0.038298 0.080000 0.049424 0.000000
-0.038298 0.080000 0.051099 0.000000
-0.038298 0.080000 0.052775 0.000000
-0.038298 0.080000 0.054450 0.000000
-0.038298 0.080000 0.056126 0.000000
-0.038298 0.080000 0.057801 0.000000
-0.038298 0.080000 0.059476 0.000000
-0.038298 0.080000 0.061152 0.000000
-0.038298 0.080000 0.062827 0.000000
-0.038298 0.080000 0.064503 0.000000
-0.038298 0.080000 0.066178 0.000000
-0.038298 0.080000 0.067853 0.000000
-0.038298 0.080000 0.069529 0.000000
-0.038298 0.080000 0.071204 0.000000
-0.038298 0.080000 0.072880 0.000000
-0.038298 0.080000 0.074555 0.000000
-0.038298 0.080000 0.076230 0.000000
-0.038298 0.080000 0.077906 0.000000
-0.038298 0.080000 0.079581 0.000000
-0.038298 0.080000 0.081257 0.000000
-0.038298 0.080000 0.082932 0.000000
-0.038298 0.080000 0.084607 0.000000
-0.038298 0.080000 0.086283 0.000000
-0.038298 0.080000 0.087958 0.000000
-0.038298 0.080000 0.089634 0.000000
-0.038298 0.080000 0.091309 0.000000
-0.038298 0.080000 0.092984 0.000000
-0.038298 0.080000 0.094660 0.000000
-0.038298 0.080000 0.096335 0.000000
-0.038298 0.080000 0.098010 0.000000
-0.038298 0.080000 0.099686 0.000000
-0.038298 0.080000 0.101361 0.000000
-0.038298 0.080000 0.103037 0.000000
-0.038298 0.080000 0.104712 0.000000
-0.038298 0.080000 0.106387 0.000000
-0.038298 0.080000 0.108063 0.000000
-0.038298 0.080000 0.109738 0.000000
-0.038298 0.080000 0.111414 0.000000
-0.038298 0.080000 0.113089 0.000000
-0.038298 0.080000 0.114764 0.000000
-0.038298 0.080000 0.116440 0.000000
-0.038298 0.080000 0.118115 0.000000
-0.038298 0.080000 0.119791 0.000000
-0.038298 0.080000 0.121466 0.000000
-0.038298 0.080000 0.123141 0.000000
-0.038298 0.080000 0.124817 0.000000
-0.038298 0.080000 0.126492 0.000000
-0.038298 0.080000 0.128168 0.000000
-0.038298 0.080000 0.129843 0.000000
-0.038298 0.080000 0.131518 0.000000
-0.038298 0.080000 0.133194 0.000000
-0.038298 0.080000 0.134869 0.000000
-0.038298 0.080000 0.136545 0.000000
-0.038298 0.080000 0.138220 0.000000
-0.038298 0.080000 0.139895 0.000000
-0.038298 0.080000 0.141571 0.000000
-0.038298 0.080000 0.143246 0.000000
-0.038298 0.080000 0.144921 0.000000
-0.038298 0.080000 0.146597 0.000000
-0.038298 0.080000 0.148272 0.000000
-0.038298 0.080000 0.149948 0.000000
-0.038298 0.080000 0.151623 0.000000
-0.038298 0.080000 0.153298 0.000000
-0.038298 0.080000 0.154974 0.000000
-0.038298 0.080000 0.156649 0.000000
-0.038298 0.080000 0.158325 0.000000
-0.038298 0.080000 0.160000 0.000000
-0.036596 0.080000 -0.160000 0.000000
-0.036596 0.080000 -0.158325 0.000000
-0.036596 0.080000 -0.156649 0.000000
-0.036596 0.080000 -0.154974 0.000000
-0.036596 0.080000 -0.153298 0.000000
-0.036596 0.080000 -0.151623 0.000000
-0.036596 0.080000 -0.149948 0.000000
-0.036596 0.080000 -0.148272 0.000000
-0.036596 0.080000 -0.146597 0.000000
-0.036596 0.080000 -0.144921 0.000000
-0.036596 0.080000 -0.143246 0.000000
-0.036596 0.080000 -0.141571 0.000000
-0.036596 0.080000 -0.139895 0.000000
-0.036596 0.080000 -0.138220 0.000000
-0.036596 0.080000 -0.136545 0.000000
-0.036596 0.080000 -0.134869 0.000000
-0.036596 0.080000 -0.133194 0.000000
-0.036596 0.080000 -0.131518 0.000000
-0.036596 0.080000 -0.129843 0.000000
-0.036596 0.080000 -0.128168 0.000000
-0.036596 0.080000 -0.126492 0.000000
-0.036596 0.080000 -0.124817 0.000000
-0.036596 0.080000 -0.123141 0.000000
-0.036596 0.080000 -0.121466 0.000000
-0.036596 0.080000 -0.119791 0.000000
-0.036596 0.080000 -0.118115 0.000000
-0.036596 0.080000 -0.116440 0.000000
-0.036596 0.080000 -0.114764 0.000000
-0.036596 0.080000 -0.113089 0.000000
-0.036596 0.080000 -0.111414 0.000000
-0.036596 0.080000 -0.109738 0.000000
-0.036596 0.080000 -0.108063 0.000000
-0.036596 0.080000 -0.106387 0.000000
-0.036596 0.080000 -0.104712 0.000000
-0.036596 0.080000 -0.103037 0.000000
-0.036596 0.080000 -0.101361 0.000000
-0.036596 0.080000 -0.099686 0.000000
-0.036596 0.080000 -0.098010 0.000000
-0.036596 0.080000 -0.096335 0.000000
-0.036596 0.080000 -0.094660 0.000000
-0.036596 0.080000 -0.092984 0.000000
-0.036596 0.080000 -0.091309 0.000000
-0.036596 0.080000 -0.089634 0.000000
-0.036596 0.080000 -0.087958 0.000000
-0.036596 0.080000 -0.086283 0.000000
-0.036596 0.080000 -0.084607 0.000000
-0.036596 0.080000 -0.082932 0.000000
-0.036596 0.080000 -0.081257 0.000000
-0.036596 0.080000 -0.079581 0.000000
-0.036596 0.080000 -0.077906 0.000000
-0.036596 0.080000 -0.076230 0.000000
-0.036596 0.080000 -0.074555 0.000000
-0.036596 0.080000 -0.072880 0.000000
-0.036596 0.080000 -0.071204 0.000000
-0.036596 0.080000 -0.069529 0.000000
-0.036596 0.080000 -0.067853 0.000000
-0.036596 0.080000 -0.066178 0.000000
-0.036596 0.080000 -0.064503 0.000000
-0.036596 0.080000 -0.062827 0.000000
-0.036596 0.080000 -0.061152 0.000000
-0.036596 0.080000 -0.059476 0.000000
-0.036596 0.080000 -0.057801 0.000000
-0.036596 0.080000 -0.056126 0.000000
-0.036596 0.080000 -0.054450 0.000000
-0.036596 0.080000 -0.052775 0.000000
-0.036596 0.080000 -0.051099 0.000000
-0.036596 0.080000 -0.049424 0.000000
-0.036596 0.080000 -0.047749 0.000000
-0.036596 0.080000 -0.046073 0.000000
-0.036596 0.080000 -0.044398 0.000000
-0.036596 0.080000 -0.042723 0.000000
-0.036596 0.080000 -0.041047 0.000000
-0.036596 0.080000 -0.039372 0.000000
-0.036596 0.080000 -0.037696 0.000000
-0.036596 0.080000 -0.036021 0.000000
-0.036596 0.080000 -0.034346 0.000000
-0.036596 0.080000 -0.032670 0.000000
-0.036596 0.080000 -0.030995 0.000000
-0.036596 0.080000 -0.029319 0.000000
-0.036596 0.080000 -0.027644 0.000000
-0.036596 0.080000 -0.025969 0.000000
-0.036596 0.080000 -0.024293 0.000000
-0.036596 0.080000 -0.022618 0.000000
-0.036596 0.080000 -0.020942 0.000000
-0.036596 0.080000 -0.019267 0.000000
-0.036596 0.080000 -0.017592 0.000000
-0.036596 0.080000 -0.015916 0.000000
-0.036596 0.080000 -0.014241 0.000000
-0.036596 0.080000 -0.012565 0.000000
-0.036596 0.080000 -0.010890 0.000000
-0.036596 0.080000 -0.009215 0.000000
-0.036596 0.080000 -0.007539 0.000000
-0.036596 0.080000 -0.005864 0.000000
-0.036596 0.080000 -0.004188 0.000000
-0.036596 0.080000 -0.002513 0.000000
-0.036596 0.080000 -0.000838 0.000000
-0.036596 0.080000 0.000838 0.000000
-0.036596 0.080000 0.002513 0.000000
-0.036596 0.080000 0.004188 0.000000
-0.036596 0.080000 0.005864 0.000000
-0.036596 0.080000 0.007539 0.000000
-0.036596 0.080000 0.009215 0.000000
-0.036596 0.080000 0.010890 0.000000
-0.036596 0.080000 0.012565 0.000000
-0.036596 0.080000 0.014241 0.000000
-0.036596 0.080000 0.015916 0.000000
-0.036596 0.080000 0.017592 0.000000
-0.036596 0.080000 0.019267 0.000000
-0.036596 0.080000 0.020942 0.000000
-0.036596 0.080000 0.022618 0.000000
-0.036596 0.080000 0.024293 0.000000
-0.036596 0.080000 0.025969 0.000000
-0.036596 0.080000 0.027644 0.000000
-0.036596 0.080000 0.029319 0.000000
-0.036596 0.080000 0.030995 0.000000
-0.036596 0.080000 0.032670 0.000000
-0.036596 0.080000 0.034346 0.000000
-0.036596 0.080000 0.036021 0.000000
-0.036596 0.080000 0.037696 0.000000
-0.036596 0.080000 0.039372 0.000000
-0.036596 0.080000 0.041047 0.000000
-0.036596 0.080000 0.042723 0.000000
-0.036596 0.080000 0.044398 0.000000
-0.036596 0.080000 0.046073 0.000000
-0.036596 0.080000 0.047749 0.000000
-0.036596 0.080000 0.049424 0.000000
-0.036596 0.080000 0.051099 0.000000
-0.036596 0.080000 0.052775 0.000000
-0.036596 0.080000 0.054450 0.000000
-0.036596 0.080000 0.056126 0.000000
-0.036596 0.080000 0.057801 0.000000
-0.036596 0.080000 0.059476 0.000000
-0.036596 0.080000 0.061152 0.000000
-0.036596 0.080000 0.062827 0.000000
-0.036596 0.080000 0.064503 0.000000
-0.036596 0.080000 0.066178 0.000000
-0.036596 0.080000 0.067853 0.000000
-0.036596 0.080000 0.069529 0.000000
-0.036596 0.080000 0.071204 0.000000
-0.036596 0.080000 0.072880 0.000000
-0.036596 0.080000 0.074555 0.000000
-0.036596 0.080000 0.076230 0.000000
-0.036596 0.080000 0.077906 0.000000
-0.036596 0.080000 0.079581 0.000000
-0.036596 0.080000 0.081257 0.000000
-0.036596 0.080000 0.082932 0.000000
-0.036596 0.080000 0.084607 0.000000
-0.036596 0.080000 0.086283 0.000000
-0.036596 0.080000 0.087958 0.000000
-0.036596 0.080000 0.089634 0.000000
-0.036596 0.080000 0.091309 0.000000
-0.036596 0.080000 0.092984 0.000000
-0.036596 0.080000 0.094660 0.000000
-0.036596 0.080000 0.096335 0.000000
-0.036596 0.080000 0.098010 0.000000
-0.036596 0.080000 0.099686 0.000000
-0.036596 0.080000 0.101361 0.000000
-0.036596 0.080000 0.103037 0.000000
-0.036596 0.080000 0.104712 0.000000
-0.036596 0.080000 0.106387 0.000000
-0.036596 0.080000 0.108063 0.000000
-0.036596 0.080000 0.109738 0.000000
-0.036596 0.080000 0.111414 0.000000
-0.036596 0.080000 0.113089 0.000000
-0.036596 0.080000 0.114764 0.000000
-0.036596 0.080000 0.116440 0.000000
-0.036596 0.080000 0.118115 0.000000
-0.036596 0.080000 0.119791 0.000000
-0.036596 0.080000 0.121466 0.000000
-0.036596 0.080000 0.123141 0.000000
-0.036596 0.080000 0.124817 0.000000
-0.036596 0.080000 0.126492 0.000000
-0.036596 0.080000 0.128168 0.000000
-0.036596 0.080000 0.129843 0.000000
-0.036596 0.080000 0.131518 0.000000
-0.036596 0.080000 0.133194 0.000000
-0.036596 0.080000 0.134869 0.000000
-0.036596 0.080000 0.136545 0.000000
-0.036596 0.080000 0.138220 0.000000
-0.036596 0.080000 0.139895 0.000000
-0.036596 0.080000 0.141571 0.000000
-0.036596 0.080000 0.143246 0.000000
-0.036596 0.080000 0.144921 0.000000
-0.036596 0.080000 0.146597 0.000000
-0.036596 0.080000 0.148272 0.000000
-0.036596 0.080000 0.149948 0.000000
-0.036596 0.080000 0.151623 0.000000
-0.036596 0.080000 0.153298 0.000000
-0.036596 0.080000 0.154974 0.000000
-0.036596 0.080000 0.156649 0.000000
-0.036596 0.080000 0.158325 0.000000
-0.036596 0.080000 0.160000 0.000000
-0.034894 0.080000 -0.160000 0.000000
-0.034894 0.080000 -0.158325 0.000000
-0.034894 0.080000 -0.156649 0.000000
-0.034894 0.080000 -0.154974 0.000000
-0.034894 0.080000 -0.153298 0.000000
-0.034894 0.080000 -0.151623 0.000000
-0.034894 0.080000 -0.149948 0.000000
-0.034894 0.080000 -0.148272 0.000000
-0.034894 0.080000 -0.146597 0.000000
-0.034894 0.080000 -0.144921 0.000000
-0.034894 0.080000 -0.143246 0.000000
-0.034894 0.080000 -0.141571 0.000000
-0.034894 0.080000 -0.139895 0.000000
-0.034894 0.080000 -0.138220 0.000000
-0.034894 0.080000 -0.136545 0.000000
-0.034894 0.080000 -0.134869 0.000000
-0.034894 0.080000 -0.133194 0.000000
-0.034894 0.080000 -0.131518 0.000000
-0.034894 0.080000 -0.129843 0.000000
-0.034894 0.080000 -0.128168 0.000000
-0.034894 0.080000 -0.126492 0.000000
-0.034894 0.080000 -0.124817 0.000000
-0.034894 0.080000 -0.123141 0.000000
-0.034894 0.080000 -0.121466 0.000000
-0.034894 0.080000 -0.119791 0.000000
-0.034894 0.080000 -0.118115 0.000000
-0.034894 0.080000 -0.116440 0.000000
-0.034894 0.080000 -0.114764 0.000000
-0.034894 0.080000 -0.113089 0.000000
-0.034894 0.080000 -0.111414 0.000000
-0.034894 0.080000 -0.109738 0.000000
-0.034894 0.080000 -0.108063 0.000000
-0.034894 0.080000 -0.106387 0.000000
-0.034894 0.080000 -0.104712 0.000000
-0.034894 0.080000 -0.103037 0.000000
-0.034894 0.080000 -0.101361 0.000000
-0.034894 0.080000 -0.099686 0.000000
-0.034894 0.080000 -0.098010 0.000000
-0.034894 0.080000 -0.096335 0.000000
-0.034894 0.080000 -0.094660 0.000000
-0.034894 0.080000 -0.092984 0.000000
-0.034894 0.080000 -0.091309 0.000000
-0.034894 0.080000 -0.089634 0.000000
-0.034894 0.080000 -0.087958 0.000000
-0.034894 0.080000 -0.086283 0.000000
-0.034894 0.080000 -0.084607 0.000000
-0.034894 0.080000 -0.082932 0.000000
-0.034894 0.080000 -0.081257 0.000000
-0.034894 0.080000 -0.079581 0.000000
-0.034894 0.080000 -0.077906 0.000000
-0.034894 0.080000 -0.076230 0.000000
-0.034894 0.080000 -0.074555 0.000000
-0.034894 0.080000 -0.072880 0.000000
-0.034894 0.080000 -0.071204 0.000000
-0.034894 0.080000 -0.069529 0.000000
-0.034894 0.080000 -0.067853 0.000000
-0.034894 0.080000 -0.066178 0.000000
-0.034894 0.080000 -0.064503 0.000000
-0.034894 0.080000 -0.062827 0.000000
-0.034894 0.080000 -0.061152 0.000000
-0.034894 0.080000 -0.059476 0.000000
-0.034894 0.080000 -0.057801 0.000000
-0.034894 0.080000 -0.056126 0.000000
-0.034894 0.080000 -0.054450 0.000000
-0.034894 0.080000 -0.052775 0.000000
-0.034894 0.080000 -0.051099 0.000000
-0.034894 0.080000 -0.049424 0.000000
-0.034894 0.080000 -0.047749 0.000000
-0.034894 0.080000 -0.046073 0.000000
-0.034894 0.080000 -0.044398 0.000000
-0.034894 0.080000 -0.042723 0.000000
-0.034894 0.080000 -0.041047 0.000000
-0.034894 0.080000 -0.039372 0.000000
-0.034894 0.080000 -0.037696 0.000000
-0.034894 0.080000 -0.036021 0.000000
-0.034894 0.080000 -0.034346 0.000000
-0.034894 0.080000 -0.032670 0.000000
-0.034894 0.080000 -0.030995 0.000000
-0.034894 0.080000 -0.029319 0.000000
-0.034894 0.080000 -0.027644 0.000000
-0.034894 0.080000 -0.025969 0.000000
-0.034894 0.080000 -0.024293 0.000000
-0.034894 0.080000 -0.022618 0.000000
-0.034894 0.080000 -0.020942 0.000000
-0.034894 0.080000 -0.019267 0.000000
-0.034894 0.080000 -0.017592 0.000000
-0.034894 0.080000 -0.015916 0.000000
-0.034894 0.080000 -0.014241 0.000000
-0.034894 0.080000 -0.012565 0.000000
-0.034894 0.080000 -0.010890 0.000000
-0.034894 0.080000 -0.009215 0.000000
-0.034894 0.080000 -0.007539 0.000000
-0.034894 0.080000 -0.005864 0.000000
-0.034894 0.080000 -0.004188 0.000000
-0.034894 0.080000 -0.002513 0.000000
-0.034894 0.080000 -0.000838 0.000000
-0.034894 0.080000 0.000838 0.000000
-0.034894 0.080000 0.002513 0.000000
-0.034894 0.080000 0.004188 0.000000
-0.034894 0.080000 0.005864 0.000000
-0.034894 0.080000 0.007539 0.000000
-0.034894 0.080000 0.009215 0.000000
-0.034894 0.080000 0.010890 0.000000
-0.034894 0.080000 0.012565 0.000000
-0.034894 0.080000 0.014241 0.000000
-0.034894 0.080000 0.015916 0.000000
-0.034894 0.080000 0.017592 0.000000
-0.034894 0.080000 0.019267 0.000000
-0.034894 0.080000 0.020942 0.000000
-0.034894 0.080000 0.022618 0.000000
-0.034894 0.080000 0.024293 0.000000
-0.034894 0.080000 0.025969 0.000000
-0.034894 0.080000 0.027644 0.000000
-0.034894 0.080000 0.029319 0.000000
-0.034894 0.080000 0.030995 0.000000
-0.034894 0.080000 0.032670 0.000000
-0.034894 0.080000 0.034346 0.000000
-0.034894 0.080000 0.036021 0.000000
-0.034894 0.080000 0.037696 0.000000
-0.034894 0.080000 0.039372 0.000000
-0.034894 0.080000 0.041047 0.000000
-0.034894 0.080000 0.042723 0.000000
-0.034894 0.080000 0.044398 0.000000
-0.034894 0.080000 0.046073 0.000000
-0.034894 0.080000 0.047749 0.000000
-0.034894 0.080000 0.049424 0.000000
-0.034894 0.080000 0.051099 0.000000
-0.034894 0.080000 0.052775 0.000000
-0.034894 0.080000 0.054450 0.000000
-0.034894 0.080000 0.056126 0.000000
-0.034894 0.080000 0.057801 0.000000
-0.034894 0.080000 0.059476 0.000000
-0.034894 0.080000 0.061152 0.000000
-0.034894 0.080000 0.062827 0.000000
-0.034894 0.080000 0.064503 0.000000
-0.034894 0.080000 0.066178 0.000000
-0.034894 0.080000 0.067853 0.000000
-0.034894 0.080000 0.069529 0.000000
-0.034894 0.080000 0.071204 0.000000
-0.034894 0.080000 0.072880 0.000000
-0.034894 0.080000 0.074555 0.000000
-0.034894 0.080000 0.076230 0.000000
-0.034894 0.080000 0.077906 0.000000
-0.034894 0.080000 0.079581 0.000000
-0.034894 0.080000 0.081257 0.000000
-0.034894 0.080000 0.082932 0.000000
-0.034894 0.080000 0.084607 0.000000
-0.034894 0.080000 0.086283 0.000000
-0.034894 0.080000 0.087958 0.000000
-0.034894 0.080000 0.089634 0.000000
-0.034894 0.080000 0.091309 0.000000
-0.034894 0.080000 0.092984 0.000000
-0.034894 0.080000 0.094660 0.000000
-0.034894 0.080000 0.096335 0.000000
-0.034894 0.080000 0.098010 0.000000
-0.034894 0.080000 0.099686 0.000000
-0.034894 0.080000 0.101361 0.000000
-0.034894 0.080000 0.103037 0.000000
-0.034894 0.080000 0.104712 0.000000
-0.034894 0.080000 0.106387 0.000000
-0.034894 0.080000 0.108063 0.000000
-0.034894 0.080000 0.109738 0.000000
-0.034894 0.080000 0.111414 0.000000
-0.034894 0.080000 0.113089 0.000000
-0.034894 0.080000 0.114764 0.000000
-0.034894 0.080000 0.116440 0.000000
-0.034894 0.080000 0.118115 0.000000
-0.034894 0.080000 0.119791 0.000000
-0.034894 0.080000 0.121466 0.000000
-0.034894 0.080000 0.123141 0.000000
-0.034894 0.080000 0.124817 0.000000
-0.034894 0.080000 0.126492 0.000000
-0.034894 0.080000 0.128168 0.000000
-0.034894 0.080000 0.129843 0.000000
-0.034894 0.080000 0.131518 0.000000
-0.034894 0.080000 0.133194 0.000000
-0.034894 0.080000 0.134869 0.000000
-0.034894 0.080000 0.136545 0.000000
-0.034894 0.080000 0.138220 0.000000
-0.034894 0.080000 0.139895 0.000000
-0.034894 0.080000 0.141571 0.000000
-0.034894 0.080000 0.143246 0.000000
-0.034894 0.080000 0.144921 0.000000
-0.034894 0.080000 0.146597 0.000000
-0.034894 0.080000 0.148272 0.000000
-0.034894 0.080000 0.149948 0.000000
-0.034894 0.080000 0.151623 0.000000
-0.034894 0.080000 0.153298 0.000000
-0.034894 0.080000 0.154974 0.000000
-0.034894 0.080000 0.156649 0.000000
-0.034894 0.080000 0.158325 0.000000
-0.034894 0.080000 0.160000 0.000000
-0.033191 0.080000 -0.160000 0.000000
-0.033191 0.080000 -0.158325 0.000000
-0.033191 0.080000 -0.156649 0.000000
-0.033191 0.080000 -0.154974 0.000000
-0.033191 0.080000 -0.153298 0.000000
-0.033191 0.080000 -0.151623 0.000000
-0.033191 0.080000 -0.149948 0.000000
-0.033191 0.080000 -0.148272 0.000000
-0.033191 0.080000 -0.146597 0.000000
-0.033191 0.080000 -0.144921 0.000000
-0.033191 0.080000 -0.143246 0.000000
-0.033191 0.080000 -0.141571 0.000000
-0.033191 0.080000 -0.139895 0.000000
-0.033191 0.080000 -0.138220 0.000000
-0.033191 0.080000 -0.136545 0.000000
-0.033191 0.080000 -0.134869 0.000000
-0.033191 0.080000 -0.133194 0.000000
-0.033191 0.080000 -0.131518 0.000000
-0.033191 0.080000 -0.129843 0.000000
-0.033191 0.080000 -0.128168 0.000000
-0.033191 0.080000 -0.126492 0.000000
-0.033191 0.080000 -0.124817 0.000000
-0.033191 0.080000 -0.123141 0.000000
-0.033191 0.080000 -0.121466 0.000000
-0.033191 0.080000 -0.119791 0.000000
-0.033191 0.080000 -0.118115 0.000000
-0.033191 0.080000 -0.116440 0.000000
-0.033191 0.080000 -0.114764 0.000000
-0.033191 0.080000 -0.113089 0.000000
-0.033191 0.080000 -0.111414 0.000000
-0.033191 0.080000 -0.109738 0.000000
-0.033191 0.080000 -0.108063 0.000000
-0.033191 0.080000 -0.106387 0.000000
-0.033191 0.080000 -0.104712 0.000000
-0.033191 0.080000 -0.103037 0.000000
-0.033191 0.080000 -0.101361 0.000000
-0.033191 0.080000 -0.099686 0.000000
-0.033191 0.080000 -0.098010 0.000000
-0.033191 0.080000 -0.096335 0.000000
-0.033191 0.080000 -0.094660 0.000000
-0.033191 0.080000 -0.092984 0.000000
-0.033191 0.080000 -0.091309 0.000000
-0.033191 0.080000 -0.089634 0.000000
-0.033191 0.080000 -0.087958 0.000000
-0.033191 0.080000 -0.086283 0.000000
-0.033191 0.080000 -0.084607 0.000000
-0.033191 0.080000 -0.082932 0.000000
-0.033191 0.080000 -0.081257 0.000000
-0.033191 0.080000 -0.079581 0.000000
-0.033191 0.080000 -0.077906 0.000000
-0.033191 0.080000 -0.076230 0.000000
-0.033191 0.080000 -0.074555 0.000000
-0.033191 0.080000 -0.072880 0.000000
-0.033191 0.080000 -0.071204 0.000000
-0.033191 0.080000 -0.069529 0.000000
-0.033191 0.080000 -0.067853 0.000000
-0.033191 0.080000 -0.066178 0.000000
-0.033191 0.080000 -0.064503 0.000000
-0.033191 0.080000 -0.062827 0.000000
-0.033191 0.080000 -0.061152 0.000000
-0.033191 0.080000 -0.059476 0.000000
-0.033191 0.080000 -0.057801 0.000000
-0.033191 0.080000 -0.056126 0.000000
-0.033191 0.080000 -0.054450 0.000000
-0.033191 0.080000 -0.052775 0.000000
-0.033191 0.080000 -0.051099 0.000000
-0.033191 0.080000 -0.049424 0.000000
-0.033191 0.080000 -0.047749 0.000000
-0.033191 0.080000 -0.046073 0.000000
-0.033191 0.080000 -0.044398 0.000000
-0.033191 0.080000 -0.042723 0.000000
-0.033191 0.080000 -0.041047 0.000000
-0.033191 0.080000 -0.039372 0.000000
-0.033191 0.080000 -0.037696 0.000000
-0.033191 0.080000 -0.036021 0.000000
-0.033191 0.080000 -0.034346 0.000000
-0.033191 0.080000 -0.032670 0.000000
-0.033191 0.080000 -0.030995 0.000000
-0.033191 0.080000 -0.029319 0.000000
-0.033191 0.080000 -0.027644 0.000000
-0.033191 0.080000 -0.025969 0.000000
-0.033191 0.080000 -0.024293 0.000000
-0.033191 0.080000 -0.022618 0.000000
-0.033191 0.080000 -0.020942 0.000000
-0.033191 0.080000 -0.019267 0.000000
-0.033191 0.080000 -0.017592 0.000000
-0.033191 0.080000 -0.015916 0.000000
-0.033191 0.080000 -0.014241 0.000000
-0.033191 0.080000 -0.012565 0.000000
-0.033191 0.080000 -0.010890 0.000000
-0.033191 0.080000 -0.009215 0.000000
-0.033191 0.080000 -0.007539 0.000000
-0.033191 0.080000 -0.005864 0.000000
-0.033191 0.080000 -0.004188 0.000000
-0.033191 0.080000 -0.002513 0.000000
-0.033191 0.080000 -0.000838 0.000000
-0.033191 0.080000 0.000838 0.000000
-0.033191 0.080000 0.002513 0.000000
-0.033191 0.080000 0.004188 0.000000
-0.033191 0.080000 0.005864 0.000000
-0.033191 0.080000 0.007539 0.000000
-0.033191 0.080000 0.009215 0.000000
-0.033191 0.080000 0.010890 0.000000
-0.033191 0.080000 0.012565 0.000000
-0.033191 0.080000 0.014241 0.000000
-0.033191 0.080000 0.015916 0.000000
-0.033191 0.080000 0.017592 0.000000
-0.033191 0.080000 0.019267 0.000000
-0.033191 0.080000 0.020942 0.000000
-0.033191 0.080000 0.022618 0.000000
-0.033191 0.080000 0.024293 0.000000
-0.033191 0.080000 0.025969 0.000000
-0.033191 0.080000 0.027644 0.000000
-0.033191 0.080000 0.029319 0.000000
-0.033191 0.080000 0.030995 0.000000
-0.033191 0.080000 0.032670 0.000000
-0.033191 0.080000 0.034346 0.000000
-0.033191 0.080000 0.036021 0.000000
-0.033191 0.080000 0.037696 0.000000
-0.033191 0.080000 0.039372 0.000000
-0.033191 0.080000 0.041047 0.000000
-0.033191 0.080000 0.042723 0.000000
-0.033191 0.080000 0.044398 0.000000
-0.033191 0.080000 0.046073 0.000000
-0.033191 0.080000 0.047749 0.000000
-0.033191 0.080000 0.049424 0.000000
-0.033191 0.080000 0.051099 0.000000
-0.033191 0.080000 0.052775 0.000000
-0.033191 0.080000 0.054450 0.000000
-0.033191 0.080000 0.056126 0.000000
-0.033191 0.080000 0.057801 0.000000
-0.033191 0.080000 0.059476 0.000000
-0.033191 0.080000 0.061152 0.000000
-0.033191 0.080000 0.062827 0.000000
-0.033191 0.080000 0.064503 0.000000
-0.033191 0.080000 0.066178 0.000000
-0.033191 0.080000 0.067853 0.000000
-0.033191 0.080000 0.069529 0.000000
-0.033191 0.080000 0.071204 0.000000
-0.033191 0.080000 0.072880 0.000000
-0.033191 0.080000 0.074555 0.000000
-0.033191 0.080000 0.076230 0.000000
-0.033191 0.080000 0.077906 0.000000
-0.033191 0.080000 0.079581 0.000000
-0.033191 0.080000 0.081257 0.000000
-0.033191 0.080000 0.082932 0.000000
-0.033191 0.080000 0.084607 0.000000
-0.033191 0.080000 0.086283 0.000000
-0.033191 0.080000 0.087958 0.000000
-0.033191 0.080000 0.089634 0.000000
-0.033191 0.080000 0.091309 0.000000
-0.033191 0.080000 0.092984 0.000000
-0.033191 0.080000 0.094660 0.000000
-0.033191 0.080000 0.096335 0.000000
-0.033191 0.080000 0.098010 0.000000
-0.033191 0.080000 0.099686 0.000000
-0.033191 0.080000 0.101361 0.000000
-0.033191 0.080000 0.103037 0.000000
-0.033191 0.080000 0.104712 0.000000
-0.033191 0.080000 0.106387 0.000000
-0.033191 0.080000 0.108063 0.000000
-0.033191 0.080000 0.109738 0.000000
-0.033191 0.080000 0.111414 0.000000
-0.033191 0.080000 0.113089 0.000000
-0.033191 0.080000 0.114764 0.000000
-0.033191 0.080000 0.116440 0.000000
-0.033191 0.080000 0.118115 0.000000
-0.033191 0.080000 0.119791 0.000000
-0.033191 0.080000 0.121466 0.000000
-0.033191 0.080000 0.123141 0.000000
-0.033191 0.080000 0.124817 0.000000
-0.033191 0.080000 0.126492 0.000000
-0.033191 0.080000 0.128168 0.000000
-0.033191 0.080000 0.129843 0.000000
-0.033191 0.080000 0.131518 0.000000
-0.033191 0.080000 0.133194 0.000000
-0.033191 0.080000 0.134869 0.000000
-0.033191 0.080000 0.136545 0.000000
-0.033191 0.080000 0.138220 0.000000
-0.033191 0.080000 0.139895 0.000000
-0.033191 0.080000 0.141571 0.000000
-0.033191 0.080000 0.143246 0.000000
-0.033191 0.080000 0.144921 0.000000
-0.033191 0.080000 0.146597 0.000000
-0.033191 0.080000 0.148272 0.000000
-0.033191 0.080000 0.149948 0.000000
-0.033191 0.080000 0.151623 0.000000
-0.033191 0.080000 0.153298 0.000000
-0.033191 0.080000 0.154974 0.000000
-0.033191 0.080000 0.156649 0.000000
-0.033191 0.080000 0.158325 0.000000
-0.033191 0.080000 0.160000 0.000000
-0.031489 0.080000 -0.160000 0.000000
-0.031489 0.080000 -0.158325 0.000000
-0.031489 0.080000 -0.156649 0.000000
-0.031489 0.080000 -0.154974 0.000000
-0.031489 0.080000 -0.153298 0.000000
-0.031489 0.080000 -0.151623 0.000000
-0.031489 0.080000 -0.149948 0.000000
-0.031489 0.080000 -0.148272 0.000000
-0.031489 0.080000 -0.146597 0.000000
-0.031489 0.080000 -0.144921 0.000000
-0.031489 0.080000 -0.143246 0.000000
-0.031489 0.080000 -0.141571 0.000000
-0.031489 0.080000 -0.139895 0.000000
-0.031489 0.080000 -0.138220 0.000000
-0.031489 0.080000 -0.136545 0.000000
-0.031489 0.080000 -0.134869 0.000000
-0.031489 0.080000 -0.133194 0.000000
-0.031489 0.080000 -0.131518 0.000000
-0.031489 0.080000 -0.129843 0.000000
-0.031489 0.080000 -0.128168 0.000000
-0.031489 0.080000 -0.126492 0.000000
-0.031489 0.080000 -0.124817 0.000000
-0.031489 0.080000 -0.123141 0.000000
-0.031489 0.080000 -0.121466 0.000000
-0.031489 0.080000 -0.119791 0.000000
-0.031489 0.080000 -0.118115 0.000000
-0.031489 0.080000 -0.116440 0.000000
-0.031489 0.080000 -0.114764 0.000000
-0.031489 0.080000 -0.113089 0.000000
-0.031489 0.080000 -0.111414 0.000000
-0.031489 0.080000 -0.109738 0.000000
-0.031489 0.080000 -0.108063 0.000000
-0.031489 0.080000 -0.106387 0.000000
-0.031489 0.080000 -0.104712 0.000000
-0.031489 0.080000 -0.103037 0.000000
-0.031489 0.080000 -0.101361 0.000000
-0.031489 0.080000 -0.099686 0.000000
-0.031489 0.080000 -0.098010 0.000000
-0.031489 0.080000 -0.096335 0.000000
-0.031489 0.080000 -0.094660 0.000000
-0.031489 0.080000 -0.092984 0.000000
-0.031489 0.080000 -0.091309 0.000000
-0.031489 0.080000 -0.089634 0.000000
-0.031489 0.080000 -0.087958 0.000000
-0.031489 0.080000 -0.086283 0.000000
-0.031489 0.080000 -0.084607 0.000000
-0.031489 0.080000 -0.082932 0.000000
-0.031489 0.080000 -0.081257 0.000000
-0.031489 0.080000 -0.079581 0.000000
-0.031489 0.080000 -0.077906 0.000000
-0.031489 0.080000 -0.076230 0.000000
-0.031489 0.080000 -0.074555 0.000000
-0.031489 0.080000 -0.072880 0.000000
-0.031489 0.080000 -0.071204 0.000000
-0.031489 0.080000 -0.069529 0.000000
-0.031489 0.080000 -0.067853 0.000000
-0.031489 0.080000 -0.066178 0.000000
-0.031489 0.080000 -0.064503 0.000000
-0.031489 0.080000 -0.062827 0.000000
-0.031489 0.080000 -0.061152 0.000000
-0.031489 0.080000 -0.059476 0.000000
-0.031489 0.080000 -0.057801 0.000000
-0.031489 0.080000 -0.056126 0.000000
-0.031489 0.080000 -0.054450 0.000000
-0.031489 0.080000 -0.052775 0.000000
-0.031489 0.080000 -0.051099 0.000000
-0.031489 0.080000 -0.049424 0.000000
-0.031489 0.080000 -0.047749 0.000000
-0.031489 0.080000 -0.046073 0.000000
-0.031489 0.080000 -0.044398 0.000000
-0.031489 0.080000 -0.042723 0.000000
-0.031489 0.080000 -0.041047 0.000000
-0.031489 0.080000 -0.039372 0.000000
-0.031489 0.080000 -0.037696 0.000000
-0.031489 0.080000 -0.036021 0.000000
-0.031489 0.080000 -0.034346 0.000000
-0.031489 0.080000 -0.032670 0.000000
-0.031489 0.080000 -0.030995 0.000000
-0.031489 0.080000 -0.029319 0.000000
-0.031489 0.080000 -0.027644 0.000000
-0.031489 0.080000 -0.025969 0.000000
-0.031489 0.080000 -0.024293 0.000000
-0.031489 0.080000 -0.022618 0.000000
-0.031489 0.080000 -0.020942 0.000000
-0.031489 0.080000 -0.019267 0.000000
-0.031489 0.080000 -0.017592 0.000000
-0.031489 0.080000 -0.015916 0.000000
-0.031489 0.080000 -0.014241 0.000000
-0.031489 0.080000 -0.012565 0.000000
-0.031489 0.080000 -0.010890 0.000000
-0.031489 0.080000 -0.009215 0.000000
-0.031489 0.080000 -0.007539 0.000000
-0.031489 0.080000 -0.005864 0.000000
-0.031489 0.080000 -0.004188 0.000000
-0.031489 0.080000 -0.002513 0.000000
-0.031489 0.080000 -0.000838 0.000000
-0.031489 0.080000 0.000838 0.000000
-0.031489 0.080000 0.002513 0.000000
-0.031489 0.080000 0.004188 0.000000
-0.031489 0.080000 0.005864 0.000000
-0.031489 0.080000 0.007539 0.000000
-0.031489 0.080000 0.009215 0.000000
-0.031489 0.080000 0.010890 0.000000
-0.031489 0.080000 0.012565 0.000000
-0.031489 0.080000 0.014241 0.000000
-0.031489 0.080000 0.015916 0.000000
-0.031489 0.080000 0.017592 0.000000
-0.031489 0.080000 0.019267 0.000000
-0.031489 0.080000 0.020942 0.000000
-0.031489 0.080000 0.022618 0.000000
-0.031489 0.080000 0.024293 0.000000
-0.031489 0.080000 0.025969 0.000000
-0.031489 0.080000 0.027644 0.000000
-0.031489 0.080000 0.029319 0.000000
-0.031489 0.080000 0.030995 0.000000
-0.031489 0.080000 0.032670 0.000000
-0.031489 0.080000 0.034346 0.000000
-0.031489 0.080000 0.036021 0.000000
-0.031489 0.080000 0.037696 0.000000
-0.031489 0.080000 0.039372 0.000000
-0.031489 0.080000 0.041047 0.000000
-0.031489 0.080000 0.042723 0.000000
-0.031489 0.080000 0.044398 0.000000
-0.031489 0.080000 0.046073 0.000000
-0.031489 0.080000 0.047749 0.000000
-0.031489 0.080000 0.049424 0.000000
-0.031489 0.080000 0.051099 0.000000
-0.031489 0.080000 0.052775 0.000000
-0.031489 0.080000 0.054450 0.000000
-0.031489 0.080000 0.056126 0.000000
-0.031489 0.080000 0.057801 0.000000
-0.031489 0.080000 0.059476 0.000000
-0.031489 0.080000 0.061152 0.000000
-0.031489 0.080000 0.062827 0.000000
-0.031489 0.080000 0.064503 0.000000
-0.031489 0.080000 0.066178 0.000000
-0.031489 0.080000 0.067853 0.000000
-0.031489 0.080000 0.069529 0.000000
-0.031489 0.080000 0.071204 0.000000
-0.031489 0.080000 0.072880 0.000000
-0.031489 0.080000 0.074555 0.000000
-0.031489 0.080000 0.076230 0.000000
-0.031489 0.080000 0.077906 0.000000
-0.031489 0.080000 0.079581 0.000000
-0.031489 0.080000 0.081257 0.000000
-0.031489 0.080000 0.082932 0.000000
-0.031489 0.080000 0.084607 0.000000
-0.031489 0.080000 0.086283 0.000000
-0.031489 0.080000 0.087958 0.000000
-0.031489 0.080000 0.089634 0.000000
-0.031489 0.080000 0.091309 0.000000
-0.031489 0.080000 0.092984 0.000000
-0.031489 0.080000 0.094660 0.000000
-0.031489 0.080000 0.096335 0.000000
-0.031489 0.080000 0.098010 0.000000
-0.031489 0.080000 0.099686 0.000000
-0.031489 0.080000 0.101361 0.000000
-0.031489 0.080000 0.103037 0.000000
-0.031489 0.080000 0.104712 0.000000
-0.031489 0.080000 0.106387 0.000000
-0.031489 0.080000 0.108063 0.000000
-0.031489 0.080000 0.109738 0.000000
-0.031489 0.080000 0.111414 0.000000
-0.031489 0.080000 0.113089 0.000000
-0.031489 0.080000 0.114764 0.000000
-0.031489 0.080000 0.116440 0.000000
-0.031489 0.080000 0.118115 0.000000
-0.031489 0.080000 0.119791 0.000000
-0.031489 0.080000 0.121466 0.000000
-0.031489 0.080000 0.123141 0.000000
-0.031489 0.080000 0.124817 0.000000
-0.031489 0.080000 0.126492 0.000000
-0.031489 0.080000 0.128168 0.000000
-0.031489 0.080000 0.129843 0.000000
-0.031489 0.080000 0.131518 0.000000
-0.031489 0.080000 0.133194 0.000000
-0.031489 0.080000 0.134869 0.000000
-0.031489 0.080000 0.136545 0.000000
-0.031489 0.080000 0.138220 0.000000
-0.031489 0.080000 0.139895 0.000000
-0.031489 0.080000 0.141571 0.000000
-0.031489 0.080000 0.143246 0.000000
-0.031489 0.080000 0.144921 0.000000
-0.031489 0.080000 0.146597 0.000000
-0.031489 0.080000 0.148272 0.000000
-0.031489 0.080000 0.149948 0.000000
-0.031489 0.080000 0.151623 0.000000
-0.031489 0.080000 0.153298 0.000000
-0.031489 0.080000 0.154974 0.000000
-0.031489 0.080000 0.156649 0.000000
-0.031489 0.080000 0.158325 0.000000
-0.031489 0.080000 0.160000 0.000000
-0.029787 0.080000 -0.160000 0.000000
-0.029787 0.080000 -0.158325 0.000000
-0.029787 0.080000 -0.156649 0.000000
-0.029787 0.080000 -0.154974 0.000000
-0.029787 0.080000 -0.153298 0.000000
-0.029787 0.080000 -0.151623 0.000000
-0.029787 0.080000 -0.149948 0.000000
-0.029787 0.080000 -0.148272 0.000000
-0.029787 0.080000 -0.146597 0.000000
-0.029787 0.080000 -0.144921 0.000000
-0.029787 0.080000 -0.143246 0.000000
-0.029787 0.080000 -0.141571 0.000000
-0.029787 0.080000 -0.139895 0.000000
-0.029787 0.080000 -0.138220 0.000000
-0.029787 0.080000 -0.136545 0.000000
-0.029787 0.080000 -0.134869 0.000000
-0.029787 0.080000 -0.133194 0.000000
-0.029787 0.080000 -0.131518 0.000000
-0.029787 0.080000 -0.129843 0.000000
-0.029787 0.080000 -0.128168 0.000000
-0.029787 0.080000 -0.126492 0.000000
-0.029787 0.080000 -0.124817 0.000000
-0.029787 0.080000 -0.123141 0.000000
-0.029787 0.080000 -0.121466 0.000000
-0.029787 0.080000 -0.119791 0.000000
-0.029787 0.080000 -0.118115 0.000000
-0.029787 0.080000 -0.116440 0.000000
-0.029787 0.080000 -0.114764 0.000000
-0.029787 0.080000 -0.113089 0.000000
-0.029787 0.080000 -0.111414 0.000000
-0.029787 0.080000 -0.109738 0.000000
-0.029787 0.080000 -0.108063 0.000000
-0.029787 0.080000 -0.106387 0.000000
-0.029787 0.080000 -0.104712 0.000000
-0.029787 0.080000 -0.103037 0.000000
-0.029787 0.080000 -0.101361 0.000000
-0.029787 0.080000 -0.099686 0.000000
-0.029787 0.080000 -0.098010 0.000000
-0.029787 0.080000 -0.096335 0.000000
-0.029787 0.080000 -0.094660 0.000000
-0.029787 0.080000 -0.092984 0.000000
-0.029787 0.080000 -0.091309 0.000000
-0.029787 0.080000 -0.089634 0.000000
-0.029787 0.080000 -0.087958 0.000000
-0.029787 0.080000 -0.086283 0.000000
-0.029787 0.080000 -0.084607 0.000000
-0.029787 0.080000 -0.082932 0.000000
-0.029787 0.080000 -0.081257 0.000000
-0.029787 0.080000 -0.079581 0.000000
-0.029787 0.080000 -0.077906 0.000000
-0.029787 0.080000 -0.076230 0.000000
-0.029787 0.080000 -0.074555 0.000000
-0.029787 0.080000 -0.072880 0.000000
-0.029787 0.080000 -0.071204 0.000000
-0.029787 0.080000 -0.069529 0.000000
-0.029787 0.080000 -0.067853 0.000000
-0.029787 0.080000 -0.066178 0.000000
-0.029787 0.080000 -0.064503 0.000000
-0.029787 0.080000 -0.062827 0.000000
-0.029787 0.080000 -0.061152 0.000000
-0.029787 0.080000 -0.059476 0.000000
-0.029787 0.080000 -0.057801 0.000000
-0.029787 0.080000 -0.056126 0.000000
-0.029787 0.080000 -0.054450 0.000000
-0.029787 0.080000 -0.052775 0.000000
-0.029787 0.080000 -0.051099 0.000000
-0.029787 0.080000 -0.049424 0.000000
-0.029787 0.080000 -0.047749 0.000000
-0.029787 0.080000 -0.046073 0.000000
-0.029787 0.080000 -0.044398 0.000000
-0.029787 0.080000 -0.042723 0.000000
-0.029787 0.080000 -0.041047 0.000000
-0.029787 0.080000 -0.039372 0.000000
-0.029787 0.080000 -0.037696 0.000000
-0.029787 0.080000 -0.036021 0.000000
-0.029787 0.080000 -0.034346 0.000000
-0.029787 0.080000 -0.032670 0.000000
-0.029787 0.080000 -0.030995 0.000000
-0.029787 0.080000 -0.029319 0.000000
-0.029787 0.080000 -0.027644 0.000000
-0.029787 0.080000 -0.025969 0.000000
-0.029787 0.080000 -0.024293 0.000000
-0.029787 0.080000 -0.022618 0.000000
-0.029787 0.080000 -0.020942 0.000000
-0.029787 0.080000 -0.019267 0.000000
-0.029787 0.080000 -0.017592 0.000000
-0.029787 0.080000 -0.015916 0.000000
-0.029787 0.080000 -0.014241 0.000000
-0.029787 0.080000 -0.012565 0.000000
-0.029787 0.080000 -0.010890 0.000000
-0.029787 0.080000 -0.009215 0.000000
-0.029787 0.080000 -0.007539 0.000000
-0.029787 0.080000 -0.005864 0.000000
-0.029787 0.080000 -0.004188 0.000000
-0.029787 0.080000 -0.002513 0.000000
-0.029787 0.080000 -0.000838 0.000000
-0.029787 0.080000 0.000838 0.000000
-0.029787 0.080000 0.002513 0.000000
-0.029787 0.080000 0.004188 0.000000
-0.029787 0.080000 0.005864 0.000000
-0.029787 0.080000 0.007539 0.000000
-0.029787 0.080000 0.009215 0.000000
-0.029787 0.080000 0.010890 0.000000
-0.029787 0.080000 0.012565 0.000000
-0.029787 0.080000 0.014241 0.000000
-0.029787 0.080000 0.015916 0.000000
-0.029787 0.080000 0.017592 0.000000
-0.029787 0.080000 0.019267 0.000000
-0.029787 0.080000 0.020942 0.000000
-0.029787 0.080000 0.022618 0.000000
-0.029787 0.080000 0.024293 0.000000
-0.029787 0.080000 0.025969 0.000000
-0.029787 0.080000 0.027644 0.000000
-0.029787 0.080000 0.029319 0.000000
-0.029787 0.080000 0.030995 0.000000
-0.029787 0.080000 0.032670 0.000000
-0.029787 0.080000 0.034346 0.000000
-0.029787 0.080000 0.036021 0.000000
-0.029787 0.080000 0.037696 0.000000
-0.029787 0.080000 0.039372 0.000000
-0.029787 0.080000 0.041047 0.000000
-0.029787 0.080000 0.042723 0.000000
-0.029787 0.080000 0.044398 0.000000
-0.029787 0.080000 0.046073 0.000000
-0.029787 0.080000 0.047749 0.000000
-0.029787 0.080000 0.049424 0.000000
-0.029787 0.080000 0.051099 0.000000
-0.029787 0.080000 0.052775 0.000000
-0.029787 0.080000 0.054450 0.000000
-0.029787 0.080000 0.056126 0.000000
-0.029787 0.080000 0.057801 0.000000
-0.029787 0.080000 0.059476 0.000000
-0.029787 0.080000 0.061152 0.000000
-0.029787 0.080000 0.062827 0.000000
-0.029787 0.080000 0.064503 0.000000
-0.029787 0.080000 0.066178 0.000000
-0.029787 0.080000 0.067853 0.000000
-0.029787 0.080000 0.069529 0.000000
-0.029787 0.080000 0.071204 0.000000
-0.029787 0.080000 0.072880 0.000000
-0.029787 0.080000 0.074555 0.000000
-0.029787 0.080000 0.076230 0.000000
-0.029787 0.080000 0.077906 0.000000
-0.029787 0.080000 0.079581 0.000000
-0.029787 0.080000 0.081257 0.000000
-0.029787 0.080000 0.082932 0.000000
-0.029787 0.080000 0.084607 0.000000
-0.029787 0.080000 0.086283 0.000000
-0.029787 0.080000 0.087958 0.000000
-0.029787 0.080000 0.089634 0.000000
-0.029787 0.080000 0.091309 0.000000
-0.029787 0.080000 0.092984 0.000000
-0.029787 0.080000 0.094660 0.000000
-0.029787 0.080000 0.096335 0.000000
-0.029787 0.080000 0.098010 0.000000
-0.029787 0.080000 0.099686 0.000000
-0.029787 0.080000 0.101361 0.000000
-0.029787 0.080000 0.103037 0.000000
-0.029787 0.080000 0.104712 0.000000
-0.029787 0.080000 0.106387 0.000000
-0.029787 0.080000 0.108063 0.000000
-0.029787 0.080000 0.109738 0.000000
-0.029787 0.080000 0.111414 0.000000
-0.029787 0.080000 0.113089 0.000000
-0.029787 0.080000 0.114764 0.000000
-0.029787 0.080000 0.116440 0.000000
-0.029787 0.080000 0.118115 0.000000
-0.029787 0.080000 0.119791 0.000000
-0.029787 0.080000 0.121466 0.000000
-0.029787 0.080000 0.123141 0.000000
-0.029787 0.080000 0.124817 0.000000
-0.029787 0.080000 0.126492 0.000000
-0.029787 0.080000 0.128168 0.000000
-0.029787 0.080000 0.129843 0.000000
-0.029787 0.080000 0.131518 0.000000
-0.029787 0.080000 0.133194 0.000000
-0.029787 0.080000 0.134869 0.000000
-0.029787 0.080000 0.136545 0.000000
-0.029787 0.080000 0.138220 0.000000
-0.029787 0.080000 0.139895 0.000000
-0.029787 0.080000 0.141571 0.000000
-0.029787 0.080000 0.143246 0.000000
-0.029787 0.080000 0.144921 0.000000
-0.029787 0.080000 0.146597 0.000000
-0.029787 0.080000 0.148272 0.000000
-0.029787 0.080000 0.149948 0.000000
-0.029787 0.080000 0.151623 0.000000
-0.029787 0.080000 0.153298 0.000000
-0.029787 0.080000 0.154974 0.000000
-0.029787 0.080000 0.156649 0.000000
-0.029787 0.080000 0.158325 0.000000
-0.029787 0.080000 0.160000 0.000000
-0.028085 0.080000 -0.160000 0.000000
-0.028085 0.080000 -0.158325 0.000000
-0.028085 0.080000 -0.156649 0.000000
-0.028085 0.080000 -0.154974 0.000000
-0.028085 0.080000 -0.153298 0.000000
-0.028085 0.080000 -0.151623 0.000000
-0.028085 0.080000 -0.149948 0.000000
-0.028085 0.080000 -0.148272 0.000000
-0.028085 0.080000 -0.146597 0.000000
-0.028085 0.080000 -0.144921 0.000000
-0.028085 0.080000 -0.143246 0.000000
-0.028085 0.080000 -0.141571 0.000000
-0.028085 0.080000 -0.139895 0.000000
-0.028085 0.080000 -0.138220 0.000000
-0.028085 0.080000 -0.136545 0.000000
-0.028085 0.080000 -0.134869 0.000000
-0.028085 0.080000 -0.133194 0.000000
-0.028085 0.080000 -0.131518 0.000000
-0.028085 0.080000 -0.129843 0.000000
-0.028085 0.080000 -0.128168 0.000000
-0.028085 0.080000 -0.126492 0.000000
-0.028085 0.080000 -0.124817 0.000000
-0.028085 0.080000 -0.123141 0.000000
-0.028085 0.080000 -0.121466 0.000000
-0.028085 0.080000 -0.119791 0.000000
-0.028085 0.080000 -0.118115 0.000000
-0.028085 0.080000 -0.116440 0.000000
-0.028085 0.080000 -0.114764 0.000000
-0.028085 0.080000 -0.113089 0.000000
-0.028085 0.080000 -0.111414 0.000000
-0.028085 0.080000 -0.109738 0.000000
-0.028085 0.080000 -0.108063 0.000000
-0.028085 0.080000 -0.106387 0.000000
-0.028085 0.080000 -0.104712 0.000000
-0.028085 0.080000 -0.103037 0.000000
-0.028085 0.080000 -0.101361 0.000000
-0.028085 0.080000 -0.099686 0.000000
-0.028085 0.080000 -0.098010 0.000000
-0.028085 0.080000 -0.096335 0.000000
-0.028085 0.080000 -0.094660 0.000000
-0.028085 0.080000 -0.092984 0.000000
-0.028085 0.080000 -0.091309 0.000000
-0.028085 0.080000 -0.089634 0.000000
-0.028085 0.080000 -0.087958 0.000000
-0.028085 0.080000 -0.086283 0.000000
-0.028085 0.080000 -0.084607 0.000000
-0.028085 0.080000 -0.082932 0.000000
-0.028085 0.080000 -0.081257 0.000000
-0.028085 0.080000 -0.079581 0.000000
-0.028085 0.080000 -0.077906 0.000000
-0.028085 0.080000 -0.076230 0.000000
-0.028085 0.080000 -0.074555 0.000000
-0.028085 0.080000 -0.072880 0.000000
-0.028085 0.080000 -0.071204 0.000000
-0.028085 0.080000 -0.069529 0.000000
-0.028085 0.080000 -0.067853 0.000000
-0.028085 0.080000 -0.066178 0.000000
-0.028085 0.080000 -0.064503 0.000000
-0.028085 0.080000 -0.062827 0.000000
-0.028085 0.080000 -0.061152 0.000000
-0.028085 0.080000 -0.059476 0.000000
-0.028085 0.080000 -0.057801 0.000000
-0.028085 0.080000 -0.056126 0.000000
-0.028085 0.080000 -0.054450 0.000000
-0.028085 0.080000 -0.052775 0.000000
-0.028085 0.080000 -0.051099 0.000000
-0.028085 0.080000 -0.049424 0.000000
-0.028085 0.080000 -0.047749 0.000000
-0.028085 0.080000 -0.046073 0.000000
-0.028085 0.080000 -0.044398 0.000000
-0.028085 0.080000 -0.042723 0.000000
-0.028085 0.080000 -0.041047 0.000000
-0.028085 0.080000 -0.039372 0.000000
-0.028085 0.080000 -0.037696 0.000000
-0.028085 0.080000 -0.036021 0.000000
-0.028085 0.080000 -0.034346 0.000000
-0.028085 0.080000 -0.032670 0.000000
-0.028085 0.080000 -0.030995 0.000000
-0.028085 0.080000 -0.029319 0.000000
-0.028085 0.080000 -0.027644 0.000000
-0.028085 0.080000 -0.025969 0.000000
-0.028085 0.080000 -0.024293 0.000000
-0.028085 0.080000 -0.022618 0.000000
-0.028085 0.080000 -0.020942 0.000000
-0.028085 0.080000 -0.019267 0.000000
-0.028085 0.080000 -0.017592 0.000000
-0.028085 0.080000 -0.015916 0.000000
-0.028085 0.080000 -0.014241 0.000000
-0.028085 0.080000 -0.012565 0.000000
-0.028085 0.080000 -0.010890 0.000000
-0.028085 0.080000 -0.009215 0.000000
-0.028085 0.080000 -0.007539 0.000000
-0.028085 0.080000 -0.005864 0.000000
-0.028085 0.080000 -0.004188 0.000000
-0.028085 0.080000 -0.002513 0.000000
-0.028085 0.080000 -0.000838 0.000000
-0.028085 0.080000 0.000838 0.000000
-0.028085 0.080000 0.002513 0.000000
-0.028085 0.080000 0.004188 0.000000
-0.028085 0.080000 0.005864 0.000000
-0.028085 0.080000 0.007539 0.000000
-0.028085 0.080000 0.009215 0.000000
-0.028085 0.080000 0.010890 0.000000
-0.028085 0.080000 0.012565 0.000000
-0.028085 0.080000 0.014241 0.000000
-0.028085 0.080000 0.015916 0.000000
-0.028085 0.080000 0.017592 0.000000
-0.028085 0.080000 0.019267 0.000000
-0.028085 0.080000 0.020942 0.000000
-0.028085 0.080000 0.022618 0.000000
-0.028085 0.080000 0.024293 0.000000
-0.028085 0.080000 0.025969 0.000000
-0.028085 0.080000 0.027644 0.000000
-0.028085 0.080000 0.029319 0.000000
-0.028085 0.080000 0.030995 0.000000
-0.028085 0.080000 0.032670 0.000000
-0.028085 0.080000 0.034346 0.000000
-0.028085 0.080000 0.036021 0.000000
-0.028085 0.080000 0.037696 0.000000
-0.028085 0.080000 0.039372 0.000000
-0.028085 0.080000 0.041047 0.000000
-0.028085 0.080000 0.042723 0.000000
-0.028085 0.080000 0.044398 0.000000
-0.028085 0.080000 0.046073 0.000000
-0.028085 0.080000 0.047749 0.000000
-0.028085 0.080000 0.049424 0.000000
-0.028085 0.080000 0.051099 0.000000
-0.028085 0.080000 0.052775 0.000000
-0.028085 0.080000 0.054450 0.000000
-0.028085 0.080000 0.056126 0.000000
-0.028085 0.080000 0.057801 0.000000
-0.028085 0.080000 0.059476 0.000000
-0.028085 0.080000 0.061152 0.000000
-0.028085 0.080000 0.062827 0.000000
-0.028085 0.080000 0.064503 0.000000
-0.028085 0.080000 0.066178 0.000000
-0.028085 0.080000 0.067853 0.000000
-0.028085 0.080000 0.069529 0.000000
-0.028085 0.080000 0.071204 0.000000
-0.028085 0.080000 0.072880 0.000000
-0.028085 0.080000 0.074555 0.000000
-0.028085 0.080000 0.076230 0.000000
-0.028085 0.080000 0.077906 0.000000
-0.028085 0.080000 0.079581 0.000000
-0.028085 0.080000 0.081257 0.000000
-0.028085 0.080000 0.082932 0.000000
-0.028085 0.080000 0.084607 0.000000
-0.028085 0.080000 0.086283 0.000000
-0.028085 0.080000 0.087958 0.000000
-0.028085 0.080000 0.089634 0.000000
-0.028085 0.080000 0.091309 0.000000
-0.028085 0.080000 0.092984 0.000000
-0.028085 0.080000 0.094660 0.000000
-0.028085 0.080000 0.096335 0.000000
-0.028085 0.080000 0.098010 0.000000
-0.028085 0.080000 0.099686 0.000000
-0.028085 0.080000 0.101361 0.000000
-0.028085 0.080000 0.103037 0.000000
-0.028085 0.080000 0.104712 0.000000
-0.028085 0.080000 0.106387 0.000000
-0.028085 0.080000 0.108063 0.000000
-0.028085 0.080000 0.109738 0.000000
-0.028085 0.080000 0.111414 0.000000
-0.028085 0.080000 0.113089 0.000000
-0.028085 0.080000 0.114764 0.000000
-0.028085 0.080000 0.116440 0.000000
-0.028085 0.080000 0.118115 0.000000
-0.028085 0.080000 0.119791 0.000000
-0.028085 0.080000 0.121466 0.000000
-0.028085 0.080000 0.123141 0.000000
-0.028085 0.080000 0.124817 0.000000
-0.028085 0.080000 0.126492 0.000000
-0.028085 0.080000 0.128168 0.000000
-0.028085 0.080000 0.129843 0.000000
-0.028085 0.080000 0.131518 0.000000
-0.028085 0.080000 0.133194 0.000000
-0.028085 0.080000 0.134869 0.000000
-0.028085 0.080000 0.136545 0.000000
-0.028085 0.080000 0.138220 0.000000
-0.028085 0.080000 0.139895 0.000000
-0.028085 0.080000 0.141571 0.000000
-0.028085 0.080000 0.143246 0.000000
-0.028085 0.080000 0.144921 0.000000
-0.028085 0.080000 0.146597 0.000000
-0.028085 0.080000 0.148272 0.000000
-0.028085 0.080000 0.149948 0.000000
-0.028085 0.080000 0.151623 0.000000
-0.028085 0.080000 0.153298 0.000000
-0.028085 0.080000 0.154974 0.000000
-0.028085 0.080000 0.156649 0.000000
-0.028085 0.080000 0.158325 0.000000
-0.028085 0.080000 0.160000 0.000000
-0.026383 0.080000 -0.160000 0.000000
-0.026383 0.080000 -0.158325 0.000000
-0.026383 0.080000 -0.156649 0.000000
-0.026383 0.080000 -0.154974 0.000000
-0.026383 0.080000 -0.153298 0.000000
-0.026383 0.080000 -0.151623 0.000000
-0.026383 0.080000 -0.149948 0.000000
-0.026383 0.080000 -0.148272 0.000000
-0.026383 0.080000 -0.146597 0.000000
-0.026383 0.080000 -0.144921 0.000000
-0.026383 0.080000 -0.143246 0.000000
-0.026383 0.080000 -0.141571 0.000000
-0.026383 0.080000 -0.139895 0.000000
-0.026383 0.080000 -0.138220 0.000000
-0.026383 0.080000 -0.136545 0.000000
-0.026383 0.080000 -0.134869 0.000000
-0.026383 0.080000 -0.133194 0.000000
-0.026383 0.080000 -0.131518 0.000000
-0.026383 0.080000 -0.129843 0.000000
-0.026383 0.080000 -0.128168 0.000000
-0.026383 0.080000 -0.126492 0.000000
-0.026383 0.080000 -0.124817 0.000000
-0.026383 0.080000 -0.123141 0.000000
-0.026383 0.080000 -0.121466 0.000000
-0.026383 0.080000 -0.119791 0.000000
-0.026383 0.080000 -0.118115 0.000000
-0.026383 0.080000 -0.116440 0.000000
-0.026383 0.080000 -0.114764 0.000000
-0.026383 0.080000 -0.113089 0.000000
-0.026383 0.080000 -0.111414 0.000000
-0.026383 0.080000 -0.109738 0.000000
-0.026383 0.080000 -0.108063 0.000000
-0.026383 0.080000 -0.106387 0.000000
-0.026383 0.080000 -0.104712 0.000000
-0.026383 0.080000 -0.103037 0.000000
-0.026383 0.080000 -0.101361 0.000000
-0.026383 0.080000 -0.099686 0.000000
-0.026383 0.080000 -0.098010 0.000000
-0.026383 0.080000 -0.096335 0.000000
-0.026383 0.080000 -0.094660 0.000000
-0.026383 0.080000 -0.092984 0.000000
-0.026383 0.080000 -0.091309 0.000000
-0.026383 0.080000 -0.089634 0.000000
-0.026383 0.080000 -0.087958 0.000000
-0.026383 0.080000 -0.086283 0.000000
-0.026383 0.080000 -0.084607 0.000000
-0.026383 0.080000 -0.082932 0.000000
-0.026383 0.080000 -0.081257 0.000000
-0.026383 0.080000 -0.079581 0.000000
-0.026383 0.080000 -0.077906 0.000000
-0.026383 0.080000 -0.076230 0.000000
-0.026383 0.080000 -0.074555 0.000000
-0.026383 0.080000 -0.072880 0.000000
-0.026383 0.080000 -0.071204 0.000000
-0.026383 0.080000 -0.069529 0.000000
-0.026383 0.080000 -0.067853 0.000000
-0.026383 0.080000 -0.066178 0.000000
-0.026383 0.080000 -0.064503 0.000000
-0.026383 0.080000 -0.062827 0.000000
-0.026383 0.080000 -0.061152 0.000000
-0.026383 0.080000 -0.059476 0.000000
-0.026383 0.080000 -0.057801 0.000000
-0.026383 0.080000 -0.056126 0.000000
-0.026383 0.080000 -0.054450 0.000000
-0.026383 0.080000 -0.052775 0.000000
-0.026383 0.080000 -0.051099 0.000000
-0.026383 0.080000 -0.049424 0.000000
-0.026383 0.080000 -0.047749 0.000000
-0.026383 0.080000 -0.046073 0.000000
-0.026383 0.080000 -0.044398 0.000000
-0.026383 0.080000 -0.042723 0.000000
-0.026383 0.080000 -0.041047 0.000000
-0.026383 0.080000 -0.039372 0.000000
-0.026383 0.080000 -0.037696 0.000000
-0.026383 0.080000 -0.036021 0.000000
-0.026383 0.080000 -0.034346 0.000000
-0.026383 0.080000 -0.032670 0.000000
-0.026383 0.080000 -0.030995 0.000000
-0.026383 0.080000 -0.029319 0.000000
-0.026383 0.080000 -0.027644 0.000000
-0.026383 0.080000 -0.025969 0.000000
-0.026383 0.080000 -0.024293 0.000000
-0.026383 0.080000 -0.022618 0.000000
-0.026383 0.080000 -0.020942 0.000000
-0.026383 0.080000 -0.019267 0.000000
-0.026383 0.080000 -0.017592 0.000000
-0.026383 0.080000 -0.015916 0.000000
-0.026383 0.080000 -0.014241 0.000000
-0.026383 0.080000 -0.012565 0.000000
-0.026383 0.080000 -0.010890 0.000000
-0.026383 0.080000 -0.009215 0.000000
-0.026383 0.080000 -0.007539 0.000000
-0.026383 0.080000 -0.005864 0.000000
-0.026383 0.080000 -0.004188 0.000000
-0.026383 0.080000 -0.002513 0.000000
-0.026383 0.080000 -0.000838 0.000000
-0.026383 0.080000 0.000838 0.000000
-0.026383 0.080000 0.002513 0.000000
-0.026383 0.080000 0.004188 0.000000
-0.026383 0.080000 0.005864 0.000000
-0.026383 0.080000 0.007539 0.000000
-0.026383 0.080000 0.009215 0.000000
-0.026383 0.080000 0.010890 0.000000
-0.026383 0.080000 0.012565 0.000000
-0.026383 0.080000 0.014241 0.000000
-0.026383 0.080000 0.015916 0.000000
-0.026383 0.080000 0.017592 0.000000
-0.026383 0.080000 0.019267 0.000000
-0.026383 0.080000 0.020942 0.000000
-0.026383 0.080000 0.022618 0.000000
-0.026383 0.080000 0.024293 0.000000
-0.026383 0.080000 0.025969 0.000000
-0.026383 0.080000 0.027644 0.000000
-0.026383 0.080000 0.029319 0.000000
-0.026383 0.080000 0.030995 0.000000
-0.026383 0.080000 0.032670 0.000000
-0.026383 0.080000 0.034346 0.000000
-0.026383 0.080000 0.036021 0.000000
-0.026383 0.080000 0.037696 0.000000
-0.026383 0.080000 0.039372 0.000000
-0.026383 0.080000 0.041047 0.000000
-0.026383 0.080000 0.042723 0.000000
-0.026383 0.080000 0.044398 0.000000
-0.026383 0.080000 0.046073 0.000000
-0.026383 0.080000 0.047749 0.000000
-0.026383 0.080000 0.049424 0.000000
-0.026383 0.080000 0.051099 0.000000
-0.026383 0.080000 0.052775 0.000000
-0.026383 0.080000 0.054450 0.000000
-0.026383 0.080000 0.056126 0.000000
-0.026383 0.080000 0.057801 0.000000
-0.026383 0.080000 0.059476 0.000000
-0.026383 0.080000 0.061152 0.000000
-0.026383 0.080000 0.062827 0.000000
-0.026383 0.080000 0.064503 0.000000
-0.026383 0.080000 0.066178 0.000000
-0.026383 0.080000 0.067853 0.000000
-0.026383 0.080000 0.069529 0.000000
-0.026383 0.080000 0.071204 0.000000
-0.026383 0.080000 0.072880 0.000000
-0.026383 0.080000 0.074555 0.000000
-0.026383 0.080000 0.076230 0.000000
-0.026383 0.080000 0.077906 0.000000
-0.026383 0.080000 0.079581 0.000000
-0.026383 0.080000 0.081257 0.000000
-0.026383 0.080000 0.082932 0.000000
-0.026383 0.080000 0.084607 0.000000
-0.026383 0.080000 0.086283 0.000000
-0.026383 0.080000 0.087958 0.000000
-0.026383 0.080000 0.089634 0.000000
-0.026383 0.080000 0.091309 0.000000
-0.026383 0.080000 0.092984 0.000000
-0.026383 0.080000 0.094660 0.000000
-0.026383 0.080000 0.096335 0.000000
-0.026383 0.080000 0.098010 0.000000
-0.026383 0.080000 0.099686 0.000000
-0.026383 0.080000 0.101361 0.000000
-0.026383 0.080000 0.103037 0.000000
-0.026383 0.080000 0.104712 0.000000
-0.026383 0.080000 0.106387 0.000000
-0.026383 0.080000 0.108063 0.000000
-0.026383 0.080000 0.109738 0.000000
-0.026383 0.080000 0.111414 0.000000
-0.026383 0.080000 0.113089 0.000000
-0.026383 0.080000 0.114764 0.000000
-0.026383 0.080000 0.116440 0.000000
-0.026383 0.080000 0.118115 0.000000
-0.026383 0.080000 0.119791 0.000000
-0.026383 0.080000 0.121466 0.000000
-0.026383 0.080000 0.123141 0.000000
-0.026383 0.080000 0.124817 0.000000
-0.026383 0.080000 0.126492 0.000000
-0.026383 0.080000 0.128168 0.000000
-0.026383 0.080000 0.129843 0.000000
-0.026383 0.080000 0.131518 0.000000
-0.026383 0.080000 0.133194 0.000000
-0.026383 0.080000 0.134869 0.000000
-0.026383 0.080000 0.136545 0.000000
-0.026383 0.080000 0.138220 0.000000
-0.026383 0.080000 0.139895 0.000000
-0.026383 0.080000 0.141571 0.000000
-0.026383 0.080000 0.143246 0.000000
-0.026383 0.080000 0.144921 0.000000
-0.026383 0.080000 0.146597 0.000000
-0.026383 0.080000 0.148272 0.000000
-0.026383 0.080000 0.149948 0.000000
-0.026383 0.080000 0.151623 0.000000
-0.026383 0.080000 0.153298 0.000000
-0.026383 0.080000 0.154974 0.000000
-0.026383 0.080000 0.156649 0.000000
-0.026383 0.080000 0.158325 0.000000
-0.026383 0.080000 0.160000 0.000000
-0.024681 0.080000 -0.160000 0.000000
-0.024681 0.080000 -0.158325 0.000000
-0.024681 0.080000 -0.156649 0.000000
-0.024681 0.080000 -0.154974 0.000000
-0.024681 0.080000 -0.153298 0.000000
-0.024681 0.080000 -0.151623 0.000000
-0.024681 0.080000 -0.149948 0.000000
-0.024681 0.080000 -0.148272 0.000000
-0.024681 0.080000 -0.146597 0.000000
-0.024681 0.080000 -0.144921 0.000000
-0.024681 0.080000 -0.143246 0.000000
-0.024681 0.080000 -0.141571 0.000000
-0.024681 0.080000 -0.139895 0.000000
-0.024681 0.080000 -0.138220 0.000000
-0.024681 0.080000 -0.136545 0.000000
-0.024681 0.080000 -0.134869 0.000000
-0.024681 0.080000 -0.133194 0.000000
-0.024681 0.080000 -0.131518 0.000000
-0.024681 0.080000 -0.129843 0.000000
-0.024681 0.080000 -0.128168 0.000000
-0.024681 0.080000 -0.126492 0.000000
-0.024681 0.080000 -0.124817 0.000000
-0.024681 0.080000 -0.123141 0.000000
-0.024681 0.080000 -0.121466 0.000000
-0.024681 0.080000 -0.119791 0.000000
-0.024681 0.080000 -0.118115 0.000000
-0.024681 0.080000 -0.116440 0.000000
-0.024681 0.080000 -0.114764 0.000000
-0.024681 0.080000 -0.113089 0.000000
-0.024681 0.080000 -0.111414 0.000000
-0.024681 0.080000 -0.109738 0.000000
-0.024681 0.080000 -0.108063 0.000000
-0.024681 0.080000 -0.106387 0.000000
-0.024681 0.080000 -0.104712 0.000000
-0.024681 0.080000 -0.103037 0.000000
-0.024681 0.080000 -0.101361 0.000000
-0.024681 0.080000 -0.099686 0.000000
-0.024681 0.080000 -0.098010 0.000000
-0.024681 0.080000 -0.096335 0.000000
-0.024681 0.080000 -0.094660 0.000000
-0.024681 0.080000 -0.092984 0.000000
-0.024681 0.080000 -0.091309 0.000000
-0.024681 0.080000 -0.089634 0.000000
-0.024681 0.080000 -0.087958 0.000000
-0.024681 0.080000 -0.086283 0.000000
-0.024681 0.080000 -0.084607 0.000000
-0.024681 0.080000 -0.082932 0.000000
-0.024681 0.080000 -0.081257 0.000000
-0.024681 0.080000 -0.079581 0.000000
-0.024681 0.080000 -0.077906 0.000000
-0.024681 0.080000 -0.076230 0.000000
-0.024681 0.080000 -0.074555 0.000000
-0.024681 0.080000 -0.072880 0.000000
-0.024681 0.080000 -0.071204 0.000000
-0.024681 0.080000 -0.069529 0.000000
-0.024681 0.080000 -0.067853 0.000000
-0.024681 0.080000 -0.066178 0.000000
-0.024681 0.080000 -0.064503 0.000000
-0.024681 0.080000 -0.062827 0.000000
-0.024681 0.080000 -0.061152 0.000000
-0.024681 0.080000 -0.059476 0.000000
-0.024681 0.080000 -0.057801 0.000000
-0.024681 0.080000 -0.056126 0.000000
-0.024681 0.080000 -0.054450 0.000000
-0.024681 0.080000 -0.052775 0.000000
-0.024681 0.080000 -0.051099 0.000000
-0.024681 0.080000 -0.049424 0.000000
-0.024681 0.080000 -0.047749 0.000000
-0.024681 0.080000 -0.046073 0.000000
-0.024681 0.080000 -0.044398 0.000000
-0.024681 0.080000 -0.042723 0.000000
-0.024681 0.080000 -0.041047 0.000000
-0.024681 0.080000 -0.039372 0.000000
-0.024681 0.080000 -0.037696 0.000000
-0.024681 0.080000 -0.036021 0.000000
-0.024681 0.080000 -0.034346 0.000000
-0.024681 0.080000 -0.032670 0.000000
-0.024681 0.080000 -0.030995 0.000000
-0.024681 0.080000 -0.029319 0.000000
-0.024681 0.080000 -0.027644 0.000000
-0.024681 0.080000 -0.025969 0.000000
-0.024681 0.080000 -0.024293 0.000000
-0.024681 0.080000 -0.022618 0.000000
-0.024681 0.080000 -0.020942 0.000000
-0.024681 0.080000 -0.019267 0.000000
-0.024681 0.080000 -0.017592 0.000000
-0.024681 0.080000 -0.015916 0.000000
-0.024681 0.080000 -0.014241 0.000000
-0.024681 0.080000 -0.012565 0.000000
-0.024681 0.080000 -0.010890 0.000000
-0.024681 0.080000 -0.009215 0.000000
-0.024681 0.080000 -0.007539 0.000000
-0.024681 0.080000 -0.005864 0.000000
-0.024681 0.080000 -0.004188 0.000000
-0.024681 0.080000 -0.002513 0.000000
-0.024681 0.080000 -0.000838 0.000000
-0.024681 0.080000 0.000838 0.000000
-0.024681 0.080000 0.002513 0.000000
-0.024681 0.080000 0.004188 0.000000
-0.024681 0.080000 0.005864 0.000000
-0.024681 0.080000 0.007539 0.000000
-0.024681 0.080000 0.009215 0.000000
-0.024681 0.080000 0.010890 0.000000
-0.024681 0.080000 0.012565 0.000000
-0.024681 0.080000 0.014241 0.000000
-0.024681 0.080000 0.015916 0.000000
-0.024681 0.080000 0.017592 0.000000
-0.024681 0.080000 0.019267 0.000000
-0.024681 0.080000 0.020942 0.000000
-0.024681 0.080000 0.022618 0.000000
-0.024681 0.080000 0.024293 0.000000
-0.024681 0.080000 0.025969 0.000000
-0.024681 0.080000 0.027644 0.000000
-0.024681 0.080000 0.029319 0.000000
-0.024681 0.080000 0.030995 0.000000
-0.024681 0.080000 0.032670 0.000000
-0.024681 0.080000 0.034346 0.000000
-0.024681 0.080000 0.036021 0.000000
-0.024681 0.080000 0.037696 0.000000
-0.024681 0.080000 0.039372 0.000000
-0.024681 0.080000 0.041047 0.000000
-0.024681 0.080000 0.042723 0.000000
-0.024681 0.080000 0.044398 0.000000
-0.024681 0.080000 0.046073 0.000000
-0.024681 0.080000 0.047749 0.000000
-0.024681 0.080000 0.049424 0.000000
-0.024681 0.080000 0.051099 0.000000
-0.024681 0.080000 0.052775 0.000000
-0.024681 0.080000 0.054450 0.000000
-0.024681 0.080000 0.056126 0.000000
-0.024681 0.080000 0.057801 0.000000
-0.024681 0.080000 0.059476 0.000000
-0.024681 0.080000 0.061152 0.000000
-0.024681 0.080000 0.062827 0.000000
-0.024681 0.080000 0.064503 0.000000
-0.024681 0.080000 0.066178 0.000000
-0.024681 0.080000 0.067853 0.000000
-0.024681 0.080000 0.069529 0.000000
-0.024681 0.080000 0.071204 0.000000
-0.024681 0.080000 0.072880 0.000000
-0.024681 0.080000 0.074555 0.000000
-0.024681 0.080000 0.076230 0.000000
-0.024681 0.080000 0.077906 0.000000
-0.024681 0.080000 0.079581 0.000000
-0.024681 0.080000 0.081257 0.000000
-0.024681 0.080000 0.082932 0.000000
-0.024681 0.080000 0.084607 0.000000
-0.024681 0.080000 0.086283 0.000000
-0.024681 0.080000 0.087958 0.000000
-0.024681 0.080000 0.089634 0.000000
-0.024681 0.080000 0.091309 0.000000
-0.024681 0.080000 0.092984 0.000000
-0.024681 0.080000 0.094660 0.000000
-0.024681 0.080000 0.096335 0.000000
-0.024681 0.080000 0.098010 0.000000
-0.024681 0.080000 0.099686 0.000000
-0.024681 0.080000 0.101361 0.000000
-0.024681 0.080000 0.103037 0.000000
-0.024681 0.080000 0.104712 0.000000
-0.024681 0.080000 0.106387 0.000000
-0.024681 0.080000 0.108063 0.000000
-0.024681 0.080000 0.109738 0.000000
-0.024681 0.080000 0.111414 0.000000
-0.024681 0.080000 0.113089 0.000000
-0.024681 0.080000 0.114764 0.000000
-0.024681 0.080000 0.116440 0.000000
-0.024681 0.080000 0.118115 0.000000
-0.024681 0.080000 0.119791 0.000000
-0.024681 0.080000 0.121466 0.000000
-0.024681 0.080000 0.123141 0.000000
-0.024681 0.080000 0.124817 0.000000
-0.024681 0.080000 0.126492 0.000000
-0.024681 0.080000 0.128168 0.000000
-0.024681 0.080000 0.129843 0.000000
-0.024681 0.080000 0.131518 0.000000
-0.024681 0.080000 0.133194 0.000000
-0.024681 0.080000 0.134869 0.000000
-0.024681 0.080000 0.136545 0.000000
-0.024681 0.080000 0.138220 0.000000
-0.024681 0.080000 0.139895 0.000000
-0.024681 0.080000 0.141571 0.000000
-0.024681 0.080000 0.143246 0.000000
-0.024681 0.080000 0.144921 0.000000
-0.024681 0.080000 0.146597 0.000000
-0.024681 0.080000 0.148272 0.000000
-0.024681 0.080000 0.149948 0.000000
-0.024681 0.080000 0.151623 0.000000
-0.024681 0.080000 0.153298 0.000000
-0.024681 0.080000 0.154974 0.000000
-0.024681 0.080000 0.156649 0.000000
-0.024681 0.080000 0.158325 0.000000
-0.024681 0.080000 0.160000 0.000000
-0.022979 0.080000 -0.160000 0.000000
-0.022979 0.080000 -0.158325 0.000000
-0.022979 0.080000 -0.156649 0.000000
-0.022979 0.080000 -0.154974 0.000000
-0.022979 0.080000 -0.153298 0.000000
-0.022979 0.080000 -0.151623 0.000000
-0.022979 0.080000 -0.149948 0.000000
-0.022979 0.080000 -0.148272 0.000000
-0.022979 0.080000 -0.146597 0.000000
-0.022979 0.080000 -0.144921 0.000000
-0.022979 0.080000 -0.143246 0.000000
-0.022979 0.080000 -0.141571 0.000000
-0.022979 0.080000 -0.139895 0.000000
-0.022979 0.080000 -0.138220 0.000000
-0.022979 0.080000 -0.136545 0.000000
-0.022979 0.080000 -0.134869 0.000000
-0.022979 0.080000 -0.133194 0.000000
-0.022979 0.080000 -0.131518 0.000000
-0.022979 0.080000 -0.129843 0.000000
-0.022979 0.080000 -0.128168 0.000000
-0.022979 0.080000 -0.126492 0.000000
-0.022979 0.080000 -0.124817 0.000000
-0.022979 0.080000 -0.123141 0.000000
-0.022979 0.080000 -0.121466 0.000000
-0.022979 0.080000 -0.119791 0.000000
-0.022979 0.080000 -0.118115 0.000000
-0.022979 0.080000 -0.116440 0.000000
-0.022979 0.080000 -0.114764 0.000000
-0.022979 0.080000 -0.113089 0.000000
-0.022979 0.080000 -0.111414 0.000000
-0.022979 0.080000 -0.109738 0.000000
-0.022979 0.080000 -0.108063 0.000000
-0.022979 0.080000 -0.106387 0.000000
-0.022979 0.080000 -0.104712 0.000000
-0.022979 0.080000 -0.103037 0.000000
-0.022979 0.080000 -0.101361 0.000000
-0.022979 0.080000 -0.099686 0.000000
-0.022979 0.080000 -0.098010 0.000000
-0.022979 0.080000 -0.096335 0.000000
-0.022979 0.080000 -0.094660 0.000000
-0.022979 0.080000 -0.092984 0.000000
-0.022979 0.080000 -0.091309 0.000000
-0.022979 0.080000 -0.089634 0.000000
-0.022979 0.080000 -0.087958 0.000000
-0.022979 0.080000 -0.086283 0.000000
-0.022979 0.080000 -0.084607 0.000000
-0.022979 0.080000 -0.082932 0.000000
-0.022979 0.080000 -0.081257 0.000000
-0.022979 0.080000 -0.079581 0.000000
-0.022979 0.080000 -0.077906 0.000000
-0.022979 0.080000 -0.076230 0.000000
-0.022979 0.080000 -0.074555 0.000000
-0.022979 0.080000 -0.072880 0.000000
-0.022979 0.080000 -0.071204 0.000000
-0.022979 0.080000 -0.069529 0.000000
-0.022979 0.080000 -0.067853 0.000000
-0.022979 0.080000 -0.066178 0.000000
-0.022979 0.080000 -0.064503 0.000000
-0.022979 0.080000 -0.062827 0.000000
-0.022979 0.080000 -0.061152 0.000000
-0.022979 0.080000 -0.059476 0.000000
-0.022979 0.080000 -0.057801 0.000000
-0.022979 0.080000 -0.056126 0.000000
-0.022979 0.080000 -0.054450 0.000000
-0.022979 0.080000 -0.052775 0.000000
-0.022979 0.080000 -0.051099 0.000000
-0.022979 0.080000 -0.049424 0.000000
-0.022979 0.080000 -0.047749 0.000000
-0.022979 0.080000 -0.046073 0.000000
-0.022979 0.080000 -0.044398 0.000000
-0.022979 0.080000 -0.042723 0.000000
-0.022979 0.080000 -0.041047 0.000000
-0.022979 0.080000 -0.039372 0.000000
-0.022979 0.080000 -0.037696 0.000000
-0.022979 0.080000 -0.036021 0.000000
-0.022979 0.080000 -0.034346 0.000000
-0.022979 0.080000 -0.032670 0.000000
-0.022979 0.080000 -0.030995 0.000000
-0.022979 0.080000 -0.029319 0.000000
-0.022979 0.080000 -0.027644 0.000000
-0.022979 0.080000 -0.025969 0.000000
-0.022979 0.080000 -0.024293 0.000000
-0.022979 0.080000 -0.022618 0.000000
-0.022979 0.080000 -0.020942 0.000000
-0.022979 0.080000 -0.019267 0.000000
-0.022979 0.080000 -0.017592 0.000000
-0.022979 0.080000 -0.015916 0.000000
-0.022979 0.080000 -0.014241 0.000000
-0.022979 0.080000 -0.012565 0.000000
-0.022979 0.080000 -0.010890 0.000000
-0.022979 0.080000 -0.009215 0.000000
-0.022979 0.080000 -0.007539 0.000000
-0.022979 0.080000 -0.005864 0.000000
-0.022979 0.080000 -0.004188 0.000000
-0.022979 0.080000 -0.002513 0.000000
-0.022979 0.080000 -0.000838 0.000000
-0.022979 0.080000 0.000838 0.000000
-0.022979 0.080000 0.002513 0.000000
-0.022979 0.080000 0.004188 0.000000
-0.022979 0.080000 0.005864 0.000000
-0.022979 0.080000 0.007539 0.000000
-0.022979 0.080000 0.009215 0.000000
-0.022979 0.080000 0.010890 0.000000
-0.022979 0.080000 0.012565 0.000000
-0.022979 0.080000 0.014241 0.000000
-0.022979 0.080000 0.015916 0.000000
-0.022979 0.080000 0.017592 0.000000
-0.022979 0.080000 0.019267 0.000000
-0.022979 0.080000 0.020942 0.000000
-0.022979 0.080000 0.022618 0.000000
-0.022979 0.080000 0.024293 0.000000
-0.022979 0.080000 0.025969 0.000000
-0.022979 0.080000 0.027644 0.000000
-0.022979 0.080000 0.029319 0.000000
-0.022979 0.080000 0.030995 0.000000
-0.022979 0.080000 0.032670 0.000000
-0.022979 0.080000 0.034346 0.000000
-0.022979 0.080000 0.036021 0.000000
-0.022979 0.080000 0.037696 0.000000
-0.022979 0.080000 0.039372 0.000000
-0.022979 0.080000 0.041047 0.000000
-0.022979 0.080000 0.042723 0.000000
-0.022979 0.080000 0.044398 0.000000
-0.022979 0.080000 0.046073 0.000000
-0.022979 0.080000 0.047749 0.000000
-0.022979 0.080000 0.049424 0.000000
-0.022979 0.080000 0.051099 0.000000
-0.022979 0.080000 0.052775 0.000000
-0.022979 0.080000 0.054450 0.000000
-0.022979 0.080000 0.056126 0.000000
-0.022979 0.080000 0.057801 0.000000
-0.022979 0.080000 0.059476 0.000000
-0.022979 0.080000 0.061152 0.000000
-0.022979 0.080000 0.062827 0.000000
-0.022979 0.080000 0.064503 0.000000
-0.022979 0.080000 0.066178 0.000000
-0.022979 0.080000 0.067853 0.000000
-0.022979 0.080000 0.069529 0.000000
-0.022979 0.080000 0.071204 0.000000
-0.022979 0.080000 0.072880 0.000000
-0.022979 0.080000 0.074555 0.000000
-0.022979 0.080000 0.076230 0.000000
-0.022979 0.080000 0.077906 0.000000
-0.022979 0.080000 0.079581 0.000000
-0.022979 0.080000 0.081257 0.000000
-0.022979 0.080000 0.082932 0.000000
-0.022979 0.080000 0.084607 0.000000
-0.022979 0.080000 0.086283 0.000000
-0.022979 0.080000 0.087958 0.000000
-0.022979 0.080000 0.089634 0.000000
-0.022979 0.080000 0.091309 0.000000
-0.022979 0.080000 0.092984 0.000000
-0.022979 0.080000 0.094660 0.000000
-0.022979 0.080000 0.096335 0.000000
-0.022979 0.080000 0.098010 0.000000
-0.022979 0.080000 0.099686 0.000000
-0.022979 0.080000 0.101361 0.000000
-0.022979 0.080000 0.103037 0.000000
-0.022979 0.080000 0.104712 0.000000
-0.022979 0.080000 0.106387 0.000000
-0.022979 0.080000 0.108063 0.000000
-0.022979 0.080000 0.109738 0.000000
-0.022979 0.080000 0.111414 0.000000
-0.022979 0.080000 0.113089 0.000000
-0.022979 0.080000 0.114764 0.000000
-0.022979 0.080000 0.116440 0.000000
-0.022979 0.080000 0.118115 0.000000
-0.022979 0.080000 0.119791 0.000000
-0.022979 0.080000 0.121466 0.000000
-0.022979 0.080000 0.123141 0.000000
-0.022979 0.080000 0.124817 0.000000
-0.022979 0.080000 0.126492 0.000000
-0.022979 0.080000 0.128168 0.000000
-0.022979 0.080000 0.129843 0.000000
-0.022979 0.080000 0.131518 0.000000
-0.022979 0.080000 0.133194 0.000000
-0.022979 0.080000 0.134869 0.000000
-0.022979 0.080000 0.136545 0.000000
-0.022979 0.080000 0.138220 0.000000
-0.022979 0.080000 0.139895 0.000000
-0.022979 0.080000 0.141571 0.000000
-0.022979 0.080000 0.143246 0.000000
-0.022979 0.080000 0.144921 0.000000
-0.022979 0.080000 0.146597 0.000000
-0.022979 0.080000 0.148272 0.000000
-0.022979 0.080000 0.149948 0.000000
-0.022979 0.080000 0.151623 0.000000
-0.022979 0.080000 0.153298 0.000000
-0.022979 0.080000 0.154974 0.000000
-0.022979 0.080000 0.156649 0.000000
-0.022979 0.080000 0.158325 0.000000
-0.022979 0.080000 0.160000 0.000000
-0.021277 0.080000 -0.160000 0.000000
-0.021277 0.080000 -0.158325 0.000000
-0.021277 0.080000 -0.156649 0.000000
-0.021277 0.080000 -0.154974 0.000000
-0.021277 0.080000 -0.153298 0.000000
-0.021277 0.080000 -0.151623 0.000000
-0.021277 0.080000 -0.149948 0.000000
-0.021277 0.080000 -0.148272 0.000000
-0.021277 0.080000 -0.146597 0.000000
-0.021277 0.080000 -0.144921 0.000000
-0.021277 0.080000 -0.143246 0.000000
-0.021277 0.080000 -0.141571 0.000000
-0.021277 0.080000 -0.139895 0.000000
-0.021277 0.080000 -0.138220 0.000000
-0.021277 0.080000 -0.136545 0.000000
-0.021277 0.080000 -0.134869 0.000000
-0.021277 0.080000 -0.133194 0.000000
-0.021277 0.080000 -0.131518 0.000000
-0.021277 0.080000 -0.129843 0.000000
-0.021277 0.080000 -0.128168 0.000000
-0.021277 0.080000 -0.126492 0.000000
-0.021277 0.080000 -0.124817 0.000000
-0.021277 0.080000 -0.123141 0.000000
-0.021277 0.080000 -0.121466 0.000000
-0.021277 0.080000 -0.119791 0.000000
-0.021277 0.080000 -0.118115 0.000000
-0.021277 0.080000 -0.116440 0.000000
-0.021277 0.080000 -0.114764 0.000000
-0.021277 0.080000 -0.113089 0.000000
-0.021277 0.080000 -0.111414 0.000000
-0.021277 0.080000 -0.109738 0.000000
-0.021277 0.080000 -0.108063 0.000000
-0.021277 0.080000 -0.106387 0.000000
-0.021277 0.080000 -0.104712 0.000000
-0.021277 0.080000 -0.103037 0.000000
-0.021277 0.080000 -0.101361 0.000000
-0.021277 0.080000 -0.099686 0.000000
-0.021277 0.080000 -0.098010 0.000000
-0.021277 0.080000 -0.096335 0.000000
-0.021277 0.080000 -0.094660 0.000000
-0.021277 0.080000 -0.092984 0.000000
-0.021277 0.080000 -0.091309 0.000000
-0.021277 0.080000 -0.089634 0.000000
-0.021277 0.080000 -0.087958 0.000000
-0.021277 0.080000 -0.086283 0.000000
-0.021277 0.080000 -0.084607 0.000000
-0.021277 0.080000 -0.082932 0.000000
-0.021277 0.080000 -0.081257 0.000000
-0.021277 0.080000 -0.079581 0.000000
-0.021277 0.080000 -0.077906 0.000000
-0.021277 0.080000 -0.076230 0.000000
-0.021277 0.080000 -0.074555 0.000000
-0.021277 0.080000 -0.072880 0.000000
-0.021277 0.080000 -0.071204 0.000000
-0.021277 0.080000 -0.069529 0.000000
-0.021277 0.080000 -0.067853 0.000000
-0.021277 0.080000 -0.066178 0.000000
-0.021277 0.080000 -0.064503 0.000000
-0.021277 0.080000 -0.062827 0.000000
-0.021277 0.080000 -0.061152 0.000000
-0.021277 0.080000 -0.059476 0.000000
-0.021277 0.080000 -0.057801 0.000000
-0.021277 0.080000 -0.056126 0.000000
-0.021277 0.080000 -0.054450 0.000000
-0.021277 0.080000 -0.052775 0.000000
-0.021277 0.080000 -0.051099 0.000000
-0.021277 0.080000 -0.049424 0.000000
-0.021277 0.080000 -0.047749 0.000000
-0.021277 0.080000 -0.046073 0.000000
-0.021277 0.080000 -0.044398 0.000000
-0.021277 0.080000 -0.042723 0.000000
-0.021277 0.080000 -0.041047 0.000000
-0.021277 0.080000 -0.039372 0.000000
-0.021277 0.080000 -0.037696 0.000000
-0.021277 0.080000 -0.036021 0.000000
-0.021277 0.080000 -0.034346 0.000000
-0.021277 0.080000 -0.032670 0.000000
-0.021277 0.080000 -0.030995 0.000000
-0.021277 0.080000 -0.029319 0.000000
-0.021277 0.080000 -0.027644 0.000000
-0.021277 0.080000 -0.025969 0.000000
-0.021277 0.080000 -0.024293 0.000000
-0.021277 0.080000 -0.022618 0.000000
-0.021277 0.080000 -0.020942 0.000000
-0.021277 0.080000 -0.019267 0.000000
-0.021277 0.080000 -0.017592 0.000000
-0.021277 0.080000 -0.015916 0.000000
-0.021277 0.080000 -0.014241 0.000000
-0.021277 0.080000 -0.012565 0.000000
-0.021277 0.080000 -0.010890 0.000000
-0.021277 0.080000 -0.009215 0.000000
-0.021277 0.080000 -0.007539 0.000000
-0.021277 0.080000 -0.005864 0.000000
-0.021277 0.080000 -0.004188 0.000000
-0.021277 0.080000 -0.002513 0.000000
-0.021277 0.080000 -0.000838 0.000000
-0.021277 0.080000 0.000838 0.000000
-0.021277 0.080000 0.002513 0.000000
-0.021277 0.080000 0.004188 0.000000
-0.021277 0.080000 0.005864 0.000000
-0.021277 0.080000 0.007539 0.000000
-0.021277 0.080000 0.009215 0.000000
-0.021277 0.080000 0.010890 0.000000
-0.021277 0.080000 0.012565 0.000000
-0.021277 0.080000 0.014241 0.000000
-0.021277 0.080000 0.015916 0.000000
-0.021277 0.080000 0.017592 0.000000
-0.021277 0.080000 0.019267 0.000000
-0.021277 0.080000 0.020942 0.000000
-0.021277 0.080000 0.022618 0.000000
-0.021277 0.080000 0.024293 0.000000
-0.021277 0.080000 0.025969 0.000000
-0.021277 0.080000 0.027644 0.000000
-0.021277 0.080000 0.029319 0.000000
-0.021277 0.080000 0.030995 0.000000
-0.021277 0.080000 0.032670 0.000000
-0.021277 0.080000 0.034346 0.000000
-0.021277 0.080000 0.036021 0.000000
-0.021277 0.080000 0.037696 0.000000
-0.021277 0.080000 0.039372 0.000000
-0.021277 0.080000 0.041047 0.000000
-0.021277 0.080000 0.042723 0.000000
-0.021277 0.080000 0.044398 0.000000
-0.021277 0.080000 0.046073 0.000000
-0.021277 0.080000 0.047749 0.000000
-0.021277 0.080000 0.049424 0.000000
-0.021277 0.080000 0.051099 0.000000
-0.021277 0.080000 0.052775 0.000000
-0.021277 0.080000 0.054450 0.000000
-0.021277 0.080000 0.056126 0.000000
-0.021277 0.080000 0.057801 0.000000
-0.021277 0.080000 0.059476 0.000000
-0.021277 0.080000 0.061152 0.000000
-0.021277 0.080000 0.062827 0.000000
-0.021277 0.080000 0.064503 0.000000
-0.021277 0.080000 0.066178 0.000000
-0.021277 0.080000 0.067853 0.000000
-0.021277 0.080000 0.069529 0.000000
-0.021277 0.080000 0.071204 0.000000
-0.021277 0.080000 0.072880 0.000000
-0.021277 0.080000 0.074555 0.000000
-0.021277 0.080000 0.076230 0.000000
-0.021277 0.080000 0.077906 0.000000
-0.021277 0.080000 0.079581 0.000000
-0.021277 0.080000 0.081257 0.000000
-0.021277 0.080000 0.082932 0.000000
-0.021277 0.080000 0.084607 0.000000
-0.021277 0.080000 0.086283 0.000000
-0.021277 0.080000 0.087958 0.000000
-0.021277 0.080000 0.089634 0.000000
-0.021277 0.080000 0.091309 0.000000
-0.021277 0.080000 0.092984 0.000000
-0.021277 0.080000 0.094660 0.000000
-0.021277 0.080000 0.096335 0.000000
-0.021277 0.080000 0.098010 0.000000
-0.021277 0.080000 0.099686 0.000000
-0.021277 0.080000 0.101361 0.000000
-0.021277 0.080000 0.103037 0.000000
-0.021277 0.080000 0.104712 0.000000
-0.021277 0.080000 0.106387 0.000000
-0.021277 0.080000 0.108063 0.000000
-0.021277 0.080000 0.109738 0.000000
-0.021277 0.080000 0.111414 0.000000
-0.021277 0.080000 0.113089 0.000000
-0.021277 0.080000 0.114764 0.000000
-0.021277 0.080000 0.116440 0.000000
-0.021277 0.080000 0.118115 0.000000
-0.021277 0.080000 0.119791 0.000000
-0.021277 0.080000 0.121466 0.000000
-0.021277 0.080000 0.123141 0.000000
-0.021277 0.080000 0.124817 0.000000
-0.021277 0.080000 0.126492 0.000000
-0.021277 0.080000 0.128168 0.000000
-0.021277 0.080000 0.129843 0.000000
-0.021277 0.080000 0.131518 0.000000
-0.021277 0.080000 0.133194 0.000000
-0.021277 0.080000 0.134869 0.000000
-0.021277 0.080000 0.136545 0.000000
-0.021277 0.080000 0.138220 0.000000
-0.021277 0.080000 0.139895 0.000000
-0.021277 0.080000 0.141571 0.000000
-0.021277 0.080000 0.143246 0.000000
-0.021277 0.080000 0.144921 0.000000
-0.021277 0.080000 0.146597 0.000000
-0.021277 0.080000 0.148272 0.000000
-0.021277 0.080000 0.149948 0.000000
-0.021277 0.080000 0.151623 0.000000
-0.021277 0.080000 0.153298 0.000000
-0.021277 0.080000 0.154974 0.000000
-0.021277 0.080000 0.156649 0.000000
-0.021277 0.080000 0.158325 0.000000
-0.021277 0.080000 0.160000 0.000000
-0.019574 0.080000 -0.160000 0.000000
-0.019574 0.080000 -0.158325 0.000000
-0.019574 0.080000 -0.156649 0.000000
-0.019574 0.080000 -0.154974 0.000000
-0.019574 0.080000 -0.153298 0.000000
-0.019574 0.080000 -0.151623 0.000000
-0.019574 0.080000 -0.149948 0.000000
-0.019574 0.080000 -0.148272 0.000000
-0.019574 0.080000 -0.146597 0.000000
-0.019574 0.080000 -0.144921 0.000000
-0.019574 0.080000 -0.143246 0.000000
-0.019574 0.080000 -0.141571 0.000000
-0.019574 0.080000 -0.139895 0.000000
-0.019574 0.080000 -0.138220 0.000000
-0.019574 0.080000 -0.136545 0.000000
-0.019574 0.080000 -0.134869 0.000000
-0.019574 0.080000 -0.133194 0.000000
-0.019574 0.080000 -0.131518 0.000000
-0.019574 0.080000 -0.129843 0.000000
-0.019574 0.080000 -0.128168 0.000000
-0.019574 0.080000 -0.126492 0.000000
-0.019574 0.080000 -0.124817 0.000000
-0.019574 0.080000 -0.123141 0.000000
-0.019574 0.080000 -0.121466 0.000000
-0.019574 0.080000 -0.119791 0.000000
-0.019574 0.080000 -0.118115 0.000000
-0.019574 0.080000 -0.116440 0.000000
-0.019574 0.080000 -0.114764 0.000000
-0.019574 0.080000 -0.113089 0.000000
-0.019574 0.080000 -0.111414 0.000000
-0.019574 0.080000 -0.109738 0.000000
-0.019574 0.080000 -0.108063 0.000000
-0.019574 0.080000 -0.106387 0.000000
-0.019574 0.080000 -0.104712 0.000000
-0.019574 0.080000 -0.103037 0.000000
-0.019574 0.080000 -0.101361 0.000000
-0.019574 0.080000 -0.099686 0.000000
-0.019574 0.080000 -0.098010 0.000000
-0.019574 0.080000 -0.096335 0.000000
-0.019574 0.080000 -0.094660 0.000000
-0.019574 0.080000 -0.092984 0.000000
-0.019574 0.080000 -0.091309 0.000000
-0.019574 0.080000 -0.089634 0.000000
-0.019574 0.080000 -0.087958 0.000000
-0.019574 0.080000 -0.086283 0.000000
-0.019574 0.080000 -0.084607 0.000000
-0.019574 0.080000 -0.082932 0.000000
-0.019574 0.080000 -0.081257 0.000000
-0.019574 0.080000 -0.079581 0.000000
-0.019574 0.080000 -0.077906 0.000000
-0.019574 0.080000 -0.076230 0.000000
-0.019574 0.080000 -0.074555 0.000000
-0.019574 0.080000 -0.072880 0.000000
-0.019574 0.080000 -0.071204 0.000000
-0.019574 0.080000 -0.069529 0.000000
-0.019574 0.080000 -0.067853 0.000000
-0.019574 0.080000 -0.066178 0.000000
-0.019574 0.080000 -0.064503 0.000000
-0.019574 0.080000 -0.062827 0.000000
-0.019574 0.080000 -0.061152 0.000000
-0.019574 0.080000 -0.059476 0.000000
-0.019574 0.080000 -0.057801 0.000000
-0.019574 0.080000 -0.056126 0.000000
-0.019574 0.080000 -0.054450 0.000000
-0.019574 0.080000 -0.052775 0.000000
-0.019574 0.080000 -0.051099 0.000000
-0.019574 0.080000 -0.049424 0.000000
-0.019574 0.080000 -0.047749 0.000000
-0.019574 0.080000 -0.046073 0.000000
-0.019574 0.080000 -0.044398 0.000000
-0.019574 0.080000 -0.042723 0.000000
-0.019574 0.080000 -0.041047 0.000000
-0.019574 0.080000 -0.039372 0.000000
-0.019574 0.080000 -0.037696 0.000000
-0.019574 0.080000 -0.036021 0.000000
-0.019574 0.080000 -0.034346 0.000000
-0.019574 0.080000 -0.032670 0.000000
-0.019574 0.080000 -0.030995 0.000000
-0.019574 0.080000 -0.029319 0.000000
-0.019574 0.080000 -0.027644 0.000000
-0.019574 0.080000 -0.025969 0.000000
-0.019574 0.080000 -0.024293 0.000000
-0.019574 0.080000 -0.022618 0.000000
-0.019574 0.080000 -0.020942 0.000000
-0.019574 0.080000 -0.019267 0.000000
-0.019574 0.080000 -0.017592 0.000000
-0.019574 0.080000 -0.015916 0.000000
-0.019574 0.080000 -0.014241 0.000000
-0.019574 0.080000 -0.012565 0.000000
-0.019574 0.080000 -0.010890 0.000000
-0.019574 0.080000 -0.009215 0.000000
-0.019574 0.080000 -0.007539 0.000000
-0.019574 0.080000 -0.005864 0.000000
-0.019574 0.080000 -0.004188 0.000000
-0.019574 0.080000 -0.002513 0.000000
-0.019574 0.080000 -0.000838 0.000000
-0.019574 0.080000 0.000838 0.000000
-0.019574 0.080000 0.002513 0.000000
-0.019574 0.080000 0.004188 0.000000
-0.019574 0.080000 0.005864 0.000000
-0.019574 0.080000 0.007539 0.000000
-0.019574 0.080000 0.009215 0.000000
-0.019574 0.080000 0.010890 0.000000
-0.019574 0.080000 0.012565 0.000000
-0.019574 0.080000 0.014241 0.000000
-0.019574 0.080000 0.015916 0.000000
-0.019574 0.080000 0.017592 0.000000
-0.019574 0.080000 0.019267 0.000000
-0.019574 0.080000 0.020942 0.000000
-0.019574 0.080000 0.022618 0.000000
-0.019574 0.080000 0.024293 0.000000
-0.019574 0.080000 0.025969 0.000000
-0.019574 0.080000 0.027644 0.000000
-0.019574 0.080000 0.029319 0.000000
-0.019574 0.080000 0.030995 0.000000
-0.019574 0.080000 0.032670 0.000000
-0.019574 0.080000 0.034346 0.000000
-0.019574 0.080000 0.036021 0.000000
-0.019574 0.080000 0.037696 0.000000
-0.019574 0.080000 0.039372 0.000000
-0.019574 0.080000 0.041047 0.000000
-0.019574 0.080000 0.042723 0.000000
-0.019574 0.080000 0.044398 0.000000
-0.019574 0.080000 0.046073 0.000000
-0.019574 0.080000 0.047749 0.000000
-0.019574 0.080000 0.049424 0.000000
-0.019574 0.080000 0.051099 0.000000
-0.019574 0.080000 0.052775 0.000000
-0.019574 0.080000 0.054450 0.000000
-0.019574 0.080000 0.056126 0.000000
-0.019574 0.080000 0.057801 0.000000
-0.019574 0.080000 0.059476 0.000000
-0.019574 0.080000 0.061152 0.000000
-0.019574 0.080000 0.062827 0.000000
-0.019574 0.080000 0.064503 0.000000
-0.019574 0.080000 0.066178 0.000000
-0.019574 0.080000 0.067853 0.000000
-0.019574 0.080000 0.069529 0.000000
-0.019574 0.080000 0.071204 0.000000
-0.019574 0.080000 0.072880 0.000000
-0.019574 0.080000 0.074555 0.000000
-0.019574 0.080000 0.076230 0.000000
-0.019574 0.080000 0.077906 0.000000
-0.019574 0.080000 0.079581 0.000000
-0.019574 0.080000 0.081257 0.000000
-0.019574 0.080000 0.082932 0.000000
-0.019574 0.080000 0.084607 0.000000
-0.019574 0.080000 0.086283 0.000000
-0.019574 0.080000 0.087958 0.000000
-0.019574 0.080000 0.089634 0.000000
-0.019574 0.080000 0.091309 0.000000
-0.019574 0.080000 0.092984 0.000000
-0.019574 0.080000 0.094660 0.000000
-0.019574 0.080000 0.096335 0.000000
-0.019574 0.080000 0.098010 0.000000
-0.019574 0.080000 0.099686 0.000000
-0.019574 0.080000 0.101361 0.000000
-0.019574 0.080000 0.103037 0.000000
-0.019574 0.080000 0.104712 0.000000
-0.019574 0.080000 0.106387 0.000000
-0.019574 0.080000 0.108063 0.000000
-0.019574 0.080000 0.109738 0.000000
-0.019574 0.080000 0.111414 0.000000
-0.019574 0.080000 0.113089 0.000000
-0.019574 0.080000 0.114764 0.000000
-0.019574 0.080000 0.116440 0.000000
-0.019574 0.080000 0.118115 0.000000
-0.019574 0.080000 0.119791 0.000000
-0.019574 0.080000 0.121466 0.000000
-0.019574 0.080000 0.123141 0.000000
-0.019574 0.080000 0.124817 0.000000
-0.019574 0.080000 0.126492 0.000000
-0.019574 0.080000 0.128168 0.000000
-0.019574 0.080000 0.129843 0.000000
-0.019574 0.080000 0.131518 0.000000
-0.019574 0.080000 0.133194 0.000000
-0.019574 0.080000 0.134869 0.000000
-0.019574 0.080000 0.136545 0.000000
-0.019574 0.080000 0.138220 0.000000
-0.019574 0.080000 0.139895 0.000000
-0.019574 0.080000 0.141571 0.000000
-0.019574 0.080000 0.143246 0.000000
-0.019574 0.080000 0.144921 0.000000
-0.019574 0.080000 0.146597 0.000000
-0.019574 0.080000 0.148272 0.000000
-0.019574 0.080000 0.149948 0.000000
-0.019574 0.080000 0.151623 0.000000
-0.019574 0.080000 0.153298 0.000000
-0.019574 0.080000 0.154974 0.000000
-0.019574 0.080000 0.156649 0.000000
-0.019574 0.080000 0.158325 0.000000
-0.019574 0.080000 0.160000 0.000000
-0.017872 0.080000 -0.160000 0.000000
-0.017872 0.080000 -0.158325 0.000000
-0.017872 0.080000 -0.156649 0.000000
-0.017872 0.080000 -0.154974 0.000000
-0.017872 0.080000 -0.153298 0.000000
-0.017872 0.080000 -0.151623 0.000000
-0.017872 0.080000 -0.149948 0.000000
-0.017872 0.080000 -0.148272 0.000000
-0.017872 0.080000 -0.146597 0.000000
-0.017872 0.080000 -0.144921 0.000000
-0.017872 0.080000 -0.143246 0.000000
-0.017872 0.080000 -0.141571 0.000000
-0.017872 0.080000 -0.139895 0.000000
-0.017872 0.080000 -0.138220 0.000000
-0.017872 0.080000 -0.136545 0.000000
-0.017872 0.080000 -0.134869 0.000000
-0.017872 0.080000 -0.133194 0.000000
-0.017872 0.080000 -0.131518 0.000000
-0.017872 0.080000 -0.129843 0.000000
-0.017872 0.080000 -0.128168 0.000000
-0.017872 0.080000 -0.126492 0.000000
-0.017872 0.080000 -0.124817 0.000000
-0.017872 0.080000 -0.123141 0.000000
-0.017872 0.080000 -0.121466 0.000000
-0.017872 0.080000 -0.119791 0.000000
-0.017872 0.080000 -0.118115 0.000000
-0.017872 0.080000 -0.116440 0.000000
-0.017872 0.080000 -0.114764 0.000000
-0.017872 0.080000 -0.113089 0.000000
-0.017872 0.080000 -0.111414 0.000000
-0.017872 0.080000 -0.109738 0.000000
-0.017872 0.080000 -0.108063 0.000000
-0.017872 0.080000 -0.106387 0.000000
-0.017872 0.080000 -0.104712 0.000000
-0.017872 0.080000 -0.103037 0.000000
-0.017872 0.080000 -0.101361 0.000000
-0.017872 0.080000 -0.099686 0.000000
-0.017872 0.080000 -0.098010 0.000000
-0.017872 0.080000 -0.096335 0.000000
-0.017872 0.080000 -0.094660 0.000000
-0.017872 0.080000 -0.092984 0.000000
-0.017872 0.080000 -0.091309 0.000000
-0.017872 0.080000 -0.089634 0.000000
-0.017872 0.080000 -0.087958 0.000000
-0.017872 0.080000 -0.086283 0.000000
-0.017872 0.080000 -0.084607 0.000000
-0.017872 0.080000 -0.082932 0.000000
-0.017872 0.080000 -0.081257 0.000000
-0.017872 0.080000 -0.079581 0.000000
-0.017872 0.080000 -0.077906 0.000000
-0.017872 0.080000 -0.076230 0.000000
-0.017872 0.080000 -0.074555 0.000000
-0.017872 0.080000 -0.072880 0.000000
-0.017872 0.080000 -0.071204 0.000000
-0.017872 0.080000 -0.069529 0.000000
-0.017872 0.080000 -0.067853 0.000000
-0.017872 0.080000 -0.066178 0.000000
-0.017872 0.080000 -0.064503 0.000000
-0.017872 0.080000 -0.062827 0.000000
-0.017872 0.080000 -0.061152 0.000000
-0.017872 0.080000 -0.059476 0.000000
-0.017872 0.080000 -0.057801 0.000000
-0.017872 0.080000 -0.056126 0.000000
-0.017872 0.080000 -0.054450 0.000000
-0.017872 0.080000 -0.052775 0.000000
-0.017872 0.080000 -0.051099 0.000000
-0.017872 0.080000 -0.049424 0.000000
-0.017872 0.080000 -0.047749 0.000000
-0.017872 0.080000 -0.046073 0.000000
-0.017872 0.080000 -0.044398 0.000000
-0.017872 0.080000 -0.042723 0.000000
-0.017872 0.080000 -0.041047 0.000000
-0.017872 0.080000 -0.039372 0.000000
-0.017872 0.080000 -0.037696 0.000000
-0.017872 0.080000 -0.036021 0.000000
-0.017872 0.080000 -0.034346 0.000000
-0.017872 0.080000 -0.032670 0.000000
-0.017872 0.080000 -0.030995 0.000000
-0.017872 0.080000 -0.029319 0.000000
-0.017872 0.080000 -0.027644 0.000000
-0.017872 0.080000 -0.025969 0.000000
-0.017872 0.080000 -0.024293 0.000000
-0.017872 0.080000 -0.022618 0.000000
-0.017872 0.080000 -0.020942 0.000000
-0.017872 0.080000 -0.019267 0.000000
-0.017872 0.080000 -0.017592 0.000000
-0.017872 0.080000 -0.015916 0.000000
-0.017872 0.080000 -0.014241 0.000000
-0.017872 0.080000 -0.012565 0.000000
-0.017872 0.080000 -0.010890 0.000000
-0.017872 0.080000 -0.009215 0.000000
-0.017872 0.080000 -0.007539 0.000000
-0.017872 0.080000 -0.005864 0.000000
-0.017872 0.080000 -0.004188 0.000000
-0.017872 0.080000 -0.002513 0.000000
-0.017872 0.080000 -0.000838 0.000000
-0.017872 0.080000 0.000838 0.000000
-0.017872 0.080000 0.002513 0.000000
-0.017872 0.080000 0.004188 0.000000
-0.017872 0.080000 0.005864 0.000000
-0.017872 0.080000 0.007539 0.000000
-0.017872 0.080000 0.009215 0.000000
-0.017872 0.080000 0.010890 0.000000
-0.017872 0.080000 0.012565 0.000000
-0.017872 0.080000 0.014241 0.000000
-0.017872 0.080000 0.015916 0.000000
-0.017872 0.080000 0.017592 0.000000
-0.017872 0.080000 0.019267 0.000000
-0.017872 0.080000 0.020942 0.000000
-0.017872 0.080000 0.022618 0.000000
-0.017872 0.080000 0.024293 0.000000
-0.017872 0.080000 0.025969 0.000000
-0.017872 0.080000 0.027644 0.000000
-0.017872 0.080000 0.029319 0.000000
-0.017872 0.080000 0.030995 0.000000
-0.017872 0.080000 0.032670 0.000000
-0.017872 0.080000 0.034346 0.000000
-0.017872 0.080000 0.036021 0.000000
-0.017872 0.080000 0.037696 0.000000
-0.017872 0.080000 0.039372 0.000000
-0.017872 0.080000 0.041047 0.000000
-0.017872 0.080000 0.042723 0.000000
-0.017872 0.080000 0.044398 0.000000
-0.017872 0.080000 0.046073 0.000000
-0.017872 0.080000 0.047749 0.000000
-0.017872 0.080000 0.049424 0.000000
-0.017872 0.080000 0.051099 0.000000
-0.017872 0.080000 0.052775 0.000000
-0.017872 0.080000 0.054450 0.000000
-0.017872 0.080000 0.056126 0.000000
-0.017872 0.080000 0.057801 0.000000
-0.017872 0.080000 0.059476 0.000000
-0.017872 0.080000 0.061152 0.000000
-0.017872 0.080000 0.062827 0.000000
-0.017872 0.080000 0.064503 0.000000
-0.017872 0.080000 0.066178 0.000000
-0.017872 0.080000 0.067853 0.000000
-0.017872 0.080000 0.069529 0.000000
-0.017872 0.080000 0.071204 0.000000
-0.017872 0.080000 0.072880 0.000000
-0.017872 0.080000 0.074555 0.000000
-0.017872 0.080000 0.076230 0.000000
-0.017872 0.080000 0.077906 0.000000
-0.017872 0.080000 0.079581 0.000000
-0.017872 0.080000 0.081257 0.000000
-0.017872 0.080000 0.082932 0.000000
-0.017872 0.080000 0.084607 0.000000
-0.017872 0.080000 0.086283 0.000000
-0.017872 0.080000 0.087958 0.000000
-0.017872 0.080000 0.089634 0.000000
-0.017872 0.080000 0.091309 0.000000
-0.017872 0.080000 0.092984 0.000000
-0.017872 0.080000 0.094660 0.000000
-0.017872 0.080000 0.096335 0.000000
-0.017872 0.080000 0.098010 0.000000
-0.017872 0.080000 0.099686 0.000000
-0.017872 0.080000 0.101361 0.000000
-0.017872 0.080000 0.103037 0.000000
-0.017872 0.080000 0.104712 0.000000
-0.017872 0.080000 0.106387 0.000000
-0.017872 0.080000 0.108063 0.000000
-0.017872 0.080000 0.109738 0.000000
-0.017872 0.080000 0.111414 0.000000
-0.017872 0.080000 0.113089 0.000000
-0.017872 0.080000 0.114764 0.000000
-0.017872 0.080000 0.116440 0.000000
-0.017872 0.080000 0.118115 0.000000
-0.017872 0.080000 0.119791 0.000000
-0.017872 0.080000 0.121466 0.000000
-0.017872 0.080000 0.123141 0.000000
-0.017872 0.080000 0.124817 0.000000
-0.017872 0.080000 0.126492 0.000000
-0.017872 0.080000 0.128168 0.000000
-0.017872 0.080000 0.129843 0.000000
-0.017872 0.080000 0.131518 0.000000
-0.017872 0.080000 0.133194 0.000000
-0.017872 0.080000 0.134869 0.000000
-0.017872 0.080000 0.136545 0.000000
-0.017872 0.080000 0.138220 0.000000
-0.017872 0.080000 0.139895 0.000000
-0.017872 0.080000 0.141571 0.000000
-0.017872 0.080000 0.143246 0.000000
-0.017872 0.080000 0.144921 0.000000
-0.017872 0.080000 0.146597 0.000000
-0.017872 0.080000 0.148272 0.000000
-0.017872 0.080000 0.149948 0.000000
-0.017872 0.080000 0.151623 0.000000
-0.017872 0.080000 0.153298 0.000000
-0.017872 0.080000 0.154974 0.000000
-0.017872 0.080000 0.156649 0.000000
-0.017872 0.080000 0.158325 0.000000
-0.017872 0.080000 0.160000 0.000000
-0.016170 0.080000 -0.160000 0.000000
-0.016170 0.080000 -0.158325 0.000000
-0.016170 0.080000 -0.156649 0.000000
-0.016170 0.080000 -0.154974 0.000000
-0.016170 0.080000 -0.153298 0.000000
-0.016170 0.080000 -0.151623 0.000000
-0.016170 0.080000 -0.149948 0.000000
-0.016170 0.080000 -0.148272 0.000000
-0.016170 0.080000 -0.146597 0.000000
-0.016170 0.080000 -0.144921 0.000000
-0.016170 0.080000 -0.143246 0.000000
-0.016170 0.080000 -0.141571 0.000000
-0.016170 0.080000 -0.139895 0.000000
-0.016170 0.080000 -0.138220 0.000000
-0.016170 0.080000 -0.136545 0.000000
-0.016170 0.080000 -0.134869 0.000000
-0.016170 0.080000 -0.133194 0.000000
-0.016170 0.080000 -0.131518 0.000000
-0.016170 0.080000 -0.129843 0.000000
-0.016170 0.080000 -0.128168 0.000000
-0.016170 0.080000 -0.126492 0.000000
-0.016170 0.080000 -0.124817 0.000000
-0.016170 0.080000 -0.123141 0.000000
-0.016170 0.080000 -0.121466 0.000000
-0.016170 0.080000 -0.119791 0.000000
-0.016170 0.080000 -0.118115 0.000000
-0.016170 0.080000 -0.116440 0.000000
-0.016170 0.080000 -0.114764 0.000000
-0.016170 0.080000 -0.113089 0.000000
-0.016170 0.080000 -0.111414 0.000000
-0.016170 0.080000 -0.109738 0.000000
-0.016170 0.080000 -0.108063 0.000000
-0.016170 0.080000 -0.106387 0.000000
-0.016170 0.080000 -0.104712 0.000000
-0.016170 0.080000 -0.103037 0.000000
-0.016170 0.080000 -0.101361 0.000000
-0.016170 0.080000 -0.099686 0.000000
-0.016170 0.080000 -0.098010 0.000000
-0.016170 0.080000 -0.096335 0.000000
-0.016170 0.080000 -0.094660 0.000000
-0.016170 0.080000 -0.092984 0.000000
-0.016170 0.080000 -0.091309 0.000000
-0.016170 0.080000 -0.089634 0.000000
-0.016170 0.080000 -0.087958 0.000000
-0.016170 0.080000 -0.086283 0.000000
-0.016170 0.080000 -0.084607 0.000000
-0.016170 0.080000 -0.082932 0.000000
-0.016170 0.080000 -0.081257 0.000000
-0.016170 0.080000 -0.079581 0.000000
-0.016170 0.080000 -0.077906 0.000000
-0.016170 0.080000 -0.076230 0.000000
-0.016170 0.080000 -0.074555 0.000000
-0.016170 0.080000 -0.072880 0.000000
-0.016170 0.080000 -0.071204 0.000000
-0.016170 0.080000 -0.069529 0.000000
-0.016170 0.080000 -0.067853 0.000000
-0.016170 0.080000 -0.066178 0.000000
-0.016170 0.080000 -0.064503 0.000000
-0.016170 0.080000 -0.062827 0.000000
-0.016170 0.080000 -0.061152 0.000000
-0.016170 0.080000 -0.059476 0.000000
-0.016170 0.080000 -0.057801 0.000000
-0.016170 0.080000 -0.056126 0.000000
-0.016170 0.080000 -0.054450 0.000000
-0.016170 0.080000 -0.052775 0.000000
-0.016170 0.080000 -0.051099 0.000000
-0.016170 0.080000 -0.049424 0.000000
-0.016170 0.080000 -0.047749 0.000000
-0.016170 0.080000 -0.046073 0.000000
-0.016170 0.080000 -0.044398 0.000000
-0.016170 0.080000 -0.042723 0.000000
-0.016170 0.080000 -0.041047 0.000000
-0.016170 0.080000 -0.039372 0.000000
-0.016170 0.080000 -0.037696 0.000000
-0.016170 0.080000 -0.036021 0.000000
-0.016170 0.080000 -0.034346 0.000000
-0.016170 0.080000 -0.032670 0.000000
-0.016170 0.080000 -0.030995 0.000000
-0.016170 0.080000 -0.029319 0.000000
-0.016170 0.080000 -0.027644 0.000000
-0.016170 0.080000 -0.025969 0.000000
-0.016170 0.080000 -0.024293 0.000000
-0.016170 0.080000 -0.022618 0.000000
-0.016170 0.080000 -0.020942 0.000000
-0.016170 0.080000 -0.019267 0.000000
-0.016170 0.080000 -0.017592 0.000000
-0.016170 0.080000 -0.015916 0.000000
-0.016170 0.080000 -0.014241 0.000000
-0.016170 0.080000 -0.012565 0.000000
-0.016170 0.080000 -0.010890 0.000000
-0.016170 0.080000 -0.009215 0.000000
-0.016170 0.080000 -0.007539 0.000000
-0.016170 0.080000 -0.005864 0.000000
-0.016170 0.080000 -0.004188 0.000000
-0.016170 0.080000 -0.002513 0.000000
-0.016170 0.080000 -0.000838 0.000000
-0.016170 0.080000 0.000838 0.000000
-0.016170 0.080000 0.002513 0.000000
-0.016170 0.080000 0.004188 0.000000
-0.016170 0.080000 0.005864 0.000000
-0.016170 0.080000 0.007539 0.000000
-0.016170 0.080000 0.009215 0.000000
-0.016170 0.080000 0.010890 0.000000
-0.016170 0.080000 0.012565 0.000000
-0.016170 0.080000 0.014241 0.000000
-0.016170 0.080000 0.015916 0.000000
-0.016170 0.080000 0.017592 0.000000
-0.016170 0.080000 0.019267 0.000000
-0.016170 0.080000 0.020942 0.000000
-0.016170 0.080000 0.022618 0.000000
-0.016170 0.080000 0.024293 0.000000
-0.016170 0.080000 0.025969 0.000000
-0.016170 0.080000 0.027644 0.000000
-0.016170 0.080000 0.029319 0.000000
-0.016170 0.080000 0.030995 0.000000
-0.016170 0.080000 0.032670 0.000000
-0.016170 0.080000 0.034346 0.000000
-0.016170 0.080000 0.036021 0.000000
-0.016170 0.080000 0.037696 0.000000
-0.016170 0.080000 0.039372 0.000000
-0.016170 0.080000 0.041047 0.000000
-0.016170 0.080000 0.042723 0.000000
-0.016170 0.080000 0.044398 0.000000
-0.016170 0.080000 0.046073 0.000000
-0.016170 0.080000 0.047749 0.000000
-0.016170 0.080000 0.049424 0.000000
-0.016170 0.080000 0.051099 0.000000
-0.016170 0.080000 0.052775 0.000000
-0.016170 0.080000 0.054450 0.000000
-0.016170 0.080000 0.056126 0.000000
-0.016170 0.080000 0.057801 0.000000
-0.016170 0.080000 0.059476 0.000000
-0.016170 0.080000 0.061152 0.000000
-0.016170 0.080000 0.062827 0.000000
-0.016170 0.080000 0.064503 0.000000
-0.016170 0.080000 0.066178 0.000000
-0.016170 0.080000 0.067853 0.000000
-0.016170 0.080000 0.069529 0.000000
-0.016170 0.080000 0.071204 0.000000
-0.016170 0.080000 0.072880 0.000000
-0.016170 0.080000 0.074555 0.000000
-0.016170 0.080000 0.076230 0.000000
-0.016170 0.080000 0.077906 0.000000
-0.016170 0.080000 0.079581 0.000000
-0.016170 0.080000 0.081257 0.000000
-0.016170 0.080000 0.082932 0.000000
-0.016170 0.080000 0.084607 0.000000
-0.016170 0.080000 0.086283 0.000000
-0.016170 0.080000 0.087958 0.000000
-0.016170 0.080000 0.089634 0.000000
-0.016170 0.080000 0.091309 0.000000
-0.016170 0.080000 0.092984 0.000000
-0.016170 0.080000 0.094660 0.000000
-0.016170 0.080000 0.096335 0.000000
-0.016170 0.080000 0.098010 0.000000
-0.016170 0.080000 0.099686 0.000000
-0.016170 0.080000 0.101361 0.000000
-0.016170 0.080000 0.103037 0.000000
-0.016170 0.080000 0.104712 0.000000
-0.016170 0.080000 0.106387 0.000000
-0.016170 0.080000 0.108063 0.000000
-0.016170 0.080000 0.109738 0.000000
-0.016170 0.080000 0.111414 0.000000
-0.016170 0.080000 0.113089 0.000000
-0.016170 0.080000 0.114764 0.000000
-0.016170 0.080000 0.116440 0.000000
-0.016170 0.080000 0.118115 0.000000
-0.016170 0.080000 0.119791 0.000000
-0.016170 0.080000 0.121466 0.000000
-0.016170 0.080000 0.123141 0.000000
-0.016170 0.080000 0.124817 0.000000
-0.016170 0.080000 0.126492 0.000000
-0.016170 0.080000 0.128168 0.000000
-0.016170 0.080000 0.129843 0.000000
-0.016170 0.080000 0.131518 0.000000
-0.016170 0.080000 0.133194 0.000000
-0.016170 0.080000 0.134869 0.000000
-0.016170 0.080000 0.136545 0.000000
-0.016170 0.080000 0.138220 0.000000
-0.016170 0.080000 0.139895 0.000000
-0.016170 0.080000 0.141571 0.000000
-0.016170 0.080000 0.143246 0.000000
-0.016170 0.080000 0.144921 0.000000
-0.016170 0.080000 0.146597 0.000000
-0.016170 0.080000 0.148272 0.000000
-0.016170 0.080000 0.149948 0.000000
-0.016170 0.080000 0.151623 0.000000
-0.016170 0.080000 0.153298 0.000000
-0.016170 0.080000 0.154974 0.000000
-0.016170 0.080000 0.156649 0.000000
-0.016170 0.080000 0.158325 0.000000
-0.016170 0.080000 0.160000 0.000000
-0.014468 0.080000 -0.160000 0.000000
-0.014468 0.080000 -0.158325 0.000000
-0.014468 0.080000 -0.156649 0.000000
-0.014468 0.080000 -0.154974 0.000000
-0.014468 0.080000 -0.153298 0.000000
-0.014468 0.080000 -0.151623 0.000000
-0.014468 0.080000 -0.149948 0.000000
-0.014468 0.080000 -0.148272 0.000000
-0.014468 0.080000 -0.146597 0.000000
-0.014468 0.080000 -0.144921 0.000000
-0.014468 0.080000 -0.143246 0.000000
-0.014468 0.080000 -0.141571 0.000000
-0.014468 0.080000 -0.139895 0.000000
-0.014468 0.080000 -0.138220 0.000000
-0.014468 0.080000 -0.136545 0.000000
-0.014468 0.080000 -0.134869 0.000000
-0.014468 0.080000 -0.133194 0.000000
-0.014468 0.080000 -0.131518 0.000000
-0.014468 0.080000 -0.129843 0.000000
-0.014468 0.080000 -0.128168 0.000000
-0.014468 0.080000 -0.126492 0.000000
-0.014468 0.080000 -0.124817 0.000000
-0.014468 0.080000 -0.123141 0.000000
-0.014468 0.080000 -0.121466 0.000000
-0.014468 0.080000 -0.119791 0.000000
-0.014468 0.080000 -0.118115 0.000000
-0.014468 0.080000 -0.116440 0.000000
-0.014468 0.080000 -0.114764 0.000000
-0.014468 0.080000 -0.113089 0.000000
-0.014468 0.080000 -0.111414 0.000000
-0.014468 0.080000 -0.109738 0.000000
-0.014468 0.080000 -0.108063 0.000000
-0.014468 0.080000 -0.106387 0.000000
-0.014468 0.080000 -0.104712 0.000000
-0.014468 0.080000 -0.103037 0.000000
-0.014468 0.080000 -0.101361 0.000000
-0.014468 0.080000 -0.099686 0.000000
-0.014468 0.080000 -0.098010 0.000000
-0.014468 0.080000 -0.096335 0.000000
-0.014468 0.080000 -0.094660 0.000000
-0.014468 0.080000 -0.092984 0.000000
-0.014468 0.080000 -0.091309 0.000000
-0.014468 0.080000 -0.089634 0.000000
-0.014468 0.080000 -0.087958 0.000000
-0.014468 0.080000 -0.086283 0.000000
-0.014468 0.080000 -0.084607 0.000000
-0.014468 0.080000 -0.082932 0.000000
-0.014468 0.080000 -0.081257 0.000000
-0.014468 0.080000 -0.079581 0.000000
-0.014468 0.080000 -0.077906 0.000000
-0.014468 0.080000 -0.076230 0.000000
-0.014468 0.080000 -0.074555 0.000000
-0.014468 0.080000 -0.072880 0.000000
-0.014468 0.080000 -0.071204 0.000000
-0.014468 0.080000 -0.069529 0.000000
-0.014468 0.080000 -0.067853 0.000000
-0.014468 0.080000 -0.066178 0.000000
-0.014468 0.080000 -0.064503 0.000000
-0.014468 0.080000 -0.062827 0.000000
-0.014468 0.080000 -0.061152 0.000000
-0.014468 0.080000 -0.059476 0.000000
-0.014468 0.080000 -0.057801 0.000000
-0.014468 0.080000 -0.056126 0.000000
-0.014468 0.080000 -0.054450 0.000000
-0.014468 0.080000 -0.052775 0.000000
-0.014468 0.080000 -0.051099 0.000000
-0.014468 0.080000 -0.049424 0.000000
-0.014468 0.080000 -0.047749 0.000000
-0.014468 0.080000 -0.046073 0.000000
-0.014468 0.080000 -0.044398 0.000000
-0.014468 0.080000 -0.042723 0.000000
-0.014468 0.080000 -0.041047 0.000000
-0.014468 0.080000 -0.039372 0.000000
-0.014468 0.080000 -0.037696 0.000000
-0.014468 0.080000 -0.036021 0.000000
-0.014468 0.080000 -0.034346 0.000000
-0.014468 0.080000 -0.032670 0.000000
-0.014468 0.080000 -0.030995 0.000000
-0.014468 0.080000 -0.029319 0.000000
-0.014468 0.080000 -0.027644 0.000000
-0.014468 0.080000 -0.025969 0.000000
-0.014468 0.080000 -0.024293 0.000000
-0.014468 0.080000 -0.022618 0.000000
-0.014468 0.080000 -0.020942 0.000000
-0.014468 0.080000 -0.019267 0.000000
-0.014468 0.080000 -0.017592 0.000000
-0.014468 0.080000 -0.015916 0.000000
-0.014468 0.080000 -0.014241 0.000000
-0.014468 0.080000 -0.012565 0.000000
-0.014468 0.080000 -0.010890 0.000000
-0.014468 0.080000 -0.009215 0.000000
-0.014468 0.080000 -0.007539 0.000000
-0.014468 0.080000 -0.005864 0.000000
-0.014468 0.080000 -0.004188 0.000000
-0.014468 0.080000 -0.002513 0.000000
-0.014468 0.080000 -0.000838 0.000000
-0.014468 0.080000 0.000838 0.000000
-0.014468 0.080000 0.002513 0.000000
-0.014468 0.080000 0.004188 0.000000
-0.014468 0.080000 0.005864 0.000000
-0.014468 0.080000 0.007539 0.000000
-0.014468 0.080000 0.009215 0.000000
-0.014468 0.080000 0.010890 0.000000
-0.014468 0.080000 0.012565 0.000000
-0.014468 0.080000 0.014241 0.000000
-0.014468 0.080000 0.015916 0.000000
-0.014468 0.080000 0.017592 0.000000
-0.014468 0.080000 0.019267 0.000000
-0.014468 0.080000 0.020942 0.000000
-0.014468 0.080000 0.022618 0.000000
-0.014468 0.080000 0.024293 0.000000
-0.014468 0.080000 0.025969 0.000000
-0.014468 0.080000 0.027644 0.000000
-0.014468 0.080000 0.029319 0.000000
-0.014468 0.080000 0.030995 0.000000
-0.014468 0.080000 0.032670 0.000000
-0.014468 0.080000 0.034346 0.000000
-0.014468 0.080000 0.036021 0.000000
-0.014468 0.080000 0.037696 0.000000
-0.014468 0.080000 0.039372 0.000000
-0.014468 0.080000 0.041047 0.000000
-0.014468 0.080000 0.042723 0.000000
-0.014468 0.080000 0.044398 0.000000
-0.014468 0.080000 0.046073 0.000000
-0.014468 0.080000 0.047749 0.000000
-0.014468 0.080000 0.049424 0.000000
-0.014468 0.080000 0.051099 0.000000
-0.014468 0.080000 0.052775 0.000000
-0.014468 0.080000 0.054450 0.000000
-0.014468 0.080000 0.056126 0.000000
-0.014468 0.080000 0.057801 0.000000
-0.014468 0.080000 0.059476 0.000000
-0.014468 0.080000 0.061152 0.000000
-0.014468 0.080000 0.062827 0.000000
-0.014468 0.080000 0.064503 0.000000
-0.014468 0.080000 0.066178 0.000000
-0.014468 0.080000 0.067853 0.000000
-0.014468 0.080000 0.069529 0.000000
-0.014468 0.080000 0.071204 0.000000
-0.014468 0.080000 0.072880 0.000000
-0.014468 0.080000 0.074555 0.000000
-0.014468 0.080000 0.076230 0.000000
-0.014468 0.080000 0.077906 0.000000
-0.014468 0.080000 0.079581 0.000000
-0.014468 0.080000 0.081257 0.000000
-0.014468 0.080000 0.082932 0.000000
-0.014468 0.080000 0.084607 0.000000
-0.014468 0.080000 0.086283 0.000000
-0.014468 0.080000 0.087958 0.000000
-0.014468 0.080000 0.089634 0.000000
-0.014468 0.080000 0.091309 0.000000
-0.014468 0.080000 0.092984 0.000000
-0.014468 0.080000 0.094660 0.000000
-0.014468 0.080000 0.096335 0.000000
-0.014468 0.080000 0.098010 0.000000
-0.014468 0.080000 0.099686 0.000000
-0.014468 0.080000 0.101361 0.000000
-0.014468 0.080000 0.103037 0.000000
-0.014468 0.080000 0.104712 0.000000
-0.014468 0.080000 0.106387 0.000000
-0.014468 0.080000 0.108063 0.000000
-0.014468 0.080000 0.109738 0.000000
-0.014468 0.080000 0.111414 0.000000
-0.014468 0.080000 0.113089 0.000000
-0.014468 0.080000 0.114764 0.000000
-0.014468 0.080000 0.116440 0.000000
-0.014468 0.080000 0.118115 0.000000
-0.014468 0.080000 0.119791 0.000000
-0.014468 0.080000 0.121466 0.000000
-0.014468 0.080000 0.123141 0.000000
-0.014468 0.080000 0.124817 0.000000
-0.014468 0.080000 0.126492 0.000000
-0.014468 0.080000 0.128168 0.000000
-0.014468 0.080000 0.129843 0.000000
-0.014468 0.080000 0.131518 0.000000
-0.014468 0.080000 0.133194 0.000000
-0.014468 0.080000 0.134869 0.000000
-0.014468 0.080000 0.136545 0.000000
-0.014468 0.080000 0.138220 0.000000
-0.014468 0.080000 0.139895 0.000000
-0.014468 0.080000 0.141571 0.000000
-0.014468 0.080000 0.143246 0.000000
-0.014468 0.080000 0.144921 0.000000
-0.014468 0.080000 0.146597 0.000000
-0.014468 0.080000 0.148272 0.000000
-0.014468 0.080000 0.149948 0.000000
-0.014468 0.080000 0.151623 0.000000
-0.014468 0.080000 0.153298 0.000000
-0.014468 0.080000 0.154974 0.000000
-0.014468 0.080000 0.156649 0.000000
-0.014468 0.080000 0.158325 0.000000
-0.014468 0.080000 0.160000 0.000000
-0.012766 0.080000 -0.160000 0.000000
-0.012766 0.080000 -0.158325 0.000000
-0.012766 0.080000 -0.156649 0.000000
-0.012766 0.080000 -0.154974 0.000000
-0.012766 0.080000 -0.153298 0.000000
-0.012766 0.080000 -0.151623 0.000000
-0.012766 0.080000 -0.149948 0.000000
-0.012766 0.080000 -0.148272 0.000000
-0.012766 0.080000 -0.146597 0.000000
-0.012766 0.080000 -0.144921 0.000000
-0.012766 0.080000 -0.143246 0.000000
-0.012766 0.080000 -0.141571 0.000000
-0.012766 0.080000 -0.139895 0.000000
-0.012766 0.080000 -0.138220 0.000000
-0.012766 0.080000 -0.136545 0.000000
-0.012766 0.080000 -0.134869 0.000000
-0.012766 0.080000 -0.133194 0.000000
-0.012766 0.080000 -0.131518 0.000000
-0.012766 0.080000 -0.129843 0.000000
-0.012766 0.080000 -0.128168 0.000000
-0.012766 0.080000 -0.126492 0.000000
-0.012766 0.080000 -0.124817 0.000000
-0.012766 0.080000 -0.123141 0.000000
-0.012766 0.080000 -0.121466 0.000000
-0.012766 0.080000 -0.119791 0.000000
-0.012766 0.080000 -0.118115 0.000000
-0.012766 0.080000 -0.116440 0.000000
-0.012766 0.080000 -0.114764 0.000000
-0.012766 0.080000 -0.113089 0.000000
-0.012766 0.080000 -0.111414 0.000000
-0.012766 0.080000 -0.109738 0.000000
-0.012766 0.080000 -0.108063 0.000000
-0.012766 0.080000 -0.106387 0.000000
-0.012766 0.080000 -0.104712 0.000000
-0.012766 0.080000 -0.103037 0.000000
-0.012766 0.080000 -0.101361 0.000000
-0.012766 0.080000 -0.099686 0.000000
-0.012766 0.080000 -0.098010 0.000000
-0.012766 0.080000 -0.096335 0.000000
-0.012766 0.080000 -0.094660 0.000000
-0.012766 0.080000 -0.092984 0.000000
-0.012766 0.080000 -0.091309 0.000000
-0.012766 0.080000 -0.089634 0.000000
-0.012766 0.080000 -0.087958 0.000000
-0.012766 0.080000 -0.086283 0.000000
-0.012766 0.080000 -0.084607 0.000000
-0.012766 0.080000 -0.082932 0.000000
-0.012766 0.080000 -0.081257 0.000000
-0.012766 0.080000 -0.079581 0.000000
-0.012766 0.080000 -0.077906 0.000000
-0.012766 0.080000 -0.076230 0.000000
-0.012766 0.080000 -0.074555 0.000000
-0.012766 0.080000 -0.072880 0.000000
-0.012766 0.080000 -0.071204 0.000000
-0.012766 0.080000 -0.069529 0.000000
-0.012766 0.080000 -0.067853 0.000000
-0.012766 0.080000 -0.066178 0.000000
-0.012766 0.080000 -0.064503 0.000000
-0.012766 0.080000 -0.062827 0.000000
-0.012766 0.080000 -0.061152 0.000000
-0.012766 0.080000 -0.059476 0.000000
-0.012766 0.080000 -0.057801 0.000000
-0.012766 0.080000 -0.056126 0.000000
-0.012766 0.080000 -0.054450 0.000000
-0.012766 0.080000 -0.052775 0.000000
-0.012766 0.080000 -0.051099 0.000000
-0.012766 0.080000 -0.049424 0.000000
-0.012766 0.080000 -0.047749 0.000000
-0.012766 0.080000 -0.046073 0.000000
-0.012766 0.080000 -0.044398 0.000000
-0.012766 0.080000 -0.042723 0.000000
-0.012766 0.080000 -0.041047 0.000000
-0.012766 0.080000 -0.039372 0.000000
-0.012766 0.080000 -0.037696 0.000000
-0.012766 0.080000 -0.036021 0.000000
-0.012766 0.080000 -0.034346 0.000000
-0.012766 0.080000 -0.032670 0.000000
-0.012766 0.080000 -0.030995 0.000000
-0.012766 0.080000 -0.029319 0.000000
-0.012766 0.080000 -0.027644 0.000000
-0.012766 0.080000 -0.025969 0.000000
-0.012766 0.080000 -0.024293 0.000000
-0.012766 0.080000 -0.022618 0.000000
-0.012766 0.080000 -0.020942 0.000000
-0.012766 0.080000 -0.019267 0.000000
-0.012766 0.080000 -0.017592 0.000000
-0.012766 0.080000 -0.015916 0.000000
-0.012766 0.080000 -0.014241 0.000000
-0.012766 0.080000 -0.012565 0.000000
-0.012766 0.080000 -0.010890 0.000000
-0.012766 0.080000 -0.009215 0.000000
-0.012766 0.080000 -0.007539 0.000000
-0.012766 0.080000 -0.005864 0.000000
-0.012766 0.080000 -0.004188 0.000000
-0.012766 0.080000 -0.002513 0.000000
-0.012766 0.080000 -0.000838 0.000000
-0.012766 0.080000 0.000838 0.000000
-0.012766 0.080000 0.002513 0.000000
-0.012766 0.080000 0.004188 0.000000
-0.012766 0.080000 0.005864 0.000000
-0.012766 0.080000 0.007539 0.000000
-0.012766 0.080000 0.009215 0.000000
-0.012766 0.080000 0.010890 0.000000
-0.012766 0.080000 0.012565 0.000000
-0.012766 0.080000 0.014241 0.000000
-0.012766 0.080000 0.015916 0.000000
-0.012766 0.080000 0.017592 0.000000
-0.012766 0.080000 0.019267 0.000000
-0.012766 0.080000 0.020942 0.000000
-0.012766 0.080000 0.022618 0.000000
-0.012766 0.080000 0.024293 0.000000
-0.012766 0.080000 0.025969 0.000000
-0.012766 0.080000 0.027644 0.000000
-0.012766 0.080000 0.029319 0.000000
-0.012766 0.080000 0.030995 0.000000
-0.012766 0.080000 0.032670 0.000000
-0.012766 0.080000 0.034346 0.000000
-0.012766 0.080000 0.036021 0.000000
-0.012766 0.080000 0.037696 0.000000
-0.012766 0.080000 0.039372 0.000000
-0.012766 0.080000 0.041047 0.000000
-0.012766 0.080000 0.042723 0.000000
-0.012766 0.080000 0.044398 0.000000
-0.012766 0.080000 0.046073 0.000000
-0.012766 0.080000 0.047749 0.000000
-0.012766 0.080000 0.049424 0.000000
-0.012766 0.080000 0.051099 0.000000
-0.012766 0.080000 0.052775 0.000000
-0.012766 0.080000 0.054450 0.000000
-0.012766 0.080000 0.056126 0.000000
-0.012766 0.080000 0.057801 0.000000
-0.012766 0.080000 0.059476 0.000000
-0.012766 0.080000 0.061152 0.000000
-0.012766 0.080000 0.062827 0.000000
-0.012766 0.080000 0.064503 0.000000
-0.012766 0.080000 0.066178 0.000000
-0.012766 0.080000 0.067853 0.000000
-0.012766 0.080000 0.069529 0.000000
-0.012766 0.080000 0.071204 0.000000
-0.012766 0.080000 0.072880 0.000000
-0.012766 0.080000 0.074555 0.000000
-0.012766 0.080000 0.076230 0.000000
-0.012766 0.080000 0.077906 0.000000
-0.012766 0.080000 0.079581 0.000000
-0.012766 0.080000 0.081257 0.000000
-0.012766 0.080000 0.082932 0.000000
-0.012766 0.080000 0.084607 0.000000
-0.012766 0.080000 0.086283 0.000000
-0.012766 0.080000 0.087958 0.000000
-0.012766 0.080000 0.089634 0.000000
-0.012766 0.080000 0.091309 0.000000
-0.012766 0.080000 0.092984 0.000000
-0.012766 0.080000 0.094660 0.000000
-0.012766 0.080000 0.096335 0.000000
-0.012766 0.080000 0.098010 0.000000
-0.012766 0.080000 0.099686 0.000000
-0.012766 0.080000 0.101361 0.000000
-0.012766 0.080000 0.103037 0.000000
-0.012766 0.080000 0.104712 0.000000
-0.012766 0.080000 0.106387 0.000000
-0.012766 0.080000 0.108063 0.000000
-0.012766 0.080000 0.109738 0.000000
-0.012766 0.080000 0.111414 0.000000
-0.012766 0.080000 0.113089 0.000000
-0.012766 0.080000 0.114764 0.000000
-0.012766 0.080000 0.116440 0.000000
-0.012766 0.080000 0.118115 0.000000
-0.012766 0.080000 0.119791 0.000000
-0.012766 0.080000 0.121466 0.000000
-0.012766 0.080000 0.123141 0.000000
-0.012766 0.080000 0.124817 0.000000
-0.012766 0.080000 0.126492 0.000000
-0.012766 0.080000 0.128168 0.000000
-0.012766 0.080000 0.129843 0.000000
-0.012766 0.080000 0.131518 0.000000
-0.012766 0.080000 0.133194 0.000000
-0.012766 0.080000 0.134869 0.000000
-0.012766 0.080000 0.136545 0.000000
-0.012766 0.080000 0.138220 0.000000
-0.012766 0.080000 0.139895 0.000000
-0.012766 0.080000 0.141571 0.000000
-0.012766 0.080000 0.143246 0.000000
-0.012766 0.080000 0.144921 0.000000
-0.012766 0.080000 0.146597 0.000000
-0.012766 0.080000 0.148272 0.000000
-0.012766 0.080000 0.149948 0.000000
-0.012766 0.080000 0.151623 0.000000
-0.012766 0.080000 0.153298 0.000000
-0.012766 0.080000 0.154974 0.000000
-0.012766 0.080000 0.156649 0.000000
-0.012766 0.080000 0.158325 0.000000
-0.012766 0.080000 0.160000 0.000000
-0.011064 0.080000 -0.160000 0.000000
-0.011064 0.080000 -0.158325 0.000000
-0.011064 0.080000 -0.156649 0.000000
-0.011064 0.080000 -0.154974 0.000000
-0.011064 0.080000 -0.153298 0.000000
-0.011064 0.080000 -0.151623 0.000000
-0.011064 0.080000 -0.149948 0.000000
-0.011064 0.080000 -0.148272 0.000000
-0.011064 0.080000 -0.146597 0.000000
-0.011064 0.080000 -0.144921 0.000000
-0.011064 0.080000 -0.143246 0.000000
-0.011064 0.080000 -0.141571 0.000000
-0.011064 0.080000 -0.139895 0.000000
-0.011064 0.080000 -0.138220 0.000000
-0.011064 0.080000 -0.136545 0.000000
-0.011064 0.080000 -0.134869 0.000000
-0.011064 0.080000 -0.133194 0.000000
-0.011064 0.080000 -0.131518 0.000000
-0.011064 0.080000 -0.129843 0.000000
-0.011064 0.080000 -0.128168 0.000000
-0.011064 0.080000 -0.126492 0.000000
-0.011064 0.080000 -0.124817 0.000000
-0.011064 0.080000 -0.123141 0.000000
-0.011064 0.080000 -0.121466 0.000000
-0.011064 0.080000 -0.119791 0.000000
-0.011064 0.080000 -0.118115 0.000000
-0.011064 0.080000 -0.116440 0.000000
-0.011064 0.080000 -0.114764 0.000000
-0.011064 0.080000 -0.113089 0.000000
-0.011064 0.080000 -0.111414 0.000000
-0.011064 0.080000 -0.109738 0.000000
-0.011064 0.080000 -0.108063 0.000000
-0.011064 0.080000 -0.106387 0.000000
-0.011064 0.080000 -0.104712 0.000000
-0.011064 0.080000 -0.103037 0.000000
-0.011064 0.080000 -0.101361 0.000000
-0.011064 0.080000 -0.099686 0.000000
-0.011064 0.080000 -0.098010 0.000000
-0.011064 0.080000 -0.096335 0.000000
-0.011064 0.080000 -0.094660 0.000000
-0.011064 0.080000 -0.092984 0.000000
-0.011064 0.080000 -0.091309 0.000000
-0.011064 0.080000 -0.089634 0.000000
-0.011064 0.080000 -0.087958 0.000000
-0.011064 0.080000 -0.086283 0.000000
-0.011064 0.080000 -0.084607 0.000000
-0.011064 0.080000 -0.082932 0.000000
-0.011064 0.080000 -0.081257 0.000000
-0.011064 0.080000 -0.079581 0.000000
-0.011064 0.080000 -0.077906 0.000000
-0.011064 0.080000 -0.076230 0.000000
-0.011064 0.080000 -0.074555 0.000000
-0.011064 0.080000 -0.072880 0.000000
-0.011064 0.080000 -0.071204 0.000000
-0.011064 0.080000 -0.069529 0.000000
-0.011064 0.080000 -0.067853 0.000000
-0.011064 0.080000 -0.066178 0.000000
-0.011064 0.080000 -0.064503 0.000000
-0.011064 0.080000 -0.062827 0.000000
-0.011064 0.080000 -0.061152 0.000000
-0.011064 0.080000 -0.059476 0.000000
-0.011064 0.080000 -0.057801 0.000000
-0.011064 0.080000 -0.056126 0.000000
-0.011064 0.080000 -0.054450 0.000000
-0.011064 0.080000 -0.052775 0.000000
-0.011064 0.080000 -0.051099 0.000000
-0.011064 0.080000 -0.049424 0.000000
-0.011064 0.080000 -0.047749 0.000000
-0.011064 0.080000 -0.046073 0.000000
-0.011064 0.080000 -0.044398 0.000000
-0.011064 0.080000 -0.042723 0.000000
-0.011064 0.080000 -0.041047 0.000000
-0.011064 0.080000 -0.039372 0.000000
-0.011064 0.080000 -0.037696 0.000000
-0.011064 0.080000 -0.036021 0.000000
-0.011064 0.080000 -0.034346 0.000000
-0.011064 0.080000 -0.032670 0.000000
-0.011064 0.080000 -0.030995 0.000000
-0.011064 0.080000 -0.029319 0.000000
-0.011064 0.080000 -0.027644 0.000000
-0.011064 0.080000 -0.025969 0.000000
-0.011064 0.080000 -0.024293 0.000000
-0.011064 0.080000 -0.022618 0.000000
-0.011064 0.080000 -0.020942 0.000000
-0.011064 0.080000 -0.019267 0.000000
-0.011064 0.080000 -0.017592 0.000000
-0.011064 0.080000 -0.015916 0.000000
-0.011064 0.080000 -0.014241 0.000000
-0.011064 0.080000 -0.012565 0.000000
-0.011064 0.080000 -0.010890 0.000000
-0.011064 0.080000 -0.009215 0.000000
-0.011064 0.080000 -0.007539 0.000000
-0.011064 0.080000 -0.005864 0.000000
-0.011064 0.080000 -0.004188 0.000000
-0.011064 0.080000 -0.002513 0.000000
-0.011064 0.080000 -0.000838 0.000000
-0.011064 0.080000 0.000838 0.000000
-0.011064 0.080000 0.002513 0.000000
-0.011064 0.080000 0.004188 0.000000
-0.011064 0.080000 0.005864 0.000000
-0.011064 0.080000 0.007539 0.000000
-0.011064 0.080000 0.009215 0.000000
-0.011064 0.080000 0.010890 0.000000
-0.011064 0.080000 0.012565 0.000000
-0.011064 0.080000 0.014241 0.000000
-0.011064 0.080000 0.015916 0.000000
-0.011064 0.080000 0.017592 0.000000
-0.011064 0.080000 0.019267 0.000000
-0.011064 0.080000 0.020942 0.000000
-0.011064 0.080000 0.022618 0.000000
-0.011064 0.080000 0.024293 0.000000
-0.011064 0.080000 0.025969 0.000000
-0.011064 0.080000 0.027644 0.000000
-0.011064 0.080000 0.029319 0.000000
-0.011064 0.080000 0.030995 0.000000
-0.011064 0.080000 0.032670 0.000000
-0.011064 0.080000 0.034346 0.000000
-0.011064 0.080000 0.036021 0.000000
-0.011064 0.080000 0.037696 0.000000
-0.011064 0.080000 0.039372 0.000000
-0.011064 0.080000 0.041047 0.000000
-0.011064 0.080000 0.042723 0.000000
-0.011064 0.080000 0.044398 0.000000
-0.011064 0.080000 0.046073 0.000000
-0.011064 0.080000 0.047749 0.000000
-0.011064 0.080000 0.049424 0.000000
-0.011064 0.080000 0.051099 0.000000
-0.011064 0.080000 0.052775 0.000000
-0.011064 0.080000 0.054450 0.000000
-0.011064 0.080000 0.056126 0.000000
-0.011064 0.080000 0.057801 0.000000
-0.011064 0.080000 0.059476 0.000000
-0.011064 0.080000 0.061152 0.000000
-0.011064 0.080000 0.062827 0.000000
-0.011064 0.080000 0.064503 0.000000
-0.011064 0.080000 0.066178 0.000000
-0.011064 0.080000 0.067853 0.000000
-0.011064 0.080000 0.069529 0.000000
-0.011064 0.080000 0.071204 0.000000
-0.011064 0.080000 0.072880 0.000000
-0.011064 0.080000 0.074555 0.000000
-0.011064 0.080000 0.076230 0.000000
-0.011064 0.080000 0.077906 0.000000
-0.011064 0.080000 0.079581 0.000000
-0.011064 0.080000 0.081257 0.000000
-0.011064 0.080000 0.082932 0.000000
-0.011064 0.080000 0.084607 0.000000
-0.011064 0.080000 0.086283 0.000000
-0.011064 0.080000 0.087958 0.000000
-0.011064 0.080000 0.089634 0.000000
-0.011064 0.080000 0.091309 0.000000
-0.011064 0.080000 0.092984 0.000000
-0.011064 0.080000 0.094660 0.000000
-0.011064 0.080000 0.096335 0.000000
-0.011064 0.080000 0.098010 0.000000
-0.011064 0.080000 0.099686 0.000000
-0.011064 0.080000 0.101361 0.000000
-0.011064 0.080000 0.103037 0.000000
-0.011064 0.080000 0.104712 0.000000
-0.011064 0.080000 0.106387 0.000000
-0.011064 0.080000 0.108063 0.000000
-0.011064 0.080000 0.109738 0.000000
-0.011064 0.080000 0.111414 0.000000
-0.011064 0.080000 0.113089 0.000000
-0.011064 0.080000 0.114764 0.000000
-0.011064 0.080000 0.116440 0.000000
-0.011064 0.080000 0.118115 0.000000
-0.011064 0.080000 0.119791 0.000000
-0.011064 0.080000 0.121466 0.000000
-0.011064 0.080000 0.123141 0.000000
-0.011064 0.080000 0.124817 0.000000
-0.011064 0.080000 0.126492 0.000000
-0.011064 0.080000 0.128168 0.000000
-0.011064 0.080000 0.129843 0.000000
-0.011064 0.080000 0.131518 0.000000
-0.011064 0.080000 0.133194 0.000000
-0.011064 0.080000 0.134869 0.000000
-0.011064 0.080000 0.136545 0.000000
-0.011064 0.080000 0.138220 0.000000
-0.011064 0.080000 0.139895 0.000000
-0.011064 0.080000 0.141571 0.000000
-0.011064 0.080000 0.143246 0.000000
-0.011064 0.080000 0.144921 0.000000
-0.011064 0.080000 0.146597 0.000000
-0.011064 0.080000 0.148272 0.000000
-0.011064 0.080000 0.149948 0.000000
-0.011064 0.080000 0.151623 0.000000
-0.011064 0.080000 0.153298 0.000000
-0.011064 0.080000 0.154974 0.000000
-0.011064 0.080000 0.156649 0.000000
-0.011064 0.080000 0.158325 0.000000
-0.011064 0.080000 0.160000 0.000000
-0.009362 0.080000 -0.160000 0.000000
-0.009362 0.080000 -0.158325 0.000000
-0.009362 0.080000 -0.156649 0.000000
-0.009362 0.080000 -0.154974 0.000000
-0.009362 0.080000 -0.153298 0.000000
-0.009362 0.080000 -0.151623 0.000000
-0.009362 0.080000 -0.149948 0.000000
-0.009362 0.080000 -0.148272 0.000000
-0.009362 0.080000 -0.146597 0.000000
-0.009362 0.080000 -0.144921 0.000000
-0.009362 0.080000 -0.143246 0.000000
-0.009362 0.080000 -0.141571 0.000000
-0.009362 0.080000 -0.139895 0.000000
-0.009362 0.080000 -0.138220 0.000000
-0.009362 0.080000 -0.136545 0.000000
-0.009362 0.080000 -0.134869 0.000000
-0.009362 0.080000 -0.133194 0.000000
-0.009362 0.080000 -0.131518 0.000000
-0.009362 0.080000 -0.129843 0.000000
-0.009362 0.080000 -0.128168 0.000000
-0.009362 0.080000 -0.126492 0.000000
-0.009362 0.080000 -0.124817 0.000000
-0.009362 0.080000 -0.123141 0.000000
-0.009362 0.080000 -0.121466 0.000000
-0.009362 0.080000 -0.119791 0.000000
-0.009362 0.080000 -0.118115 0.000000
-0.009362 0.080000 -0.116440 0.000000
-0.009362 0.080000 -0.114764 0.000000
-0.009362 0.080000 -0.113089 0.000000
-0.009362 0.080000 -0.111414 0.000000
-0.009362 0.080000 -0.109738 0.000000
-0.009362 0.080000 -0.108063 0.000000
-0.009362 0.080000 -0.106387 0.000000
-0.009362 0.080000 -0.104712 0.000000
-0.009362 0.080000 -0.103037 0.000000
-0.009362 0.080000 -0.101361 0.000000
-0.009362 0.080000 -0.099686 0.000000
-0.009362 0.080000 -0.098010 0.000000
-0.009362 0.080000 -0.096335 0.000000
-0.009362 0.080000 -0.094660 0.000000
-0.009362 0.080000 -0.092984 0.000000
-0.009362 0.080000 -0.091309 0.000000
-0.009362 0.080000 -0.089634 0.000000
-0.009362 0.080000 -0.087958 0.000000
-0.009362 0.080000 -0.086283 0.000000
-0.009362 0.080000 -0.084607 0.000000
-0.009362 0.080000 -0.082932 0.000000
-0.009362 0.080000 -0.081257 0.000000
-0.009362 0.080000 -0.079581 0.000000
-0.009362 0.080000 -0.077906 0.000000
-0.009362 0.080000 -0.076230 0.000000
-0.009362 0.080000 -0.074555 0.000000
-0.009362 0.080000 -0.072880 0.000000
-0.009362 0.080000 -0.071204 0.000000
-0.009362 0.080000 -0.069529 0.000000
-0.009362 0.080000 -0.067853 0.000000
-0.009362 0.080000 -0.066178 0.000000
-0.009362 0.080000 -0.064503 0.000000
-0.009362 0.080000 -0.062827 0.000000
-0.009362 0.080000 -0.061152 0.000000
-0.009362 0.080000 -0.059476 0.000000
-0.009362 0.080000 -0.057801 0.000000
-0.009362 0.080000 -0.056126 0.000000
-0.009362 0.080000 -0.054450 0.000000
-0.009362 0.080000 -0.052775 0.000000
-0.009362 0.080000 -0.051099 0.000000
-0.009362 0.080000 -0.049424 0.000000
-0.009362 0.080000 -0.047749 0.000000
-0.009362 0.080000 -0.046073 0.000000
-0.009362 0.080000 -0.044398 0.000000
-0.009362 0.080000 -0.042723 0.000000
-0.009362 0.080000 -0.041047 0.000000
-0.009362 0.080000 -0.039372 0.000000
-0.009362 0.080000 -0.037696 0.000000
-0.009362 0.080000 -0.036021 0.000000
-0.009362 0.080000 -0.034346 0.000000
-0.009362 0.080000 -0.032670 0.000000
-0.009362 0.080000 -0.030995 0.000000
-0.009362 0.080000 -0.029319 0.000000
-0.009362 0.080000 -0.027644 0.000000
-0.009362 0.080000 -0.025969 0.000000
-0.009362 0.080000 -0.024293 0.000000
-0.009362 0.080000 -0.022618 0.000000
-0.009362 0.080000 -0.020942 0.000000
-0.009362 0.080000 -0.019267 0.000000
-0.009362 0.080000 -0.017592 0.000000
-0.009362 0.080000 -0.015916 0.000000
-0.009362 0.080000 -0.014241 0.000000
-0.009362 0.080000 -0.012565 0.000000
-0.009362 0.080000 -0.010890 0.000000
-0.009362 0.080000 -0.009215 0.000000
-0.009362 0.080000 -0.007539 0.000000
-0.009362 0.080000 -0.005864 0.000000
-0.009362 0.080000 -0.004188 0.000000
-0.009362 0.080000 -0.002513 0.000000
-0.009362 0.080000 -0.000838 0.000000
-0.009362 0.080000 0.000838 0.000000
-0.009362 0.080000 0.002513 0.000000
-0.009362 0.080000 0.004188 0.000000
-0.009362 0.080000 0.005864 0.000000
-0.009362 0.080000 0.007539 0.000000
-0.009362 0.080000 0.009215 0.000000
-0.009362 0.080000 0.010890 0.000000
-0.009362 0.080000 0.012565 0.000000
-0.009362 0.080000 0.014241 0.000000
-0.009362 0.080000 0.015916 0.000000
-0.009362 0.080000 0.017592 0.000000
-0.009362 0.080000 0.019267 0.000000
-0.009362 0.080000 0.020942 0.000000
-0.009362 0.080000 0.022618 0.000000
-0.009362 0.080000 0.024293 0.000000
-0.009362 0.080000 0.025969 0.000000
-0.009362 0.080000 0.027644 0.000000
-0.009362 0.080000 0.029319 0.000000
-0.009362 0.080000 0.030995 0.000000
-0.009362 0.080000 0.032670 0.000000
-0.009362 0.080000 0.034346 0.000000
-0.009362 0.080000 0.036021 0.000000
-0.009362 0.080000 0.037696 0.000000
-0.009362 0.080000 0.039372 0.000000
-0.009362 0.080000 0.041047 0.000000
-0.009362 0.080000 0.042723 0.000000
-0.009362 0.080000 0.044398 0.000000
-0.009362 0.080000 0.046073 0.000000
-0.009362 0.080000 0.047749 0.000000
-0.009362 0.080000 0.049424 0.000000
-0.009362 0.080000 0.051099 0.000000
-0.009362 0.080000 0.052775 0.000000
-0.009362 0.080000 0.054450 0.000000
-0.009362 0.080000 0.056126 0.000000
-0.009362 0.080000 0.057801 0.000000
-0.009362 0.080000 0.059476 0.000000
-0.009362 0.080000 0.061152 0.000000
-0.009362 0.080000 0.062827 0.000000
-0.009362 0.080000 0.064503 0.000000
-0.009362 0.080000 0.066178 0.000000
-0.009362 0.080000 0.067853 0.000000
-0.009362 0.080000 0.069529 0.000000
-0.009362 0.080000 0.071204 0.000000
-0.009362 0.080000 0.072880 0.000000
-0.009362 0.080000 0.074555 0.000000
-0.009362 0.080000 0.076230 0.000000
-0.009362 0.080000 0.077906 0.000000
-0.009362 0.080000 0.079581 0.000000
-0.009362 0.080000 0.081257 0.000000
-0.009362 0.080000 0.082932 0.000000
-0.009362 0.080000 0.084607 0.000000
-0.009362 0.080000 0.086283 0.000000
-0.009362 0.080000 0.087958 0.000000
-0.009362 0.080000 0.089634 0.000000
-0.009362 0.080000 0.091309 0.000000
-0.009362 0.080000 0.092984 0.000000
-0.009362 0.080000 0.094660 0.000000
-0.009362 0.080000 0.096335 0.000000
-0.009362 0.080000 0.098010 0.000000
-0.009362 0.080000 0.099686 0.000000
-0.009362 0.080000 0.101361 0.000000
-0.009362 0.080000 0.103037 0.000000
-0.009362 0.080000 0.104712 0.000000
-0.009362 0.080000 0.106387 0.000000
-0.009362 0.080000 0.108063 0.000000
-0.009362 0.080000 0.109738 0.000000
-0.009362 0.080000 0.111414 0.000000
-0.009362 0.080000 0.113089 0.000000
-0.009362 0.080000 0.114764 0.000000
-0.009362 0.080000 0.116440 0.000000
-0.009362 0.080000 0.118115 0.000000
-0.009362 0.080000 0.119791 0.000000
-0.009362 0.080000 0.121466 0.000000
-0.009362 0.080000 0.123141 0.000000
-0.009362 0.080000 0.124817 0.000000
-0.009362 0.080000 0.126492 0.000000
-0.009362 0.080000 0.128168 0.000000
-0.009362 0.080000 0.129843 0.000000
-0.009362 0.080000 0.131518 0.000000
-0.009362 0.080000 0.133194 0.000000
-0.009362 0.080000 0.134869 0.000000
-0.009362 0.080000 0.136545 0.000000
-0.009362 0.080000 0.138220 0.000000
-0.009362 0.080000 0.139895 0.000000
-0.009362 0.080000 0.141571 0.000000
-0.009362 0.080000 0.143246 0.000000
-0.009362 0.080000 0.144921 0.000000
-0.009362 0.080000 0.146597 0.000000
-0.009362 0.080000 0.148272 0.000000
-0.009362 0.080000 0.149948 0.000000
-0.009362 0.080000 0.151623 0.000000
-0.009362 0.080000 0.153298 0.000000
-0.009362 0.080000 0.154974 0.000000
-0.009362 0.080000 0.156649 0.000000
-0.009362 0.080000 0.158325 0.000000
-0.009362 0.080000 0.160000 0.000000
-0.007660 0.080000 -0.160000 0.000000
-0.007660 0.080000 -0.158325 0.000000
-0.007660 0.080000 -0.156649 0.000000
-0.007660 0.080000 -0.154974 0.000000
-0.007660 0.080000 -0.153298 0.000000
-0.007660 0.080000 -0.151623 0.000000
-0.007660 0.080000 -0.149948 0.000000
-0.007660 0.080000 -0.148272 0.000000
-0.007660 0.080000 -0.146597 0.000000
-0.007660 0.080000 -0.144921 0.000000
-0.007660 0.080000 -0.143246 0.000000
-0.007660 0.080000 -0.141571 0.000000
-0.007660 0.080000 -0.139895 0.000000
-0.007660 0.080000 -0.138220 0.000000
-0.007660 0.080000 -0.136545 0.000000
-0.007660 0.080000 -0.134869 0.000000
-0.007660 0.080000 -0.133194 0.000000
-0.007660 0.080000 -0.131518 0.000000
-0.007660 0.080000 -0.129843 0.000000
-0.007660 0.080000 -0.128168 0.000000
-0.007660 0.080000 -0.126492 0.000000
-0.007660 0.080000 -0.124817 0.000000
-0.007660 0.080000 -0.123141 0.000000
-0.007660 0.080000 -0.121466 0.000000
-0.007660 0.080000 -0.119791 0.000000
-0.007660 0.080000 -0.118115 0.000000
-0.007660 0.080000 -0.116440 0.000000
-0.007660 0.080000 -0.114764 0.000000
-0.007660 0.080000 -0.113089 0.000000
-0.007660 0.080000 -0.111414 0.000000
-0.007660 0.080000 -0.109738 0.000000
-0.007660 0.080000 -0.108063 0.000000
-0.007660 0.080000 -0.106387 0.000000
-0.007660 0.080000 -0.104712 0.000000
-0.007660 0.080000 -0.103037 0.000000
-0.007660 0.080000 -0.101361 0.000000
-0.007660 0.080000 -0.099686 0.000000
-0.007660 0.080000 -0.098010 0.000000
-0.007660 0.080000 -0.096335 0.000000
-0.007660 0.080000 -0.094660 0.000000
-0.007660 0.080000 -0.092984 0.000000
-0.007660 0.080000 -0.091309 0.000000
-0.007660 0.080000 -0.089634 0.000000
-0.007660 0.080000 -0.087958 0.000000
-0.007660 0.080000 -0.086283 0.000000
-0.007660 0.080000 -0.084607 0.000000
-0.007660 0.080000 -0.082932 0.000000
-0.007660 0.080000 -0.081257 0.000000
-0.007660 0.080000 -0.079581 0.000000
-0.007660 0.080000 -0.077906 0.000000
-0.007660 0.080000 -0.076230 0.000000
-0.007660 0.080000 -0.074555 0.000000
-0.007660 0.080000 -0.072880 0.000000
-0.007660 0.080000 -0.071204 0.000000
-0.007660 0.080000 -0.069529 0.000000
-0.007660 0.080000 -0.067853 0.000000
-0.007660 0.080000 -0.066178 0.000000
-0.007660 0.080000 -0.064503 0.000000
-0.007660 0.080000 -0.062827 0.000000
-0.007660 0.080000 -0.061152 0.000000
-0.007660 0.080000 -0.059476 0.000000
-0.007660 0.080000 -0.057801 0.000000
-0.007660 0.080000 -0.056126 0.000000
-0.007660 0.080000 -0.054450 0.000000
-0.007660 0.080000 -0.052775 0.000000
-0.007660 0.080000 -0.051099 0.000000
-0.007660 0.080000 -0.049424 0.000000
-0.007660 0.080000 -0.047749 0.000000
-0.007660 0.080000 -0.046073 0.000000
-0.007660 0.080000 -0.044398 0.000000
-0.007660 0.080000 -0.042723 0.000000
-0.007660 0.080000 -0.041047 0.000000
-0.007660 0.080000 -0.039372 0.000000
-0.007660 0.080000 -0.037696 0.000000
-0.007660 0.080000 -0.036021 0.000000
-0.007660 0.080000 -0.034346 0.000000
-0.007660 0.080000 -0.032670 0.000000
-0.007660 0.080000 -0.030995 0.000000
-0.007660 0.080000 -0.029319 0.000000
-0.007660 0.080000 -0.027644 0.000000
-0.007660 0.080000 -0.025969 0.000000
-0.007660 0.080000 -0.024293 0.000000
-0.007660 0.080000 -0.022618 0.000000
-0.007660 0.080000 -0.020942 0.000000
-0.007660 0.080000 -0.019267 0.000000
-0.007660 0.080000 -0.017592 0.000000
-0.007660 0.080000 -0.015916 0.000000
-0.007660 0.080000 -0.014241 0.000000
-0.007660 0.080000 -0.012565 0.000000
-0.007660 0.080000 -0.010890 0.000000
-0.007660 0.080000 -0.009215 0.000000
-0.007660 0.080000 -0.007539 0.000000
-0.007660 0.080000 -0.005864 0.000000
-0.007660 0.080000 -0.004188 0.000000
-0.007660 0.080000 -0.002513 0.000000
-0.007660 0.080000 -0.000838 0.000000
-0.007660 0.080000 0.000838 0.000000
-0.007660 0.080000 0.002513 0.000000
-0.007660 0.080000 0.004188 0.000000
-0.007660 0.080000 0.005864 0.000000
-0.007660 0.080000 0.007539 0.000000
-0.007660 0.080000 0.009215 0.000000
-0.007660 0.080000 0.010890 0.000000
-0.007660 0.080000 0.012565 0.000000
-0.007660 0.080000 0.014241 0.000000
-0.007660 0.080000 0.015916 0.000000
-0.007660 0.080000 0.017592 0.000000
-0.007660 0.080000 0.019267 0.000000
-0.007660 0.080000 0.020942 0.000000
-0.007660 0.080000 0.022618 0.000000
-0.007660 0.080000 0.024293 0.000000
-0.007660 0.080000 0.025969 0.000000
-0.007660 0.080000 0.027644 0.000000
-0.007660 0.080000 0.029319 0.000000
-0.007660 0.080000 0.030995 0.000000
-0.007660 0.080000 0.032670 0.000000
-0.007660 0.080000 0.034346 0.000000
-0.007660 0.080000 0.036021 0.000000
-0.007660 0.080000 0.037696 0.000000
-0.007660 0.080000 0.039372 0.000000
-0.007660 0.080000 0.041047 0.000000
-0.007660 0.080000 0.042723 0.000000
-0.007660 0.080000 0.044398 0.000000
-0.007660 0.080000 0.046073 0.000000
-0.007660 0.080000 0.047749 0.000000
-0.007660 0.080000 0.049424 0.000000
-0.007660 0.080000 0.051099 0.000000
-0.007660 0.080000 0.052775 0.000000
-0.007660 0.080000 0.054450 0.000000
-0.007660 0.080000 0.056126 0.000000
-0.007660 0.080000 0.057801 0.000000
-0.007660 0.080000 0.059476 0.000000
-0.007660 0.080000 0.061152 0.000000
-0.007660 0.080000 0.062827 0.000000
-0.007660 0.080000 0.064503 0.000000
-0.007660 0.080000 0.066178 0.000000
-0.007660 0.080000 0.067853 0.000000
-0.007660 0.080000 0.069529 0.000000
-0.007660 0.080000 0.071204 0.000000
-0.007660 0.080000 0.072880 0.000000
-0.007660 0.080000 0.074555 0.000000
-0.007660 0.080000 0.076230 0.000000
-0.007660 0.080000 0.077906 0.000000
-0.007660 0.080000 0.079581 0.000000
-0.007660 0.080000 0.081257 0.000000
-0.007660 0.080000 0.082932 0.000000
-0.007660 0.080000 0.084607 0.000000
-0.007660 0.080000 0.086283 0.000000
-0.007660 0.080000 0.087958 0.000000
-0.007660 0.080000 0.089634 0.000000
-0.007660 0.080000 0.091309 0.000000
-0.007660 0.080000 0.092984 0.000000
-0.007660 0.080000 0.094660 0.000000
-0.007660 0.080000 0.096335 0.000000
-0.007660 0.080000 0.098010 0.000000
-0.007660 0.080000 0.099686 0.000000
-0.007660 0.080000 0.101361 0.000000
-0.007660 0.080000 0.103037 0.000000
-0.007660 0.080000 0.104712 0.000000
-0.007660 0.080000 0.106387 0.000000
-0.007660 0.080000 0.108063 0.000000
-0.007660 0.080000 0.109738 0.000000
-0.007660 0.080000 0.111414 0.000000
-0.007660 0.080000 0.113089 0.000000
-0.007660 0.080000 0.114764 0.000000
-0.007660 0.080000 0.116440 0.000000
-0.007660 0.080000 0.118115 0.000000
-0.007660 0.080000 0.119791 0.000000
-0.007660 0.080000 0.121466 0.000000
-0.007660 0.080000 0.123141 0.000000
-0.007660 0.080000 0.124817 0.000000
-0.007660 0.080000 0.126492 0.000000
-0.007660 0.080000 0.128168 0.000000
-0.007660 0.080000 0.129843 0.000000
-0.007660 0.080000 0.131518 0.000000
-0.007660 0.080000 0.133194 0.000000
-0.007660 0.080000 0.134869 0.000000
-0.007660 0.080000 0.136545 0.000000
-0.007660 0.080000 0.138220 0.000000
-0.007660 0.080000 0.139895 0.000000
-0.007660 0.080000 0.141571 0.000000
-0.007660 0.080000 0.143246 0.000000
-0.007660 0.080000 0.144921 0.000000
-0.007660 0.080000 0.146597 0.000000
-0.007660 0.080000 0.148272 0.000000
-0.007660 0.080000 0.149948 0.000000
-0.007660 0.080000 0.151623 0.000000
-0.007660 0.080000 0.153298 0.000000
-0.007660 0.080000 0.154974 0.000000
-0.007660 0.080000 0.156649 0.000000
-0.007660 0.080000 0.158325 0.000000
-0.007660 0.080000 0.160000 0.000000
-0.005957 0.080000 -0.160000 0.000000
-0.005957 0.080000 -0.158325 0.000000
-0.005957 0.080000 -0.156649 0.000000
-0.005957 0.080000 -0.154974 0.000000
-0.005957 0.080000 -0.153298 0.000000
-0.005957 0.080000 -0.151623 0.000000
-0.005957 0.080000 -0.149948 0.000000
-0.005957 0.080000 -0.148272 0.000000
-0.005957 0.080000 -0.146597 0.000000
-0.005957 0.080000 -0.144921 0.000000
-0.005957 0.080000 -0.143246 0.000000
-0.005957 0.080000 -0.141571 0.000000
-0.005957 0.080000 -0.139895 0.000000
-0.005957 0.080000 -0.138220 0.000000
-0.005957 0.080000 -0.136545 0.000000
-0.005957 0.080000 -0.134869 0.000000
-0.005957 0.080000 -0.133194 0.000000
-0.005957 0.080000 -0.131518 0.000000
-0.005957 0.080000 -0.129843 0.000000
-0.005957 0.080000 -0.128168 0.000000
-0.005957 0.080000 -0.126492 0.000000
-0.005957 0.080000 -0.124817 0.000000
-0.005957 0.080000 -0.123141 0.000000
-0.005957 0.080000 -0.121466 0.000000
-0.005957 0.080000 -0.119791 0.000000
-0.005957 0.080000 -0.118115 0.000000
-0.005957 0.080000 -0.116440 0.000000
-0.005957 0.080000 -0.114764 0.000000
-0.005957 0.080000 -0.113089 0.000000
-0.005957 0.080000 -0.111414 0.000000
-0.005957 0.080000 -0.109738 0.000000
-0.005957 0.080000 -0.108063 0.000000
-0.005957 0.080000 -0.106387 0.000000
-0.005957 0.080000 -0.104712 0.000000
-0.005957 0.080000 -0.103037 0.000000
-0.005957 0.080000 -0.101361 0.000000
-0.005957 0.080000 -0.099686 0.000000
-0.005957 0.080000 -0.098010 0.000000
-0.005957 0.080000 -0.096335 0.000000
-0.005957 0.080000 -0.094660 0.000000
-0.005957 0.080000 -0.092984 0.000000
-0.005957 0.080000 -0.091309 0.000000
-0.005957 0.080000 -0.089634 0.000000
-0.005957 0.080000 -0.087958 0.000000
-0.005957 0.080000 -0.086283 0.000000
-0.005957 0.080000 -0.084607 0.000000
-0.005957 0.080000 -0.082932 0.000000
-0.005957 0.080000 -0.081257 0.000000
-0.005957 0.080000 -0.079581 0.000000
-0.005957 0.080000 -0.077906 0.000000
-0.005957 0.080000 -0.076230 0.000000
-0.005957 0.080000 -0.074555 0.000000
-0.005957 0.080000 -0.072880 0.000000
-0.005957 0.080000 -0.071204 0.000000
-0.005957 0.080000 -0.069529 0.000000
-0.005957 0.080000 -0.067853 0.000000
-0.005957 0.080000 -0.066178 0.000000
-0.005957 0.080000 -0.064503 0.000000
-0.005957 0.080000 -0.062827 0.000000
-0.005957 0.080000 -0.061152 0.000000
-0.005957 0.080000 -0.059476 0.000000
-0.005957 0.080000 -0.057801 0.000000
-0.005957 0.080000 -0.056126 0.000000
-0.005957 0.080000 -0.054450 0.000000
-0.005957 0.080000 -0.052775 0.000000
-0.005957 0.080000 -0.051099 0.000000
-0.005957 0.080000 -0.049424 0.000000
-0.005957 0.080000 -0.047749 0.000000
-0.005957 0.080000 -0.046073 0.000000
-0.005957 0.080000 -0.044398 0.000000
-0.005957 0.080000 -0.042723 0.000000
-0.005957 0.080000 -0.041047 0.000000
-0.005957 0.080000 -0.039372 0.000000
-0.005957 0.080000 -0.037696 0.000000
-0.005957 0.080000 -0.036021 0.000000
-0.005957 0.080000 -0.034346 0.000000
-0.005957 0.080000 -0.032670 0.000000
-0.005957 0.080000 -0.030995 0.000000
-0.005957 0.080000 -0.029319 0.000000
-0.005957 0.080000 -0.027644 0.000000
-0.005957 0.080000 -0.025969 0.000000
-0.005957 0.080000 -0.024293 0.000000
-0.005957 0.080000 -0.022618 0.000000
-0.005957 0.080000 -0.020942 0.000000
-0.005957 0.080000 -0.019267 0.000000
-0.005957 0.080000 -0.017592 0.000000
-0.005957 0.080000 -0.015916 0.000000
-0.005957 0.080000 -0.014241 0.000000
-0.005957 0.080000 -0.012565 0.000000
-0.005957 0.080000 -0.010890 0.000000
-0.005957 0.080000 -0.009215 0.000000
-0.005957 0.080000 -0.007539 0.000000
-0.005957 0.080000 -0.005864 0.000000
-0.005957 0.080000 -0.004188 0.000000
-0.005957 0.080000 -0.002513 0.000000
-0.005957 0.080000 -0.000838 0.000000
-0.005957 0.080000 0.000838 0.000000
-0.005957 0.080000 0.002513 0.000000
-0.005957 0.080000 0.004188 0.000000
-0.005957 0.080000 0.005864 0.000000
-0.005957 0.080000 0.007539 0.000000
-0.005957 0.080000 0.009215 0.000000
-0.005957 0.080000 0.010890 0.000000
-0.005957 0.080000 0.012565 0.000000
-0.005957 0.080000 0.014241 0.000000
-0.005957 0.080000 0.015916 0.000000
-0.005957 0.080000 0.017592 0.000000
-0.005957 0.080000 0.019267 0.000000
-0.005957 0.080000 0.020942 0.000000
-0.005957 0.080000 0.022618 0.000000
-0.005957 0.080000 0.024293 0.000000
-0.005957 0.080000 0.025969 0.000000
-0.005957 0.080000 0.027644 0.000000
-0.005957 0.080000 0.029319 0.000000
-0.005957 0.080000 0.030995 0.000000
-0.005957 0.080000 0.032670 0.000000
-0.005957 0.080000 0.034346 0.000000
-0.005957 0.080000 0.036021 0.000000
-0.005957 0.080000 0.037696 0.000000
-0.005957 0.080000 0.039372 0.000000
-0.005957 0.080000 0.041047 0.000000
-0.005957 0.080000 0.042723 0.000000
-0.005957 0.080000 0.044398 0.000000
-0.005957 0.080000 0.046073 0.000000
-0.005957 0.080000 0.047749 0.000000
-0.005957 0.080000 0.049424 0.000000
-0.005957 0.080000 0.051099 0.000000
-0.005957 0.080000 0.052775 0.000000
-0.005957 0.080000 0.054450 0.000000
-0.005957 0.080000 0.056126 0.000000
-0.005957 0.080000 0.057801 0.000000
-0.005957 0.080000 0.059476 0.000000
-0.005957 0.080000 0.061152 0.000000
-0.005957 0.080000 0.062827 0.000000
-0.005957 0.080000 0.064503 0.000000
-0.005957 0.080000 0.066178 0.000000
-0.005957 0.080000 0.067853 0.000000
-0.005957 0.080000 0.069529 0.000000
-0.005957 0.080000 0.071204 0.000000
-0.005957 0.080000 0.072880 0.000000
-0.005957 0.080000 0.074555 0.000000
-0.005957 0.080000 0.076230 0.000000
-0.005957 0.080000 0.077906 0.000000
-0.005957 0.080000 0.079581 0.000000
-0.005957 0.080000 0.081257 0.000000
-0.005957 0.080000 0.082932 0.000000
-0.005957 0.080000 0.084607 0.000000
-0.005957 0.080000 0.086283 0.000000
-0.005957 0.080000 0.087958 0.000000
-0.005957 0.080000 0.089634 0.000000
-0.005957 0.080000 0.091309 0.000000
-0.005957 0.080000 0.092984 0.000000
-0.005957 0.080000 0.094660 0.000000
-0.005957 0.080000 0.096335 0.000000
-0.005957 0.080000 0.098010 0.000000
-0.005957 0.080000 0.099686 0.000000
-0.005957 0.080000 0.101361 0.000000
-0.005957 0.080000 0.103037 0.000000
-0.005957 0.080000 0.104712 0.000000
-0.005957 0.080000 0.106387 0.000000
-0.005957 0.080000 0.108063 0.000000
-0.005957 0.080000 0.109738 0.000000
-0.005957 0.080000 0.111414 0.000000
-0.005957 0.080000 0.113089 0.000000
-0.005957 0.080000 0.114764 0.000000
-0.005957 0.080000 0.116440 0.000000
-0.005957 0.080000 0.118115 0.000000
-0.005957 0.080000 0.119791 0.000000
-0.005957 0.080000 0.121466 0.000000
-0.005957 0.080000 0.123141 0.000000
-0.005957 0.080000 0.124817 0.000000
-0.005957 0.080000 0.126492 0.000000
-0.005957 0.080000 0.128168 0.000000
-0.005957 0.080000 0.129843 0.000000
-0.005957 0.080000 0.131518 0.000000
-0.005957 0.080000 0.133194 0.000000
-0.005957 0.080000 0.134869 0.000000
-0.005957 0.080000 0.136545 0.000000
-0.005957 0.080000 0.138220 0.000000
-0.005957 0.080000 0.139895 0.000000
-0.005957 0.080000 0.141571 0.000000
-0.005957 0.080000 0.143246 0.000000
-0.005957 0.080000 0.144921 0.000000
-0.005957 0.080000 0.146597 0.000000
-0.005957 0.080000 0.148272 0.000000
-0.005957 0.080000 0.149948 0.000000
-0.005957 0.080000 0.151623 0.000000
-0.005957 0.080000 0.153298 0.000000
-0.005957 0.080000 0.154974 0.000000
-0.005957 0.080000 0.156649 0.000000
-0.005957 0.080000 0.158325 0.000000
-0.005957 0.080000 0.160000 0.000000
-0.004255 0.080000 -0.160000 0.000000
-0.004255 0.080000 -0.158325 0.000000
-0.004255 0.080000 -0.156649 0.000000
-0.004255 0.080000 -0.154974 0.000000
-0.004255 0.080000 -0.153298 0.000000
-0.004255 0.080000 -0.151623 0.000000
-0.004255 0.080000 -0.149948 0.000000
-0.004255 0.080000 -0.148272 0.000000
-0.004255 0.080000 -0.146597 0.000000
-0.004255 0.080000 -0.144921 0.000000
-0.004255 0.080000 -0.143246 0.000000
-0.004255 0.080000 -0.141571 0.000000
-0.004255 0.080000 -0.139895 0.000000
-0.004255 0.080000 -0.138220 0.000000
-0.004255 0.080000 -0.136545 0.000000
-0.004255 0.080000 -0.134869 0.000000
-0.004255 0.080000 -0.133194 0.000000
-0.004255 0.080000 -0.131518 0.000000
-0.004255 0.080000 -0.129843 0.000000
-0.004255 0.080000 -0.128168 0.000000
-0.004255 0.080000 -0.126492 0.000000
-0.004255 0.080000 -0.124817 0.000000
-0.004255 0.080000 -0.123141 0.000000
-0.004255 0.080000 -0.121466 0.000000
-0.004255 0.080000 -0.119791 0.000000
-0.004255 0.080000 -0.118115 0.000000
-0.004255 0.080000 -0.116440 0.000000
-0.004255 0.080000 -0.114764 0.000000
-0.004255 0.080000 -0.113089 0.000000
-0.004255 0.080000 -0.111414 0.000000
-0.004255 0.080000 -0.109738 0.000000
-0.004255 0.080000 -0.108063 0.000000
-0.004255 0.080000 -0.106387 0.000000
-0.004255 0.080000 -0.104712 0.000000
-0.004255 0.080000 -0.103037 0.000000
-0.004255 0.080000 -0.101361 0.000000
-0.004255 0.080000 -0.099686 0.000000
-0.004255 0.080000 -0.098010 0.000000
-0.004255 0.080000 -0.096335 0.000000
-0.004255 0.080000 -0.094660 0.000000
-0.004255 0.080000 -0.092984 0.000000
-0.004255 0.080000 -0.091309 0.000000
-0.004255 0.080000 -0.089634 0.000000
-0.004255 0.080000 -0.087958 0.000000
-0.004255 0.080000 -0.086283 0.000000
-0.004255 0.080000 -0.084607 0.000000
-0.004255 0.080000 -0.082932 0.000000
-0.004255 0.080000 -0.081257 0.000000
-0.004255 0.080000 -0.079581 0.000000
-0.004255 0.080000 -0.077906 0.000000
-0.004255 0.080000 -0.076230 0.000000
-0.004255 0.080000 -0.074555 0.000000
-0.004255 0.080000 -0.072880 0.000000
-0.004255 0.080000 -0.071204 0.000000
-0.004255 0.080000 -0.069529 0.000000
-0.004255 0.080000 -0.067853 0.000000
-0.004255 0.080000 -0.066178 0.000000
-0.004255 0.080000 -0.064503 0.000000
-0.004255 0.080000 -0.062827 0.000000
-0.004255 0.080000 -0.061152 0.000000
-0.004255 0.080000 -0.059476 0.000000
-0.004255 0.080000 -0.057801 0.000000
-0.004255 0.080000 -0.056126 0.000000
-0.004255 0.080000 -0.054450 0.000000
-0.004255 0.080000 -0.052775 0.000000
-0.004255 0.080000 -0.051099 0.000000
-0.004255 0.080000 -0.049424 0.000000
-0.004255 0.080000 -0.047749 0.000000
-0.004255 0.080000 -0.046073 0.000000
-0.004255 0.080000 -0.044398 0.000000
-0.004255 0.080000 -0.042723 0.000000
-0.004255 0.080000 -0.041047 0.000000
-0.004255 0.080000 -0.039372 0.000000
-0.004255 0.080000 -0.037696 0.000000
-0.004255 0.080000 -0.036021 0.000000
-0.004255 0.080000 -0.034346 0.000000
-0.004255 0.080000 -0.032670 0.000000
-0.004255 0.080000 -0.030995 0.000000
-0.004255 0.080000 -0.029319 0.000000
-0.004255 0.080000 -0.027644 0.000000
-0.004255 0.080000 -0.025969 0.000000
-0.004255 0.080000 -0.024293 0.000000
-0.004255 0.080000 -0.022618 0.000000
-0.004255 0.080000 -0.020942 0.000000
-0.004255 0.080000 -0.019267 0.000000
-0.004255 0.080000 -0.017592 0.000000
-0.004255 0.080000 -0.015916 0.000000
-0.004255 0.080000 -0.014241 0.000000
-0.004255 0.080000 -0.012565 0.000000
-0.004255 0.080000 -0.010890 0.000000
-0.004255 0.080000 -0.009215 0.000000
-0.004255 0.080000 -0.007539 0.000000
-0.004255 0.080000 -0.005864 0.000000
-0.004255 0.080000 -0.004188 0.000000
-0.004255 0.080000 -0.002513 0.000000
-0.004255 0.080000 -0.000838 0.000000
-0.004255 0.080000 0.000838 0.000000
-0.004255 0.080000 0.002513 0.000000
-0.004255 0.080000 0.004188 0.000000
-0.004255 0.080000 0.005864 0.000000
-0.004255 0.080000 0.007539 0.000000
-0.004255 0.080000 0.009215 0.000000
-0.004255 0.080000 0.010890 0.000000
-0.004255 0.080000 0.012565 0.000000
-0.004255 0.080000 0.014241 0.000000
-0.004255 0.080000 0.015916 0.000000
-0.004255 0.080000 0.017592 0.000000
-0.004255 0.080000 0.019267 0.000000
-0.004255 0.080000 0.020942 0.000000
-0.004255 0.080000 0.022618 0.000000
-0.004255 0.080000 0.024293 0.000000
-0.004255 0.080000 0.025969 0.000000
-0.004255 0.080000 0.027644 0.000000
-0.004255 0.080000 0.029319 0.000000
-0.004255 0.080000 0.030995 0.000000
-0.004255 0.080000 0.032670 0.000000
-0.004255 0.080000 0.034346 0.000000
-0.004255 0.080000 0.036021 0.000000
-0.004255 0.080000 0.037696 0.000000
-0.004255 0.080000 0.039372 0.000000
-0.004255 0.080000 0.041047 0.000000
-0.004255 0.080000 0.042723 0.000000
-0.004255 0.080000 0.044398 0.000000
-0.004255 0.080000 0.046073 0.000000
-0.004255 0.080000 0.047749 0.000000
-0.004255 0.080000 0.049424 0.000000
-0.004255 0.080000 0.051099 0.000000
-0.004255 0.080000 0.052775 0.000000
-0.004255 0.080000 0.054450 0.000000
-0.004255 0.080000 0.056126 0.000000
-0.004255 0.080000 0.057801 0.000000
-0.004255 0.080000 0.059476 0.000000
-0.004255 0.080000 0.061152 0.000000
-0.004255 0.080000 0.062827 0.000000
-0.004255 0.080000 0.064503 0.000000
-0.004255 0.080000 0.066178 0.000000
-0.004255 0.080000 0.067853 0.000000
-0.004255 0.080000 0.069529 0.000000
-0.004255 0.080000 0.071204 0.000000
-0.004255 0.080000 0.072880 0.000000
-0.004255 0.080000 0.074555 0.000000
-0.004255 0.080000 0.076230 0.000000
-0.004255 0.080000 0.077906 0.000000
-0.004255 0.080000 0.079581 0.000000
-0.004255 0.080000 0.081257 0.000000
-0.004255 0.080000 0.082932 0.000000
-0.004255 0.080000 0.084607 0.000000
-0.004255 0.080000 0.086283 0.000000
-0.004255 0.080000 0.087958 0.000000
-0.004255 0.080000 0.089634 0.000000
-0.004255 0.080000 0.091309 0.000000
-0.004255 0.080000 0.092984 0.000000
-0.004255 0.080000 0.094660 0.000000
-0.004255 0.080000 0.096335 0.000000
-0.004255 0.080000 0.098010 0.000000
-0.004255 0.080000 0.099686 0.000000
-0.004255 0.080000 0.101361 0.000000
-0.004255 0.080000 0.103037 0.000000
-0.004255 0.080000 0.104712 0.000000
-0.004255 0.080000 0.106387 0.000000
-0.004255 0.080000 0.108063 0.000000
-0.004255 0.080000 0.109738 0.000000
-0.004255 0.080000 0.111414 0.000000
-0.004255 0.080000 0.113089 0.000000
-0.004255 0.080000 0.114764 0.000000
-0.004255 0.080000 0.116440 0.000000
-0.004255 0.080000 0.118115 0.000000
-0.004255 0.080000 0.119791 0.000000
-0.004255 0.080000 0.121466 0.000000
-0.004255 0.080000 0.123141 0.000000
-0.004255 0.080000 0.124817 0.000000
-0.004255 0.080000 0.126492 0.000000
-0.004255 0.080000 0.128168 0.000000
-0.004255 0.080000 0.129843 0.000000
-0.004255 0.080000 0.131518 0.000000
-0.004255 0.080000 0.133194 0.000000
-0.004255 0.080000 0.134869 0.000000
-0.004255 0.080000 0.136545 0.000000
-0.004255 0.080000 0.138220 0.000000
-0.004255 0.080000 0.139895 0.000000
-0.004255 0.080000 0.141571 0.000000
-0.004255 0.080000 0.143246 0.000000
-0.004255 0.080000 0.144921 0.000000
-0.004255 0.080000 0.146597 0.000000
-0.004255 0.080000 0.148272 0.000000
-0.004255 0.080000 0.149948 0.000000
-0.004255 0.080000 0.151623 0.000000
-0.004255 0.080000 0.153298 0.000000
-0.004255 0.080000 0.154974 0.000000
-0.004255 0.080000 0.156649 0.000000
-0.004255 0.080000 0.158325 0.000000
-0.004255 0.080000 0.160000 0.000000
-0.002553 0.080000 -0.160000 0.000000
-0.002553 0.080000 -0.158325 0.000000
-0.002553 0.080000 -0.156649 0.000000
-0.002553 0.080000 -0.154974 0.000000
-0.002553 0.080000 -0.153298 0.000000
-0.002553 0.080000 -0.151623 0.000000
-0.002553 0.080000 -0.149948 0.000000
-0.002553 0.080000 -0.148272 0.000000
-0.002553 0.080000 -0.146597 0.000000
-0.002553 0.080000 -0.144921 0.000000
-0.002553 0.080000 -0.143246 0.000000
-0.002553 0.080000 -0.141571 0.000000
-0.002553 0.080000 -0.139895 0.000000
-0.002553 0.080000 -0.138220 0.000000
-0.002553 0.080000 -0.136545 0.000000
-0.002553 0.080000 -0.134869 0.000000
-0.002553 0.080000 -0.133194 0.000000
-0.002553 0.080000 -0.131518 0.000000
-0.002553 0.080000 -0.129843 0.000000
-0.002553 0.080000 -0.128168 0.000000
-0.002553 0.080000 -0.126492 0.000000
-0.002553 0.080000 -0.124817 0.000000
-0.002553 0.080000 -0.123141 0.000000
-0.002553 0.080000 -0.121466 0.000000
-0.002553 0.080000 -0.119791 0.000000
-0.002553 0.080000 -0.118115 0.000000
-0.002553 0.080000 -0.116440 0.000000
-0.002553 0.080000 -0.114764 0.000000
-0.002553 0.080000 -0.113089 0.000000
-0.002553 0.080000 -0.111414 0.000000
-0.002553 0.080000 -0.109738 0.000000
-0.002553 0.080000 -0.108063 0.000000
-0.002553 0.080000 -0.106387 0.000000
-0.002553 0.080000 -0.104712 0.000000
-0.002553 0.080000 -0.103037 0.000000
-0.002553 0.080000 -0.101361 0.000000
-0.002553 0.080000 -0.099686 0.000000
-0.002553 0.080000 -0.098010 0.000000
-0.002553 0.080000 -0.096335 0.000000
-0.002553 0.080000 -0.094660 0.000000
-0.002553 0.080000 -0.092984 0.000000
-0.002553 0.080000 -0.091309 0.000000
-0.002553 0.080000 -0.089634 0.000000
-0.002553 0.080000 -0.087958 0.000000
-0.002553 0.080000 -0.086283 0.000000
-0.002553 0.080000 -0.084607 0.000000
-0.002553 0.080000 -0.082932 0.000000
-0.002553 0.080000 -0.081257 0.000000
-0.002553 0.080000 -0.079581 0.000000
-0.002553 0.080000 -0.077906 0.000000
-0.002553 0.080000 -0.076230 0.000000
-0.002553 0.080000 -0.074555 0.000000
-0.002553 0.080000 -0.072880 0.000000
-0.002553 0.080000 -0.071204 0.000000
-0.002553 0.080000 -0.069529 0.000000
-0.002553 0.080000 -0.067853 0.000000
-0.002553 0.080000 -0.066178 0.000000
-0.002553 0.080000 -0.064503 0.000000
-0.002553 0.080000 -0.062827 0.000000
-0.002553 0.080000 -0.061152 0.000000
-0.002553 0.080000 -0.059476 0.000000
-0.002553 0.080000 -0.057801 0.000000
-0.002553 0.080000 -0.056126 0.000000
-0.002553 0.080000 -0.054450 0.000000
-0.002553 0.080000 -0.052775 0.000000
-0.002553 0.080000 -0.051099 0.000000
-0.002553 0.080000 -0.049424 0.000000
-0.002553 0.080000 -0.047749 0.000000
-0.002553 0.080000 -0.046073 0.000000
-0.002553 0.080000 -0.044398 0.000000
-0.002553 0.080000 -0.042723 0.000000
-0.002553 0.080000 -0.041047 0.000000
-0.002553 0.080000 -0.039372 0.000000
-0.002553 0.080000 -0.037696 0.000000
-0.002553 0.080000 -0.036021 0.000000
-0.002553 0.080000 -0.034346 0.000000
-0.002553 0.080000 -0.032670 0.000000
-0.002553 0.080000 -0.030995 0.000000
-0.002553 0.080000 -0.029319 0.000000
-0.002553 0.080000 -0.027644 0.000000
-0.002553 0.080000 -0.025969 0.000000
-0.002553 0.080000 -0.024293 0.000000
-0.002553 0.080000 -0.022618 0.000000
-0.002553 0.080000 -0.020942 0.000000
-0.002553 0.080000 -0.019267 0.000000
-0.002553 0.080000 -0.017592 0.000000
-0.002553 0.080000 -0.015916 0.000000
-0.002553 0.080000 -0.014241 0.000000
-0.002553 0.080000 -0.012565 0.000000
-0.002553 0.080000 -0.010890 0.000000
-0.002553 0.080000 -0.009215 0.000000
-0.002553 0.080000 -0.007539 0.000000
-0.002553 0.080000 -0.005864 0.000000
-0.002553 0.080000 -0.004188 0.000000
-0.002553 0.080000 -0.002513 0.000000
-0.002553 0.080000 -0.000838 0.000000
-0.002553 0.080000 0.000838 0.000000
-0.002553 0.080000 0.002513 0.000000
-0.002553 0.080000 0.004188 0.000000
-0.002553 0.080000 0.005864 0.000000
-0.002553 0.080000 0.007539 0.000000
-0.002553 0.080000 0.009215 0.000000
-0.002553 0.080000 0.010890 0.000000
-0.002553 0.080000 0.012565 0.000000
-0.002553 0.080000 0.014241 0.000000
-0.002553 0.080000 0.015916 0.000000
-0.002553 0.080000 0.017592 0.000000
-0.002553 0.080000 0.019267 0.000000
-0.002553 0.080000 0.020942 0.000000
-0.002553 0.080000 0.022618 0.000000
-0.002553 0.080000 0.024293 0.000000
-0.002553 0.080000 0.025969 0.000000
-0.002553 0.080000 0.027644 0.000000
-0.002553 0.080000 0.029319 0.000000
-0.002553 0.080000 0.030995 0.000000
-0.002553 0.080000 0.032670 0.000000
-0.002553 0.080000 0.034346 0.000000
-0.002553 0.080000 0.036021 0.000000
-0.002553 0.080000 0.037696 0.000000
-0.002553 0.080000 0.039372 0.000000
-0.002553 0.080000 0.041047 0.000000
-0.002553 0.080000 0.042723 0.000000
-0.002553 0.080000 0.044398 0.000000
-0.002553 0.080000 0.046073 0.000000
-0.002553 0.080000 0.047749 0.000000
-0.002553 0.080000 0.049424 0.000000
-0.002553 0.080000 0.051099 0.000000
-0.002553 0.080000 0.052775 0.000000
-0.002553 0.080000 0.054450 0.000000
-0.002553 0.080000 0.056126 0.000000
-0.002553 0.080000 0.057801 0.000000
-0.002553 0.080000 0.059476 0.000000
-0.002553 0.080000 0.061152 0.000000
-0.002553 0.080000 0.062827 0.000000
-0.002553 0.080000 0.064503 0.000000
-0.002553 0.080000 0.066178 0.000000
-0.002553 0.080000 0.067853 0.000000
-0.002553 0.080000 0.069529 0.000000
-0.002553 0.080000 0.071204 0.000000
-0.002553 0.080000 0.072880 0.000000
-0.002553 0.080000 0.074555 0.000000
-0.002553 0.080000 0.076230 0.000000
-0.002553 0.080000 0.077906 0.000000
-0.002553 0.080000 0.079581 0.000000
-0.002553 0.080000 0.081257 0.000000
-0.002553 0.080000 0.082932 0.000000
-0.002553 0.080000 0.084607 0.000000
-0.002553 0.080000 0.086283 0.000000
-0.002553 0.080000 0.087958 0.000000
-0.002553 0.080000 0.089634 0.000000
-0.002553 0.080000 0.091309 0.000000
-0.002553 0.080000 0.092984 0.000000
-0.002553 0.080000 0.094660 0.000000
-0.002553 0.080000 0.096335 0.000000
-0.002553 0.080000 0.098010 0.000000
-0.002553 0.080000 0.099686 0.000000
-0.002553 0.080000 0.101361 0.000000
-0.002553 0.080000 0.103037 0.000000
-0.002553 0.080000 0.104712 0.000000
-0.002553 0.080000 0.106387 0.000000
-0.002553 0.080000 0.108063 0.000000
-0.002553 0.080000 0.109738 0.000000
-0.002553 0.080000 0.111414 0.000000
-0.002553 0.080000 0.113089 0.000000
-0.002553 0.080000 0.114764 0.000000
-0.002553 0.080000 0.116440 0.000000
-0.002553 0.080000 0.118115 0.000000
-0.002553 0.080000 0.119791 0.000000
-0.002553 0.080000 0.121466 0.000000
-0.002553 0.080000 0.123141 0.000000
-0.002553 0.080000 0.124817 0.000000
-0.002553 0.080000 0.126492 0.000000
-0.002553 0.080000 0.128168 0.000000
-0.002553 0.080000 0.129843 0.000000
-0.002553 0.080000 0.131518 0.000000
-0.002553 0.080000 0.133194 0.000000
-0.002553 0.080000 0.134869 0.000000
-0.002553 0.080000 0.136545 0.000000
-0.002553 0.080000 0.138220 0.000000
-0.002553 0.080000 0.139895 0.000000
-0.002553 0.080000 0.141571 0.000000
-0.002553 0.080000 0.143246 0.000000
-0.002553 0.080000 0.144921 0.000000
-0.002553 0.080000 0.146597 0.000000
-0.002553 0.080000 0.148272 0.000000
-0.002553 0.080000 0.149948 0.000000
-0.002553 0.080000 0.151623 0.000000
-0.002553 0.080000 0.153298 0.000000
-0.002553 0.080000 0.154974 0.000000
-0.002553 0.080000 0.156649 0.000000
-0.002553 0.080000 0.158325 0.000000
-0.002553 0.080000 0.160000 0.000000
-0.000851 0.080000 -0.160000 0.000000
-0.000851 0.080000 -0.158325 0.000000
-0.000851 0.080000 -0.156649 0.000000
-0.000851 0.080000 -0.154974 0.000000
-0.000851 0.080000 -0.153298 0.000000
-0.000851 0.080000 -0.151623 0.000000
-0.000851 0.080000 -0.149948 0.000000
-0.000851 0.080000 -0.148272 0.000000
-0.000851 0.080000 -0.146597 0.000000
-0.000851 0.080000 -0.144921 0.000000
-0.000851 0.080000 -0.143246 0.000000
-0.000851 0.080000 -0.141571 0.000000
-0.000851 0.080000 -0.139895 0.000000
-0.000851 0.080000 -0.138220 0.000000
-0.000851 0.080000 -0.136545 0.000000
-0.000851 0.080000 -0.134869 0.000000
-0.000851 0.080000 -0.133194 0.000000
-0.000851 0.080000 -0.131518 0.000000
-0.000851 0.080000 -0.129843 0.000000
-0.000851 0.080000 -0.128168 0.000000
-0.000851 0.080000 -0.126492 0.000000
-0.000851 0.080000 -0.124817 0.000000
-0.000851 0.080000 -0.123141 0.000000
-0.000851 0.080000 -0.121466 0.000000
-0.000851 0.080000 -0.119791 0.000000
-0.000851 0.080000 -0.118115 0.000000
-0.000851 0.080000 -0.116440 0.000000
-0.000851 0.080000 -0.114764 0.000000
-0.000851 0.080000 -0.113089 0.000000
-0.000851 0.080000 -0.111414 0.000000
-0.000851 0.080000 -0.109738 0.000000
-0.000851 0.080000 -0.108063 0.000000
-0.000851 0.080000 -0.106387 0.000000
-0.000851 0.080000 -0.104712 0.000000
-0.000851 0.080000 -0.103037 0.000000
-0.000851 0.080000 -0.101361 0.000000
-0.000851 0.080000 -0.099686 0.000000
-0.000851 0.080000 -0.098010 0.000000
-0.000851 0.080000 -0.096335 0.000000
-0.000851 0.080000 -0.094660 0.000000
-0.000851 0.080000 -0.092984 0.000000
-0.000851 0.080000 -0.091309 0.000000
-0.000851 0.080000 -0.089634 0.000000
-0.000851 0.080000 -0.087958 0.000000
-0.000851 0.080000 -0.086283 0.000000
-0.000851 0.080000 -0.084607 0.000000
-0.000851 0.080000 -0.082932 0.000000
-0.000851 0.080000 -0.081257 0.000000
-0.000851 0.080000 -0.079581 0.000000
-0.000851 0.080000 -0.077906 0.000000
-0.000851 0.080000 -0.076230 0.000000
-0.000851 0.080000 -0.074555 0.000000
-0.000851 0.080000 -0.072880 0.000000
-0.000851 0.080000 -0.071204 0.000000
-0.000851 0.080000 -0.069529 0.000000
-0.000851 0.080000 -0.067853 0.000000
-0.000851 0.080000 -0.066178 0.000000
-0.000851 0.080000 -0.064503 0.000000
-0.000851 0.080000 -0.062827 0.000000
-0.000851 0.080000 -0.061152 0.000000
-0.000851 0.080000 -0.059476 0.000000
-0.000851 0.080000 -0.057801 0.000000
-0.000851 0.080000 -0.056126 0.000000
-0.000851 0.080000 -0.054450 0.000000
-0.000851 0.080000 -0.052775 0.000000
-0.000851 0.080000 -0.051099 0.000000
-0.000851 0.080000 -0.049424 0.000000
-0.000851 0.080000 -0.047749 0.000000
-0.000851 0.080000 -0.046073 0.000000
-0.000851 0.080000 -0.044398 0.000000
-0.000851 0.080000 -0.042723 0.000000
-0.000851 0.080000 -0.041047 0.000000
-0.000851 0.080000 -0.039372 0.000000
-0.000851 0.080000 -0.037696 0.000000
-0.000851 0.080000 -0.036021 0.000000
-0.000851 0.080000 -0.034346 0.000000
-0.000851 0.080000 -0.032670 0.000000
-0.000851 0.080000 -0.030995 0.000000
-0.000851 0.080000 -0.029319 0.000000
-0.000851 0.080000 -0.027644 0.000000
-0.000851 0.080000 -0.025969 0.000000
-0.000851 0.080000 -0.024293 0.000000
-0.000851 0.080000 -0.022618 0.000000
-0.000851 0.080000 -0.020942 0.000000
-0.000851 0.080000 -0.019267 0.000000
-0.000851 0.080000 -0.017592 0.000000
-0.000851 0.080000 -0.015916 0.000000
-0.000851 0.080000 -0.014241 0.000000
-0.000851 0.080000 -0.012565 0.000000
-0.000851 0.080000 -0.010890 0.000000
-0.000851 0.080000 -0.009215 0.000000
-0.000851 0.080000 -0.007539 0.000000
-0.000851 0.080000 -0.005864 0.000000
-0.000851 0.080000 -0.004188 0.000000
-0.000851 0.080000 -0.002513 0.000000
-0.000851 0.080000 -0.000838 0.000000
-0.000851 0.080000 0.000838 0.000000
-0.000851 0.080000 0.002513 0.000000
-0.000851 0.080000 0.004188 0.000000
-0.000851 0.080000 0.005864 0.000000
-0.000851 0.080000 0.007539 0.000000
-0.000851 0.080000 0.009215 0.000000
-0.000851 0.080000 0.010890 0.000000
-0.000851 0.080000 0.012565 0.000000
-0.000851 0.080000 0.014241 0.000000
-0.000851 0.080000 0.015916 0.000000
-0.000851 0.080000 0.017592 0.000000
-0.000851 0.080000 0.019267 0.000000
-0.000851 0.080000 0.020942 0.000000
-0.000851 0.080000 0.022618 0.000000
-0.000851 0.080000 0.024293 0.000000
-0.000851 0.080000 0.025969 0.000000
-0.000851 0.080000 0.027644 0.000000
-0.000851 0.080000 0.029319 0.000000
-0.000851 0.080000 0.030995 0.000000
-0.000851 0.080000 0.032670 0.000000
-0.000851 0.080000 0.034346 0.000000
-0.000851 0.080000 0.036021 0.000000
-0.000851 0.080000 0.037696 0.000000
-0.000851 0.080000 0.039372 0.000000
-0.000851 0.080000 0.041047 0.000000
-0.000851 0.080000 0.042723 0.000000
-0.000851 0.080000 0.044398 0.000000
-0.000851 0.080000 0.046073 0.000000
-0.000851 0.080000 0.047749 0.000000
-0.000851 0.080000 0.049424 0.000000
-0.000851 0.080000 0.051099 0.000000
-0.000851 0.080000 0.052775 0.000000
-0.000851 0.080000 0.054450 0.000000
-0.000851 0.080000 0.056126 0.000000
-0.000851 0.080000 0.057801 0.000000
-0.000851 0.080000 0.059476 0.000000
-0.000851 0.080000 0.061152 0.000000
-0.000851 0.080000 0.062827 0.000000
-0.000851 0.080000 0.064503 0.000000
-0.000851 0.080000 0.066178 0.000000
-0.000851 0.080000 0.067853 0.000000
-0.000851 0.080000 0.069529 0.000000
-0.000851 0.080000 0.071204 0.000000
-0.000851 0.080000 0.072880 0.000000
-0.000851 0.080000 0.074555 0.000000
-0.000851 0.080000 0.076230 0.000000
-0.000851 0.080000 0.077906 0.000000
-0.000851 0.080000 0.079581 0.000000
-0.000851 0.080000 0.081257 0.000000
-0.000851 0.080000 0.082932 0.000000
-0.000851 0.080000 0.084607 0.000000
-0.000851 0.080000 0.086283 0.000000
-0.000851 0.080000 0.087958 0.000000
-0.000851 0.080000 0.089634 0.000000
-0.000851 0.080000 0.091309 0.000000
-0.000851 0.080000 0.092984 0.000000
-0.000851 0.080000 0.094660 0.000000
-0.000851 0.080000 0.096335 0.000000
-0.000851 0.080000 0.098010 0.000000
-0.000851 0.080000 0.099686 0.000000
-0.000851 0.080000 0.101361 0.000000
-0.000851 0.080000 0.103037 0.000000
-0.000851 0.080000 0.104712 0.000000
-0.000851 0.080000 0.106387 0.000000
-0.000851 0.080000 0.108063 0.000000
-0.000851 0.080000 0.109738 0.000000
-0.000851 0.080000 0.111414 0.000000
-0.000851 0.080000 0.113089 0.000000
-0.000851 0.080000 0.114764 0.000000
-0.000851 0.080000 0.116440 0.000000
-0.000851 0.080000 0.118115 0.000000
-0.000851 0.080000 0.119791 0.000000
-0.000851 0.080000 0.121466 0.000000
-0.000851 0.080000 0.123141 0.000000
-0.000851 0.080000 0.124817 0.000000
-0.000851 0.080000 0.126492 0.000000
-0.000851 0.080000 0.128168 0.000000
-0.000851 0.080000 0.129843 0.000000
-0.000851 0.080000 0.131518 0.000000
-0.000851 0.080000 0.133194 0.000000
-0.000851 0.080000 0.134869 0.000000
-0.000851 0.080000 0.136545 0.000000
-0.000851 0.080000 0.138220 0.000000
-0.000851 0.080000 0.139895 0.000000
-0.000851 0.080000 0.141571 0.000000
-0.000851 0.080000 0.143246 0.000000
-0.000851 0.080000 0.144921 0.000000
-0.000851 0.080000 0.146597 0.000000
-0.000851 0.080000 0.148272 0.000000
-0.000851 0.080000 0.149948 0.000000
-0.000851 0.080000 0.151623 0.000000
-0.000851 0.080000 0.153298 0.000000
-0.000851 0.080000 0.154974 0.000000
-0.000851 0.080000 0.156649 0.000000
-0.000851 0.080000 0.158325 0.000000
-0.000851 0.080000 0.160000 0.000000
0.000851 0.080000 -0.160000 1.000000
0.000851 0.080000 -0.158325 1.000000
0.000851 0.080000 -0.156649 1.000000
0.000851 0.080000 -0.154974 1.000000
0.000851 0.080000 -0.153298 1.000000
0.000851 0.080000 -0.151623 1.000000
0.000851 0.080000 -0.149948 1.000000
0.000851 0.080000 -0.148272 1.000000
0.000851 0.080000 -0.146597 1.000000
0.000851 0.080000 -0.144921 1.000000
0.000851 0.080000 -0.143246 1.000000
0.000851 0.080000 -0.141571 1.000000
0.000851 0.080000 -0.139895 1.000000
0.000851 0.080000 -0.138220 1.000000
0.000851 0.080000 -0.136545 1.000000
0.000851 0.080000 -0.134869 1.000000
0.000851 0.080000 -0.133194 1.000000
0.000851 0.080000 -0.131518 1.000000
0.000851 0.080000 -0.129843 1.000000
0.000851 0.080000 -0.128168 1.000000
0.000851 0.080000 -0.126492 1.000000
0.000851 0.080000 -0.124817 1.000000
0.000851 0.080000 -0.123141 1.000000
0.000851 0.080000 -0.121466 1.000000
0.000851 0.080000 -0.119791 1.000000
0.000851 0.080000 -0.118115 1.000000
0.000851 0.080000 -0.116440 1.000000
0.000851 0.080000 -0.114764 1.000000
0.000851 0.080000 -0.113089 1.000000
0.000851 0.080000 -0.111414 1.000000
0.000851 0.080000 -0.109738 1.000000
0.000851 0.080000 -0.108063 1.000000
0.000851 0.080000 -0.106387 1.000000
0.000851 0.080000 -0.104712 1.000000
0.000851 0.080000 -0.103037 1.000000
0.000851 0.080000 -0.101361 1.000000
0.000851 0.080000 -0.099686 1.000000
0.000851 0.080000 -0.098010 1.000000
0.000851 0.080000 -0.096335 1.000000
0.000851 0.080000 -0.094660 1.000000
0.000851 0.080000 -0.092984 1.000000
0.000851 0.080000 -0.091309 1.000000
0.000851 0.080000 -0.089634 1.000000
0.000851 0.080000 -0.087958 1.000000
0.000851 0.080000 -0.086283 1.000000
0.000851 0.080000 -0.084607 1.000000
0.000851 0.080000 -0.082932 1.000000
0.000851 0.080000 -0.081257 1.000000
0.000851 0.080000 -0.079581 1.000000
0.000851 0.080000 -0.077906 1.000000
0.000851 0.080000 -0.076230 1.000000
0.000851 0.080000 -0.074555 1.000000
0.000851 0.080000 -0.072880 1.000000
0.000851 0.080000 -0.071204 1.000000
0.000851 0.080000 -0.069529 1.000000
0.000851 0.080000 -0.067853 1.000000
0.000851 0.080000 -0.066178 1.000000
0.000851 0.080000 -0.064503 1.000000
0.000851 0.080000 -0.062827 1.000000
0.000851 0.080000 -0.061152 1.000000
0.000851 0.080000 -0.059476 1.000000
0.000851 0.080000 -0.057801 1.000000
0.000851 0.080000 -0.056126 1.000000
0.000851 0.080000 -0.054450 1.000000
0.000851 0.080000 -0.052775 1.000000
0.000851 0.080000 -0.051099 1.000000
0.000851 0.080000 -0.049424 1.000000
0.000851 0.080000 -0.047749 1.000000
0.000851 0.080000 -0.046073 1.000000
0.000851 0.080000 -0.044398 1.000000
0.000851 0.080000 -0.042723 1.000000
0.000851 0.080000 -0.041047 1.000000
0.000851 0.080000 -0.039372 1.000000
0.000851 0.080000 -0.037696 1.000000
0.000851 0.080000 -0.036021 1.000000
0.000851 0.080000 -0.034346 1.000000
0.000851 0.080000 -0.032670 1.000000
0.000851 0.080000 -0.030995 1.000000
0.000851 0.080000 -0.029319 1.000000
0.000851 0.080000 -0.027644 1.000000
0.000851 0.080000 -0.025969 1.000000
0.000851 0.080000 -0.024293 1.000000
0.000851 0.080000 -0.022618 1.000000
0.000851 0.080000 -0.020942 1.000000
0.000851 0.080000 -0.019267 1.000000
0.000851 0.080000 -0.017592 1.000000
0.000851 0.080000 -0.015916 1.000000
0.000851 0.080000 -0.014241 1.000000
0.000851 0.080000 -0.012565 1.000000
0.000851 0.080000 -0.010890 1.000000
0.000851 0.080000 -0.009215 1.000000
0.000851 0.080000 -0.007539 1.000000
0.000851 0.080000 -0.005864 1.000000
0.000851 0.080000 -0.004188 1.000000
0.000851 0.080000 -0.002513 1.000000
0.000851 0.080000 -0.000838 1.000000
0.000851 0.080000 0.000838 1.000000
0.000851 0.080000 0.002513 1.000000
0.000851 0.080000 0.004188 1.000000
0.000851 0.080000 0.005864 1.000000
0.000851 0.080000 0.007539 1.000000
0.000851 0.080000 0.009215 1.000000
0.000851 0.080000 0.010890 1.000000
0.000851 0.080000 0.012565 1.000000
0.000851 0.080000 0.014241 1.000000
0.000851 0.080000 0.015916 1.000000
0.000851 0.080000 0.017592 1.000000
0.000851 0.080000 0.019267 1.000000
0.000851 0.080000 0.020942 1.000000
0.000851 0.080000 0.022618 1.000000
0.000851 0.080000 0.024293 1.000000
0.000851 0.080000 0.025969 1.000000
0.000851 0.080000 0.027644 1.000000
0.000851 0.080000 0.029319 1.000000
0.000851 0.080000 0.030995 1.000000
0.000851 0.080000 0.032670 1.000000
0.000851 0.080000 0.034346 1.000000
0.000851 0.080000 0.036021 1.000000
0.000851 0.080000 0.037696 1.000000
0.000851 0.080000 0.039372 1.000000
0.000851 0.080000 0.041047 1.000000
0.000851 0.080000 0.042723 1.000000
0.000851 0.080000 0.044398 1.000000
0.000851 0.080000 0.046073 1.000000
0.000851 0.080000 0.047749 1.000000
0.000851 0.080000 0.049424 1.000000
0.000851 0.080000 0.051099 1.000000
0.000851 0.080000 0.052775 1.000000
0.000851 0.080000 0.054450 1.000000
0.000851 0.080000 0.056126 1.000000
0.000851 0.080000 0.057801 1.000000
0.000851 0.080000 0.059476 1.000000
0.000851 0.080000 0.061152 1.000000
0.000851 0.080000 0.062827 1.000000
0.000851 0.080000 0.064503 1.000000
0.000851 0.080000 0.066178 1.000000
0.000851 0.080000 0.067853 1.000000
0.000851 0.080000 0.069529 1.000000
0.000851 0.080000 0.071204 1.000000
0.000851 0.080000 0.072880 1.000000
0.000851 0.080000 0.074555 1.000000
0.000851 0.080000 0.076230 1.000000
0.000851 0.080000 0.077906 1.000000
0.000851 0.080000 0.079581 1.000000
0.000851 0.080000 0.081257 1.000000
0.000851 0.080000 0.082932 1.000000
0.000851 0.080000 0.084607 1.000000
0.000851 0.080000 0.086283 1.000000
0.000851 0.080000 0.087958 1.000000
0.000851 0.080000 0.089634 1.000000
0.000851 0.080000 0.091309 1.000000
0.000851 0.080000 0.092984 1.000000
0.000851 0.080000 0.094660 1.000000
0.000851 0.080000 0.096335 1.000000
0.000851 0.080000 0.098010 1.000000
0.000851 0.080000 0.099686 1.000000
0.000851 0.080000 0.101361 1.000000
0.000851 0.080000 0.103037 1.000000
0.000851 0.080000 0.104712 1.000000
0.000851 0.080000 0.106387 1.000000
0.000851 0.080000 0.108063 1.000000
0.000851 0.080000 0.109738 1.000000
0.000851 0.080000 0.111414 1.000000
0.000851 0.080000 0.113089 1.000000
0.000851 0.080000 0.114764 1.000000
0.000851 0.080000 0.116440 1.000000
0.000851 0.080000 0.118115 1.000000
0.000851 0.080000 0.119791 1.000000
0.000851 0.080000 0.121466 1.000000
0.000851 0.080000 0.123141 1.000000
0.000851 0.080000 0.124817 1.000000
0.000851 0.080000 0.126492 1.000000
0.000851 0.080000 0.128168 1.000000
0.000851 0.080000 0.129843 1.000000
0.000851 0.080000 0.131518 1.000000
0.000851 0.080000 0.133194 1.000000
0.000851 0.080000 0.134869 1.000000
0.000851 0.080000 0.136545 1.000000
0.000851 0.080000 0.138220 1.000000
0.000851 0.080000 0.139895 1.000000
0.000851 0.080000 0.141571 1.000000
0.000851 0.080000 0.143246 1.000000
0.000851 0.080000 0.144921 1.000000
0.000851 0.080000 0.146597 1.000000
0.000851 0.080000 0.148272 1.000000
0.000851 0.080000 0.149948 1.000000
0.000851 0.080000 0.151623 1.000000
0.000851 0.080000 0.153298 1.000000
0.000851 0.080000 0.154974 1.000000
0.000851 0.080000 0.156649 1.000000
0.000851 0.080000 0.158325 1.000000
0.000851 0.080000 0.160000 1.000000
0.002553 0.080000 -0.160000 1.000000
0.002553 0.080000 -0.158325 1.000000
0.002553 0.080000 -0.156649 1.000000
0.002553 0.080000 -0.154974 1.000000
0.002553 0.080000 -0.153298 1.000000
0.002553 0.080000 -0.151623 1.000000
0.002553 0.080000 -0.149948 1.000000
0.002553 0.080000 -0.148272 1.000000
0.002553 0.080000 -0.146597 1.000000
0.002553 0.080000 -0.144921 1.000000
0.002553 0.080000 -0.143246 1.000000
0.002553 0.080000 -0.141571 1.000000
0.002553 0.080000 -0.139895 1.000000
0.002553 0.080000 -0.138220 1.000000
0.002553 0.080000 -0.136545 1.000000
0.002553 0.080000 -0.134869 1.000000
0.002553 0.080000 -0.133194 1.000000
0.002553 0.080000 -0.131518 1.000000
0.002553 0.080000 -0.129843 1.000000
0.002553 0.080000 -0.128168 1.000000
0.002553 0.080000 -0.126492 1.000000
0.002553 0.080000 -0.124817 1.000000
0.002553 0.080000 -0.123141 1.000000
0.002553 0.080000 -0.121466 1.000000
0.002553 0.080000 -0.119791 1.000000
0.002553 0.080000 -0.118115 1.000000
0.002553 0.080000 -0.116440 1.000000
0.002553 0.080000 -0.114764 1.000000
0.002553 0.080000 -0.113089 1.000000
0.002553 0.080000 -0.111414 1.000000
0.002553 0.080000 -0.109738 1.000000
0.002553 0.080000 -0.108063 1.000000
0.002553 0.080000 -0.106387 1.000000
0.002553 0.080000 -0.104712 1.000000
0.002553 0.080000 -0.103037 1.000000
0.002553 0.080000 -0.101361 1.000000
0.002553 0.080000 -0.099686 1.000000
0.002553 0.080000 -0.098010 1.000000
0.002553 0.080000 -0.096335 1.000000
0.002553 0.080000 -0.094660 1.000000
0.002553 0.080000 -0.092984 1.000000
0.002553 0.080000 -0.091309 1.000000
0.002553 0.080000 -0.089634 1.000000
0.002553 0.080000 -0.087958 1.000000
0.002553 0.080000 -0.086283 1.000000
0.002553 0.080000 -0.084607 1.000000
0.002553 0.080000 -0.082932 1.000000
0.002553 0.080000 -0.081257 1.000000
0.002553 0.080000 -0.079581 1.000000
0.002553 0.080000 -0.077906 1.000000
0.002553 0.080000 -0.076230 1.000000
0.002553 0.080000 -0.074555 1.000000
0.002553 0.080000 -0.072880 1.000000
0.002553 0.080000 -0.071204 1.000000
0.002553 0.080000 -0.069529 1.000000
0.002553 0.080000 -0.067853 1.000000
0.002553 0.080000 -0.066178 1.000000
0.002553 0.080000 -0.064503 1.000000
0.002553 0.080000 -0.062827 1.000000
0.002553 0.080000 -0.061152 1.000000
0.002553 0.080000 -0.059476 1.000000
0.002553 0.080000 -0.057801 1.000000
0.002553 0.080000 -0.056126 1.000000
0.002553 0.080000 -0.054450 1.000000
0.002553 0.080000 -0.052775 1.000000
0.002553 0.080000 -0.051099 1.000000
0.002553 0.080000 -0.049424 1.000000
0.002553 0.080000 -0.047749 1.000000
0.002553 0.080000 -0.046073 1.000000
0.002553 0.080000 -0.044398 1.000000
0.002553 0.080000 -0.042723 1.000000
0.002553 0.080000 -0.041047 1.000000
0.002553 0.080000 -0.039372 1.000000
0.002553 0.080000 -0.037696 1.000000
0.002553 0.080000 -0.036021 1.000000
0.002553 0.080000 -0.034346 1.000000
0.002553 0.080000 -0.032670 1.000000
0.002553 0.080000 -0.030995 1.000000
0.002553 0.080000 -0.029319 1.000000
0.002553 0.080000 -0.027644 1.000000
0.002553 0.080000 -0.025969 1.000000
0.002553 0.080000 -0.024293 1.000000
0.002553 0.080000 -0.022618 1.000000
0.002553 0.080000 -0.020942 1.000000
0.002553 0.080000 -0.019267 1.000000
0.002553 0.080000 -0.017592 1.000000
0.002553 0.080000 -0.015916 1.000000
0.002553 0.080000 -0.014241 1.000000
0.002553 0.080000 -0.012565 1.000000
0.002553 0.080000 -0.010890 1.000000
0.002553 0.080000 -0.009215 1.000000
0.002553 0.080000 -0.007539 1.000000
0.002553 0.080000 -0.005864 1.000000
0.002553 0.080000 -0.004188 1.000000
0.002553 0.080000 -0.002513 1.000000
0.002553 0.080000 -0.000838 1.000000
0.002553 0.080000 0.000838 1.000000
0.002553 0.080000 0.002513 1.000000
0.002553 0.080000 0.004188 1.000000
0.002553 0.080000 0.005864 1.000000
0.002553 0.080000 0.007539 1.000000
0.002553 0.080000 0.009215 1.000000
0.002553 0.080000 0.010890 1.000000
0.002553 0.080000 0.012565 1.000000
0.002553 0.080000 0.014241 1.000000
0.002553 0.080000 0.015916 1.000000
0.002553 0.080000 0.017592 1.000000
0.002553 0.080000 0.019267 1.000000
0.002553 0.080000 0.020942 1.000000
0.002553 0.080000 0.022618 1.000000
0.002553 0.080000 0.024293 1.000000
0.002553 0.080000 0.025969 1.000000
0.002553 0.080000 0.027644 1.000000
0.002553 0.080000 0.029319 1.000000
0.002553 0.080000 0.030995 1.000000
0.002553 0.080000 0.032670 1.000000
0.002553 0.080000 0.034346 1.000000
0.002553 0.080000 0.036021 1.000000
0.002553 0.080000 0.037696 1.000000
0.002553 0.080000 0.039372 1.000000
0.002553 0.080000 0.041047 1.000000
0.002553 0.080000 0.042723 1.000000
0.002553 0.080000 0.044398 1.000000
0.002553 0.080000 0.046073 1.000000
0.002553 0.080000 0.047749 1.000000
0.002553 0.080000 0.049424 1.000000
0.002553 0.080000 0.051099 1.000000
0.002553 0.080000 0.052775 1.000000
0.002553 0.080000 0.054450 1.000000
0.002553 0.080000 0.056126 1.000000
0.002553 0.080000 0.057801 1.000000
0.002553 0.080000 0.059476 1.000000
0.002553 0.080000 0.061152 1.000000
0.002553 0.080000 0.062827 1.000000
0.002553 0.080000 0.064503 1.000000
0.002553 0.080000 0.066178 1.000000
0.002553 0.080000 0.067853 1.000000
0.002553 0.080000 0.069529 1.000000
0.002553 0.080000 0.071204 1.000000
0.002553 0.080000 0.072880 1.000000
0.002553 0.080000 0.074555 1.000000
0.002553 0.080000 0.076230 1.000000
0.002553 0.080000 0.077906 1.000000
0.002553 0.080000 0.079581 1.000000
0.002553 0.080000 0.081257 1.000000
0.002553 0.080000 0.082932 1.000000
0.002553 0.080000 0.084607 1.000000
0.002553 0.080000 0.086283 1.000000
0.002553 0.080000 0.087958 1.000000
0.002553 0.080000 0.089634 1.000000
0.002553 0.080000 0.091309 1.000000
0.002553 0.080000 0.092984 1.000000
0.002553 0.080000 0.094660 1.000000
0.002553 0.080000 0.096335 1.000000
0.002553 0.080000 0.098010 1.000000
0.002553 0.080000 0.099686 1.000000
0.002553 0.080000 0.101361 1.000000
0.002553 0.080000 0.103037 1.000000
0.002553 0.080000 0.104712 1.000000
0.002553 0.080000 0.106387 1.000000
0.002553 0.080000 0.108063 1.000000
0.002553 0.080000 0.109738 1.000000
0.002553 0.080000 0.111414 1.000000
0.002553 0.080000 0.113089 1.000000
0.002553 0.080000 0.114764 1.000000
0.002553 0.080000 0.116440 1.000000
0.002553 0.080000 0.118115 1.000000
0.002553 0.080000 0.119791 1.000000
0.002553 0.080000 0.121466 1.000000
0.002553 0.080000 0.123141 1.000000
0.002553 0.080000 0.124817 1.000000
0.002553 0.080000 0.126492 1.000000
0.002553 0.080000 0.128168 1.000000
0.002553 0.080000 0.129843 1.000000
0.002553 0.080000 0.131518 1.000000
0.002553 0.080000 0.133194 1.000000
0.002553 0.080000 0.134869 1.000000
0.002553 0.080000 0.136545 1.000000
0.002553 0.080000 0.138220 1.000000
0.002553 0.080000 0.139895 1.000000
0.002553 0.080000 0.141571 1.000000
0.002553 0.080000 0.143246 1.000000
0.002553 0.080000 0.144921 1.000000
0.002553 0.080000 0.146597 1.000000
0.002553 0.080000 0.148272 1.000000
0.002553 0.080000 0.149948 1.000000
0.002553 0.080000 0.151623 1.000000
0.002553 0.080000 0.153298 1.000000
0.002553 0.080000 0.154974 1.000000
0.002553 0.080000 0.156649 1.000000
0.002553 0.080000 0.158325 1.000000
0.002553 0.080000 0.160000 1.000000
0.004255 0.080000 -0.160000 1.000000
0.004255 0.080000 -0.158325 1.000000
0.004255 0.080000 -0.156649 1.000000
0.004255 0.080000 -0.154974 1.000000
0.004255 0.080000 -0.153298 1.000000
0.004255 0.080000 -0.151623 1.000000
0.004255 0.080000 -0.149948 1.000000
0.004255 0.080000 -0.148272 1.000000
0.004255 0.080000 -0.146597 1.000000
0.004255 0.080000 -0.144921 1.000000
0.004255 0.080000 -0.143246 1.000000
0.004255 0.080000 -0.141571 1.000000
0.004255 0.080000 -0.139895 1.000000
0.004255 0.080000 -0.138220 1.000000
0.004255 0.080000 -0.136545 1.000000
0.004255 0.080000 -0.134869 1.000000
0.004255 0.080000 -0.133194 1.000000
0.004255 0.080000 -0.131518 1.000000
0.004255 0.080000 -0.129843 1.000000
0.004255 0.080000 -0.128168 1.000000
0.004255 0.080000 -0.126492 1.000000
0.004255 0.080000 -0.124817 1.000000
0.004255 0.080000 -0.123141 1.000000
0.004255 0.080000 -0.121466 1.000000
0.004255 0.080000 -0.119791 1.000000
0.004255 0.080000 -0.118115 1.000000
0.004255 0.080000 -0.116440 1.000000
0.004255 0.080000 -0.114764 1.000000
0.004255 0.080000 -0.113089 1.000000
0.004255 0.080000 -0.111414 1.000000
0.004255 0.080000 -0.109738 1.000000
0.004255 0.080000 -0.108063 1.000000
0.004255 0.080000 -0.106387 1.000000
0.004255 0.080000 -0.104712 1.000000
0.004255 0.080000 -0.103037 1.000000
0.004255 0.080000 -0.101361 1.000000
0.004255 0.080000 -0.099686 1.000000
0.004255 0.080000 -0.098010 1.000000
0.004255 0.080000 -0.096335 1.000000
0.004255 0.080000 -0.094660 1.000000
0.004255 0.080000 -0.092984 1.000000
0.004255 0.080000 -0.091309 1.000000
0.004255 0.080000 -0.089634 1.000000
0.004255 0.080000 -0.087958 1.000000
0.004255 0.080000 -0.086283 1.000000
0.004255 0.080000 -0.084607 1.000000
0.004255 0.080000 -0.082932 1.000000
0.004255 0.080000 -0.081257 1.000000
0.004255 0.080000 -0.079581 1.000000
0.004255 0.080000 -0.077906 1.000000
0.004255 0.080000 -0.076230 1.000000
0.004255 0.080000 -0.074555 1.000000
0.004255 0.080000 -0.072880 1.000000
0.004255 0.080000 -0.071204 1.000000
0.004255 0.080000 -0.069529 1.000000
0.004255 0.080000 -0.067853 1.000000
0.004255 0.080000 -0.066178 1.000000
0.004255 0.080000 -0.064503 1.000000
0.004255 0.080000 -0.062827 1.000000
0.004255 0.080000 -0.061152 1.000000
0.004255 0.080000 -0.059476 1.000000
0.004255 0.080000 -0.057801 1.000000
0.004255 0.080000 -0.056126 1.000000
0.004255 0.080000 -0.054450 1.000000
0.004255 0.080000 -0.052775 1.000000
0.004255 0.080000 -0.051099 1.000000
0.004255 0.080000 -0.049424 1.000000
0.004255 0.080000 -0.047749 1.000000
0.004255 0.080000 -0.046073 1.000000
0.004255 0.080000 -0.044398 1.000000
0.004255 0.080000 -0.042723 1.000000
0.004255 0.080000 -0.041047 1.000000
0.004255 0.080000 -0.039372 1.000000
0.004255 0.080000 -0.037696 1.000000
0.004255 0.080000 -0.036021 1.000000
0.004255 0.080000 -0.034346 1.000000
0.004255 0.080000 -0.032670 1.000000
0.004255 0.080000 -0.030995 1.000000
0.004255 0.080000 -0.029319 1.000000
0.004255 0.080000 -0.027644 1.000000
0.004255 0.080000 -0.025969 1.000000
0.004255 0.080000 -0.024293 1.000000
0.004255 0.080000 -0.022618 1.000000
0.004255 0.080000 -0.020942 1.000000
0.004255 0.080000 -0.019267 1.000000
0.004255 0.080000 -0.017592 1.000000
0.004255 0.080000 -0.015916 1.000000
0.004255 0.080000 -0.014241 1.000000
0.004255 0.080000 -0.012565 1.000000
0.004255 0.080000 -0.010890 1.000000
0.004255 0.080000 -0.009215 1.000000
0.004255 0.080000 -0.007539 1.000000
0.004255 0.080000 -0.005864 1.000000
0.004255 0.080000 -0.004188 1.000000
0.004255 0.080000 -0.002513 1.000000
0.004255 0.080000 -0.000838 1.000000
0.004255 0.080000 0.000838 1.000000
0.004255 0.080000 0.002513 1.000000
0.004255 0.080000 0.004188 1.000000
0.004255 0.080000 0.005864 1.000000
0.004255 0.080000 0.007539 1.000000
0.004255 0.080000 0.009215 1.000000
0.004255 0.080000 0.010890 1.000000
0.004255 0.080000 0.012565 1.000000
0.004255 0.080000 0.014241 1.000000
0.004255 0.080000 0.015916 1.000000
0.004255 0.080000 0.017592 1.000000
0.004255 0.080000 0.019267 1.000000
0.004255 0.080000 0.020942 1.000000
0.004255 0.080000 0.022618 1.000000
0.004255 0.080000 0.024293 1.000000
0.004255 0.080000 0.025969 1.000000
0.004255 0.080000 0.027644 1.000000
0.004255 0.080000 0.029319 1.000000
0.004255 0.080000 0.030995 1.000000
0.004255 0.080000 0.032670 1.000000
0.004255 0.080000 0.034346 1.000000
0.004255 0.080000 0.036021 1.000000
0.004255 0.080000 0.037696 1.000000
0.004255 0.080000 0.039372 1.000000
0.004255 0.080000 0.041047 1.000000
0.004255 0.080000 0.042723 1.000000
0.004255 0.080000 0.044398 1.000000
0.004255 0.080000 0.046073 1.000000
0.004255 0.080000 0.047749 1.000000
0.004255 0.080000 0.049424 1.000000
0.004255 0.080000 0.051099 1.000000
0.004255 0.080000 0.052775 1.000000
0.004255 0.080000 0.054450 1.000000
0.004255 0.080000 0.056126 1.000000
0.004255 0.080000 0.057801 1.000000
0.004255 0.080000 0.059476 1.000000
0.004255 0.080000 0.061152 1.000000
0.004255 0.080000 0.062827 1.000000
0.004255 0.080000 0.064503 1.000000
0.004255 0.080000 0.066178 1.000000
0.004255 0.080000 0.067853 1.000000
0.004255 0.080000 0.069529 1.000000
0.004255 0.080000 0.071204 1.000000
0.004255 0.080000 0.072880 1.000000
0.004255 0.080000 0.074555 1.000000
0.004255 0.080000 0.076230 1.000000
0.004255 0.080000 0.077906 1.000000
0.004255 0.080000 0.079581 1.000000
0.004255 0.080000 0.081257 1.000000
0.004255 0.080000 0.082932 1.000000
0.004255 0.080000 0.084607 1.000000
0.004255 0.080000 0.086283 1.000000
0.004255 0.080000 0.087958 1.000000
0.004255 0.080000 0.089634 1.000000
0.004255 0.080000 0.091309 1.000000
0.004255 0.080000 0.092984 1.000000
0.004255 0.080000 0.094660 1.000000
0.004255 0.080000 0.096335 1.000000
0.004255 0.080000 0.098010 1.000000
0.004255 0.080000 0.099686 1.000000
0.004255 0.080000 0.101361 1.000000
0.004255 0.080000 0.103037 1.000000
0.004255 0.080000 0.104712 1.000000
0.004255 0.080000 0.106387 1.000000
0.004255 0.080000 0.108063 1.000000
0.004255 0.080000 0.109738 1.000000
0.004255 0.080000 0.111414 1.000000
0.004255 0.080000 0.113089 1.000000
0.004255 0.080000 0.114764 1.000000
0.004255 0.080000 0.116440 1.000000
0.004255 0.080000 0.118115 1.000000
0.004255 0.080000 0.119791 1.000000
0.004255 0.080000 0.121466 1.000000
0.004255 0.080000 0.123141 1.000000
0.004255 0.080000 0.124817 1.000000
0.004255 0.080000 0.126492 1.000000
0.004255 0.080000 0.128168 1.000000
0.004255 0.080000 0.129843 1.000000
0.004255 0.080000 0.131518 1.000000
0.004255 0.080000 0.133194 1.000000
0.004255 0.080000 0.134869 1.000000
0.004255 0.080000 0.136545 1.000000
0.004255 0.080000 0.138220 1.000000
0.004255 0.080000 0.139895 1.000000
0.004255 0.080000 0.141571 1.000000
0.004255 0.080000 0.143246 1.000000
0.004255 0.080000 0.144921 1.000000
0.004255 0.080000 0.146597 1.000000
0.004255 0.080000 0.148272 1.000000
0.004255 0.080000 0.149948 1.000000
0.004255 0.080000 0.151623 1.000000
0.004255 0.080000 0.153298 1.000000
0.004255 0.080000 0.154974 1.000000
0.004255 0.080000 0.156649 1.000000
0.004255 0.080000 0.158325 1.000000
0.004255 0.080000 0.160000 1.000000
0.005957 0.080000 -0.160000 1.000000
0.005957 0.080000 -0.158325 1.000000
0.005957 0.080000 -0.156649 1.000000
0.005957 0.080000 -0.154974 1.000000
0.005957 0.080000 -0.153298 1.000000
0.005957 0.080000 -0.151623 1.000000
0.005957 0.080000 -0.149948 1.000000
0.005957 0.080000 -0.148272 1.000000
0.005957 0.080000 -0.146597 1.000000
0.005957 0.080000 -0.144921 1.000000
0.005957 0.080000 -0.143246 1.000000
0.005957 0.080000 -0.141571 1.000000
0.005957 0.080000 -0.139895 1.000000
0.005957 0.080000 -0.138220 1.000000
0.005957 0.080000 -0.136545 1.000000
0.005957 0.080000 -0.134869 1.000000
0.005957 0.080000 -0.133194 1.000000
0.005957 0.080000 -0.131518 1.000000
0.005957 0.080000 -0.129843 1.000000
0.005957 0.080000 -0.128168 1.000000
0.005957 0.080000 -0.126492 1.000000
0.005957 0.080000 -0.124817 1.000000
0.005957 0.080000 -0.123141 1.000000
0.005957 0.080000 -0.121466 1.000000
0.005957 0.080000 -0.119791 1.000000
0.005957 0.080000 -0.118115 1.000000
0.005957 0.080000 -0.116440 1.000000
0.005957 0.080000 -0.114764 1.000000
0.005957 0.080000 -0.113089 1.000000
0.005957 0.080000 -0.111414 1.000000
0.005957 0.080000 -0.109738 1.000000
0.005957 0.080000 -0.108063 1.000000
0.005957 0.080000 -0.106387 1.000000
0.005957 0.080000 -0.104712 1.000000
0.005957 0.080000 -0.103037 1.000000
0.005957 0.080000 -0.101361 1.000000
0.005957 0.080000 -0.099686 1.000000
0.005957 0.080000 -0.098010 1.000000
0.005957 0.080000 -0.096335 1.000000
0.005957 0.080000 -0.094660 1.000000
0.005957 0.080000 -0.092984 1.000000
0.005957 0.080000 -0.091309 1.000000
0.005957 0.080000 -0.089634 1.000000
0.005957 0.080000 -0.087958 1.000000
0.005957 0.080000 -0.086283 1.000000
0.005957 0.080000 -0.084607 1.000000
0.005957 0.080000 -0.082932 1.000000
0.005957 0.080000 -0.081257 1.000000
0.005957 0.080000 -0.079581 1.000000
0.005957 0.080000 -0.077906 1.000000
0.005957 0.080000 -0.076230 1.000000
0.005957 0.080000 -0.074555 1.000000
0.005957 0.080000 -0.072880 1.000000
0.005957 0.080000 -0.071204 1.000000
0.005957 0.080000 -0.069529 1.000000
0.005957 0.080000 -0.067853 1.000000
0.005957 0.080000 -0.066178 1.000000
0.005957 0.080000 -0.064503 1.000000
0.005957 0.080000 -0.062827 1.000000
0.005957 0.080000 -0.061152 1.000000
0.005957 0.080000 -0.059476 1.000000
0.005957 0.080000 -0.057801 1.000000
0.005957 0.080000 -0.056126 1.000000
0.005957 0.080000 -0.054450 1.000000
0.005957 0.080000 -0.052775 1.000000
0.005957 0.080000 -0.051099 1.000000
0.005957 0.080000 -0.049424 1.000000
0.005957 0.080000 -0.047749 1.000000
0.005957 0.080000 -0.046073 1.000000
0.005957 0.080000 -0.044398 1.000000
0.005957 0.080000 -0.042723 1.000000
0.005957 0.080000 -0.041047 1.000000
0.005957 0.080000 -0.039372 1.000000
0.005957 0.080000 -0.037696 1.000000
0.005957 0.080000 -0.036021 1.000000
0.005957 0.080000 -0.034346 1.000000
0.005957 0.080000 -0.032670 1.000000
0.005957 0.080000 -0.030995 1.000000
0.005957 0.080000 -0.029319 1.000000
0.005957 0.080000 -0.027644 1.000000
0.005957 0.080000 -0.025969 1.000000
0.005957 0.080000 -0.024293 1.000000
0.005957 0.080000 -0.022618 1.000000
0.005957 0.080000 -0.020942 1.000000
0.005957 0.080000 -0.019267 1.000000
0.005957 0.080000 -0.017592 1.000000
0.005957 0.080000 -0.015916 1.000000
0.005957 0.080000 -0.014241 1.000000
0.005957 0.080000 -0.012565 1.000000
0.005957 0.080000 -0.010890 1.000000
0.005957 0.080000 -0.009215 1.000000
0.005957 0.080000 -0.007539 1.000000
0.005957 0.080000 -0.005864 1.000000
0.005957 0.080000 -0.004188 1.000000
0.005957 0.080000 -0.002513 1.000000
0.005957 0.080000 -0.000838 1.000000
0.005957 0.080000 0.000838 1.000000
0.005957 0.080000 0.002513 1.000000
0.005957 0.080000 0.004188 1.000000
0.005957 0.080000 0.005864 1.000000
0.005957 0.080000 0.007539 1.000000
0.005957 0.080000 0.009215 1.000000
0.005957 0.080000 0.010890 1.000000
0.005957 0.080000 0.012565 1.000000
0.005957 0.080000 0.014241 1.000000
0.005957 0.080000 0.015916 1.000000
0.005957 0.080000 0.017592 1.000000
0.005957 0.080000 0.019267 1.000000
0.005957 0.080000 0.020942 1.000000
0.005957 0.080000 0.022618 1.000000
0.005957 0.080000 0.024293 1.000000
0.005957 0.080000 0.025969 1.000000
0.005957 0.080000 0.027644 1.000000
0.005957 0.080000 0.029319 1.000000
0.005957 0.080000 0.030995 1.000000
0.005957 0.080000 0.032670 1.000000
0.005957 0.080000 0.034346 1.000000
0.005957 0.080000 0.036021 1.000000
0.005957 0.080000 0.037696 1.000000
0.005957 0.080000 0.039372 1.000000
0.005957 0.080000 0.041047 1.000000
0.005957 0.080000 0.042723 1.000000
0.005957 0.080000 0.044398 1.000000
0.005957 0.080000 0.046073 1.000000
0.005957 0.080000 0.047749 1.000000
0.005957 0.080000 0.049424 1.000000
0.005957 0.080000 0.051099 1.000000
0.005957 0.080000 0.052775 1.000000
0.005957 0.080000 0.054450 1.000000
0.005957 0.080000 0.056126 1.000000
0.005957 0.080000 0.057801 1.000000
0.005957 0.080000 0.059476 1.000000
0.005957 0.080000 0.061152 1.000000
0.005957 0.080000 0.062827 1.000000
0.005957 0.080000 0.064503 1.000000
0.005957 0.080000 0.066178 1.000000
0.005957 0.080000 0.067853 1.000000
0.005957 0.080000 0.069529 1.000000
0.005957 0.080000 0.071204 1.000000
0.005957 0.080000 0.072880 1.000000
0.005957 0.080000 0.074555 1.000000
0.005957 0.080000 0.076230 1.000000
0.005957 0.080000 0.077906 1.000000
0.005957 0.080000 0.079581 1.000000
0.005957 0.080000 0.081257 1.000000
0.005957 0.080000 0.082932 1.000000
0.005957 0.080000 0.084607 1.000000
0.005957 0.080000 0.086283 1.000000
0.005957 0.080000 0.087958 1.000000
0.005957 0.080000 0.089634 1.000000
0.005957 0.080000 0.091309 1.000000
0.005957 0.080000 0.092984 1.000000
0.005957 0.080000 0.094660 1.000000
0.005957 0.080000 0.096335 1.000000
0.005957 0.080000 0.098010 1.000000
0.005957 0.080000 0.099686 1.000000
0.005957 0.080000 0.101361 1.000000
0.005957 0.080000 0.103037 1.000000
0.005957 0.080000 0.104712 1.000000
0.005957 0.080000 0.106387 1.000000
0.005957 0.080000 0.108063 1.000000
0.005957 0.080000 0.109738 1.000000
0.005957 0.080000 0.111414 1.000000
0.005957 0.080000 0.113089 1.000000
0.005957 0.080000 0.114764 1.000000
0.005957 0.080000 0.116440 1.000000
0.005957 0.080000 0.118115 1.000000
0.005957 0.080000 0.119791 1.000000
0.005957 0.080000 0.121466 1.000000
0.005957 0.080000 0.123141 1.000000
0.005957 0.080000 0.124817 1.000000
0.005957 0.080000 0.126492 1.000000
0.005957 0.080000 0.128168 1.000000
0.005957 0.080000 0.129843 1.000000
0.005957 0.080000 0.131518 1.000000
0.005957 0.080000 0.133194 1.000000
0.005957 0.080000 0.134869 1.000000
0.005957 0.080000 0.136545 1.000000
0.005957 0.080000 0.138220 1.000000
0.005957 0.080000 0.139895 1.000000
0.005957 0.080000 0.141571 1.000000
0.005957 0.080000 0.143246 1.000000
0.005957 0.080000 0.144921 1.000000
0.005957 0.080000 0.146597 1.000000
0.005957 0.080000 0.148272 1.000000
0.005957 0.080000 0.149948 1.000000
0.005957 0.080000 0.151623 1.000000
0.005957 0.080000 0.153298 1.000000
0.005957 0.080000 0.154974 1.000000
0.005957 0.080000 0.156649 1.000000
0.005957 0.080000 0.158325 1.000000
0.005957 0.080000 0.160000 1.000000
0.007660 0.080000 -0.160000 1.000000
0.007660 0.080000 -0.158325 1.000000
0.007660 0.080000 -0.156649 1.000000
0.007660 0.080000 -0.154974 1.000000
0.007660 0.080000 -0.153298 1.000000
0.007660 0.080000 -0.151623 1.000000
0.007660 0.080000 -0.149948 1.000000
0.007660 0.080000 -0.148272 1.000000
0.007660 0.080000 -0.146597 1.000000
0.007660 0.080000 -0.144921 1.000000
0.007660 0.080000 -0.143246 1.000000
0.007660 0.080000 -0.141571 1.000000
0.007660 0.080000 -0.139895 1.000000
0.007660 0.080000 -0.138220 1.000000
0.007660 0.080000 -0.136545 1.000000
0.007660 0.080000 -0.134869 1.000000
0.007660 0.080000 -0.133194 1.000000
0.007660 0.080000 -0.131518 1.000000
0.007660 0.080000 -0.129843 1.000000
0.007660 0.080000 -0.128168 1.000000
0.007660 0.080000 -0.126492 1.000000
0.007660 0.080000 -0.124817 1.000000
0.007660 0.080000 -0.123141 1.000000
0.007660 0.080000 -0.121466 1.000000
0.007660 0.080000 -0.119791 1.000000
0.007660 0.080000 -0.118115 1.000000
0.007660 0.080000 -0.116440 1.000000
0.007660 0.080000 -0.114764 1.000000
0.007660 0.080000 -0.113089 1.000000
0.007660 0.080000 -0.111414 1.000000
0.007660 0.080000 -0.109738 1.000000
0.007660 0.080000 -0.108063 1.000000
0.007660 0.080000 -0.106387 1.000000
0.007660 0.080000 -0.104712 1.000000
0.007660 0.080000 -0.103037 1.000000
0.007660 0.080000 -0.101361 1.000000
0.007660 0.080000 -0.099686 1.000000
0.007660 0.080000 -0.098010 1.000000
0.007660 0.080000 -0.096335 1.000000
0.007660 0.080000 -0.094660 1.000000
0.007660 0.080000 -0.092984 1.000000
0.007660 0.080000 -0.091309 1.000000
0.007660 0.080000 -0.089634 1.000000
0.007660 0.080000 -0.087958 1.000000
0.007660 0.080000 -0.086283 1.000000
0.007660 0.080000 -0.084607 1.000000
0.007660 0.080000 -0.082932 1.000000
0.007660 0.080000 -0.081257 1.000000
0.007660 0.080000 -0.079581 1.000000
0.007660 0.080000 -0.077906 1.000000
0.007660 0.080000 -0.076230 1.000000
0.007660 0.080000 -0.074555 1.000000
0.007660 0.080000 -0.072880 1.000000
0.007660 0.080000 -0.071204 1.000000
0.007660 0.080000 -0.069529 1.000000
0.007660 0.080000 -0.067853 1.000000
0.007660 0.080000 -0.066178 1.000000
0.007660 0.080000 -0.064503 1.000000
0.007660 0.080000 -0.062827 1.000000
0.007660 0.080000 -0.061152 1.000000
0.007660 0.080000 -0.059476 1.000000
0.007660 0.080000 -0.057801 1.000000
0.007660 0.080000 -0.056126 1.000000
0.007660 0.080000 -0.054450 1.000000
0.007660 0.080000 -0.052775 1.000000
0.007660 0.080000 -0.051099 1.000000
0.007660 0.080000 -0.049424 1.000000
0.007660 0.080000 -0.047749 1.000000
0.007660 0.080000 -0.046073 1.000000
0.007660 0.080000 -0.044398 1.000000
0.007660 0.080000 -0.042723 1.000000
0.007660 0.080000 -0.041047 1.000000
0.007660 0.080000 -0.039372 1.000000
0.007660 0.080000 -0.037696 1.000000
0.007660 0.080000 -0.036021 1.000000
0.007660 0.080000 -0.034346 1.000000
0.007660 0.080000 -0.032670 1.000000
0.007660 0.080000 -0.030995 1.000000
0.007660 0.080000 -0.029319 1.000000
0.007660 0.080000 -0.027644 1.000000
0.007660 0.080000 -0.025969 1.000000
0.007660 0.080000 -0.024293 1.000000
0.007660 0.080000 -0.022618 1.000000
0.007660 0.080000 -0.020942 1.000000
0.007660 0.080000 -0.019267 1.000000
0.007660 0.080000 -0.017592 1.000000
0.007660 0.080000 -0.015916 1.000000
0.007660 0.080000 -0.014241 1.000000
0.007660 0.080000 -0.012565 1.000000
0.007660 0.080000 -0.010890 1.000000
0.007660 0.080000 -0.009215 1.000000
0.007660 0.080000 -0.007539 1.000000
0.007660 0.080000 -0.005864 1.000000
0.007660 0.080000 -0.004188 1.000000
0.007660 0.080000 -0.002513 1.000000
0.007660 0.080000 -0.000838 1.000000
0.007660 0.080000 0.000838 1.000000
0.007660 0.080000 0.002513 1.000000
0.007660 0.080000 0.004188 1.000000
0.007660 0.080000 0.005864 1.000000
0.007660 0.080000 0.007539 1.000000
0.007660 0.080000 0.009215 1.000000
0.007660 0.080000 0.010890 1.000000
0.007660 0.080000 0.012565 1.000000
0.007660 0.080000 0.014241 1.000000
0.007660 0.080000 0.015916 1.000000
0.007660 0.080000 0.017592 1.000000
0.007660 0.080000 0.019267 1.000000
0.007660 0.080000 0.020942 1.000000
0.007660 0.080000 0.022618 1.000000
0.007660 0.080000 0.024293 1.000000
0.007660 0.080000 0.025969 1.000000
0.007660 0.080000 0.027644 1.000000
0.007660 0.080000 0.029319 1.000000
0.007660 0.080000 0.030995 1.000000
0.007660 0.080000 0.032670 1.000000
0.007660 0.080000 0.034346 1.000000
0.007660 0.080000 0.036021 1.000000
0.007660 0.080000 0.037696 1.000000
0.007660 0.080000 0.039372 1.000000
0.007660 0.080000 0.041047 1.000000
0.007660 0.080000 0.042723 1.000000
0.007660 0.080000 0.044398 1.000000
0.007660 0.080000 0.046073 1.000000
0.007660 0.080000 0.047749 1.000000
0.007660 0.080000 0.049424 1.000000
0.007660 0.080000 0.051099 1.000000
0.007660 0.080000 0.052775 1.000000
0.007660 0.080000 0.054450 1.000000
0.007660 0.080000 0.056126 1.000000
0.007660 0.080000 0.057801 1.000000
0.007660 0.080000 0.059476 1.000000
0.007660 0.080000 0.061152 1.000000
0.007660 0.080000 0.062827 1.000000
0.007660 0.080000 0.064503 1.000000
0.007660 0.080000 0.066178 1.000000
0.007660 0.080000 0.067853 1.000000
0.007660 0.080000 0.069529 1.000000
0.007660 0.080000 0.071204 1.000000
0.007660 0.080000 0.072880 1.000000
0.007660 0.080000 0.074555 1.000000
0.007660 0.080000 0.076230 1.000000
0.007660 0.080000 0.077906 1.000000
0.007660 0.080000 0.079581 1.000000
0.007660 0.080000 0.081257 1.000000
0.007660 0.080000 0.082932 1.000000
0.007660 0.080000 0.084607 1.000000
0.007660 0.080000 0.086283 1.000000
0.007660 0.080000 0.087958 1.000000
0.007660 0.080000 0.089634 1.000000
0.007660 0.080000 0.091309 1.000000
0.007660 0.080000 0.092984 1.000000
0.007660 0.080000 0.094660 1.000000
0.007660 0.080000 0.096335 1.000000
0.007660 0.080000 0.098010 1.000000
0.007660 0.080000 0.099686 1.000000
0.007660 0.080000 0.101361 1.000000
0.007660 0.080000 0.103037 1.000000
0.007660 0.080000 0.104712 1.000000
0.007660 0.080000 0.106387 1.000000
0.007660 0.080000 0.108063 1.000000
0.007660 0.080000 0.109738 1.000000
0.007660 0.080000 0.111414 1.000000
0.007660 0.080000 0.113089 1.000000
0.007660 0.080000 0.114764 1.000000
0.007660 0.080000 0.116440 1.000000
0.007660 0.080000 0.118115 1.000000
0.007660 0.080000 0.119791 1.000000
0.007660 0.080000 0.121466 1.000000
0.007660 0.080000 0.123141 1.000000
0.007660 0.080000 0.124817 1.000000
0.007660 0.080000 0.126492 1.000000
0.007660 0.080000 0.128168 1.000000
0.007660 0.080000 0.129843 1.000000
0.007660 0.080000 0.131518 1.000000
0.007660 0.080000 0.133194 1.000000
0.007660 0.080000 0.134869 1.000000
0.007660 0.080000 0.136545 1.000000
0.007660 0.080000 0.138220 1.000000
0.007660 0.080000 0.139895 1.000000
0.007660 0.080000 0.141571 1.000000
0.007660 0.080000 0.143246 1.000000
0.007660 0.080000 0.144921 1.000000
0.007660 0.080000 0.146597 1.000000
0.007660 0.080000 0.148272 1.000000
0.007660 0.080000 0.149948 1.000000
0.007660 0.080000 0.151623 1.000000
0.007660 0.080000 0.153298 1.000000
0.007660 0.080000 0.154974 1.000000
0.007660 0.080000 0.156649 1.000000
0.007660 0.080000 0.158325 1.000000
0.007660 0.080000 0.160000 1.000000
0.009362 0.080000 -0.160000 1.000000
0.009362 0.080000 -0.158325 1.000000
0.009362 0.080000 -0.156649 1.000000
0.009362 0.080000 -0.154974 1.000000
0.009362 0.080000 -0.153298 1.000000
0.009362 0.080000 -0.151623 1.000000
0.009362 0.080000 -0.149948 1.000000
0.009362 0.080000 -0.148272 1.000000
0.009362 0.080000 -0.146597 1.000000
0.009362 0.080000 -0.144921 1.000000
0.009362 0.080000 -0.143246 1.000000
0.009362 0.080000 -0.141571 1.000000
0.009362 0.080000 -0.139895 1.000000
0.009362 0.080000 -0.138220 1.000000
0.009362 0.080000 -0.136545 1.000000
0.009362 0.080000 -0.134869 1.000000
0.009362 0.080000 -0.133194 1.000000
0.009362 0.080000 -0.131518 1.000000
0.009362 0.080000 -0.129843 1.000000
0.009362 0.080000 -0.128168 1.000000
0.009362 0.080000 -0.126492 1.000000
0.009362 0.080000 -0.124817 1.000000
0.009362 0.080000 -0.123141 1.000000
0.009362 0.080000 -0.121466 1.000000
0.009362 0.080000 -0.119791 1.000000
0.009362 0.080000 -0.118115 1.000000
0.009362 0.080000 -0.116440 1.000000
0.009362 0.080000 -0.114764 1.000000
0.009362 0.080000 -0.113089 1.000000
0.009362 0.080000 -0.111414 1.000000
0.009362 0.080000 -0.109738 1.000000
0.009362 0.080000 -0.108063 1.000000
0.009362 0.080000 -0.106387 1.000000
0.009362 0.080000 -0.104712 1.000000
0.009362 0.080000 -0.103037 1.000000
0.009362 0.080000 -0.101361 1.000000
0.009362 0.080000 -0.099686 1.000000
0.009362 0.080000 -0.098010 1.000000
0.009362 0.080000 -0.096335 1.000000
0.009362 0.080000 -0.094660 1.000000
0.009362 0.080000 -0.092984 1.000000
0.009362 0.080000 -0.091309 1.000000
0.009362 0.080000 -0.089634 1.000000
0.009362 0.080000 -0.087958 1.000000
0.009362 0.080000 -0.086283 1.000000
0.009362 0.080000 -0.084607 1.000000
0.009362 0.080000 -0.082932 1.000000
0.009362 0.080000 -0.081257 1.000000
0.009362 0.080000 -0.079581 1.000000
0.009362 0.080000 -0.077906 1.000000
0.009362 0.080000 -0.076230 1.000000
0.009362 0.080000 -0.074555 1.000000
0.009362 0.080000 -0.072880 1.000000
0.009362 0.080000 -0.071204 1.000000
0.009362 0.080000 -0.069529 1.000000
0.009362 0.080000 -0.067853 1.000000
0.009362 0.080000 -0.066178 1.000000
0.009362 0.080000 -0.064503 1.000000
0.009362 0.080000 -0.062827 1.000000
0.009362 0.080000 -0.061152 1.000000
0.009362 0.080000 -0.059476 1.000000
0.009362 0.080000 -0.057801 1.000000
0.009362 0.080000 -0.056126 1.000000
0.009362 0.080000 -0.054450 1.000000
0.009362 0.080000 -0.052775 1.000000
0.009362 0.080000 -0.051099 1.000000
0.009362 0.080000 -0.049424 1.000000
0.009362 0.080000 -0.047749 1.000000
0.009362 0.080000 -0.046073 1.000000
0.009362 0.080000 -0.044398 1.000000
0.009362 0.080000 -0.042723 1.000000
0.009362 0.080000 -0.041047 1.000000
0.009362 0.080000 -0.039372 1.000000
0.009362 0.080000 -0.037696 1.000000
0.009362 0.080000 -0.036021 1.000000
0.009362 0.080000 -0.034346 1.000000
0.009362 0.080000 -0.032670 1.000000
0.009362 0.080000 -0.030995 1.000000
0.009362 0.080000 -0.029319 1.000000
0.009362 0.080000 -0.027644 1.000000
0.009362 0.080000 -0.025969 1.000000
0.009362 0.080000 -0.024293 1.000000
0.009362 0.080000 -0.022618 1.000000
0.009362 0.080000 -0.020942 1.000000
0.009362 0.080000 -0.019267 1.000000
0.009362 0.080000 -0.017592 1.000000
0.009362 0.080000 -0.015916 1.000000
0.009362 0.080000 -0.014241 1.000000
0.009362 0.080000 -0.012565 1.000000
0.009362 0.080000 -0.010890 1.000000
0.009362 0.080000 -0.009215 1.000000
0.009362 0.080000 -0.007539 1.000000
0.009362 0.080000 -0.005864 1.000000
0.009362 0.080000 -0.004188 1.000000
0.009362 0.080000 -0.002513 1.000000
0.009362 0.080000 -0.000838 1.000000
0.009362 0.080000 0.000838 1.000000
0.009362 0.080000 0.002513 1.000000
0.009362 0.080000 0.004188 1.000000
0.009362 0.080000 0.005864 1.000000
0.009362 0.080000 0.007539 1.000000
0.009362 0.080000 0.009215 1.000000
0.009362 0.080000 0.010890 1.000000
0.009362 0.080000 0.012565 1.000000
0.009362 0.080000 0.014241 1.000000
0.009362 0.080000 0.015916 1.000000
0.009362 0.080000 0.017592 1.000000
0.009362 0.080000 0.019267 1.000000
0.009362 0.080000 0.020942 1.000000
0.009362 0.080000 0.022618 1.000000
0.009362 0.080000 0.024293 1.000000
0.009362 0.080000 0.025969 1.000000
0.009362 0.080000 0.027644 1.000000
0.009362 0.080000 0.029319 1.000000
0.009362 0.080000 0.030995 1.000000
0.009362 0.080000 0.032670 1.000000
0.009362 0.080000 0.034346 1.000000
0.009362 0.080000 0.036021 1.000000
0.009362 0.080000 0.037696 1.000000
0.009362 0.080000 0.039372 1.000000
0.009362 0.080000 0.041047 1.000000
0.009362 0.080000 0.042723 1.000000
0.009362 0.080000 0.044398 1.000000
0.009362 0.080000 0.046073 1.000000
0.009362 0.080000 0.047749 1.000000
0.009362 0.080000 0.049424 1.000000
0.009362 0.080000 0.051099 1.000000
0.009362 0.080000 0.052775 1.000000
0.009362 0.080000 0.054450 1.000000
0.009362 0.080000 0.056126 1.000000
0.009362 0.080000 0.057801 1.000000
0.009362 0.080000 0.059476 1.000000
0.009362 0.080000 0.061152 1.000000
0.009362 0.080000 0.062827 1.000000
0.009362 0.080000 0.064503 1.000000
0.009362 0.080000 0.066178 1.000000
0.009362 0.080000 0.067853 1.000000
0.009362 0.080000 0.069529 1.000000
0.009362 0.080000 0.071204 1.000000
0.009362 0.080000 0.072880 1.000000
0.009362 0.080000 0.074555 1.000000
0.009362 0.080000 0.076230 1.000000
0.009362 0.080000 0.077906 1.000000
0.009362 0.080000 0.079581 1.000000
0.009362 0.080000 0.081257 1.000000
0.009362 0.080000 0.082932 1.000000
0.009362 0.080000 0.084607 1.000000
0.009362 0.080000 0.086283 1.000000
0.009362 0.080000 0.087958 1.000000
0.009362 0.080000 0.089634 1.000000
0.009362 0.080000 0.091309 1.000000
0.009362 0.080000 0.092984 1.000000
0.009362 0.080000 0.094660 1.000000
0.009362 0.080000 0.096335 1.000000
0.009362 0.080000 0.098010 1.000000
0.009362 0.080000 0.099686 1.000000
0.009362 0.080000 0.101361 1.000000
0.009362 0.080000 0.103037 1.000000
0.009362 0.080000 0.104712 1.000000
0.009362 0.080000 0.106387 1.000000
0.009362 0.080000 0.108063 1.000000
0.009362 0.080000 0.109738 1.000000
0.009362 0.080000 0.111414 1.000000
0.009362 0.080000 0.113089 1.000000
0.009362 0.080000 0.114764 1.000000
0.009362 0.080000 0.116440 1.000000
0.009362 0.080000 0.118115 1.000000
0.009362 0.080000 0.119791 1.000000
0.009362 0.080000 0.121466 1.000000
0.009362 0.080000 0.123141 1.000000
0.009362 0.080000 0.124817 1.000000
0.009362 0.080000 0.126492 1.000000
0.009362 0.080000 0.128168 1.000000
0.009362 0.080000 0.129843 1.000000
0.009362 0.080000 0.131518 1.000000
0.009362 0.080000 0.133194 1.000000
0.009362 0.080000 0.134869 1.000000
0.009362 0.080000 0.136545 1.000000
0.009362 0.080000 0.138220 1.000000
0.009362 0.080000 0.139895 1.000000
0.009362 0.080000 0.141571 1.000000
0.009362 0.080000 0.143246 1.000000
0.009362 0.080000 0.144921 1.000000
0.009362 0.080000 0.146597 1.000000
0.009362 0.080000 0.148272 1.000000
0.009362 0.080000 0.149948 1.000000
0.009362 0.080000 0.151623 1.000000
0.009362 0.080000 0.153298 1.000000
0.009362 0.080000 0.154974 1.000000
0.009362 0.080000 0.156649 1.000000
0.009362 0.080000 0.158325 1.000000
0.009362 0.080000 0.160000 1.000000
0.011064 0.080000 -0.160000 1.000000
0.011064 0.080000 -0.158325 1.000000
0.011064 0.080000 -0.156649 1.000000
0.011064 0.080000 -0.154974 1.000000
0.011064 0.080000 -0.153298 1.000000
0.011064 0.080000 -0.151623 1.000000
0.011064 0.080000 -0.149948 1.000000
0.011064 0.080000 -0.148272 1.000000
0.011064 0.080000 -0.146597 1.000000
0.011064 0.080000 -0.144921 1.000000
0.011064 0.080000 -0.143246 1.000000
0.011064 0.080000 -0.141571 1.000000
0.011064 0.080000 -0.139895 1.000000
0.011064 0.080000 -0.138220 1.000000
0.011064 0.080000 -0.136545 1.000000
0.011064 0.080000 -0.134869 1.000000
0.011064 0.080000 -0.133194 1.000000
0.011064 0.080000 -0.131518 1.000000
0.011064 0.080000 -0.129843 1.000000
0.011064 0.080000 -0.128168 1.000000
0.011064 0.080000 -0.126492 1.000000
0.011064 0.080000 -0.124817 1.000000
0.011064 0.080000 -0.123141 1.000000
0.011064 0.080000 -0.121466 1.000000
0.011064 0.080000 -0.119791 1.000000
0.011064 0.080000 -0.118115 1.000000
0.011064 0.080000 -0.116440 1.000000
0.011064 0.080000 -0.114764 1.000000
0.011064 0.080000 -0.113089 1.000000
0.011064 0.080000 -0.111414 1.000000
0.011064 0.080000 -0.109738 1.000000
0.011064 0.080000 -0.108063 1.000000
0.011064 0.080000 -0.106387 1.000000
0.011064 0.080000 -0.104712 1.000000
0.011064 0.080000 -0.103037 1.000000
0.011064 0.080000 -0.101361 1.000000
0.011064 0.080000 -0.099686 1.000000
0.011064 0.080000 -0.098010 1.000000
0.011064 0.080000 -0.096335 1.000000
0.011064 0.080000 -0.094660 1.000000
0.011064 0.080000 -0.092984 1.000000
0.011064 0.080000 -0.091309 1.000000
0.011064 0.080000 -0.089634 1.000000
0.011064 0.080000 -0.087958 1.000000
0.011064 0.080000 -0.086283 1.000000
0.011064 0.080000 -0.084607 1.000000
0.011064 0.080000 -0.082932 1.000000
0.011064 0.080000 -0.081257 1.000000
0.011064 0.080000 -0.079581 1.000000
0.011064 0.080000 -0.077906 1.000000
0.011064 0.080000 -0.076230 1.000000
0.011064 0.080000 -0.074555 1.000000
0.011064 0.080000 -0.072880 1.000000
0.011064 0.080000 -0.071204 1.000000
0.011064 0.080000 -0.069529 1.000000
0.011064 0.080000 -0.067853 1.000000
0.011064 0.080000 -0.066178 1.000000
0.011064 0.080000 -0.064503 1.000000
0.011064 0.080000 -0.062827 1.000000
0.011064 0.080000 -0.061152 1.000000
0.011064 0.080000 -0.059476 1.000000
0.011064 0.080000 -0.057801 1.000000
0.011064 0.080000 -0.056126 1.000000
0.011064 0.080000 -0.054450 1.000000
0.011064 0.080000 -0.052775 1.000000
0.011064 0.080000 -0.051099 1.000000
0.011064 0.080000 -0.049424 1.000000
0.011064 0.080000 -0.047749 1.000000
0.011064 0.080000 -0.046073 1.000000
0.011064 0.080000 -0.044398 1.000000
0.011064 0.080000 -0.042723 1.000000
0.011064 0.080000 -0.041047 1.000000
0.011064 0.080000 -0.039372 1.000000
0.011064 0.080000 -0.037696 1.000000
0.011064 0.080000 -0.036021 1.000000
0.011064 0.080000 -0.034346 1.000000
0.011064 0.080000 -0.032670 1.000000
0.011064 0.080000 -0.030995 1.000000
0.011064 0.080000 -0.029319 1.000000
0.011064 0.080000 -0.027644 1.000000
0.011064 0.080000 -0.025969 1.000000
0.011064 0.080000 -0.024293 1.000000
0.011064 0.080000 -0.022618 1.000000
0.011064 0.080000 -0.020942 1.000000
0.011064 0.080000 -0.019267 1.000000
0.011064 0.080000 -0.017592 1.000000
0.011064 0.080000 -0.015916 1.000000
0.011064 0.080000 -0.014241 1.000000
0.011064 0.080000 -0.012565 1.000000
0.011064 0.080000 -0.010890 1.000000
0.011064 0.080000 -0.009215 1.000000
0.011064 0.080000 -0.007539 1.000000
0.011064 0.080000 -0.005864 1.000000
0.011064 0.080000 -0.004188 1.000000
0.011064 0.080000 -0.002513 1.000000
0.011064 0.080000 -0.000838 1.000000
0.011064 0.080000 0.000838 1.000000
0.011064 0.080000 0.002513 1.000000
0.011064 0.080000 0.004188 1.000000
0.011064 0.080000 0.005864 1.000000
0.011064 0.080000 0.007539 1.000000
0.011064 0.080000 0.009215 1.000000
0.011064 0.080000 0.010890 1.000000
0.011064 0.080000 0.012565 1.000000
0.011064 0.080000 0.014241 1.000000
0.011064 0.080000 0.015916 1.000000
0.011064 0.080000 0.017592 1.000000
0.011064 0.080000 0.019267 1.000000
0.011064 0.080000 0.020942 1.000000
0.011064 0.080000 0.022618 1.000000
0.011064 0.080000 0.024293 1.000000
0.011064 0.080000 0.025969 1.000000
0.011064 0.080000 0.027644 1.000000
0.011064 0.080000 0.029319 1.000000
0.011064 0.080000 0.030995 1.000000
0.011064 0.080000 0.032670 1.000000
0.011064 0.080000 0.034346 1.000000
0.011064 0.080000 0.036021 1.000000
0.011064 0.080000 0.037696 1.000000
0.011064 0.080000 0.039372 1.000000
0.011064 0.080000 0.041047 1.000000
0.011064 0.080000 0.042723 1.000000
0.011064 0.080000 0.044398 1.000000
0.011064 0.080000 0.046073 1.000000
0.011064 0.080000 0.047749 1.000000
0.011064 0.080000 0.049424 1.000000
0.011064 0.080000 0.051099 1.000000
0.011064 0.080000 0.052775 1.000000
0.011064 0.080000 0.054450 1.000000
0.011064 0.080000 0.056126 1.000000
0.011064 0.080000 0.057801 1.000000
0.011064 0.080000 0.059476 1.000000
0.011064 0.080000 0.061152 1.000000
0.011064 0.080000 0.062827 1.000000
0.011064 0.080000 0.064503 1.000000
0.011064 0.080000 0.066178 1.000000
0.011064 0.080000 0.067853 1.000000
0.011064 0.080000 0.069529 1.000000
0.011064 0.080000 0.071204 1.000000
0.011064 0.080000 0.072880 1.000000
0.011064 0.080000 0.074555 1.000000
0.011064 0.080000 0.076230 1.000000
0.011064 0.080000 0.077906 1.000000
0.011064 0.080000 0.079581 1.000000
0.011064 0.080000 0.081257 1.000000
0.011064 0.080000 0.082932 1.000000
0.011064 0.080000 0.084607 1.000000
0.011064 0.080000 0.086283 1.000000
0.011064 0.080000 0.087958 1.000000
0.011064 0.080000 0.089634 1.000000
0.011064 0.080000 0.091309 1.000000
0.011064 0.080000 0.092984 1.000000
0.011064 0.080000 0.094660 1.000000
0.011064 0.080000 0.096335 1.000000
0.011064 0.080000 0.098010 1.000000
0.011064 0.080000 0.099686 1.000000
0.011064 0.080000 0.101361 1.000000
0.011064 0.080000 0.103037 1.000000
0.011064 0.080000 0.104712 1.000000
0.011064 0.080000 0.106387 1.000000
0.011064 0.080000 0.108063 1.000000
0.011064 0.080000 0.109738 1.000000
0.011064 0.080000 0.111414 1.000000
0.011064 0.080000 0.113089 1.000000
0.011064 0.080000 0.114764 1.000000
0.011064 0.080000 0.116440 1.000000
0.011064 0.080000 0.118115 1.000000
0.011064 0.080000 0.119791 1.000000
0.011064 0.080000 0.121466 1.000000
0.011064 0.080000 0.123141 1.000000
0.011064 0.080000 0.124817 1.000000
0.011064 0.080000 0.126492 1.000000
0.011064 0.080000 0.128168 1.000000
0.011064 0.080000 0.129843 1.000000
0.011064 0.080000 0.131518 1.000000
0.011064 0.080000 0.133194 1.000000
0.011064 0.080000 0.134869 1.000000
0.011064 0.080000 0.136545 1.000000
0.011064 0.080000 0.138220 1.000000
0.011064 0.080000 0.139895 1.000000
0.011064 0.080000 0.141571 1.000000
0.011064 0.080000 0.143246 1.000000
0.011064 0.080000 0.144921 1.000000
0.011064 0.080000 0.146597 1.000000
0.011064 0.080000 0.148272 1.000000
0.011064 0.080000 0.149948 1.000000
0.011064 0.080000 0.151623 1.000000
0.011064 0.080000 0.153298 1.000000
0.011064 0.080000 0.154974 1.000000
0.011064 0.080000 0.156649 1.000000
0.011064 0.080000 0.158325 1.000000
0.011064 0.080000 0.160000 1.000000
0.012766 0.080000 -0.160000 1.000000
0.012766 0.080000 -0.158325 1.000000
0.012766 0.080000 -0.156649 1.000000
0.012766 0.080000 -0.154974 1.000000
0.012766 0.080000 -0.153298 1.000000
0.012766 0.080000 -0.151623 1.000000
0.012766 0.080000 -0.149948 1.000000
0.012766 0.080000 -0.148272 1.000000
0.012766 0.080000 -0.146597 1.000000
0.012766 0.080000 -0.144921 1.000000
0.012766 0.080000 -0.143246 1.000000
0.012766 0.080000 -0.141571 1.000000
0.012766 0.080000 -0.139895 1.000000
0.012766 0.080000 -0.138220 1.000000
0.012766 0.080000 -0.136545 1.000000
0.012766 0.080000 -0.134869 1.000000
0.012766 0.080000 -0.133194 1.000000
0.012766 0.080000 -0.131518 1.000000
0.012766 0.080000 -0.129843 1.000000
0.012766 0.080000 -0.128168 1.000000
0.012766 0.080000 -0.126492 1.000000
0.012766 0.080000 -0.124817 1.000000
0.012766 0.080000 -0.123141 1.000000
0.012766 0.080000 -0.121466 1.000000
0.012766 0.080000 -0.119791 1.000000
0.012766 0.080000 -0.118115 1.000000
0.012766 0.080000 -0.116440 1.000000
0.012766 0.080000 -0.114764 1.000000
0.012766 0.080000 -0.113089 1.000000
0.012766 0.080000 -0.111414 1.000000
0.012766 0.080000 -0.109738 1.000000
0.012766 0.080000 -0.108063 1.000000
0.012766 0.080000 -0.106387 1.000000
0.012766 0.080000 -0.104712 1.000000
0.012766 0.080000 -0.103037 1.000000
0.012766 0.080000 -0.101361 1.000000
0.012766 0.080000 -0.099686 1.000000
0.012766 0.080000 -0.098010 1.000000
0.012766 0.080000 -0.096335 1.000000
0.012766 0.080000 -0.094660 1.000000
0.012766 0.080000 -0.092984 1.000000
0.012766 0.080000 -0.091309 1.000000
0.012766 0.080000 -0.089634 1.000000
0.012766 0.080000 -0.087958 1.000000
0.012766 0.080000 -0.086283 1.000000
0.012766 0.080000 -0.084607 1.000000
0.012766 0.080000 -0.082932 1.000000
0.012766 0.080000 -0.081257 1.000000
0.012766 0.080000 -0.079581 1.000000
0.012766 0.080000 -0.077906 1.000000
0.012766 0.080000 -0.076230 1.000000
0.012766 0.080000 -0.074555 1.000000
0.012766 0.080000 -0.072880 1.000000
0.012766 0.080000 -0.071204 1.000000
0.012766 0.080000 -0.069529 1.000000
0.012766 0.080000 -0.067853 1.000000
0.012766 0.080000 -0.066178 1.000000
0.012766 0.080000 -0.064503 1.000000
0.012766 0.080000 -0.062827 1.000000
0.012766 0.080000 -0.061152 1.000000
0.012766 0.080000 -0.059476 1.000000
0.012766 0.080000 -0.057801 1.000000
0.012766 0.080000 -0.056126 1.000000
0.012766 0.080000 -0.054450 1.000000
0.012766 0.080000 -0.052775 1.000000
0.012766 0.080000 -0.051099 1.000000
0.012766 0.080000 -0.049424 1.000000
0.012766 0.080000 -0.047749 1.000000
0.012766 0.080000 -0.046073 1.000000
0.012766 0.080000 -0.044398 1.000000
0.012766 0.080000 -0.042723 1.000000
0.012766 0.080000 -0.041047 1.000000
0.012766 0.080000 -0.039372 1.000000
0.012766 0.080000 -0.037696 1.000000
0.012766 0.080000 -0.036021 1.000000
0.012766 0.080000 -0.034346 1.000000
0.012766 0.080000 -0.032670 1.000000
0.012766 0.080000 -0.030995 1.000000
0.012766 0.080000 -0.029319 1.000000
0.012766 0.080000 -0.027644 1.000000
0.012766 0.080000 -0.025969 1.000000
0.012766 0.080000 -0.024293 1.000000
0.012766 0.080000 -0.022618 1.000000
0.012766 0.080000 -0.020942 1.000000
0.012766 0.080000 -0.019267 1.000000
0.012766 0.080000 -0.017592 1.000000
0.012766 0.080000 -0.015916 1.000000
0.012766 0.080000 -0.014241 1.000000
0.012766 0.080000 -0.012565 1.000000
0.012766 0.080000 -0.010890 1.000000
0.012766 0.080000 -0.009215 1.000000
0.012766 0.080000 -0.007539 1.000000
0.012766 0.080000 -0.005864 1.000000
0.012766 0.080000 -0.004188 1.000000
0.012766 0.080000 -0.002513 1.000000
0.012766 0.080000 -0.000838 1.000000
0.012766 0.080000 0.000838 1.000000
0.012766 0.080000 0.002513 1.000000
0.012766 0.080000 0.004188 1.000000
0.012766 0.080000 0.005864 1.000000
0.012766 0.080000 0.007539 1.000000
0.012766 0.080000 0.009215 1.000000
0.012766 0.080000 0.010890 1.000000
0.012766 0.080000 0.012565 1.000000
0.012766 0.080000 0.014241 1.000000
0.012766 0.080000 0.015916 1.000000
0.012766 0.080000 0.017592 1.000000
0.012766 0.080000 0.019267 1.000000
0.012766 0.080000 0.020942 1.000000
0.012766 0.080000 0.022618 1.000000
0.012766 0.080000 0.024293 1.000000
0.012766 0.080000 0.025969 1.000000
0.012766 0.080000 0.027644 1.000000
0.012766 0.080000 0.029319 1.000000
0.012766 0.080000 0.030995 1.000000
0.012766 0.080000 0.032670 1.000000
0.012766 0.080000 0.034346 1.000000
0.012766 0.080000 0.036021 1.000000
0.012766 0.080000 0.037696 1.000000
0.012766 0.080000 0.039372 1.000000
0.012766 0.080000 0.041047 1.000000
0.012766 0.080000 0.042723 1.000000
0.012766 0.080000 0.044398 1.000000
0.012766 0.080000 0.046073 1.000000
0.012766 0.080000 0.047749 1.000000
0.012766 0.080000 0.049424 1.000000
0.012766 0.080000 0.051099 1.000000
0.012766 0.080000 0.052775 1.000000
0.012766 0.080000 0.054450 1.000000
0.012766 0.080000 0.056126 1.000000
0.012766 0.080000 0.057801 1.000000
0.012766 0.080000 0.059476 1.000000
0.012766 0.080000 0.061152 1.000000
0.012766 0.080000 0.062827 1.000000
0.012766 0.080000 0.064503 1.000000
0.012766 0.080000 0.066178 1.000000
0.012766 0.080000 0.067853 1.000000
0.012766 0.080000 0.069529 1.000000
0.012766 0.080000 0.071204 1.000000
0.012766 0.080000 0.072880 1.000000
0.012766 0.080000 0.074555 1.000000
0.012766 0.080000 0.076230 1.000000
0.012766 0.080000 0.077906 1.000000
0.012766 0.080000 0.079581 1.000000
0.012766 0.080000 0.081257 1.000000
0.012766 0.080000 0.082932 1.000000
0.012766 0.080000 0.084607 1.000000
0.012766 0.080000 0.086283 1.000000
0.012766 0.080000 0.087958 1.000000
0.012766 0.080000 0.089634 1.000000
0.012766 0.080000 0.091309 1.000000
0.012766 0.080000 0.092984 1.000000
0.012766 0.080000 0.094660 1.000000
0.012766 0.080000 0.096335 1.000000
0.012766 0.080000 0.098010 1.000000
0.012766 0.080000 0.099686 1.000000
0.012766 0.080000 0.101361 1.000000
0.012766 0.080000 0.103037 1.000000
0.012766 0.080000 0.104712 1.000000
0.012766 0.080000 0.106387 1.000000
0.012766 0.080000 0.108063 1.000000
0.012766 0.080000 0.109738 1.000000
0.012766 0.080000 0.111414 1.000000
0.012766 0.080000 0.113089 1.000000
0.012766 0.080000 0.114764 1.000000
0.012766 0.080000 0.116440 1.000000
0.012766 0.080000 0.118115 1.000000
0.012766 0.080000 0.119791 1.000000
0.012766 0.080000 0.121466 1.000000
0.012766 0.080000 0.123141 1.000000
0.012766 0.080000 0.124817 1.000000
0.012766 0.080000 0.126492 1.000000
0.012766 0.080000 0.128168 1.000000
0.012766 0.080000 0.129843 1.000000
0.012766 0.080000 0.131518 1.000000
0.012766 0.080000 0.133194 1.000000
0.012766 0.080000 0.134869 1.000000
0.012766 0.080000 0.136545 1.000000
0.012766 0.080000 0.138220 1.000000
0.012766 0.080000 0.139895 1.000000
0.012766 0.080000 0.141571 1.000000
0.012766 0.080000 0.143246 1.000000
0.012766 0.080000 0.144921 1.000000
0.012766 0.080000 0.146597 1.000000
0.012766 0.080000 0.148272 1.000000
0.012766 0.080000 0.149948 1.000000
0.012766 0.080000 0.151623 1.000000
0.012766 0.080000 0.153298 1.000000
0.012766 0.080000 0.154974 1.000000
0.012766 0.080000 0.156649 1.000000
0.012766 0.080000 0.158325 1.000000
0.012766 0.080000 0.160000 1.000000
0.014468 0.080000 -0.160000 1.000000
0.014468 0.080000 -0.158325 1.000000
0.014468 0.080000 -0.156649 1.000000
0.014468 0.080000 -0.154974 1.000000
0.014468 0.080000 -0.153298 1.000000
0.014468 0.080000 -0.151623 1.000000
0.014468 0.080000 -0.149948 1.000000
0.014468 0.080000 -0.148272 1.000000
0.014468 0.080000 -0.146597 1.000000
0.014468 0.080000 -0.144921 1.000000
0.014468 0.080000 -0.143246 1.000000
0.014468 0.080000 -0.141571 1.000000
0.014468 0.080000 -0.139895 1.000000
0.014468 0.080000 -0.138220 1.000000
0.014468 0.080000 -0.136545 1.000000
0.014468 0.080000 -0.134869 1.000000
0.014468 0.080000 -0.133194 1.000000
0.014468 0.080000 -0.131518 1.000000
0.014468 0.080000 -0.129843 1.000000
0.014468 0.080000 -0.128168 1.000000
0.014468 0.080000 -0.126492 1.000000
0.014468 0.080000 -0.124817 1.000000
0.014468 0.080000 -0.123141 1.000000
0.014468 0.080000 -0.121466 1.000000
0.014468 0.080000 -0.119791 1.000000
0.014468 0.080000 -0.118115 1.000000
0.014468 0.080000 -0.116440 1.000000
0.014468 0.080000 -0.114764 1.000000
0.014468 0.080000 -0.113089 1.000000
0.014468 0.080000 -0.111414 1.000000
0.014468 0.080000 -0.109738 1.000000
0.014468 0.080000 -0.108063 1.000000
0.014468 0.080000 -0.106387 1.000000
0.014468 0.080000 -0.104712 1.000000
0.014468 0.080000 -0.103037 1.000000
0.014468 0.080000 -0.101361 1.000000
0.014468 0.080000 -0.099686 1.000000
0.014468 0.080000 -0.098010 1.000000
0.014468 0.080000 -0.096335 1.000000
0.014468 0.080000 -0.094660 1.000000
0.014468 0.080000 -0.092984 1.000000
0.014468 0.080000 -0.091309 1.000000
0.014468 0.080000 -0.089634 1.000000
0.014468 0.080000 -0.087958 1.000000
0.014468 0.080000 -0.086283 1.000000
0.014468 0.080000 -0.084607 1.000000
0.014468 0.080000 -0.082932 1.000000
0.014468 0.080000 -0.081257 1.000000
0.014468 0.080000 -0.079581 1.000000
0.014468 0.080000 -0.077906 1.000000
0.014468 0.080000 -0.076230 1.000000
0.014468 0.080000 -0.074555 1.000000
0.014468 0.080000 -0.072880 1.000000
0.014468 0.080000 -0.071204 1.000000
0.014468 0.080000 -0.069529 1.000000
0.014468 0.080000 -0.067853 1.000000
0.014468 0.080000 -0.066178 1.000000
0.014468 0.080000 -0.064503 1.000000
0.014468 0.080000 -0.062827 1.000000
0.014468 0.080000 -0.061152 1.000000
0.014468 0.080000 -0.059476 1.000000
0.014468 0.080000 -0.057801 1.000000
0.014468 0.080000 -0.056126 1.000000
0.014468 0.080000 -0.054450 1.000000
0.014468 0.080000 -0.052775 1.000000
0.014468 0.080000 -0.051099 1.000000
0.014468 0.080000 -0.049424 1.000000
0.014468 0.080000 -0.047749 1.000000
0.014468 0.080000 -0.046073 1.000000
0.014468 0.080000 -0.044398 1.000000
0.014468 0.080000 -0.042723 1.000000
0.014468 0.080000 -0.041047 1.000000
0.014468 0.080000 -0.039372 1.000000
0.014468 0.080000 -0.037696 1.000000
0.014468 0.080000 -0.036021 1.000000
0.014468 0.080000 -0.034346 1.000000
0.014468 0.080000 -0.032670 1.000000
0.014468 0.080000 -0.030995 1.000000
0.014468 0.080000 -0.029319 1.000000
0.014468 0.080000 -0.027644 1.000000
0.014468 0.080000 -0.025969 1.000000
0.014468 0.080000 -0.024293 1.000000
0.014468 0.080000 -0.022618 1.000000
0.014468 0.080000 -0.020942 1.000000
0.014468 0.080000 -0.019267 1.000000
0.014468 0.080000 -0.017592 1.000000
0.014468 0.080000 -0.015916 1.000000
0.014468 0.080000 -0.014241 1.000000
0.014468 0.080000 -0.012565 1.000000
0.014468 0.080000 -0.010890 1.000000
0.014468 0.080000 -0.009215 1.000000
0.014468 0.080000 -0.007539 1.000000
0.014468 0.080000 -0.005864 1.000000
0.014468 0.080000 -0.004188 1.000000
0.014468 0.080000 -0.002513 1.000000
0.014468 0.080000 -0.000838 1.000000
0.014468 0.080000 0.000838 1.000000
0.014468 0.080000 0.002513 1.000000
0.014468 0.080000 0.004188 1.000000
0.014468 0.080000 0.005864 1.000000
0.014468 0.080000 0.007539 1.000000
0.014468 0.080000 0.009215 1.000000
0.014468 0.080000 0.010890 1.000000
0.014468 0.080000 0.012565 1.000000
0.014468 0.080000 0.014241 1.000000
0.014468 0.080000 0.015916 1.000000
0.014468 0.080000 0.017592 1.000000
0.014468 0.080000 0.019267 1.000000
0.014468 0.080000 0.020942 1.000000
0.014468 0.080000 0.022618 1.000000
0.014468 0.080000 0.024293 1.000000
0.014468 0.080000 0.025969 1.000000
0.014468 0.080000 0.027644 1.000000
0.014468 0.080000 0.029319 1.000000
0.014468 0.080000 0.030995 1.000000
0.014468 0.080000 0.032670 1.000000
0.014468 0.080000 0.034346 1.000000
0.014468 0.080000 0.036021 1.000000
0.014468 0.080000 0.037696 1.000000
0.014468 0.080000 0.039372 1.000000
0.014468 0.080000 0.041047 1.000000
0.014468 0.080000 0.042723 1.000000
0.014468 0.080000 0.044398 1.000000
0.014468 0.080000 0.046073 1.000000
0.014468 0.080000 0.047749 1.000000
0.014468 0.080000 0.049424 1.000000
0.014468 0.080000 0.051099 1.000000
0.014468 0.080000 0.052775 1.000000
0.014468 0.080000 0.054450 1.000000
0.014468 0.080000 0.056126 1.000000
0.014468 0.080000 0.057801 1.000000
0.014468 0.080000 0.059476 1.000000
0.014468 0.080000 0.061152 1.000000
0.014468 0.080000 0.062827 1.000000
0.014468 0.080000 0.064503 1.000000
0.014468 0.080000 0.066178 1.000000
0.014468 0.080000 0.067853 1.000000
0.014468 0.080000 0.069529 1.000000
0.014468 0.080000 0.071204 1.000000
0.014468 0.080000 0.072880 1.000000
0.014468 0.080000 0.074555 1.000000
0.014468 0.080000 0.076230 1.000000
0.014468 0.080000 0.077906 1.000000
0.014468 0.080000 0.079581 1.000000
0.014468 0.080000 0.081257 1.000000
0.014468 0.080000 0.082932 1.000000
0.014468 0.080000 0.084607 1.000000
0.014468 0.080000 0.086283 1.000000
0.014468 0.080000 0.087958 1.000000
0.014468 0.080000 0.089634 1.000000
0.014468 0.080000 0.091309 1.000000
0.014468 0.080000 0.092984 1.000000
0.014468 0.080000 0.094660 1.000000
0.014468 0.080000 0.096335 1.000000
0.014468 0.080000 0.098010 1.000000
0.014468 0.080000 0.099686 1.000000
0.014468 0.080000 0.101361 1.000000
0.014468 0.080000 0.103037 1.000000
0.014468 0.080000 0.104712 1.000000
0.014468 0.080000 0.106387 1.000000
0.014468 0.080000 0.108063 1.000000
0.014468 0.080000 0.109738 1.000000
0.014468 0.080000 0.111414 1.000000
0.014468 0.080000 0.113089 1.000000
0.014468 0.080000 0.114764 1.000000
0.014468 0.080000 0.116440 1.000000
0.014468 0.080000 0.118115 1.000000
0.014468 0.080000 0.119791 1.000000
0.014468 0.080000 0.121466 1.000000
0.014468 0.080000 0.123141 1.000000
0.014468 0.080000 0.124817 1.000000
0.014468 0.080000 0.126492 1.000000
0.014468 0.080000 0.128168 1.000000
0.014468 0.080000 0.129843 1.000000
0.014468 0.080000 0.131518 1.000000
0.014468 0.080000 0.133194 1.000000
0.014468 0.080000 0.134869 1.000000
0.014468 0.080000 0.136545 1.000000
0.014468 0.080000 0.138220 1.000000
0.014468 0.080000 0.139895 1.000000
0.014468 0.080000 0.141571 1.000000
0.014468 0.080000 0.143246 1.000000
0.014468 0.080000 0.144921 1.000000
0.014468 0.080000 0.146597 1.000000
0.014468 0.080000 0.148272 1.000000
0.014468 0.080000 0.149948 1.000000
0.014468 0.080000 0.151623 1.000000
0.014468 0.080000 0.153298 1.000000
0.014468 0.080000 0.154974 1.000000
0.014468 0.080000 0.156649 1.000000
0.014468 0.080000 0.158325 1.000000
0.014468 0.080000 0.160000 1.000000
0.016170 0.080000 -0.160000 1.000000
0.016170 0.080000 -0.158325 1.000000
0.016170 0.080000 -0.156649 1.000000
0.016170 0.080000 -0.154974 1.000000
0.016170 0.080000 -0.153298 1.000000
0.016170 0.080000 -0.151623 1.000000
0.016170 0.080000 -0.149948 1.000000
0.016170 0.080000 -0.148272 1.000000
0.016170 0.080000 -0.146597 1.000000
0.016170 0.080000 -0.144921 1.000000
0.016170 0.080000 -0.143246 1.000000
0.016170 0.080000 -0.141571 1.000000
0.016170 0.080000 -0.139895 1.000000
0.016170 0.080000 -0.138220 1.000000
0.016170 0.080000 -0.136545 1.000000
0.016170 0.080000 -0.134869 1.000000
0.016170 0.080000 -0.133194 1.000000
0.016170 0.080000 -0.131518 1.000000
0.016170 0.080000 -0.129843 1.000000
0.016170 0.080000 -0.128168 1.000000
0.016170 0.080000 -0.126492 1.000000
0.016170 0.080000 -0.124817 1.000000
0.016170 0.080000 -0.123141 1.000000
0.016170 0.080000 -0.121466 1.000000
0.016170 0.080000 -0.119791 1.000000
0.016170 0.080000 -0.118115 1.000000
0.016170 0.080000 -0.116440 1.000000
0.016170 0.080000 -0.114764 1.000000
0.016170 0.080000 -0.113089 1.000000
0.016170 0.080000 -0.111414 1.000000
0.016170 0.080000 -0.109738 1.000000
0.016170 0.080000 -0.108063 1.000000
0.016170 0.080000 -0.106387 1.000000
0.016170 0.080000 -0.104712 1.000000
0.016170 0.080000 -0.103037 1.000000
0.016170 0.080000 -0.101361 1.000000
0.016170 0.080000 -0.099686 1.000000
0.016170 0.080000 -0.098010 1.000000
0.016170 0.080000 -0.096335 1.000000
0.016170 0.080000 -0.094660 1.000000
0.016170 0.080000 -0.092984 1.000000
0.016170 0.080000 -0.091309 1.000000
0.016170 0.080000 -0.089634 1.000000
0.016170 0.080000 -0.087958 1.000000
0.016170 0.080000 -0.086283 1.000000
0.016170 0.080000 -0.084607 1.000000
0.016170 0.080000 -0.082932 1.000000
0.016170 0.080000 -0.081257 1.000000
0.016170 0.080000 -0.079581 1.000000
0.016170 0.080000 -0.077906 1.000000
0.016170 0.080000 -0.076230 1.000000
0.016170 0.080000 -0.074555 1.000000
0.016170 0.080000 -0.072880 1.000000
0.016170 0.080000 -0.071204 1.000000
0.016170 0.080000 -0.069529 1.000000
0.016170 0.080000 -0.067853 1.000000
0.016170 0.080000 -0.066178 1.000000
0.016170 0.080000 -0.064503 1.000000
0.016170 0.080000 -0.062827 1.000000
0.016170 0.080000 -0.061152 1.000000
0.016170 0.080000 -0.059476 1.000000
0.016170 0.080000 -0.057801 1.000000
0.016170 0.080000 -0.056126 1.000000
0.016170 0.080000 -0.054450 1.000000
0.016170 0.080000 -0.052775 1.000000
0.016170 0.080000 -0.051099 1.000000
0.016170 0.080000 -0.049424 1.000000
0.016170 0.080000 -0.047749 1.000000
0.016170 0.080000 -0.046073 1.000000
0.016170 0.080000 -0.044398 1.000000
0.016170 0.080000 -0.042723 1.000000
0.016170 0.080000 -0.041047 1.000000
0.016170 0.080000 -0.039372 1.000000
0.016170 0.080000 -0.037696 1.000000
0.016170 0.080000 -0.036021 1.000000
0.016170 0.080000 -0.034346 1.000000
0.016170 0.080000 -0.032670 1.000000
0.016170 0.080000 -0.030995 1.000000
0.016170 0.080000 -0.029319 1.000000
0.016170 0.080000 -0.027644 1.000000
0.016170 0.080000 -0.025969 1.000000
0.016170 0.080000 -0.024293 1.000000
0.016170 0.080000 -0.022618 1.000000
0.016170 0.080000 -0.020942 1.000000
0.016170 0.080000 -0.019267 1.000000
0.016170 0.080000 -0.017592 1.000000
0.016170 0.080000 -0.015916 1.000000
0.016170 0.080000 -0.014241 1.000000
0.016170 0.080000 -0.012565 1.000000
0.016170 0.080000 -0.010890 1.000000
0.016170 0.080000 -0.009215 1.000000
0.016170 0.080000 -0.007539 1.000000
0.016170 0.080000 -0.005864 1.000000
0.016170 0.080000 -0.004188 1.000000
0.016170 0.080000 -0.002513 1.000000
0.016170 0.080000 -0.000838 1.000000
0.016170 0.080000 0.000838 1.000000
0.016170 0.080000 0.002513 1.000000
0.016170 0.080000 0.004188 1.000000
0.016170 0.080000 0.005864 1.000000
0.016170 0.080000 0.007539 1.000000
0.016170 0.080000 0.009215 1.000000
0.016170 0.080000 0.010890 1.000000
0.016170 0.080000 0.012565 1.000000
0.016170 0.080000 0.014241 1.000000
0.016170 0.080000 0.015916 1.000000
0.016170 0.080000 0.017592 1.000000
0.016170 0.080000 0.019267 1.000000
0.016170 0.080000 0.020942 1.000000
0.016170 0.080000 0.022618 1.000000
0.016170 0.080000 0.024293 1.000000
0.016170 0.080000 0.025969 1.000000
0.016170 0.080000 0.027644 1.000000
0.016170 0.080000 0.029319 1.000000
0.016170 0.080000 0.030995 1.000000
0.016170 0.080000 0.032670 1.000000
0.016170 0.080000 0.034346 1.000000
0.016170 0.080000 0.036021 1.000000
0.016170 0.080000 0.037696 1.000000
0.016170 0.080000 0.039372 1.000000
0.016170 0.080000 0.041047 1.000000
0.016170 0.080000 0.042723 1.000000
0.016170 0.080000 0.044398 1.000000
0.016170 0.080000 0.046073 1.000000
0.016170 0.080000 0.047749 1.000000
0.016170 0.080000 0.049424 1.000000
0.016170 0.080000 0.051099 1.000000
0.016170 0.080000 0.052775 1.000000
0.016170 0.080000 0.054450 1.000000
0.016170 0.080000 0.056126 1.000000
0.016170 0.080000 0.057801 1.000000
0.016170 0.080000 0.059476 1.000000
0.016170 0.080000 0.061152 1.000000
0.016170 0.080000 0.062827 1.000000
0.016170 0.080000 0.064503 1.000000
0.016170 0.080000 0.066178 1.000000
0.016170 0.080000 0.067853 1.000000
0.016170 0.080000 0.069529 1.000000
0.016170 0.080000 0.071204 1.000000
0.016170 0.080000 0.072880 1.000000
0.016170 0.080000 0.074555 1.000000
0.016170 0.080000 0.076230 1.000000
0.016170 0.080000 0.077906 1.000000
0.016170 0.080000 0.079581 1.000000
0.016170 0.080000 0.081257 1.000000
0.016170 0.080000 0.082932 1.000000
0.016170 0.080000 0.084607 1.000000
0.016170 0.080000 0.086283 1.000000
0.016170 0.080000 0.087958 1.000000
0.016170 0.080000 0.089634 1.000000
0.016170 0.080000 0.091309 1.000000
0.016170 0.080000 0.092984 1.000000
0.016170 0.080000 0.094660 1.000000
0.016170 0.080000 0.096335 1.000000
0.016170 0.080000 0.098010 1.000000
0.016170 0.080000 0.099686 1.000000
0.016170 0.080000 0.101361 1.000000
0.016170 0.080000 0.103037 1.000000
0.016170 0.080000 0.104712 1.000000
0.016170 0.080000 0.106387 1.000000
0.016170 0.080000 0.108063 1.000000
0.016170 0.080000 0.109738 1.000000
0.016170 0.080000 0.111414 1.000000
0.016170 0.080000 0.113089 1.000000
0.016170 0.080000 0.114764 1.000000
0.016170 0.080000 0.116440 1.000000
0.016170 0.080000 0.118115 1.000000
0.016170 0.080000 0.119791 1.000000
0.016170 0.080000 0.121466 1.000000
0.016170 0.080000 0.123141 1.000000
0.016170 0.080000 0.124817 1.000000
0.016170 0.080000 0.126492 1.000000
0.016170 0.080000 0.128168 1.000000
0.016170 0.080000 0.129843 1.000000
0.016170 0.080000 0.131518 1.000000
0.016170 0.080000 0.133194 1.000000
0.016170 0.080000 0.134869 1.000000
0.016170 0.080000 0.136545 1.000000
0.016170 0.080000 0.138220 1.000000
0.016170 0.080000 0.139895 1.000000
0.016170 0.080000 0.141571 1.000000
0.016170 0.080000 0.143246 1.000000
0.016170 0.080000 0.144921 1.000000
0.016170 0.080000 0.146597 1.000000
0.016170 0.080000 0.148272 1.000000
0.016170 0.080000 0.149948 1.000000
0.016170 0.080000 0.151623 1.000000
0.016170 0.080000 0.153298 1.000000
0.016170 0.080000 0.154974 1.000000
0.016170 0.080000 0.156649 1.000000
0.016170 0.080000 0.158325 1.000000
0.016170 0.080000 0.160000 1.000000
0.017872 0.080000 -0.160000 1.000000
0.017872 0.080000 -0.158325 1.000000
0.017872 0.080000 -0.156649 1.000000
0.017872 0.080000 -0.154974 1.000000
0.017872 0.080000 -0.153298 1.000000
0.017872 0.080000 -0.151623 1.000000
0.017872 0.080000 -0.149948 1.000000
0.017872 0.080000 -0.148272 1.000000
0.017872 0.080000 -0.146597 1.000000
0.017872 0.080000 -0.144921 1.000000
0.017872 0.080000 -0.143246 1.000000
0.017872 0.080000 -0.141571 1.000000
0.017872 0.080000 -0.139895 1.000000
0.017872 0.080000 -0.138220 1.000000
0.017872 0.080000 -0.136545 1.000000
0.017872 0.080000 -0.134869 1.000000
0.017872 0.080000 -0.133194 1.000000
0.017872 0.080000 -0.131518 1.000000
0.017872 0.080000 -0.129843 1.000000
0.017872 0.080000 -0.128168 1.000000
0.017872 0.080000 -0.126492 1.000000
0.017872 0.080000 -0.124817 1.000000
0.017872 0.080000 -0.123141 1.000000
0.017872 0.080000 -0.121466 1.000000
0.017872 0.080000 -0.119791 1.000000
0.017872 0.080000 -0.118115 1.000000
0.017872 0.080000 -0.116440 1.000000
0.017872 0.080000 -0.114764 1.000000
0.017872 0.080000 -0.113089 1.000000
0.017872 0.080000 -0.111414 1.000000
0.017872 0.080000 -0.109738 1.000000
0.017872 0.080000 -0.108063 1.000000
0.017872 0.080000 -0.106387 1.000000
0.017872 0.080000 -0.104712 1.000000
0.017872 0.080000 -0.103037 1.000000
0.017872 0.080000 -0.101361 1.000000
0.017872 0.080000 -0.099686 1.000000
0.017872 0.080000 -0.098010 1.000000
0.017872 0.080000 -0.096335 1.000000
0.017872 0.080000 -0.094660 1.000000
0.017872 0.080000 -0.092984 1.000000
0.017872 0.080000 -0.091309 1.000000
0.017872 0.080000 -0.089634 1.000000
0.017872 0.080000 -0.087958 1.000000
0.017872 0.080000 -0.086283 1.000000
0.017872 0.080000 -0.084607 1.000000
0.017872 0.080000 -0.082932 1.000000
0.017872 0.080000 -0.081257 1.000000
0.017872 0.080000 -0.079581 1.000000
0.017872 0.080000 -0.077906 1.000000
0.017872 0.080000 -0.076230 1.000000
0.017872 0.080000 -0.074555 1.000000
0.017872 0.080000 -0.072880 1.000000
0.017872 0.080000 -0.071204 1.000000
0.017872 0.080000 -0.069529 1.000000
0.017872 0.080000 -0.067853 1.000000
0.017872 0.080000 -0.066178 1.000000
0.017872 0.080000 -0.064503 1.000000
0.017872 0.080000 -0.062827 1.000000
0.017872 0.080000 -0.061152 1.000000
0.017872 0.080000 -0.059476 1.000000
0.017872 0.080000 -0.057801 1.000000
0.017872 0.080000 -0.056126 1.000000
0.017872 0.080000 -0.054450 1.000000
0.017872 0.080000 -0.052775 1.000000
0.017872 0.080000 -0.051099 1.000000
0.017872 0.080000 -0.049424 1.000000
0.017872 0.080000 -0.047749 1.000000
0.017872 0.080000 -0.046073 1.000000
0.017872 0.080000 -0.044398 1.000000
0.017872 0.080000 -0.042723 1.000000
0.017872 0.080000 -0.041047 1.000000
0.017872 0.080000 -0.039372 1.000000
0.017872 0.080000 -0.037696 1.000000
0.017872 0.080000 -0.036021 1.000000
0.017872 0.080000 -0.034346 1.000000
0.017872 0.080000 -0.032670 1.000000
0.017872 0.080000 -0.030995 1.000000
0.017872 0.080000 -0.029319 1.000000
0.017872 0.080000 -0.027644 1.000000
0.017872 0.080000 -0.025969 1.000000
0.017872 0.080000 -0.024293 1.000000
0.017872 0.080000 -0.022618 1.000000
0.017872 0.080000 -0.020942 1.000000
0.017872 0.080000 -0.019267 1.000000
0.017872 0.080000 -0.017592 1.000000
0.017872 0.080000 -0.015916 1.000000
0.017872 0.080000 -0.014241 1.000000
0.017872 0.080000 -0.012565 1.000000
0.017872 0.080000 -0.010890 1.000000
0.017872 0.080000 -0.009215 1.000000
0.017872 0.080000 -0.007539 1.000000
0.017872 0.080000 -0.005864 1.000000
0.017872 0.080000 -0.004188 1.000000
0.017872 0.080000 -0.002513 1.000000
0.017872 0.080000 -0.000838 1.000000
0.017872 0.080000 0.000838 1.000000
0.017872 0.080000 0.002513 1.000000
0.017872 0.080000 0.004188 1.000000
0.017872 0.080000 0.005864 1.000000
0.017872 0.080000 0.007539 1.000000
0.017872 0.080000 0.009215 1.000000
0.017872 0.080000 0.010890 1.000000
0.017872 0.080000 0.012565 1.000000
0.017872 0.080000 0.014241 1.000000
0.017872 0.080000 0.015916 1.000000
0.017872 0.080000 0.017592 1.000000
0.017872 0.080000 0.019267 1.000000
0.017872 0.080000 0.020942 1.000000
0.017872 0.080000 0.022618 1.000000
0.017872 0.080000 0.024293 1.000000
0.017872 0.080000 0.025969 1.000000
0.017872 0.080000 0.027644 1.000000
0.017872 0.080000 0.029319 1.000000
0.017872 0.080000 0.030995 1.000000
0.017872 0.080000 0.032670 1.000000
0.017872 0.080000 0.034346 1.000000
0.017872 0.080000 0.036021 1.000000
0.017872 0.080000 0.037696 1.000000
0.017872 0.080000 0.039372 1.000000
0.017872 0.080000 0.041047 1.000000
0.017872 0.080000 0.042723 1.000000
0.017872 0.080000 0.044398 1.000000
0.017872 0.080000 0.046073 1.000000
0.017872 0.080000 0.047749 1.000000
0.017872 0.080000 0.049424 1.000000
0.017872 0.080000 0.051099 1.000000
0.017872 0.080000 0.052775 1.000000
0.017872 0.080000 0.054450 1.000000
0.017872 0.080000 0.056126 1.000000
0.017872 0.080000 0.057801 1.000000
0.017872 0.080000 0.059476 1.000000
0.017872 0.080000 0.061152 1.000000
0.017872 0.080000 0.062827 1.000000
0.017872 0.080000 0.064503 1.000000
0.017872 0.080000 0.066178 1.000000
0.017872 0.080000 0.067853 1.000000
0.017872 0.080000 0.069529 1.000000
0.017872 0.080000 0.071204 1.000000
0.017872 0.080000 0.072880 1.000000
0.017872 0.080000 0.074555 1.000000
0.017872 0.080000 0.076230 1.000000
0.017872 0.080000 0.077906 1.000000
0.017872 0.080000 0.079581 1.000000
0.017872 0.080000 0.081257 1.000000
0.017872 0.080000 0.082932 1.000000
0.017872 0.080000 0.084607 1.000000
0.017872 0.080000 0.086283 1.000000
0.017872 0.080000 0.087958 1.000000
0.017872 0.080000 0.089634 1.000000
0.017872 0.080000 0.091309 1.000000
0.017872 0.080000 0.092984 1.000000
0.017872 0.080000 0.094660 1.000000
0.017872 0.080000 0.096335 1.000000
0.017872 0.080000 0.098010 1.000000
0.017872 0.080000 0.099686 1.000000
0.017872 0.080000 0.101361 1.000000
0.017872 0.080000 0.103037 1.000000
0.017872 0.080000 0.104712 1.000000
0.017872 0.080000 0.106387 1.000000
0.017872 0.080000 0.108063 1.000000
0.017872 0.080000 0.109738 1.000000
0.017872 0.080000 0.111414 1.000000
0.017872 0.080000 0.113089 1.000000
0.017872 0.080000 0.114764 1.000000
0.017872 0.080000 0.116440 1.000000
0.017872 0.080000 0.118115 1.000000
0.017872 0.080000 0.119791 1.000000
0.017872 0.080000 0.121466 1.000000
0.017872 0.080000 0.123141 1.000000
0.017872 0.080000 0.124817 1.000000
0.017872 0.080000 0.126492 1.000000
0.017872 0.080000 0.128168 1.000000
0.017872 0.080000 0.129843 1.000000
0.017872 0.080000 0.131518 1.000000
0.017872 0.080000 0.133194 1.000000
0.017872 0.080000 0.134869 1.000000
0.017872 0.080000 0.136545 1.000000
0.017872 0.080000 0.138220 1.000000
0.017872 0.080000 0.139895 1.000000
0.017872 0.080000 0.141571 1.000000
0.017872 0.080000 0.143246 1.000000
0.017872 0.080000 0.144921 1.000000
0.017872 0.080000 0.146597 1.000000
0.017872 0.080000 0.148272 1.000000
0.017872 0.080000 0.149948 1.000000
0.017872 0.080000 0.151623 1.000000
0.017872 0.080000 0.153298 1.000000
0.017872 0.080000 0.154974 1.000000
0.017872 0.080000 0.156649 1.000000
0.017872 0.080000 0.158325 1.000000
0.017872 0.080000 0.160000 1.000000
0.019574 0.080000 -0.160000 1.000000
0.019574 0.080000 -0.158325 1.000000
0.019574 0.080000 -0.156649 1.000000
0.019574 0.080000 -0.154974 1.000000
0.019574 0.080000 -0.153298 1.000000
0.019574 0.080000 -0.151623 1.000000
0.019574 0.080000 -0.149948 1.000000
0.019574 0.080000 -0.148272 1.000000
0.019574 0.080000 -0.146597 1.000000
0.019574 0.080000 -0.144921 1.000000
0.019574 0.080000 -0.143246 1.000000
0.019574 0.080000 -0.141571 1.000000
0.019574 0.080000 -0.139895 1.000000
0.019574 0.080000 -0.138220 1.000000
0.019574 0.080000 -0.136545 1.000000
0.019574 0.080000 -0.134869 1.000000
0.019574 0.080000 -0.133194 1.000000
0.019574 0.080000 -0.131518 1.000000
0.019574 0.080000 -0.129843 1.000000
0.019574 0.080000 -0.128168 1.000000
0.019574 0.080000 -0.126492 1.000000
0.019574 0.080000 -0.124817 1.000000
0.019574 0.080000 -0.123141 1.000000
0.019574 0.080000 -0.121466 1.000000
0.019574 0.080000 -0.119791 1.000000
0.019574 0.080000 -0.118115 1.000000
0.019574 0.080000 -0.116440 1.000000
0.019574 0.080000 -0.114764 1.000000
0.019574 0.080000 -0.113089 1.000000
0.019574 0.080000 -0.111414 1.000000
0.019574 0.080000 -0.109738 1.000000
0.019574 0.080000 -0.108063 1.000000
0.019574 0.080000 -0.106387 1.000000
0.019574 0.080000 -0.104712 1.000000
0.019574 0.080000 -0.103037 1.000000
0.019574 0.080000 -0.101361 1.000000
0.019574 0.080000 -0.099686 1.000000
0.019574 0.080000 -0.098010 1.000000
0.019574 0.080000 -0.096335 1.000000
0.019574 0.080000 -0.094660 1.000000
0.019574 0.080000 -0.092984 1.000000
0.019574 0.080000 -0.091309 1.000000
0.019574 0.080000 -0.089634 1.000000
0.019574 0.080000 -0.087958 1.000000
0.019574 0.080000 -0.086283 1.000000
0.019574 0.080000 -0.084607 1.000000
0.019574 0.080000 -0.082932 1.000000
0.019574 0.080000 -0.081257 1.000000
0.019574 0.080000 -0.079581 1.000000
0.019574 0.080000 -0.077906 1.000000
0.019574 0.080000 -0.076230 1.000000
0.019574 0.080000 -0.074555 1.000000
0.019574 0.080000 -0.072880 1.000000
0.019574 0.080000 -0.071204 1.000000
0.019574 0.080000 -0.069529 1.000000
0.019574 0.080000 -0.067853 1.000000
0.019574 0.080000 -0.066178 1.000000
0.019574 0.080000 -0.064503 1.000000
0.019574 0.080000 -0.062827 1.000000
0.019574 0.080000 -0.061152 1.000000
0.019574 0.080000 -0.059476 1.000000
0.019574 0.080000 -0.057801 1.000000
0.019574 0.080000 -0.056126 1.000000
0.019574 0.080000 -0.054450 1.000000
0.019574 0.080000 -0.052775 1.000000
0.019574 0.080000 -0.051099 1.000000
0.019574 0.080000 -0.049424 1.000000
0.019574 0.080000 -0.047749 1.000000
0.019574 0.080000 -0.046073 1.000000
0.019574 0.080000 -0.044398 1.000000
0.019574 0.080000 -0.042723 1.000000
0.019574 0.080000 -0.041047 1.000000
0.019574 0.080000 -0.039372 1.000000
0.019574 0.080000 -0.037696 1.000000
0.019574 0.080000 -0.036021 1.000000
0.019574 0.080000 -0.034346 1.000000
0.019574 0.080000 -0.032670 1.000000
0.019574 0.080000 -0.030995 1.000000
0.019574 0.080000 -0.029319 1.000000
0.019574 0.080000 -0.027644 1.000000
0.019574 0.080000 -0.025969 1.000000
0.019574 0.080000 -0.024293 1.000000
0.019574 0.080000 -0.022618 1.000000
0.019574 0.080000 -0.020942 1.000000
0.019574 0.080000 -0.019267 1.000000
0.019574 0.080000 -0.017592 1.000000
0.019574 0.080000 -0.015916 1.000000
0.019574 0.080000 -0.014241 1.000000
0.019574 0.080000 -0.012565 1.000000
0.019574 0.080000 -0.010890 1.000000
0.019574 0.080000 -0.009215 1.000000
0.019574 0.080000 -0.007539 1.000000
0.019574 0.080000 -0.005864 1.000000
0.019574 0.080000 -0.004188 1.000000
0.019574 0.080000 -0.002513 1.000000
0.019574 0.080000 -0.000838 1.000000
0.019574 0.080000 0.000838 1.000000
0.019574 0.080000 0.002513 1.000000
0.019574 0.080000 0.004188 1.000000
0.019574 0.080000 0.005864 1.000000
0.019574 0.080000 0.007539 1.000000
0.019574 0.080000 0.009215 1.000000
0.019574 0.080000 0.010890 1.000000
0.019574 0.080000 0.012565 1.000000
0.019574 0.080000 0.014241 1.000000
0.019574 0.080000 0.015916 1.000000
0.019574 0.080000 0.017592 1.000000
0.019574 0.080000 0.019267 1.000000
0.019574 0.080000 0.020942 1.000000
0.019574 0.080000 0.022618 1.000000
0.019574 0.080000 0.024293 1.000000
0.019574 0.080000 0.025969 1.000000
0.019574 0.080000 0.027644 1.000000
0.019574 0.080000 0.029319 1.000000
0.019574 0.080000 0.030995 1.000000
0.019574 0.080000 0.032670 1.000000
0.019574 0.080000 0.034346 1.000000
0.019574 0.080000 0.036021 1.000000
0.019574 0.080000 0.037696 1.000000
0.019574 0.080000 0.039372 1.000000
0.019574 0.080000 0.041047 1.000000
0.019574 0.080000 0.042723 1.000000
0.019574 0.080000 0.044398 1.000000
0.019574 0.080000 0.046073 1.000000
0.019574 0.080000 0.047749 1.000000
0.019574 0.080000 0.049424 1.000000
0.019574 0.080000 0.051099 1.000000
0.019574 0.080000 0.052775 1.000000
0.019574 0.080000 0.054450 1.000000
0.019574 0.080000 0.056126 1.000000
0.019574 0.080000 0.057801 1.000000
0.019574 0.080000 0.059476 1.000000
0.019574 0.080000 0.061152 1.000000
0.019574 0.080000 0.062827 1.000000
0.019574 0.080000 0.064503 1.000000
0.019574 0.080000 0.066178 1.000000
0.019574 0.080000 0.067853 1.000000
0.019574 0.080000 0.069529 1.000000
0.019574 0.080000 0.071204 1.000000
0.019574 0.080000 0.072880 1.000000
0.019574 0.080000 0.074555 1.000000
0.019574 0.080000 0.076230 1.000000
0.019574 0.080000 0.077906 1.000000
0.019574 0.080000 0.079581 1.000000
0.019574 0.080000 0.081257 1.000000
0.019574 0.080000 0.082932 1.000000
0.019574 0.080000 0.084607 1.000000
0.019574 0.080000 0.086283 1.000000
0.019574 0.080000 0.087958 1.000000
0.019574 0.080000 0.089634 1.000000
0.019574 0.080000 0.091309 1.000000
0.019574 0.080000 0.092984 1.000000
0.019574 0.080000 0.094660 1.000000
0.019574 0.080000 0.096335 1.000000
0.019574 0.080000 0.098010 1.000000
0.019574 0.080000 0.099686 1.000000
0.019574 0.080000 0.101361 1.000000
0.019574 0.080000 0.103037 1.000000
0.019574 0.080000 0.104712 1.000000
0.019574 0.080000 0.106387 1.000000
0.019574 0.080000 0.108063 1.000000
0.019574 0.080000 0.109738 1.000000
0.019574 0.080000 0.111414 1.000000
0.019574 0.080000 0.113089 1.000000
0.019574 0.080000 0.114764 1.000000
0.019574 0.080000 0.116440 1.000000
0.019574 0.080000 0.118115 1.000000
0.019574 0.080000 0.119791 1.000000
0.019574 0.080000 0.121466 1.000000
0.019574 0.080000 0.123141 1.000000
0.019574 0.080000 0.124817 1.000000
0.019574 0.080000 0.126492 1.000000
0.019574 0.080000 0.128168 1.000000
0.019574 0.080000 0.129843 1.000000
0.019574 0.080000 0.131518 1.000000
0.019574 0.080000 0.133194 1.000000
0.019574 0.080000 0.134869 1.000000
0.019574 0.080000 0.136545 1.000000
0.019574 0.080000 0.138220 1.000000
0.019574 0.080000 0.139895 1.000000
0.019574 0.080000 0.141571 1.000000
0.019574 0.080000 0.143246 1.000000
0.019574 0.080000 0.144921 1.000000
0.019574 0.080000 0.146597 1.000000
0.019574 0.080000 0.148272 1.000000
0.019574 0.080000 0.149948 1.000000
0.019574 0.080000 0.151623 1.000000
0.019574 0.080000 0.153298 1.000000
0.019574 0.080000 0.154974 1.000000
0.019574 0.080000 0.156649 1.000000
0.019574 0.080000 0.158325 1.000000
0.019574 0.080000 0.160000 1.000000
0.021277 0.080000 -0.160000 1.000000
0.021277 0.080000 -0.158325 1.000000
0.021277 0.080000 -0.156649 1.000000
0.021277 0.080000 -0.154974 1.000000
0.021277 0.080000 -0.153298 1.000000
0.021277 0.080000 -0.151623 1.000000
0.021277 0.080000 -0.149948 1.000000
0.021277 0.080000 -0.148272 1.000000
0.021277 0.080000 -0.146597 1.000000
0.021277 0.080000 -0.144921 1.000000
0.021277 0.080000 -0.143246 1.000000
0.021277 0.080000 -0.141571 1.000000
0.021277 0.080000 -0.139895 1.000000
0.021277 0.080000 -0.138220 1.000000
0.021277 0.080000 -0.136545 1.000000
0.021277 0.080000 -0.134869 1.000000
0.021277 0.080000 -0.133194 1.000000
0.021277 0.080000 -0.131518 1.000000
0.021277 0.080000 -0.129843 1.000000
0.021277 0.080000 -0.128168 1.000000
0.021277 0.080000 -0.126492 1.000000
0.021277 0.080000 -0.124817 1.000000
0.021277 0.080000 -0.123141 1.000000
0.021277 0.080000 -0.121466 1.000000
0.021277 0.080000 -0.119791 1.000000
0.021277 0.080000 -0.118115 1.000000
0.021277 0.080000 -0.116440 1.000000
0.021277 0.080000 -0.114764 1.000000
0.021277 0.080000 -0.113089 1.000000
0.021277 0.080000 -0.111414 1.000000
0.021277 0.080000 -0.109738 1.000000
0.021277 0.080000 -0.108063 1.000000
0.021277 0.080000 -0.106387 1.000000
0.021277 0.080000 -0.104712 1.000000
0.021277 0.080000 -0.103037 1.000000
0.021277 0.080000 -0.101361 1.000000
0.021277 0.080000 -0.099686 1.000000
0.021277 0.080000 -0.098010 1.000000
0.021277 0.080000 -0.096335 1.000000
0.021277 0.080000 -0.094660 1.000000
0.021277 0.080000 -0.092984 1.000000
0.021277 0.080000 -0.091309 1.000000
0.021277 0.080000 -0.089634 1.000000
0.021277 0.080000 -0.087958 1.000000
0.021277 0.080000 -0.086283 1.000000
0.021277 0.080000 -0.084607 1.000000
0.021277 0.080000 -0.082932 1.000000
0.021277 0.080000 -0.081257 1.000000
0.021277 0.080000 -0.079581 1.000000
0.021277 0.080000 -0.077906 1.000000
0.021277 0.080000 -0.076230 1.000000
0.021277 0.080000 -0.074555 1.000000
0.021277 0.080000 -0.072880 1.000000
0.021277 0.080000 -0.071204 1.000000
0.021277 0.080000 -0.069529 1.000000
0.021277 0.080000 -0.067853 1.000000
0.021277 0.080000 -0.066178 1.000000
0.021277 0.080000 -0.064503 1.000000
0.021277 0.080000 -0.062827 1.000000
0.021277 0.080000 -0.061152 1.000000
0.021277 0.080000 -0.059476 1.000000
0.021277 0.080000 -0.057801 1.000000
0.021277 0.080000 -0.056126 1.000000
0.021277 0.080000 -0.054450 1.000000
0.021277 0.080000 -0.052775 1.000000
0.021277 0.080000 -0.051099 1.000000
0.021277 0.080000 -0.049424 1.000000
0.021277 0.080000 -0.047749 1.000000
0.021277 0.080000 -0.046073 1.000000
0.021277 0.080000 -0.044398 1.000000
0.021277 0.080000 -0.042723 1.000000
0.021277 0.080000 -0.041047 1.000000
0.021277 0.080000 -0.039372 1.000000
0.021277 0.080000 -0.037696 1.000000
0.021277 0.080000 -0.036021 1.000000
0.021277 0.080000 -0.034346 1.000000
0.021277 0.080000 -0.032670 1.000000
0.021277 0.080000 -0.030995 1.000000
0.021277 0.080000 -0.029319 1.000000
0.021277 0.080000 -0.027644 1.000000
0.021277 0.080000 -0.025969 1.000000
0.021277 0.080000 -0.024293 1.000000
0.021277 0.080000 -0.022618 1.000000
0.021277 0.080000 -0.020942 1.000000
0.021277 0.080000 -0.019267 1.000000
0.021277 0.080000 -0.017592 1.000000
0.021277 0.080000 -0.015916 1.000000
0.021277 0.080000 -0.014241 1.000000
0.021277 0.080000 -0.012565 1.000000
0.021277 0.080000 -0.010890 1.000000
0.021277 0.080000 -0.009215 1.000000
0.021277 0.080000 -0.007539 1.000000
0.021277 0.080000 -0.005864 1.000000
0.021277 0.080000 -0.004188 1.000000
0.021277 0.080000 -0.002513 1.000000
0.021277 0.080000 -0.000838 1.000000
0.021277 0.080000 0.000838 1.000000
0.021277 0.080000 0.002513 1.000000
0.021277 0.080000 0.004188 1.000000
0.021277 0.080000 0.005864 1.000000
0.021277 0.080000 0.007539 1.000000
0.021277 0.080000 0.009215 1.000000
0.021277 0.080000 0.010890 1.000000
0.021277 0.080000 0.012565 1.000000
0.021277 0.080000 0.014241 1.000000
0.021277 0.080000 0.015916 1.000000
0.021277 0.080000 0.017592 1.000000
0.021277 0.080000 0.019267 1.000000
0.021277 0.080000 0.020942 1.000000
0.021277 0.080000 0.022618 1.000000
0.021277 0.080000 0.024293 1.000000
0.021277 0.080000 0.025969 1.000000
0.021277 0.080000 0.027644 1.000000
0.021277 0.080000 0.029319 1.000000
0.021277 0.080000 0.030995 1.000000
0.021277 0.080000 0.032670 1.000000
0.021277 0.080000 0.034346 1.000000
0.021277 0.080000 0.036021 1.000000
0.021277 0.080000 0.037696 1.000000
0.021277 0.080000 0.039372 1.000000
0.021277 0.080000 0.041047 1.000000
0.021277 0.080000 0.042723 1.000000
0.021277 0.080000 0.044398 1.000000
0.021277 0.080000 0.046073 1.000000
0.021277 0.080000 0.047749 1.000000
0.021277 0.080000 0.049424 1.000000
0.021277 0.080000 0.051099 1.000000
0.021277 0.080000 0.052775 1.000000
0.021277 0.080000 0.054450 1.000000
0.021277 0.080000 0.056126 1.000000
0.021277 0.080000 0.057801 1.000000
0.021277 0.080000 0.059476 1.000000
0.021277 0.080000 0.061152 1.000000
0.021277 0.080000 0.062827 1.000000
0.021277 0.080000 0.064503 1.000000
0.021277 0.080000 0.066178 1.000000
0.021277 0.080000 0.067853 1.000000
0.021277 0.080000 0.069529 1.000000
0.021277 0.080000 0.071204 1.000000
0.021277 0.080000 0.072880 1.000000
0.021277 0.080000 0.074555 1.000000
0.021277 0.080000 0.076230 1.000000
0.021277 0.080000 0.077906 1.000000
0.021277 0.080000 0.079581 1.000000
0.021277 0.080000 0.081257 1.000000
0.021277 0.080000 0.082932 1.000000
0.021277 0.080000 0.084607 1.000000
0.021277 0.080000 0.086283 1.000000
0.021277 0.080000 0.087958 1.000000
0.021277 0.080000 0.089634 1.000000
0.021277 0.080000 0.091309 1.000000
0.021277 0.080000 0.092984 1.000000
0.021277 0.080000 0.094660 1.000000
0.021277 0.080000 0.096335 1.000000
0.021277 0.080000 0.098010 1.000000
0.021277 0.080000 0.099686 1.000000
0.021277 0.080000 0.101361 1.000000
0.021277 0.080000 0.103037 1.000000
0.021277 0.080000 0.104712 1.000000
0.021277 0.080000 0.106387 1.000000
0.021277 0.080000 0.108063 1.000000
0.021277 0.080000 0.109738 1.000000
0.021277 0.080000 0.111414 1.000000
0.021277 0.080000 0.113089 1.000000
0.021277 0.080000 0.114764 1.000000
0.021277 0.080000 0.116440 1.000000
0.021277 0.080000 0.118115 1.000000
0.021277 0.080000 0.119791 1.000000
0.021277 0.080000 0.121466 1.000000
0.021277 0.080000 0.123141 1.000000
0.021277 0.080000 0.124817 1.000000
0.021277 0.080000 0.126492 1.000000
0.021277 0.080000 0.128168 1.000000
0.021277 0.080000 0.129843 1.000000
0.021277 0.080000 0.131518 1.000000
0.021277 0.080000 0.133194 1.000000
0.021277 0.080000 0.134869 1.000000
0.021277 0.080000 0.136545 1.000000
0.021277 0.080000 0.138220 1.000000
0.021277 0.080000 0.139895 1.000000
0.021277 0.080000 0.141571 1.000000
0.021277 0.080000 0.143246 1.000000
0.021277 0.080000 0.144921 1.000000
0.021277 0.080000 0.146597 1.000000
0.021277 0.080000 0.148272 1.000000
0.021277 0.080000 0.149948 1.000000
0.021277 0.080000 0.151623 1.000000
0.021277 0.080000 0.153298 1.000000
0.021277 0.080000 0.154974 1.000000
0.021277 0.080000 0.156649 1.000000
0.021277 0.080000 0.158325 1.000000
0.021277 0.080000 0.160000 1.000000
0.022979 0.080000 -0.160000 1.000000
0.022979 0.080000 -0.158325 1.000000
0.022979 0.080000 -0.156649 1.000000
0.022979 0.080000 -0.154974 1.000000
0.022979 0.080000 -0.153298 1.000000
0.022979 0.080000 -0.151623 1.000000
0.022979 0.080000 -0.149948 1.000000
0.022979 0.080000 -0.148272 1.000000
0.022979 0.080000 -0.146597 1.000000
0.022979 0.080000 -0.144921 1.000000
0.022979 0.080000 -0.143246 1.000000
0.022979 0.080000 -0.141571 1.000000
0.022979 0.080000 -0.139895 1.000000
0.022979 0.080000 -0.138220 1.000000
0.022979 0.080000 -0.136545 1.000000
0.022979 0.080000 -0.134869 1.000000
0.022979 0.080000 -0.133194 1.000000
0.022979 0.080000 -0.131518 1.000000
0.022979 0.080000 -0.129843 1.000000
0.022979 0.080000 -0.128168 1.000000
0.022979 0.080000 -0.126492 1.000000
0.022979 0.080000 -0.124817 1.000000
0.022979 0.080000 -0.123141 1.000000
0.022979 0.080000 -0.121466 1.000000
0.022979 0.080000 -0.119791 1.000000
0.022979 0.080000 -0.118115 1.000000
0.022979 0.080000 -0.116440 1.000000
0.022979 0.080000 -0.114764 1.000000
0.022979 0.080000 -0.113089 1.000000
0.022979 0.080000 -0.111414 1.000000
0.022979 0.080000 -0.109738 1.000000
0.022979 0.080000 -0.108063 1.000000
0.022979 0.080000 -0.106387 1.000000
0.022979 0.080000 -0.104712 1.000000
0.022979 0.080000 -0.103037 1.000000
0.022979 0.080000 -0.101361 1.000000
0.022979 0.080000 -0.099686 1.000000
0.022979 0.080000 -0.098010 1.000000
0.022979 0.080000 -0.096335 1.000000
0.022979 0.080000 -0.094660 1.000000
0.022979 0.080000 -0.092984 1.000000
0.022979 0.080000 -0.091309 1.000000
0.022979 0.080000 -0.089634 1.000000
0.022979 0.080000 -0.087958 1.000000
0.022979 0.080000 -0.086283 1.000000
0.022979 0.080000 -0.084607 1.000000
0.022979 0.080000 -0.082932 1.000000
0.022979 0.080000 -0.081257 1.000000
0.022979 0.080000 -0.079581 1.000000
0.022979 0.080000 -0.077906 1.000000
0.022979 0.080000 -0.076230 1.000000
0.022979 0.080000 -0.074555 1.000000
0.022979 0.080000 -0.072880 1.000000
0.022979 0.080000 -0.071204 1.000000
0.022979 0.080000 -0.069529 1.000000
0.022979 0.080000 -0.067853 1.000000
0.022979 0.080000 -0.066178 1.000000
0.022979 0.080000 -0.064503 1.000000
0.022979 0.080000 -0.062827 1.000000
0.022979 0.080000 -0.061152 1.000000
0.022979 0.080000 -0.059476 1.000000
0.022979 0.080000 -0.057801 1.000000
0.022979 0.080000 -0.056126 1.000000
0.022979 0.080000 -0.054450 1.000000
0.022979 0.080000 -0.052775 1.000000
0.022979 0.080000 -0.051099 1.000000
0.022979 0.080000 -0.049424 1.000000
0.022979 0.080000 -0.047749 1.000000
0.022979 0.080000 -0.046073 1.000000
0.022979 0.080000 -0.044398 1.000000
0.022979 0.080000 -0.042723 1.000000
0.022979 0.080000 -0.041047 1.000000
0.022979 0.080000 -0.039372 1.000000
0.022979 0.080000 -0.037696 1.000000
0.022979 0.080000 -0.036021 1.000000
0.022979 0.080000 -0.034346 1.000000
0.022979 0.080000 -0.032670 1.000000
0.022979 0.080000 -0.030995 1.000000
0.022979 0.080000 -0.029319 1.000000
0.022979 0.080000 -0.027644 1.000000
0.022979 0.080000 -0.025969 1.000000
0.022979 0.080000 -0.024293 1.000000
0.022979 0.080000 -0.022618 1.000000
0.022979 0.080000 -0.020942 1.000000
0.022979 0.080000 -0.019267 1.000000
0.022979 0.080000 -0.017592 1.000000
0.022979 0.080000 -0.015916 1.000000
0.022979 0.080000 -0.014241 1.000000
0.022979 0.080000 -0.012565 1.000000
0.022979 0.080000 -0.010890 1.000000
0.022979 0.080000 -0.009215 1.000000
0.022979 0.080000 -0.007539 1.000000
0.022979 0.080000 -0.005864 1.000000
0.022979 0.080000 -0.004188 1.000000
0.022979 0.080000 -0.002513 1.000000
0.022979 0.080000 -0.000838 1.000000
0.022979 0.080000 0.000838 1.000000
0.022979 0.080000 0.002513 1.000000
0.022979 0.080000 0.004188 1.000000
0.022979 0.080000 0.005864 1.000000
0.022979 0.080000 0.007539 1.000000
0.022979 0.080000 0.009215 1.000000
0.022979 0.080000 0.010890 1.000000
0.022979 0.080000 0.012565 1.000000
0.022979 0.080000 0.014241 1.000000
0.022979 0.080000 0.015916 1.000000
0.022979 0.080000 0.017592 1.000000
0.022979 0.080000 0.019267 1.000000
0.022979 0.080000 0.020942 1.000000
0.022979 0.080000 0.022618 1.000000
0.022979 0.080000 0.024293 1.000000
0.022979 0.080000 0.025969 1.000000
0.022979 0.080000 0.027644 1.000000
0.022979 0.080000 0.029319 1.000000
0.022979 0.080000 0.030995 1.000000
0.022979 0.080000 0.032670 1.000000
0.022979 0.080000 0.034346 1.000000
0.022979 0.080000 0.036021 1.000000
0.022979 0.080000 0.037696 1.000000
0.022979 0.080000 0.039372 1.000000
0.022979 0.080000 0.041047 1.000000
0.022979 0.080000 0.042723 1.000000
0.022979 0.080000 0.044398 1.000000
0.022979 0.080000 0.046073 1.000000
0.022979 0.080000 0.047749 1.000000
0.022979 0.080000 0.049424 1.000000
0.022979 0.080000 0.051099 1.000000
0.022979 0.080000 0.052775 1.000000
0.022979 0.080000 0.054450 1.000000
0.022979 0.080000 0.056126 1.000000
0.022979 0.080000 0.057801 1.000000
0.022979 0.080000 0.059476 1.000000
0.022979 0.080000 0.061152 1.000000
0.022979 0.080000 0.062827 1.000000
0.022979 0.080000 0.064503 1.000000
0.022979 0.080000 0.066178 1.000000
0.022979 0.080000 0.067853 1.000000
0.022979 0.080000 0.069529 1.000000
0.022979 0.080000 0.071204 1.000000
0.022979 0.080000 0.072880 1.000000
0.022979 0.080000 0.074555 1.000000
0.022979 0.080000 0.076230 1.000000
0.022979 0.080000 0.077906 1.000000
0.022979 0.080000 0.079581 1.000000
0.022979 0.080000 0.081257 1.000000
0.022979 0.080000 0.082932 1.000000
0.022979 0.080000 0.084607 1.000000
0.022979 0.080000 0.086283 1.000000
0.022979 0.080000 0.087958 1.000000
0.022979 0.080000 0.089634 1.000000
0.022979 0.080000 0.091309 1.000000
0.022979 0.080000 0.092984 1.000000
0.022979 0.080000 0.094660 1.000000
0.022979 0.080000 0.096335 1.000000
0.022979 0.080000 0.098010 1.000000
0.022979 0.080000 0.099686 1.000000
0.022979 0.080000 0.101361 1.000000
0.022979 0.080000 0.103037 1.000000
0.022979 0.080000 0.104712 1.000000
0.022979 0.080000 0.106387 1.000000
0.022979 0.080000 0.108063 1.000000
0.022979 0.080000 0.109738 1.000000
0.022979 0.080000 0.111414 1.000000
0.022979 0.080000 0.113089 1.000000
0.022979 0.080000 0.114764 1.000000
0.022979 0.080000 0.116440 1.000000
0.022979 0.080000 0.118115 1.000000
0.022979 0.080000 0.119791 1.000000
0.022979 0.080000 0.121466 1.000000
0.022979 0.080000 0.123141 1.000000
0.022979 0.080000 0.124817 1.000000
0.022979 0.080000 0.126492 1.000000
0.022979 0.080000 0.128168 1.000000
0.022979 0.080000 0.129843 1.000000
0.022979 0.080000 0.131518 1.000000
0.022979 0.080000 0.133194 1.000000
0.022979 0.080000 0.134869 1.000000
0.022979 0.080000 0.136545 1.000000
0.022979 0.080000 0.138220 1.000000
0.022979 0.080000 0.139895 1.000000
0.022979 0.080000 0.141571 1.000000
0.022979 0.080000 0.143246 1.000000
0.022979 0.080000 0.144921 1.000000
0.022979 0.080000 0.146597 1.000000
0.022979 0.080000 0.148272 1.000000
0.022979 0.080000 0.149948 1.000000
0.022979 0.080000 0.151623 1.000000
0.022979 0.080000 0.153298 1.000000
0.022979 0.080000 0.154974 1.000000
0.022979 0.080000 0.156649 1.000000
0.022979 0.080000 0.158325 1.000000
0.022979 0.080000 0.160000 1.000000
0.024681 0.080000 -0.160000 1.000000
0.024681 0.080000 -0.158325 1.000000
0.024681 0.080000 -0.156649 1.000000
0.024681 0.080000 -0.154974 1.000000
0.024681 0.080000 -0.153298 1.000000
0.024681 0.080000 -0.151623 1.000000
0.024681 0.080000 -0.149948 1.000000
0.024681 0.080000 -0.148272 1.000000
0.024681 0.080000 -0.146597 1.000000
0.024681 0.080000 -0.144921 1.000000
0.024681 0.080000 -0.143246 1.000000
0.024681 0.080000 -0.141571 1.000000
0.024681 0.080000 -0.139895 1.000000
0.024681 0.080000 -0.138220 1.000000
0.024681 0.080000 -0.136545 1.000000
0.024681 0.080000 -0.134869 1.000000
0.024681 0.080000 -0.133194 1.000000
0.024681 0.080000 -0.131518 1.000000
0.024681 0.080000 -0.129843 1.000000
0.024681 0.080000 -0.128168 1.000000
0.024681 0.080000 -0.126492 1.000000
0.024681 0.080000 -0.124817 1.000000
0.024681 0.080000 -0.123141 1.000000
0.024681 0.080000 -0.121466 1.000000
0.024681 0.080000 -0.119791 1.000000
0.024681 0.080000 -0.118115 1.000000
0.024681 0.080000 -0.116440 1.000000
0.024681 0.080000 -0.114764 1.000000
0.024681 0.080000 -0.113089 1.000000
0.024681 0.080000 -0.111414 1.000000
0.024681 0.080000 -0.109738 1.000000
0.024681 0.080000 -0.108063 1.000000
0.024681 0.080000 -0.106387 1.000000
0.024681 0.080000 -0.104712 1.000000
0.024681 0.080000 -0.103037 1.000000
0.024681 0.080000 -0.101361 1.000000
0.024681 0.080000 -0.099686 1.000000
0.024681 0.080000 -0.098010 1.000000
0.024681 0.080000 -0.096335 1.000000
0.024681 0.080000 -0.094660 1.000000
0.024681 0.080000 -0.092984 1.000000
0.024681 0.080000 -0.091309 1.000000
0.024681 0.080000 -0.089634 1.000000
0.024681 0.080000 -0.087958 1.000000
0.024681 0.080000 -0.086283 1.000000
0.024681 0.080000 -0.084607 1.000000
0.024681 0.080000 -0.082932 1.000000
0.024681 0.080000 -0.081257 1.000000
0.024681 0.080000 -0.079581 1.000000
0.024681 0.080000 -0.077906 1.000000
0.024681 0.080000 -0.076230 1.000000
0.024681 0.080000 -0.074555 1.000000
0.024681 0.080000 -0.072880 1.000000
0.024681 0.080000 -0.071204 1.000000
0.024681 0.080000 -0.069529 1.000000
0.024681 0.080000 -0.067853 1.000000
0.024681 0.080000 -0.066178 1.000000
0.024681 0.080000 -0.064503 1.000000
0.024681 0.080000 -0.062827 1.000000
0.024681 0.080000 -0.061152 1.000000
0.024681 0.080000 -0.059476 1.000000
0.024681 0.080000 -0.057801 1.000000
0.024681 0.080000 -0.056126 1.000000
0.024681 0.080000 -0.054450 1.000000
0.024681 0.080000 -0.052775 1.000000
0.024681 0.080000 -0.051099 1.000000
0.024681 0.080000 -0.049424 1.000000
0.024681 0.080000 -0.047749 1.000000
0.024681 0.080000 -0.046073 1.000000
0.024681 0.080000 -0.044398 1.000000
0.024681 0.080000 -0.042723 1.000000
0.024681 0.080000 -0.041047 1.000000
0.024681 0.080000 -0.039372 1.000000
0.024681 0.080000 -0.037696 1.000000
0.024681 0.080000 -0.036021 1.000000
0.024681 0.080000 -0.034346 1.000000
0.024681 0.080000 -0.032670 1.000000
0.024681 0.080000 -0.030995 1.000000
0.024681 0.080000 -0.029319 1.000000
0.024681 0.080000 -0.027644 1.000000
0.024681 0.080000 -0.025969 1.000000
0.024681 0.080000 -0.024293 1.000000
0.024681 0.080000 -0.022618 1.000000
0.024681 0.080000 -0.020942 1.000000
0.024681 0.080000 -0.019267 1.000000
0.024681 0.080000 -0.017592 1.000000
0.024681 0.080000 -0.015916 1.000000
0.024681 0.080000 -0.014241 1.000000
0.024681 0.080000 -0.012565 1.000000
0.024681 0.080000 -0.010890 1.000000
0.024681 0.080000 -0.009215 1.000000
0.024681 0.080000 -0.007539 1.000000
0.024681 0.080000 -0.005864 1.000000
0.024681 0.080000 -0.004188 1.000000
0.024681 0.080000 -0.002513 1.000000
0.024681 0.080000 -0.000838 1.000000
0.024681 0.080000 0.000838 1.000000
0.024681 0.080000 0.002513 1.000000
0.024681 0.080000 0.004188 1.000000
0.024681 0.080000 0.005864 1.000000
0.024681 0.080000 0.007539 1.000000
0.024681 0.080000 0.009215 1.000000
0.024681 0.080000 0.010890 1.000000
0.024681 0.080000 0.012565 1.000000
0.024681 0.080000 0.014241 1.000000
0.024681 0.080000 0.015916 1.000000
0.024681 0.080000 0.017592 1.000000
0.024681 0.080000 0.019267 1.000000
0.024681 0.080000 0.020942 1.000000
0.024681 0.080000 0.022618 1.000000
0.024681 0.080000 0.024293 1.000000
0.024681 0.080000 0.025969 1.000000
0.024681 0.080000 0.027644 1.000000
0.024681 0.080000 0.029319 1.000000
0.024681 0.080000 0.030995 1.000000
0.024681 0.080000 0.032670 1.000000
0.024681 0.080000 0.034346 1.000000
0.024681 0.080000 0.036021 1.000000
0.024681 0.080000 0.037696 1.000000
0.024681 0.080000 0.039372 1.000000
0.024681 0.080000 0.041047 1.000000
0.024681 0.080000 0.042723 1.000000
0.024681 0.080000 0.044398 1.000000
0.024681 0.080000 0.046073 1.000000
0.024681 0.080000 0.047749 1.000000
0.024681 0.080000 0.049424 1.000000
0.024681 0.080000 0.051099 1.000000
0.024681 0.080000 0.052775 1.000000
0.024681 0.080000 0.054450 1.000000
0.024681 0.080000 0.056126 1.000000
0.024681 0.080000 0.057801 1.000000
0.024681 0.080000 0.059476 1.000000
0.024681 0.080000 0.061152 1.000000
0.024681 0.080000 0.062827 1.000000
0.024681 0.080000 0.064503 1.000000
0.024681 0.080000 0.066178 1.000000
0.024681 0.080000 0.067853 1.000000
0.024681 0.080000 0.069529 1.000000
0.024681 0.080000 0.071204 1.000000
0.024681 0.080000 0.072880 1.000000
0.024681 0.080000 0.074555 1.000000
0.024681 0.080000 0.076230 1.000000
0.024681 0.080000 0.077906 1.000000
0.024681 0.080000 0.079581 1.000000
0.024681 0.080000 0.081257 1.000000
0.024681 0.080000 0.082932 1.000000
0.024681 0.080000 0.084607 1.000000
0.024681 0.080000 0.086283 1.000000
0.024681 0.080000 0.087958 1.000000
0.024681 0.080000 0.089634 1.000000
0.024681 0.080000 0.091309 1.000000
0.024681 0.080000 0.092984 1.000000
0.024681 0.080000 0.094660 1.000000
0.024681 0.080000 0.096335 1.000000
0.024681 0.080000 0.098010 1.000000
0.024681 0.080000 0.099686 1.000000
0.024681 0.080000 0.101361 1.000000
0.024681 0.080000 0.103037 1.000000
0.024681 0.080000 0.104712 1.000000
0.024681 0.080000 0.106387 1.000000
0.024681 0.080000 0.108063 1.000000
0.024681 0.080000 0.109738 1.000000
0.024681 0.080000 0.111414 1.000000
0.024681 0.080000 0.113089 1.000000
0.024681 0.080000 0.114764 1.000000
0.024681 0.080000 0.116440 1.000000
0.024681 0.080000 0.118115 1.000000
0.024681 0.080000 0.119791 1.000000
0.024681 0.080000 0.121466 1.000000
0.024681 0.080000 0.123141 1.000000
0.024681 0.080000 0.124817 1.000000
0.024681 0.080000 0.126492 1.000000
0.024681 0.080000 0.128168 1.000000
0.024681 0.080000 0.129843 1.000000
0.024681 0.080000 0.131518 1.000000
0.024681 0.080000 0.133194 1.000000
0.024681 0.080000 0.134869 1.000000
0.024681 0.080000 0.136545 1.000000
0.024681 0.080000 0.138220 1.000000
0.024681 0.080000 0.139895 1.000000
0.024681 0.080000 0.141571 1.000000
0.024681 0.080000 0.143246 1.000000
0.024681 0.080000 0.144921 1.000000
0.024681 0.080000 0.146597 1.000000
0.024681 0.080000 0.148272 1.000000
0.024681 0.080000 0.149948 1.000000
0.024681 0.080000 0.151623 1.000000
0.024681 0.080000 0.153298 1.000000
0.024681 0.080000 0.154974 1.000000
0.024681 0.080000 0.156649 1.000000
0.024681 0.080000 0.158325 1.000000
0.024681 0.080000 0.160000 1.000000
0.026383 0.080000 -0.160000 1.000000
0.026383 0.080000 -0.158325 1.000000
0.026383 0.080000 -0.156649 1.000000
0.026383 0.080000 -0.154974 1.000000
0.026383 0.080000 -0.153298 1.000000
0.026383 0.080000 -0.151623 1.000000
0.026383 0.080000 -0.149948 1.000000
0.026383 0.080000 -0.148272 1.000000
0.026383 0.080000 -0.146597 1.000000
0.026383 0.080000 -0.144921 1.000000
0.026383 0.080000 -0.143246 1.000000
0.026383 0.080000 -0.141571 1.000000
0.026383 0.080000 -0.139895 1.000000
0.026383 0.080000 -0.138220 1.000000
0.026383 0.080000 -0.136545 1.000000
0.026383 0.080000 -0.134869 1.000000
0.026383 0.080000 -0.133194 1.000000
0.026383 0.080000 -0.131518 1.000000
0.026383 0.080000 -0.129843 1.000000
0.026383 0.080000 -0.128168 1.000000
0.026383 0.080000 -0.126492 1.000000
0.026383 0.080000 -0.124817 1.000000
0.026383 0.080000 -0.123141 1.000000
0.026383 0.080000 -0.121466 1.000000
0.026383 0.080000 -0.119791 1.000000
0.026383 0.080000 -0.118115 1.000000
0.026383 0.080000 -0.116440 1.000000
0.026383 0.080000 -0.114764 1.000000
0.026383 0.080000 -0.113089 1.000000
0.026383 0.080000 -0.111414 1.000000
0.026383 0.080000 -0.109738 1.000000
0.026383 0.080000 -0.108063 1.000000
0.026383 0.080000 -0.106387 1.000000
0.026383 0.080000 -0.104712 1.000000
0.026383 0.080000 -0.103037 1.000000
0.026383 0.080000 -0.101361 1.000000
0.026383 0.080000 -0.099686 1.000000
0.026383 0.080000 -0.098010 1.000000
0.026383 0.080000 -0.096335 1.000000
0.026383 0.080000 -0.094660 1.000000
0.026383 0.080000 -0.092984 1.000000
0.026383 0.080000 -0.091309 1.000000
0.026383 0.080000 -0.089634 1.000000
0.026383 0.080000 -0.087958 1.000000
0.026383 0.080000 -0.086283 1.000000
0.026383 0.080000 -0.084607 1.000000
0.026383 0.080000 -0.082932 1.000000
0.026383 0.080000 -0.081257 1.000000
0.026383 0.080000 -0.079581 1.000000
0.026383 0.080000 -0.077906 1.000000
0.026383 0.080000 -0.076230 1.000000
0.026383 0.080000 -0.074555 1.000000
0.026383 0.080000 -0.072880 1.000000
0.026383 0.080000 -0.071204 1.000000
0.026383 0.080000 -0.069529 1.000000
0.026383 0.080000 -0.067853 1.000000
0.026383 0.080000 -0.066178 1.000000
0.026383 0.080000 -0.064503 1.000000
0.026383 0.080000 -0.062827 1.000000
0.026383 0.080000 -0.061152 1.000000
0.026383 0.080000 -0.059476 1.000000
0.026383 0.080000 -0.057801 1.000000
0.026383 0.080000 -0.056126 1.000000
0.026383 0.080000 -0.054450 1.000000
0.026383 0.080000 -0.052775 1.000000
0.026383 0.080000 -0.051099 1.000000
0.026383 0.080000 -0.049424 1.000000
0.026383 0.080000 -0.047749 1.000000
0.026383 0.080000 -0.046073 1.000000
0.026383 0.080000 -0.044398 1.000000
0.026383 0.080000 -0.042723 1.000000
0.026383 0.080000 -0.041047 1.000000
0.026383 0.080000 -0.039372 1.000000
0.026383 0.080000 -0.037696 1.000000
0.026383 0.080000 -0.036021 1.000000
0.026383 0.080000 -0.034346 1.000000
0.026383 0.080000 -0.032670 1.000000
0.026383 0.080000 -0.030995 1.000000
0.026383 0.080000 -0.029319 1.000000
0.026383 0.080000 -0.027644 1.000000
0.026383 0.080000 -0.025969 1.000000
0.026383 0.080000 -0.024293 1.000000
0.026383 0.080000 -0.022618 1.000000
0.026383 0.080000 -0.020942 1.000000
0.026383 0.080000 -0.019267 1.000000
0.026383 0.080000 -0.017592 1.000000
0.026383 0.080000 -0.015916 1.000000
0.026383 0.080000 -0.014241 1.000000
0.026383 0.080000 -0.012565 1.000000
0.026383 0.080000 -0.010890 1.000000
0.026383 0.080000 -0.009215 1.000000
0.026383 0.080000 -0.007539 1.000000
0.026383 0.080000 -0.005864 1.000000
0.026383 0.080000 -0.004188 1.000000
0.026383 0.080000 -0.002513 1.000000
0.026383 0.080000 -0.000838 1.000000
0.026383 0.080000 0.000838 1.000000
0.026383 0.080000 0.002513 1.000000
0.026383 0.080000 0.004188 1.000000
0.026383 0.080000 0.005864 1.000000
0.026383 0.080000 0.007539 1.000000
0.026383 0.080000 0.009215 1.000000
0.026383 0.080000 0.010890 1.000000
0.026383 0.080000 0.012565 1.000000
0.026383 0.080000 0.014241 1.000000
0.026383 0.080000 0.015916 1.000000
0.026383 0.080000 0.017592 1.000000
0.026383 0.080000 0.019267 1.000000
0.026383 0.080000 0.020942 1.000000
0.026383 0.080000 0.022618 1.000000
0.026383 0.080000 0.024293 1.000000
0.026383 0.080000 0.025969 1.000000
0.026383 0.080000 0.027644 1.000000
0.026383 0.080000 0.029319 1.000000
0.026383 0.080000 0.030995 1.000000
0.026383 0.080000 0.032670 1.000000
0.026383 0.080000 0.034346 1.000000
0.026383 0.080000 0.036021 1.000000
0.026383 0.080000 0.037696 1.000000
0.026383 0.080000 0.039372 1.000000
0.026383 0.080000 0.041047 1.000000
0.026383 0.080000 0.042723 1.000000
0.026383 0.080000 0.044398 1.000000
0.026383 0.080000 0.046073 1.000000
0.026383 0.080000 0.047749 1.000000
0.026383 0.080000 0.049424 1.000000
0.026383 0.080000 0.051099 1.000000
0.026383 0.080000 0.052775 1.000000
0.026383 0.080000 0.054450 1.000000
0.026383 0.080000 0.056126 1.000000
0.026383 0.080000 0.057801 1.000000
0.026383 0.080000 0.059476 1.000000
0.026383 0.080000 0.061152 1.000000
0.026383 0.080000 0.062827 1.000000
0.026383 0.080000 0.064503 1.000000
0.026383 0.080000 0.066178 1.000000
0.026383 0.080000 0.067853 1.000000
0.026383 0.080000 0.069529 1.000000
0.026383 0.080000 0.071204 1.000000
0.026383 0.080000 0.072880 1.000000
0.026383 0.080000 0.074555 1.000000
0.026383 0.080000 0.076230 1.000000
0.026383 0.080000 0.077906 1.000000
0.026383 0.080000 0.079581 1.000000
0.026383 0.080000 0.081257 1.000000
0.026383 0.080000 0.082932 1.000000
0.026383 0.080000 0.084607 1.000000
0.026383 0.080000 0.086283 1.000000
0.026383 0.080000 0.087958 1.000000
0.026383 0.080000 0.089634 1.000000
0.026383 0.080000 0.091309 1.000000
0.026383 0.080000 0.092984 1.000000
0.026383 0.080000 0.094660 1.000000
0.026383 0.080000 0.096335 1.000000
0.026383 0.080000 0.098010 1.000000
0.026383 0.080000 0.099686 1.000000
0.026383 0.080000 0.101361 1.000000
0.026383 0.080000 0.103037 1.000000
0.026383 0.080000 0.104712 1.000000
0.026383 0.080000 0.106387 1.000000
0.026383 0.080000 0.108063 1.000000
0.026383 0.080000 0.109738 1.000000
0.026383 0.080000 0.111414 1.000000
0.026383 0.080000 0.113089 1.000000
0.026383 0.080000 0.114764 1.000000
0.026383 0.080000 0.116440 1.000000
0.026383 0.080000 0.118115 1.000000
0.026383 0.080000 0.119791 1.000000
0.026383 0.080000 0.121466 1.000000
0.026383 0.080000 0.123141 1.000000
0.026383 0.080000 0.124817 1.000000
0.026383 0.080000 0.126492 1.000000
0.026383 0.080000 0.128168 1.000000
0.026383 0.080000 0.129843 1.000000
0.026383 0.080000 0.131518 1.000000
0.026383 0.080000 0.133194 1.000000
0.026383 0.080000 0.134869 1.000000
0.026383 0.080000 0.136545 1.000000
0.026383 0.080000 0.138220 1.000000
0.026383 0.080000 0.139895 1.000000
0.026383 0.080000 0.141571 1.000000
0.026383 0.080000 0.143246 1.000000
0.026383 0.080000 0.144921 1.000000
0.026383 0.080000 0.146597 1.000000
0.026383 0.080000 0.148272 1.000000
0.026383 0.080000 0.149948 1.000000
0.026383 0.080000 0.151623 1.000000
0.026383 0.080000 0.153298 1.000000
0.026383 0.080000 0.154974 1.000000
0.026383 0.080000 0.156649 1.000000
0.026383 0.080000 0.158325 1.000000
0.026383 0.080000 0.160000 1.000000
0.028085 0.080000 -0.160000 1.000000
0.028085 0.080000 -0.158325 1.000000
0.028085 0.080000 -0.156649 1.000000
0.028085 0.080000 -0.154974 1.000000
0.028085 0.080000 -0.153298 1.000000
0.028085 0.080000 -0.151623 1.000000
0.028085 0.080000 -0.149948 1.000000
0.028085 0.080000 -0.148272 1.000000
0.028085 0.080000 -0.146597 1.000000
0.028085 0.080000 -0.144921 1.000000
0.028085 0.080000 -0.143246 1.000000
0.028085 0.080000 -0.141571 1.000000
0.028085 0.080000 -0.139895 1.000000
0.028085 0.080000 -0.138220 1.000000
0.028085 0.080000 -0.136545 1.000000
0.028085 0.080000 -0.134869 1.000000
0.028085 0.080000 -0.133194 1.000000
0.028085 0.080000 -0.131518 1.000000
0.028085 0.080000 -0.129843 1.000000
0.028085 0.080000 -0.128168 1.000000
0.028085 0.080000 -0.126492 1.000000
0.028085 0.080000 -0.124817 1.000000
0.028085 0.080000 -0.123141 1.000000
0.028085 0.080000 -0.121466 1.000000
0.028085 0.080000 -0.119791 1.000000
0.028085 0.080000 -0.118115 1.000000
0.028085 0.080000 -0.116440 1.000000
0.028085 0.080000 -0.114764 1.000000
0.028085 0.080000 -0.113089 1.000000
0.028085 0.080000 -0.111414 1.000000
0.028085 0.080000 -0.109738 1.000000
0.028085 0.080000 -0.108063 1.000000
0.028085 0.080000 -0.106387 1.000000
0.028085 0.080000 -0.104712 1.000000
0.028085 0.080000 -0.103037 1.000000
0.028085 0.080000 -0.101361 1.000000
0.028085 0.080000 -0.099686 1.000000
0.028085 0.080000 -0.098010 1.000000
0.028085 0.080000 -0.096335 1.000000
0.028085 0.080000 -0.094660 1.000000
0.028085 0.080000 -0.092984 1.000000
0.028085 0.080000 -0.091309 1.000000
0.028085 0.080000 -0.089634 1.000000
0.028085 0.080000 -0.087958 1.000000
0.028085 0.080000 -0.086283 1.000000
0.028085 0.080000 -0.084607 1.000000
0.028085 0.080000 -0.082932 1.000000
0.028085 0.080000 -0.081257 1.000000
0.028085 0.080000 -0.079581 1.000000
0.028085 0.080000 -0.077906 1.000000
0.028085 0.080000 -0.076230 1.000000
0.028085 0.080000 -0.074555 1.000000
0.028085 0.080000 -0.072880 1.000000
0.028085 0.080000 -0.071204 1.000000
0.028085 0.080000 -0.069529 1.000000
0.028085 0.080000 -0.067853 1.000000
0.028085 0.080000 -0.066178 1.000000
0.028085 0.080000 -0.064503 1.000000
0.028085 0.080000 -0.062827 1.000000
0.028085 0.080000 -0.061152 1.000000
0.028085 0.080000 -0.059476 1.000000
0.028085 0.080000 -0.057801 1.000000
0.028085 0.080000 -0.056126 1.000000
0.028085 0.080000 -0.054450 1.000000
0.028085 0.080000 -0.052775 1.000000
0.028085 0.080000 -0.051099 1.000000
0.028085 0.080000 -0.049424 1.000000
0.028085 0.080000 -0.047749 1.000000
0.028085 0.080000 -0.046073 1.000000
0.028085 0.080000 -0.044398 1.000000
0.028085 0.080000 -0.042723 1.000000
0.028085 0.080000 -0.041047 1.000000
0.028085 0.080000 -0.039372 1.000000
0.028085 0.080000 -0.037696 1.000000
0.028085 0.080000 -0.036021 1.000000
0.028085 0.080000 -0.034346 1.000000
0.028085 0.080000 -0.032670 1.000000
0.028085 0.080000 -0.030995 1.000000
0.028085 0.080000 -0.029319 1.000000
0.028085 0.080000 -0.027644 1.000000
0.028085 0.080000 -0.025969 1.000000
0.028085 0.080000 -0.024293 1.000000
0.028085 0.080000 -0.022618 1.000000
0.028085 0.080000 -0.020942 1.000000
0.028085 0.080000 -0.019267 1.000000
0.028085 0.080000 -0.017592 1.000000
0.028085 0.080000 -0.015916 1.000000
0.028085 0.080000 -0.014241 1.000000
0.028085 0.080000 -0.012565 1.000000
0.028085 0.080000 -0.010890 1.000000
0.028085 0.080000 -0.009215 1.000000
0.028085 0.080000 -0.007539 1.000000
0.028085 0.080000 -0.005864 1.000000
0.028085 0.080000 -0.004188 1.000000
0.028085 0.080000 -0.002513 1.000000
0.028085 0.080000 -0.000838 1.000000
0.028085 0.080000 0.000838 1.000000
0.028085 0.080000 0.002513 1.000000
0.028085 0.080000 0.004188 1.000000
0.028085 0.080000 0.005864 1.000000
0.028085 0.080000 0.007539 1.000000
0.028085 0.080000 0.009215 1.000000
0.028085 0.080000 0.010890 1.000000
0.028085 0.080000 0.012565 1.000000
0.028085 0.080000 0.014241 1.000000
0.028085 0.080000 0.015916 1.000000
0.028085 0.080000 0.017592 1.000000
0.028085 0.080000 0.019267 1.000000
0.028085 0.080000 0.020942 1.000000
0.028085 0.080000 0.022618 1.000000
0.028085 0.080000 0.024293 1.000000
0.028085 0.080000 0.025969 1.000000
0.028085 0.080000 0.027644 1.000000
0.028085 0.080000 0.029319 1.000000
0.028085 0.080000 0.030995 1.000000
0.028085 0.080000 0.032670 1.000000
0.028085 0.080000 0.034346 1.000000
0.028085 0.080000 0.036021 1.000000
0.028085 0.080000 0.037696 1.000000
0.028085 0.080000 0.039372 1.000000
0.028085 0.080000 0.041047 1.000000
0.028085 0.080000 0.042723 1.000000
0.028085 0.080000 0.044398 1.000000
0.028085 0.080000 0.046073 1.000000
0.028085 0.080000 0.047749 1.000000
0.028085 0.080000 0.049424 1.000000
0.028085 0.080000 0.051099 1.000000
0.028085 0.080000 0.052775 1.000000
0.028085 0.080000 0.054450 1.000000
0.028085 0.080000 0.056126 1.000000
0.028085 0.080000 0.057801 1.000000
0.028085 0.080000 0.059476 1.000000
0.028085 0.080000 0.061152 1.000000
0.028085 0.080000 0.062827 1.000000
0.028085 0.080000 0.064503 1.000000
0.028085 0.080000 0.066178 1.000000
0.028085 0.080000 0.067853 1.000000
0.028085 0.080000 0.069529 1.000000
0.028085 0.080000 0.071204 1.000000
0.028085 0.080000 0.072880 1.000000
0.028085 0.080000 0.074555 1.000000
0.028085 0.080000 0.076230 1.000000
0.028085 0.080000 0.077906 1.000000
0.028085 0.080000 0.079581 1.000000
0.028085 0.080000 0.081257 1.000000
0.028085 0.080000 0.082932 1.000000
0.028085 0.080000 0.084607 1.000000
0.028085 0.080000 0.086283 1.000000
0.028085 0.080000 0.087958 1.000000
0.028085 0.080000 0.089634 1.000000
0.028085 0.080000 0.091309 1.000000
0.028085 0.080000 0.092984 1.000000
0.028085 0.080000 0.094660 1.000000
0.028085 0.080000 0.096335 1.000000
0.028085 0.080000 0.098010 1.000000
0.028085 0.080000 0.099686 1.000000
0.028085 0.080000 0.101361 1.000000
0.028085 0.080000 0.103037 1.000000
0.028085 0.080000 0.104712 1.000000
0.028085 0.080000 0.106387 1.000000
0.028085 0.080000 0.108063 1.000000
0.028085 0.080000 0.109738 1.000000
0.028085 0.080000 0.111414 1.000000
0.028085 0.080000 0.113089 1.000000
0.028085 0.080000 0.114764 1.000000
0.028085 0.080000 0.116440 1.000000
0.028085 0.080000 0.118115 1.000000
0.028085 0.080000 0.119791 1.000000
0.028085 0.080000 0.121466 1.000000
0.028085 0.080000 0.123141 1.000000
0.028085 0.080000 0.124817 1.000000
0.028085 0.080000 0.126492 1.000000
0.028085 0.080000 0.128168 1.000000
0.028085 0.080000 0.129843 1.000000
0.028085 0.080000 0.131518 1.000000
0.028085 0.080000 0.133194 1.000000
0.028085 0.080000 0.134869 1.000000
0.028085 0.080000 0.136545 1.000000
0.028085 0.080000 0.138220 1.000000
0.028085 0.080000 0.139895 1.000000
0.028085 0.080000 0.141571 1.000000
0.028085 0.080000 0.143246 1.000000
0.028085 0.080000 0.144921 1.000000
0.028085 0.080000 0.146597 1.000000
0.028085 0.080000 0.148272 1.000000
0.028085 0.080000 0.149948 1.000000
0.028085 0.080000 0.151623 1.000000
0.028085 0.080000 0.153298 1.000000
0.028085 0.080000 0.154974 1.000000
0.028085 0.080000 0.156649 1.000000
0.028085 0.080000 0.158325 1.000000
0.028085 0.080000 0.160000 1.000000
0.029787 0.080000 -0.160000 1.000000
0.029787 0.080000 -0.158325 1.000000
0.029787 0.080000 -0.156649 1.000000
0.029787 0.080000 -0.154974 1.000000
0.029787 0.080000 -0.153298 1.000000
0.029787 0.080000 -0.151623 1.000000
0.029787 0.080000 -0.149948 1.000000
0.029787 0.080000 -0.148272 1.000000
0.029787 0.080000 -0.146597 1.000000
0.029787 0.080000 -0.144921 1.000000
0.029787 0.080000 -0.143246 1.000000
0.029787 0.080000 -0.141571 1.000000
0.029787 0.080000 -0.139895 1.000000
0.029787 0.080000 -0.138220 1.000000
0.029787 0.080000 -0.136545 1.000000
0.029787 0.080000 -0.134869 1.000000
0.029787 0.080000 -0.133194 1.000000
0.029787 0.080000 -0.131518 1.000000
0.029787 0.080000 -0.129843 1.000000
0.029787 0.080000 -0.128168 1.000000
0.029787 0.080000 -0.126492 1.000000
0.029787 0.080000 -0.124817 1.000000
0.029787 0.080000 -0.123141 1.000000
0.029787 0.080000 -0.121466 1.000000
0.029787 0.080000 -0.119791 1.000000
0.029787 0.080000 -0.118115 1.000000
0.029787 0.080000 -0.116440 1.000000
0.029787 0.080000 -0.114764 1.000000
0.029787 0.080000 -0.113089 1.000000
0.029787 0.080000 -0.111414 1.000000
0.029787 0.080000 -0.109738 1.000000
0.029787 0.080000 -0.108063 1.000000
0.029787 0.080000 -0.106387 1.000000
0.029787 0.080000 -0.104712 1.000000
0.029787 0.080000 -0.103037 1.000000
0.029787 0.080000 -0.101361 1.000000
0.029787 0.080000 -0.099686 1.000000
0.029787 0.080000 -0.098010 1.000000
0.029787 0.080000 -0.096335 1.000000
0.029787 0.080000 -0.094660 1.000000
0.029787 0.080000 -0.092984 1.000000
0.029787 0.080000 -0.091309 1.000000
0.029787 0.080000 -0.089634 1.000000
0.029787 0.080000 -0.087958 1.000000
0.029787 0.080000 -0.086283 1.000000
0.029787 0.080000 -0.084607 1.000000
0.029787 0.080000 -0.082932 1.000000
0.029787 0.080000 -0.081257 1.000000
0.029787 0.080000 -0.079581 1.000000
0.029787 0.080000 -0.077906 1.000000
0.029787 0.080000 -0.076230 1.000000
0.029787 0.080000 -0.074555 1.000000
0.029787 0.080000 -0.072880 1.000000
0.029787 0.080000 -0.071204 1.000000
0.029787 0.080000 -0.069529 1.000000
0.029787 0.080000 -0.067853 1.000000
0.029787 0.080000 -0.066178 1.000000
0.029787 0.080000 -0.064503 1.000000
0.029787 0.080000 -0.062827 1.000000
0.029787 0.080000 -0.061152 1.000000
0.029787 0.080000 -0.059476 1.000000
0.029787 0.080000 -0.057801 1.000000
0.029787 0.080000 -0.056126 1.000000
0.029787 0.080000 -0.054450 1.000000
0.029787 0.080000 -0.052775 1.000000
0.029787 0.080000 -0.051099 1.000000
0.029787 0.080000 -0.049424 1.000000
0.029787 0.080000 -0.047749 1.000000
0.029787 0.080000 -0.046073 1.000000
0.029787 0.080000 -0.044398 1.000000
0.029787 0.080000 -0.042723 1.000000
0.029787 0.080000 -0.041047 1.000000
0.029787 0.080000 -0.039372 1.000000
0.029787 0.080000 -0.037696 1.000000
0.029787 0.080000 -0.036021 1.000000
0.029787 0.080000 -0.034346 1.000000
0.029787 0.080000 -0.032670 1.000000
0.029787 0.080000 -0.030995 1.000000
0.029787 0.080000 -0.029319 1.000000
0.029787 0.080000 -0.027644 1.000000
0.029787 0.080000 -0.025969 1.000000
0.029787 0.080000 -0.024293 1.000000
0.029787 0.080000 -0.022618 1.000000
0.029787 0.080000 -0.020942 1.000000
0.029787 0.080000 -0.019267 1.000000
0.029787 0.080000 -0.017592 1.000000
0.029787 0.080000 -0.015916 1.000000
0.029787 0.080000 -0.014241 1.000000
0.029787 0.080000 -0.012565 1.000000
0.029787 0.080000 -0.010890 1.000000
0.029787 0.080000 -0.009215 1.000000
0.029787 0.080000 -0.007539 1.000000
0.029787 0.080000 -0.005864 1.000000
0.029787 0.080000 -0.004188 1.000000
0.029787 0.080000 -0.002513 1.000000
0.029787 0.080000 -0.000838 1.000000
0.029787 0.080000 0.000838 1.000000
0.029787 0.080000 0.002513 1.000000
0.029787 0.080000 0.004188 1.000000
0.029787 0.080000 0.005864 1.000000
0.029787 0.080000 0.007539 1.000000
0.029787 0.080000 0.009215 1.000000
0.029787 0.080000 0.010890 1.000000
0.029787 0.080000 0.012565 1.000000
0.029787 0.080000 0.014241 1.000000
0.029787 0.080000 0.015916 1.000000
0.029787 0.080000 0.017592 1.000000
0.029787 0.080000 0.019267 1.000000
0.029787 0.080000 0.020942 1.000000
0.029787 0.080000 0.022618 1.000000
0.029787 0.080000 0.024293 1.000000
0.029787 0.080000 0.025969 1.000000
0.029787 0.080000 0.027644 1.000000
0.029787 0.080000 0.029319 1.000000
0.029787 0.080000 0.030995 1.000000
0.029787 0.080000 0.032670 1.000000
0.029787 0.080000 0.034346 1.000000
0.029787 0.080000 0.036021 1.000000
0.029787 0.080000 0.037696 1.000000
0.029787 0.080000 0.039372 1.000000
0.029787 0.080000 0.041047 1.000000
0.029787 0.080000 0.042723 1.000000
0.029787 0.080000 0.044398 1.000000
0.029787 0.080000 0.046073 1.000000
0.029787 0.080000 0.047749 1.000000
0.029787 0.080000 0.049424 1.000000
0.029787 0.080000 0.051099 1.000000
0.029787 0.080000 0.052775 1.000000
0.029787 0.080000 0.054450 1.000000
0.029787 0.080000 0.056126 1.000000
0.029787 0.080000 0.057801 1.000000
0.029787 0.080000 0.059476 1.000000
0.029787 0.080000 0.061152 1.000000
0.029787 0.080000 0.062827 1.000000
0.029787 0.080000 0.064503 1.000000
0.029787 0.080000 0.066178 1.000000
0.029787 0.080000 0.067853 1.000000
0.029787 0.080000 0.069529 1.000000
0.029787 0.080000 0.071204 1.000000
0.029787 0.080000 0.072880 1.000000
0.029787 0.080000 0.074555 1.000000
0.029787 0.080000 0.076230 1.000000
0.029787 0.080000 0.077906 1.000000
0.029787 0.080000 0.079581 1.000000
0.029787 0.080000 0.081257 1.000000
0.029787 0.080000 0.082932 1.000000
0.029787 0.080000 0.084607 1.000000
0.029787 0.080000 0.086283 1.000000
0.029787 0.080000 0.087958 1.000000
0.029787 0.080000 0.089634 1.000000
0.029787 0.080000 0.091309 1.000000
0.029787 0.080000 0.092984 1.000000
0.029787 0.080000 0.094660 1.000000
0.029787 0.080000 0.096335 1.000000
0.029787 0.080000 0.098010 1.000000
0.029787 0.080000 0.099686 1.000000
0.029787 0.080000 0.101361 1.000000
0.029787 0.080000 0.103037 1.000000
0.029787 0.080000 0.104712 1.000000
0.029787 0.080000 0.106387 1.000000
0.029787 0.080000 0.108063 1.000000
0.029787 0.080000 0.109738 1.000000
0.029787 0.080000 0.111414 1.000000
0.029787 0.080000 0.113089 1.000000
0.029787 0.080000 0.114764 1.000000
0.029787 0.080000 0.116440 1.000000
0.029787 0.080000 0.118115 1.000000
0.029787 0.080000 0.119791 1.000000
0.029787 0.080000 0.121466 1.000000
0.029787 0.080000 0.123141 1.000000
0.029787 0.080000 0.124817 1.000000
0.029787 0.080000 0.126492 1.000000
0.029787 0.080000 0.128168 1.000000
0.029787 0.080000 0.129843 1.000000
0.029787 0.080000 0.131518 1.000000
0.029787 0.080000 0.133194 1.000000
0.029787 0.080000 0.134869 1.000000
0.029787 0.080000 0.136545 1.000000
0.029787 0.080000 0.138220 1.000000
0.029787 0.080000 0.139895 1.000000
0.029787 0.080000 0.141571 1.000000
0.029787 0.080000 0.143246 1.000000
0.029787 0.080000 0.144921 1.000000
0.029787 0.080000 0.146597 1.000000
0.029787 0.080000 0.148272 1.000000
0.029787 0.080000 0.149948 1.000000
0.029787 0.080000 0.151623 1.000000
0.029787 0.080000 0.153298 1.000000
0.029787 0.080000 0.154974 1.000000
0.029787 0.080000 0.156649 1.000000
0.029787 0.080000 0.158325 1.000000
0.029787 0.080000 0.160000 1.000000
0.031489 0.080000 -0.160000 1.000000
0.031489 0.080000 -0.158325 1.000000
0.031489 0.080000 -0.156649 1.000000
0.031489 0.080000 -0.154974 1.000000
0.031489 0.080000 -0.153298 1.000000
0.031489 0.080000 -0.151623 1.000000
0.031489 0.080000 -0.149948 1.000000
0.031489 0.080000 -0.148272 1.000000
0.031489 0.080000 -0.146597 1.000000
0.031489 0.080000 -0.144921 1.000000
0.031489 0.080000 -0.143246 1.000000
0.031489 0.080000 -0.141571 1.000000
0.031489 0.080000 -0.139895 1.000000
0.031489 0.080000 -0.138220 1.000000
0.031489 0.080000 -0.136545 1.000000
0.031489 0.080000 -0.134869 1.000000
0.031489 0.080000 -0.133194 1.000000
0.031489 0.080000 -0.131518 1.000000
0.031489 0.080000 -0.129843 1.000000
0.031489 0.080000 -0.128168 1.000000
0.031489 0.080000 -0.126492 1.000000
0.031489 0.080000 -0.124817 1.000000
0.031489 0.080000 -0.123141 1.000000
0.031489 0.080000 -0.121466 1.000000
0.031489 0.080000 -0.119791 1.000000
0.031489 0.080000 -0.118115 1.000000
0.031489 0.080000 -0.116440 1.000000
0.031489 0.080000 -0.114764 1.000000
0.031489 0.080000 -0.113089 1.000000
0.031489 0.080000 -0.111414 1.000000
0.031489 0.080000 -0.109738 1.000000
0.031489 0.080000 -0.108063 1.000000
0.031489 0.080000 -0.106387 1.000000
0.031489 0.080000 -0.104712 1.000000
0.031489 0.080000 -0.103037 1.000000
0.031489 0.080000 -0.101361 1.000000
0.031489 0.080000 -0.099686 1.000000
0.031489 0.080000 -0.098010 1.000000
0.031489 0.080000 -0.096335 1.000000
0.031489 0.080000 -0.094660 1.000000
0.031489 0.080000 -0.092984 1.000000
0.031489 0.080000 -0.091309 1.000000
0.031489 0.080000 -0.089634 1.000000
0.031489 0.080000 -0.087958 1.000000
0.031489 0.080000 -0.086283 1.000000
0.031489 0.080000 -0.084607 1.000000
0.031489 0.080000 -0.082932 1.000000
0.031489 0.080000 -0.081257 1.000000
0.031489 0.080000 -0.079581 1.000000
0.031489 0.080000 -0.077906 1.000000
0.031489 0.080000 -0.076230 1.000000
0.031489 0.080000 -0.074555 1.000000
0.031489 0.080000 -0.072880 1.000000
0.031489 0.080000 -0.071204 1.000000
0.031489 0.080000 -0.069529 1.000000
0.031489 0.080000 -0.067853 1.000000
0.031489 0.080000 -0.066178 1.000000
0.031489 0.080000 -0.064503 1.000000
0.031489 0.080000 -0.062827 1.000000
0.031489 0.080000 -0.061152 1.000000
0.031489 0.080000 -0.059476 1.000000
0.031489 0.080000 -0.057801 1.000000
0.031489 0.080000 -0.056126 1.000000
0.031489 0.080000 -0.054450 1.000000
0.031489 0.080000 -0.052775 1.000000
0.031489 0.080000 -0.051099 1.000000
0.031489 0.080000 -0.049424 1.000000
0.031489 0.080000 -0.047749 1.000000
0.031489 0.080000 -0.046073 1.000000
0.031489 0.080000 -0.044398 1.000000
0.031489 0.080000 -0.042723 1.000000
0.031489 0.080000 -0.041047 1.000000
0.031489 0.080000 -0.039372 1.000000
0.031489 0.080000 -0.037696 1.000000
0.031489 0.080000 -0.036021 1.000000
0.031489 0.080000 -0.034346 1.000000
0.031489 0.080000 -0.032670 1.000000
0.031489 0.080000 -0.030995 1.000000
0.031489 0.080000 -0.029319 1.000000
0.031489 0.080000 -0.027644 1.000000
0.031489 0.080000 -0.025969 1.000000
0.031489 0.080000 -0.024293 1.000000
0.031489 0.080000 -0.022618 1.000000
0.031489 0.080000 -0.020942 1.000000
0.031489 0.080000 -0.019267 1.000000
0.031489 0.080000 -0.017592 1.000000
0.031489 0.080000 -0.015916 1.000000
0.031489 0.080000 -0.014241 1.000000
0.031489 0.080000 -0.012565 1.000000
0.031489 0.080000 -0.010890 1.000000
0.031489 0.080000 -0.009215 1.000000
0.031489 0.080000 -0.007539 1.000000
0.031489 0.080000 -0.005864 1.000000
0.031489 0.080000 -0.004188 1.000000
0.031489 0.080000 -0.002513 1.000000
0.031489 0.080000 -0.000838 1.000000
0.031489 0.080000 0.000838 1.000000
0.031489 0.080000 0.002513 1.000000
0.031489 0.080000 0.004188 1.000000
0.031489 0.080000 0.005864 1.000000
0.031489 0.080000 0.007539 1.000000
0.031489 0.080000 0.009215 1.000000
0.031489 0.080000 0.010890 1.000000
0.031489 0.080000 0.012565 1.000000
0.031489 0.080000 0.014241 1.000000
0.031489 0.080000 0.015916 1.000000
0.031489 0.080000 0.017592 1.000000
0.031489 0.080000 0.019267 1.000000
0.031489 0.080000 0.020942 1.000000
0.031489 0.080000 0.022618 1.000000
0.031489 0.080000 0.024293 1.000000
0.031489 0.080000 0.025969 1.000000
0.031489 0.080000 0.027644 1.000000
0.031489 0.080000 0.029319 1.000000
0.031489 0.080000 0.030995 1.000000
0.031489 0.080000 0.032670 1.000000
0.031489 0.080000 0.034346 1.000000
0.031489 0.080000 0.036021 1.000000
0.031489 0.080000 0.037696 1.000000
0.031489 0.080000 0.039372 1.000000
0.031489 0.080000 0.041047 1.000000
0.031489 0.080000 0.042723 1.000000
0.031489 0.080000 0.044398 1.000000
0.031489 0.080000 0.046073 1.000000
0.031489 0.080000 0.047749 1.000000
0.031489 0.080000 0.049424 1.000000
0.031489 0.080000 0.051099 1.000000
0.031489 0.080000 0.052775 1.000000
0.031489 0.080000 0.054450 1.000000
0.031489 0.080000 0.056126 1.000000
0.031489 0.080000 0.057801 1.000000
0.031489 0.080000 0.059476 1.000000
0.031489 0.080000 0.061152 1.000000
0.031489 0.080000 0.062827 1.000000
0.031489 0.080000 0.064503 1.000000
0.031489 0.080000 0.066178 1.000000
0.031489 0.080000 0.067853 1.000000
0.031489 0.080000 0.069529 1.000000
0.031489 0.080000 0.071204 1.000000
0.031489 0.080000 0.072880 1.000000
0.031489 0.080000 0.074555 1.000000
0.031489 0.080000 0.076230 1.000000
0.031489 0.080000 0.077906 1.000000
0.031489 0.080000 0.079581 1.000000
0.031489 0.080000 0.081257 1.000000
0.031489 0.080000 0.082932 1.000000
0.031489 0.080000 0.084607 1.000000
0.031489 0.080000 0.086283 1.000000
0.031489 0.080000 0.087958 1.000000
0.031489 0.080000 0.089634 1.000000
0.031489 0.080000 0.091309 1.000000
0.031489 0.080000 0.092984 1.000000
0.031489 0.080000 0.094660 1.000000
0.031489 0.080000 0.096335 1.000000
0.031489 0.080000 0.098010 1.000000
0.031489 0.080000 0.099686 1.000000
0.031489 0.080000 0.101361 1.000000
0.031489 0.080000 0.103037 1.000000
0.031489 0.080000 0.104712 1.000000
0.031489 0.080000 0.106387 1.000000
0.031489 0.080000 0.108063 1.000000
0.031489 0.080000 0.109738 1.000000
0.031489 0.080000 0.111414 1.000000
0.031489 0.080000 0.113089 1.000000
0.031489 0.080000 0.114764 1.000000
0.031489 0.080000 0.116440 1.000000
0.031489 0.080000 0.118115 1.000000
0.031489 0.080000 0.119791 1.000000
0.031489 0.080000 0.121466 1.000000
0.031489 0.080000 0.123141 1.000000
0.031489 0.080000 0.124817 1.000000
0.031489 0.080000 0.126492 1.000000
0.031489 0.080000 0.128168 1.000000
0.031489 0.080000 0.129843 1.000000
0.031489 0.080000 0.131518 1.000000
0.031489 0.080000 0.133194 1.000000
0.031489 0.080000 0.134869 1.000000
0.031489 0.080000 0.136545 1.000000
0.031489 0.080000 0.138220 1.000000
0.031489 0.080000 0.139895 1.000000
0.031489 0.080000 0.141571 1.000000
0.031489 0.080000 0.143246 1.000000
0.031489 0.080000 0.144921 1.000000
0.031489 0.080000 0.146597 1.000000
0.031489 0.080000 0.148272 1.000000
0.031489 0.080000 0.149948 1.000000
0.031489 0.080000 0.151623 1.000000
0.031489 0.080000 0.153298 1.000000
0.031489 0.080000 0.154974 1.000000
0.031489 0.080000 0.156649 1.000000
0.031489 0.080000 0.158325 1.000000
0.031489 0.080000 0.160000 1.000000
0.033191 0.080000 -0.160000 1.000000
0.033191 0.080000 -0.158325 1.000000
0.033191 0.080000 -0.156649 1.000000
0.033191 0.080000 -0.154974 1.000000
0.033191 0.080000 -0.153298 1.000000
0.033191 0.080000 -0.151623 1.000000
0.033191 0.080000 -0.149948 1.000000
0.033191 0.080000 -0.148272 1.000000
0.033191 0.080000 -0.146597 1.000000
0.033191 0.080000 -0.144921 1.000000
0.033191 0.080000 -0.143246 1.000000
0.033191 0.080000 -0.141571 1.000000
0.033191 0.080000 -0.139895 1.000000
0.033191 0.080000 -0.138220 1.000000
0.033191 0.080000 -0.136545 1.000000
0.033191 0.080000 -0.134869 1.000000
0.033191 0.080000 -0.133194 1.000000
0.033191 0.080000 -0.131518 1.000000
0.033191 0.080000 -0.129843 1.000000
0.033191 0.080000 -0.128168 1.000000
0.033191 0.080000 -0.126492 1.000000
0.033191 0.080000 -0.124817 1.000000
0.033191 0.080000 -0.123141 1.000000
0.033191 0.080000 -0.121466 1.000000
0.033191 0.080000 -0.119791 1.000000
0.033191 0.080000 -0.118115 1.000000
0.033191 0.080000 -0.116440 1.000000
0.033191 0.080000 -0.114764 1.000000
0.033191 0.080000 -0.113089 1.000000
0.033191 0.080000 -0.111414 1.000000
0.033191 0.080000 -0.109738 1.000000
0.033191 0.080000 -0.108063 1.000000
0.033191 0.080000 -0.106387 1.000000
0.033191 0.080000 -0.104712 1.000000
0.033191 0.080000 -0.103037 1.000000
0.033191 0.080000 -0.101361 1.000000
0.033191 0.080000 -0.099686 1.000000
0.033191 0.080000 -0.098010 1.000000
0.033191 0.080000 -0.096335 1.000000
0.033191 0.080000 -0.094660 1.000000
0.033191 0.080000 -0.092984 1.000000
0.033191 0.080000 -0.091309 1.000000
0.033191 0.080000 -0.089634 1.000000
0.033191 0.080000 -0.087958 1.000000
0.033191 0.080000 -0.086283 1.000000
0.033191 0.080000 -0.084607 1.000000
0.033191 0.080000 -0.082932 1.000000
0.033191 0.080000 -0.081257 1.000000
0.033191 0.080000 -0.079581 1.000000
0.033191 0.080000 -0.077906 1.000000
0.033191 0.080000 -0.076230 1.000000
0.033191 0.080000 -0.074555 1.000000
0.033191 0.080000 -0.072880 1.000000
0.033191 0.080000 -0.071204 1.000000
0.033191 0.080000 -0.069529 1.000000
0.033191 0.080000 -0.067853 1.000000
0.033191 0.080000 -0.066178 1.000000
0.033191 0.080000 -0.064503 1.000000
0.033191 0.080000 -0.062827 1.000000
0.033191 0.080000 -0.061152 1.000000
0.033191 0.080000 -0.059476 1.000000
0.033191 0.080000 -0.057801 1.000000
0.033191 0.080000 -0.056126 1.000000
0.033191 0.080000 -0.054450 1.000000
0.033191 0.080000 -0.052775 1.000000
0.033191 0.080000 -0.051099 1.000000
0.033191 0.080000 -0.049424 1.000000
0.033191 0.080000 -0.047749 1.000000
0.033191 0.080000 -0.046073 1.000000
0.033191 0.080000 -0.044398 1.000000
0.033191 0.080000 -0.042723 1.000000
0.033191 0.080000 -0.041047 1.000000
0.033191 0.080000 -0.039372 1.000000
0.033191 0.080000 -0.037696 1.000000
0.033191 0.080000 -0.036021 1.000000
0.033191 0.080000 -0.034346 1.000000
0.033191 0.080000 -0.032670 1.000000
0.033191 0.080000 -0.030995 1.000000
0.033191 0.080000 -0.029319 1.000000
0.033191 0.080000 -0.027644 1.000000
0.033191 0.080000 -0.025969 1.000000
0.033191 0.080000 -0.024293 1.000000
0.033191 0.080000 -0.022618 1.000000
0.033191 0.080000 -0.020942 1.000000
0.033191 0.080000 -0.019267 1.000000
0.033191 0.080000 -0.017592 1.000000
0.033191 0.080000 -0.015916 1.000000
0.033191 0.080000 -0.014241 1.000000
0.033191 0.080000 -0.012565 1.000000
0.033191 0.080000 -0.010890 1.000000
0.033191 0.080000 -0.009215 1.000000
0.033191 0.080000 -0.007539 1.000000
0.033191 0.080000 -0.005864 1.000000
0.033191 0.080000 -0.004188 1.000000
0.033191 0.080000 -0.002513 1.000000
0.033191 0.080000 -0.000838 1.000000
0.033191 0.080000 0.000838 1.000000
0.033191 0.080000 0.002513 1.000000
0.033191 0.080000 0.004188 1.000000
0.033191 0.080000 0.005864 1.000000
0.033191 0.080000 0.007539 1.000000
0.033191 0.080000 0.009215 1.000000
0.033191 0.080000 0.010890 1.000000
0.033191 0.080000 0.012565 1.000000
0.033191 0.080000 0.014241 1.000000
0.033191 0.080000 0.015916 1.000000
0.033191 0.080000 0.017592 1.000000
0.033191 0.080000 0.019267 1.000000
0.033191 0.080000 0.020942 1.000000
0.033191 0.080000 0.022618 1.000000
0.033191 0.080000 0.024293 1.000000
0.033191 0.080000 0.025969 1.000000
0.033191 0.080000 0.027644 1.000000
0.033191 0.080000 0.029319 1.000000
0.033191 0.080000 0.030995 1.000000
0.033191 0.080000 0.032670 1.000000
0.033191 0.080000 0.034346 1.000000
0.033191 0.080000 0.036021 1.000000
0.033191 0.080000 0.037696 1.000000
0.033191 0.080000 0.039372 1.000000
0.033191 0.080000 0.041047 1.000000
0.033191 0.080000 0.042723 1.000000
0.033191 0.080000 0.044398 1.000000
0.033191 0.080000 0.046073 1.000000
0.033191 0.080000 0.047749 1.000000
0.033191 0.080000 0.049424 1.000000
0.033191 0.080000 0.051099 1.000000
0.033191 0.080000 0.052775 1.000000
0.033191 0.080000 0.054450 1.000000
0.033191 0.080000 0.056126 1.000000
0.033191 0.080000 0.057801 1.000000
0.033191 0.080000 0.059476 1.000000
0.033191 0.080000 0.061152 1.000000
0.033191 0.080000 0.062827 1.000000
0.033191 0.080000 0.064503 1.000000
0.033191 0.080000 0.066178 1.000000
0.033191 0.080000 0.067853 1.000000
0.033191 0.080000 0.069529 1.000000
0.033191 0.080000 0.071204 1.000000
0.033191 0.080000 0.072880 1.000000
0.033191 0.080000 0.074555 1.000000
0.033191 0.080000 0.076230 1.000000
0.033191 0.080000 0.077906 1.000000
0.033191 0.080000 0.079581 1.000000
0.033191 0.080000 0.081257 1.000000
0.033191 0.080000 0.082932 1.000000
0.033191 0.080000 0.084607 1.000000
0.033191 0.080000 0.086283 1.000000
0.033191 0.080000 0.087958 1.000000
0.033191 0.080000 0.089634 1.000000
0.033191 0.080000 0.091309 1.000000
0.033191 0.080000 0.092984 1.000000
0.033191 0.080000 0.094660 1.000000
0.033191 0.080000 0.096335 1.000000
0.033191 0.080000 0.098010 1.000000
0.033191 0.080000 0.099686 1.000000
0.033191 0.080000 0.101361 1.000000
0.033191 0.080000 0.103037 1.000000
0.033191 0.080000 0.104712 1.000000
0.033191 0.080000 0.106387 1.000000
0.033191 0.080000 0.108063 1.000000
0.033191 0.080000 0.109738 1.000000
0.033191 0.080000 0.111414 1.000000
0.033191 0.080000 0.113089 1.000000
0.033191 0.080000 0.114764 1.000000
0.033191 0.080000 0.116440 1.000000
0.033191 0.080000 0.118115 1.000000
0.033191 0.080000 0.119791 1.000000
0.033191 0.080000 0.121466 1.000000
0.033191 0.080000 0.123141 1.000000
0.033191 0.080000 0.124817 1.000000
0.033191 0.080000 0.126492 1.000000
0.033191 0.080000 0.128168 1.000000
0.033191 0.080000 0.129843 1.000000
0.033191 0.080000 0.131518 1.000000
0.033191 0.080000 0.133194 1.000000
0.033191 0.080000 0.134869 1.000000
0.033191 0.080000 0.136545 1.000000
0.033191 0.080000 0.138220 1.000000
0.033191 0.080000 0.139895 1.000000
0.033191 0.080000 0.141571 1.000000
0.033191 0.080000 0.143246 1.000000
0.033191 0.080000 0.144921 1.000000
0.033191 0.080000 0.146597 1.000000
0.033191 0.080000 0.148272 1.000000
0.033191 0.080000 0.149948 1.000000
0.033191 0.080000 0.151623 1.000000
0.033191 0.080000 0.153298 1.000000
0.033191 0.080000 0.154974 1.000000
0.033191 0.080000 0.156649 1.000000
0.033191 0.080000 0.158325 1.000000
0.033191 0.080000 0.160000 1.000000
0.034894 0.080000 -0.160000 1.000000
0.034894 0.080000 -0.158325 1.000000
0.034894 0.080000 -0.156649 1.000000
0.034894 0.080000 -0.154974 1.000000
0.034894 0.080000 -0.153298 1.000000
0.034894 0.080000 -0.151623 1.000000
0.034894 0.080000 -0.149948 1.000000
0.034894 0.080000 -0.148272 1.000000
0.034894 0.080000 -0.146597 1.000000
0.034894 0.080000 -0.144921 1.000000
0.034894 0.080000 -0.143246 1.000000
0.034894 0.080000 -0.141571 1.000000
0.034894 0.080000 -0.139895 1.000000
0.034894 0.080000 -0.138220 1.000000
0.034894 0.080000 -0.136545 1.000000
0.034894 0.080000 -0.134869 1.000000
0.034894 0.080000 -0.133194 1.000000
0.034894 0.080000 -0.131518 1.000000
0.034894 0.080000 -0.129843 1.000000
0.034894 0.080000 -0.128168 1.000000
0.034894 0.080000 -0.126492 1.000000
0.034894 0.080000 -0.124817 1.000000
0.034894 0.080000 -0.123141 1.000000
0.034894 0.080000 -0.121466 1.000000
0.034894 0.080000 -0.119791 1.000000
0.034894 0.080000 -0.118115 1.000000
0.034894 0.080000 -0.116440 1.000000
0.034894 0.080000 -0.114764 1.000000
0.034894 0.080000 -0.113089 1.000000
0.034894 0.080000 -0.111414 1.000000
0.034894 0.080000 -0.109738 1.000000
0.034894 0.080000 -0.108063 1.000000
0.034894 0.080000 -0.106387 1.000000
0.034894 0.080000 -0.104712 1.000000
0.034894 0.080000 -0.103037 1.000000
0.034894 0.080000 -0.101361 1.000000
0.034894 0.080000 -0.099686 1.000000
0.034894 0.080000 -0.098010 1.000000
0.034894 0.080000 -0.096335 1.000000
0.034894 0.080000 -0.094660 1.000000
0.034894 0.080000 -0.092984 1.000000
0.034894 0.080000 -0.091309 1.000000
0.034894 0.080000 -0.089634 1.000000
0.034894 0.080000 -0.087958 1.000000
0.034894 0.080000 -0.086283 1.000000
0.034894 0.080000 -0.084607 1.000000
0.034894 0.080000 -0.082932 1.000000
0.034894 0.080000 -0.081257 1.000000
0.034894 0.080000 -0.079581 1.000000
0.034894 0.080000 -0.077906 1.000000
0.034894 0.080000 -0.076230 1.000000
0.034894 0.080000 -0.074555 1.000000
0.034894 0.080000 -0.072880 1.000000
0.034894 0.080000 -0.071204 1.000000
0.034894 0.080000 -0.069529 1.000000
0.034894 0.080000 -0.067853 1.000000
0.034894 0.080000 -0.066178 1.000000
0.034894 0.080000 -0.064503 1.000000
0.034894 0.080000 -0.062827 1.000000
0.034894 0.080000 -0.061152 1.000000
0.034894 0.080000 -0.059476 1.000000
0.034894 0.080000 -0.057801 1.000000
0.034894 0.080000 -0.056126 1.000000
0.034894 0.080000 -0.054450 1.000000
0.034894 0.080000 -0.052775 1.000000
0.034894 0.080000 -0.051099 1.000000
0.034894 0.080000 -0.049424 1.000000
0.034894 0.080000 -0.047749 1.000000
0.034894 0.080000 -0.046073 1.000000
0.034894 0.080000 -0.044398 1.000000
0.034894 0.080000 -0.042723 1.000000
0.034894 0.080000 -0.041047 1.000000
0.034894 0.080000 -0.039372 1.000000
0.034894 0.080000 -0.037696 1.000000
0.034894 0.080000 -0.036021 1.000000
0.034894 0.080000 -0.034346 1.000000
0.034894 0.080000 -0.032670 1.000000
0.034894 0.080000 -0.030995 1.000000
0.034894 0.080000 -0.029319 1.000000
0.034894 0.080000 -0.027644 1.000000
0.034894 0.080000 -0.025969 1.000000
0.034894 0.080000 -0.024293 1.000000
0.034894 0.080000 -0.022618 1.000000
0.034894 0.080000 -0.020942 1.000000
0.034894 0.080000 -0.019267 1.000000
0.034894 0.080000 -0.017592 1.000000
0.034894 0.080000 -0.015916 1.000000
0.034894 0.080000 -0.014241 1.000000
0.034894 0.080000 -0.012565 1.000000
0.034894 0.080000 -0.010890 1.000000
0.034894 0.080000 -0.009215 1.000000
0.034894 0.080000 -0.007539 1.000000
0.034894 0.080000 -0.005864 1.000000
0.034894 0.080000 -0.004188 1.000000
0.034894 0.080000 -0.002513 1.000000
0.034894 0.080000 -0.000838 1.000000
0.034894 0.080000 0.000838 1.000000
0.034894 0.080000 0.002513 1.000000
0.034894 0.080000 0.004188 1.000000
0.034894 0.080000 0.005864 1.000000
0.034894 0.080000 0.007539 1.000000
0.034894 0.080000 0.009215 1.000000
0.034894 0.080000 0.010890 1.000000
0.034894 0.080000 0.012565 1.000000
0.034894 0.080000 0.014241 1.000000
0.034894 0.080000 0.015916 1.000000
0.034894 0.080000 0.017592 1.000000
0.034894 0.080000 0.019267 1.000000
0.034894 0.080000 0.020942 1.000000
0.034894 0.080000 0.022618 1.000000
0.034894 0.080000 0.024293 1.000000
0.034894 0.080000 0.025969 1.000000
0.034894 0.080000 0.027644 1.000000
0.034894 0.080000 0.029319 1.000000
0.034894 0.080000 0.030995 1.000000
0.034894 0.080000 0.032670 1.000000
0.034894 0.080000 0.034346 1.000000
0.034894 0.080000 0.036021 1.000000
0.034894 0.080000 0.037696 1.000000
0.034894 0.080000 0.039372 1.000000
0.034894 0.080000 0.041047 1.000000
0.034894 0.080000 0.042723 1.000000
0.034894 0.080000 0.044398 1.000000
0.034894 0.080000 0.046073 1.000000
0.034894 0.080000 0.047749 1.000000
0.034894 0.080000 0.049424 1.000000
0.034894 0.080000 0.051099 1.000000
0.034894 0.080000 0.052775 1.000000
0.034894 0.080000 0.054450 1.000000
0.034894 0.080000 0.056126 1.000000
0.034894 0.080000 0.057801 1.000000
0.034894 0.080000 0.059476 1.000000
0.034894 0.080000 0.061152 1.000000
0.034894 0.080000 0.062827 1.000000
0.034894 0.080000 0.064503 1.000000
0.034894 0.080000 0.066178 1.000000
0.034894 0.080000 0.067853 1.000000
0.034894 0.080000 0.069529 1.000000
0.034894 0.080000 0.071204 1.000000
0.034894 0.080000 0.072880 1.000000
0.034894 0.080000 0.074555 1.000000
0.034894 0.080000 0.076230 1.000000
0.034894 0.080000 0.077906 1.000000
0.034894 0.080000 0.079581 1.000000
0.034894 0.080000 0.081257 1.000000
0.034894 0.080000 0.082932 1.000000
0.034894 0.080000 0.084607 1.000000
0.034894 0.080000 0.086283 1.000000
0.034894 0.080000 0.087958 1.000000
0.034894 0.080000 0.089634 1.000000
0.034894 0.080000 0.091309 1.000000
0.034894 0.080000 0.092984 1.000000
0.034894 0.080000 0.094660 1.000000
0.034894 0.080000 0.096335 1.000000
0.034894 0.080000 0.098010 1.000000
0.034894 0.080000 0.099686 1.000000
0.034894 0.080000 0.101361 1.000000
0.034894 0.080000 0.103037 1.000000
0.034894 0.080000 0.104712 1.000000
0.034894 0.080000 0.106387 1.000000
0.034894 0.080000 0.108063 1.000000
0.034894 0.080000 0.109738 1.000000
0.034894 0.080000 0.111414 1.000000
0.034894 0.080000 0.113089 1.000000
0.034894 0.080000 0.114764 1.000000
0.034894 0.080000 0.116440 1.000000
0.034894 0.080000 0.118115 1.000000
0.034894 0.080000 0.119791 1.000000
0.034894 0.080000 0.121466 1.000000
0.034894 0.080000 0.123141 1.000000
0.034894 0.080000 0.124817 1.000000
0.034894 0.080000 0.126492 1.000000
0.034894 0.080000 0.128168 1.000000
0.034894 0.080000 0.129843 1.000000
0.034894 0.080000 0.131518 1.000000
0.034894 0.080000 0.133194 1.000000
0.034894 0.080000 0.134869 1.000000
0.034894 0.080000 0.136545 1.000000
0.034894 0.080000 0.138220 1.000000
0.034894 0.080000 0.139895 1.000000
0.034894 0.080000 0.141571 1.000000
0.034894 0.080000 0.143246 1.000000
0.034894 0.080000 0.144921 1.000000
0.034894 0.080000 0.146597 1.000000
0.034894 0.080000 0.148272 1.000000
0.034894 0.080000 0.149948 1.000000
0.034894 0.080000 0.151623 1.000000
0.034894 0.080000 0.153298 1.000000
0.034894 0.080000 0.154974 1.000000
0.034894 0.080000 0.156649 1.000000
0.034894 0.080000 0.158325 1.000000
0.034894 0.080000 0.160000 1.000000
0.036596 0.080000 -0.160000 1.000000
0.036596 0.080000 -0.158325 1.000000
0.036596 0.080000 -0.156649 1.000000
0.036596 0.080000 -0.154974 1.000000
0.036596 0.080000 -0.153298 1.000000
0.036596 0.080000 -0.151623 1.000000
0.036596 0.080000 -0.149948 1.000000
0.036596 0.080000 -0.148272 1.000000
0.036596 0.080000 -0.146597 1.000000
0.036596 0.080000 -0.144921 1.000000
0.036596 0.080000 -0.143246 1.000000
0.036596 0.080000 -0.141571 1.000000
0.036596 0.080000 -0.139895 1.000000
0.036596 0.080000 -0.138220 1.000000
0.036596 0.080000 -0.136545 1.000000
0.036596 0.080000 -0.134869 1.000000
0.036596 0.080000 -0.133194 1.000000
0.036596 0.080000 -0.131518 1.000000
0.036596 0.080000 -0.129843 1.000000
0.036596 0.080000 -0.128168 1.000000
0.036596 0.080000 -0.126492 1.000000
0.036596 0.080000 -0.124817 1.000000
0.036596 0.080000 -0.123141 1.000000
0.036596 0.080000 -0.121466 1.000000
0.036596 0.080000 -0.119791 1.000000
0.036596 0.080000 -0.118115 1.000000
0.036596 0.080000 -0.116440 1.000000
0.036596 0.080000 -0.114764 1.000000
0.036596 0.080000 -0.113089 1.000000
0.036596 0.080000 -0.111414 1.000000
0.036596 0.080000 -0.109738 1.000000
0.036596 0.080000 -0.108063 1.000000
0.036596 0.080000 -0.106387 1.000000
0.036596 0.080000 -0.104712 1.000000
0.036596 0.080000 -0.103037 1.000000
0.036596 0.080000 -0.101361 1.000000
0.036596 0.080000 -0.099686 1.000000
0.036596 0.080000 -0.098010 1.000000
0.036596 0.080000 -0.096335 1.000000
0.036596 0.080000 -0.094660 1.000000
0.036596 0.080000 -0.092984 1.000000
0.036596 0.080000 -0.091309 1.000000
0.036596 0.080000 -0.089634 1.000000
0.036596 0.080000 -0.087958 1.000000
0.036596 0.080000 -0.086283 1.000000
0.036596 0.080000 -0.084607 1.000000
0.036596 0.080000 -0.082932 1.000000
0.036596 0.080000 -0.081257 1.000000
0.036596 0.080000 -0.079581 1.000000
0.036596 0.080000 -0.077906 1.000000
0.036596 0.080000 -0.076230 1.000000
0.036596 0.080000 -0.074555 1.000000
0.036596 0.080000 -0.072880 1.000000
0.036596 0.080000 -0.071204 1.000000
0.036596 0.080000 -0.069529 1.000000
0.036596 0.080000 -0.067853 1.000000
0.036596 0.080000 -0.066178 1.000000
0.036596 0.080000 -0.064503 1.000000
0.036596 0.080000 -0.062827 1.000000
0.036596 0.080000 -0.061152 1.000000
0.036596 0.080000 -0.059476 1.000000
0.036596 0.080000 -0.057801 1.000000
0.036596 0.080000 -0.056126 1.000000
0.036596 0.080000 -0.054450 1.000000
0.036596 0.080000 -0.052775 1.000000
0.036596 0.080000 -0.051099 1.000000
0.036596 0.080000 -0.049424 1.000000
0.036596 0.080000 -0.047749 1.000000
0.036596 0.080000 -0.046073 1.000000
0.036596 0.080000 -0.044398 1.000000
0.036596 0.080000 -0.042723 1.000000
0.036596 0.080000 -0.041047 1.000000
0.036596 0.080000 -0.039372 1.000000
0.036596 0.080000 -0.037696 1.000000
0.036596 0.080000 -0.036021 1.000000
0.036596 0.080000 -0.034346 1.000000
0.036596 0.080000 -0.032670 1.000000
0.036596 0.080000 -0.030995 1.000000
0.036596 0.080000 -0.029319 1.000000
0.036596 0.080000 -0.027644 1.000000
0.036596 0.080000 -0.025969 1.000000
0.036596 0.080000 -0.024293 1.000000
0.036596 0.080000 -0.022618 1.000000
0.036596 0.080000 -0.020942 1.000000
0.036596 0.080000 -0.019267 1.000000
0.036596 0.080000 -0.017592 1.000000
0.036596 0.080000 -0.015916 1.000000
0.036596 0.080000 -0.014241 1.000000
0.036596 0.080000 -0.012565 1.000000
0.036596 0.080000 -0.010890 1.000000
0.036596 0.080000 -0.009215 1.000000
0.036596 0.080000 -0.007539 1.000000
0.036596 0.080000 -0.005864 1.000000
0.036596 0.080000 -0.004188 1.000000
0.036596 0.080000 -0.002513 1.000000
0.036596 0.080000 -0.000838 1.000000
0.036596 0.080000 0.000838 1.000000
0.036596 0.080000 0.002513 1.000000
0.036596 0.080000 0.004188 1.000000
0.036596 0.080000 0.005864 1.000000
0.036596 0.080000 0.007539 1.000000
0.036596 0.080000 0.009215 1.000000
0.036596 0.080000 0.010890 1.000000
0.036596 0.080000 0.012565 1.000000
0.036596 0.080000 0.014241 1.000000
0.036596 0.080000 0.015916 1.000000
0.036596 0.080000 0.017592 1.000000
0.036596 0.080000 0.019267 1.000000
0.036596 0.080000 0.020942 1.000000
0.036596 0.080000 0.022618 1.000000
0.036596 0.080000 0.024293 1.000000
0.036596 0.080000 0.025969 1.000000
0.036596 0.080000 0.027644 1.000000
0.036596 0.080000 0.029319 1.000000
0.036596 0.080000 0.030995 1.000000
0.036596 0.080000 0.032670 1.000000
0.036596 0.080000 0.034346 1.000000
0.036596 0.080000 0.036021 1.000000
0.036596 0.080000 0.037696 1.000000
0.036596 0.080000 0.039372 1.000000
0.036596 0.080000 0.041047 1.000000
0.036596 0.080000 0.042723 1.000000
0.036596 0.080000 0.044398 1.000000
0.036596 0.080000 0.046073 1.000000
0.036596 0.080000 0.047749 1.000000
0.036596 0.080000 0.049424 1.000000
0.036596 0.080000 0.051099 1.000000
0.036596 0.080000 0.052775 1.000000
0.036596 0.080000 0.054450 1.000000
0.036596 0.080000 0.056126 1.000000
0.036596 0.080000 0.057801 1.000000
0.036596 0.080000 0.059476 1.000000
0.036596 0.080000 0.061152 1.000000
0.036596 0.080000 0.062827 1.000000
0.036596 0.080000 0.064503 1.000000
0.036596 0.080000 0.066178 1.000000
0.036596 0.080000 0.067853 1.000000
0.036596 0.080000 0.069529 1.000000
0.036596 0.080000 0.071204 1.000000
0.036596 0.080000 0.072880 1.000000
0.036596 0.080000 0.074555 1.000000
0.036596 0.080000 0.076230 1.000000
0.036596 0.080000 0.077906 1.000000
0.036596 0.080000 0.079581 1.000000
0.036596 0.080000 0.081257 1.000000
0.036596 0.080000 0.082932 1.000000
0.036596 0.080000 0.084607 1.000000
0.036596 0.080000 0.086283 1.000000
0.036596 0.080000 0.087958 1.000000
0.036596 0.080000 0.089634 1.000000
0.036596 0.080000 0.091309 1.000000
0.036596 0.080000 0.092984 1.000000
0.036596 0.080000 0.094660 1.000000
0.036596 0.080000 0.096335 1.000000
0.036596 0.080000 0.098010 1.000000
0.036596 0.080000 0.099686 1.000000
0.036596 0.080000 0.101361 1.000000
0.036596 0.080000 0.103037 1.000000
0.036596 0.080000 0.104712 1.000000
0.036596 0.080000 0.106387 1.000000
0.036596 0.080000 0.108063 1.000000
0.036596 0.080000 0.109738 1.000000
0.036596 0.080000 0.111414 1.000000
0.036596 0.080000 0.113089 1.000000
0.036596 0.080000 0.114764 1.000000
0.036596 0.080000 0.116440 1.000000
0.036596 0.080000 0.118115 1.000000
0.036596 0.080000 0.119791 1.000000
0.036596 0.080000 0.121466 1.000000
0.036596 0.080000 0.123141 1.000000
0.036596 0.080000 0.124817 1.000000
0.036596 0.080000 0.126492 1.000000
0.036596 0.080000 0.128168 1.000000
0.036596 0.080000 0.129843 1.000000
0.036596 0.080000 0.131518 1.000000
0.036596 0.080000 0.133194 1.000000
0.036596 0.080000 0.134869 1.000000
0.036596 0.080000 0.136545 1.000000
0.036596 0.080000 0.138220 1.000000
0.036596 0.080000 0.139895 1.000000
0.036596 0.080000 0.141571 1.000000
0.036596 0.080000 0.143246 1.000000
0.036596 0.080000 0.144921 1.000000
0.036596 0.080000 0.146597 1.000000
0.036596 0.080000 0.148272 1.000000
0.036596 0.080000 0.149948 1.000000
0.036596 0.080000 0.151623 1.000000
0.036596 0.080000 0.153298 1.000000
0.036596 0.080000 0.154974 1.000000
0.036596 0.080000 0.156649 1.000000
0.036596 0.080000 0.158325 1.000000
0.036596 0.080000 0.160000 1.000000
0.038298 0.080000 -0.160000 1.000000
0.038298 0.080000 -0.158325 1.000000
0.038298 0.080000 -0.156649 1.000000
0.038298 0.080000 -0.154974 1.000000
0.038298 0.080000 -0.153298 1.000000
0.038298 0.080000 -0.151623 1.000000
0.038298 0.080000 -0.149948 1.000000
0.038298 0.080000 -0.148272 1.000000
0.038298 0.080000 -0.146597 1.000000
0.038298 0.080000 -0.144921 1.000000
0.038298 0.080000 -0.143246 1.000000
0.038298 0.080000 -0.141571 1.000000
0.038298 0.080000 -0.139895 1.000000
0.038298 0.080000 -0.138220 1.000000
0.038298 0.080000 -0.136545 1.000000
0.038298 0.080000 -0.134869 1.000000
0.038298 0.080000 -0.133194 1.000000
0.038298 0.080000 -0.131518 1.000000
0.038298 0.080000 -0.129843 1.000000
0.038298 0.080000 -0.128168 1.000000
0.038298 0.080000 -0.126492 1.000000
0.038298 0.080000 -0.124817 1.000000
0.038298 0.080000 -0.123141 1.000000
0.038298 0.080000 -0.121466 1.000000
0.038298 0.080000 -0.119791 1.000000
0.038298 0.080000 -0.118115 1.000000
0.038298 0.080000 -0.116440 1.000000
0.038298 0.080000 -0.114764 1.000000
0.038298 0.080000 -0.113089 1.000000
0.038298 0.080000 -0.111414 1.000000
0.038298 0.080000 -0.109738 1.000000
0.038298 0.080000 -0.108063 1.000000
0.038298 0.080000 -0.106387 1.000000
0.038298 0.080000 -0.104712 1.000000
0.038298 0.080000 -0.103037 1.000000
0.038298 0.080000 -0.101361 1.000000
0.038298 0.080000 -0.099686 1.000000
0.038298 0.080000 -0.098010 1.000000
0.038298 0.080000 -0.096335 1.000000
0.038298 0.080000 -0.094660 1.000000
0.038298 0.080000 -0.092984 1.000000
0.038298 0.080000 -0.091309 1.000000
0.038298 0.080000 -0.089634 1.000000
0.038298 0.080000 -0.087958 1.000000
0.038298 0.080000 -0.086283 1.000000
0.038298 0.080000 -0.084607 1.000000
0.038298 0.080000 -0.082932 1.000000
0.038298 0.080000 -0.081257 1.000000
0.038298 0.080000 -0.079581 1.000000
0.038298 0.080000 -0.077906 1.000000
0.038298 0.080000 -0.076230 1.000000
0.038298 0.080000 -0.074555 1.000000
0.038298 0.080000 -0.072880 1.000000
0.038298 0.080000 -0.071204 1.000000
0.038298 0.080000 -0.069529 1.000000
0.038298 0.080000 -0.067853 1.000000
0.038298 0.080000 -0.066178 1.000000
0.038298 0.080000 -0.064503 1.000000
0.038298 0.080000 -0.062827 1.000000
0.038298 0.080000 -0.061152 1.000000
0.038298 0.080000 -0.059476 1.000000
0.038298 0.080000 -0.057801 1.000000
0.038298 0.080000 -0.056126 1.000000
0.038298 0.080000 -0.054450 1.000000
0.038298 0.080000 -0.052775 1.000000
0.038298 0.080000 -0.051099 1.000000
0.038298 0.080000 -0.049424 1.000000
0.038298 0.080000 -0.047749 1.000000
0.038298 0.080000 -0.046073 1.000000
0.038298 0.080000 -0.044398 1.000000
0.038298 0.080000 -0.042723 1.000000
0.038298 0.080000 -0.041047 1.000000
0.038298 0.080000 -0.039372 1.000000
0.038298 0.080000 -0.037696 1.000000
0.038298 0.080000 -0.036021 1.000000
0.038298 0.080000 -0.034346 1.000000
0.038298 0.080000 -0.032670 1.000000
0.038298 0.080000 -0.030995 1.000000
0.038298 0.080000 -0.029319 1.000000
0.038298 0.080000 -0.027644 1.000000
0.038298 0.080000 -0.025969 1.000000
0.038298 0.080000 -0.024293 1.000000
0.038298 0.080000 -0.022618 1.000000
0.038298 0.080000 -0.020942 1.000000
0.038298 0.080000 -0.019267 1.000000
0.038298 0.080000 -0.017592 1.000000
0.038298 0.080000 -0.015916 1.000000
0.038298 0.080000 -0.014241 1.000000
0.038298 0.080000 -0.012565 1.000000
0.038298 0.080000 -0.010890 1.000000
0.038298 0.080000 -0.009215 1.000000
0.038298 0.080000 -0.007539 1.000000
0.038298 0.080000 -0.005864 1.000000
0.038298 0.080000 -0.004188 1.000000
0.038298 0.080000 -0.002513 1.000000
0.038298 0.080000 -0.000838 1.000000
0.038298 0.080000 0.000838 1.000000
0.038298 0.080000 0.002513 1.000000
0.038298 0.080000 0.004188 1.000000
0.038298 0.080000 0.005864 1.000000
0.038298 0.080000 0.007539 1.000000
0.038298 0.080000 0.009215 1.000000
0.038298 0.080000 0.010890 1.000000
0.038298 0.080000 0.012565 1.000000
0.038298 0.080000 0.014241 1.000000
0.038298 0.080000 0.015916 1.000000
0.038298 0.080000 0.017592 1.000000
0.038298 0.080000 0.019267 1.000000
0.038298 0.080000 0.020942 1.000000
0.038298 0.080000 0.022618 1.000000
0.038298 0.080000 0.024293 1.000000
0.038298 0.080000 0.025969 1.000000
0.038298 0.080000 0.027644 1.000000
0.038298 0.080000 0.029319 1.000000
0.038298 0.080000 0.030995 1.000000
0.038298 0.080000 0.032670 1.000000
0.038298 0.080000 0.034346 1.000000
0.038298 0.080000 0.036021 1.000000
0.038298 0.080000 0.037696 1.000000
0.038298 0.080000 0.039372 1.000000
0.038298 0.080000 0.041047 1.000000
0.038298 0.080000 0.042723 1.000000
0.038298 0.080000 0.044398 1.000000
0.038298 0.080000 0.046073 1.000000
0.038298 0.080000 0.047749 1.000000
0.038298 0.080000 0.049424 1.000000
0.038298 0.080000 0.051099 1.000000
0.038298 0.080000 0.052775 1.000000
0.038298 0.080000 0.054450 1.000000
0.038298 0.080000 0.056126 1.000000
0.038298 0.080000 0.057801 1.000000
0.038298 0.080000 0.059476 1.000000
0.038298 0.080000 0.061152 1.000000
0.038298 0.080000 0.062827 1.000000
0.038298 0.080000 0.064503 1.000000
0.038298 0.080000 0.066178 1.000000
0.038298 0.080000 0.067853 1.000000
0.038298 0.080000 0.069529 1.000000
0.038298 0.080000 0.071204 1.000000
0.038298 0.080000 0.072880 1.000000
0.038298 0.080000 0.074555 1.000000
0.038298 0.080000 0.076230 1.000000
0.038298 0.080000 0.077906 1.000000
0.038298 0.080000 0.079581 1.000000
0.038298 0.080000 0.081257 1.000000
0.038298 0.080000 0.082932 1.000000
0.038298 0.080000 0.084607 1.000000
0.038298 0.080000 0.086283 1.000000
0.038298 0.080000 0.087958 1.000000
0.038298 0.080000 0.089634 1.000000
0.038298 0.080000 0.091309 1.000000
0.038298 0.080000 0.092984 1.000000
0.038298 0.080000 0.094660 1.000000
0.038298 0.080000 0.096335 1.000000
0.038298 0.080000 0.098010 1.000000
0.038298 0.080000 0.099686 1.000000
0.038298 0.080000 0.101361 1.000000
0.038298 0.080000 0.103037 1.000000
0.038298 0.080000 0.104712 1.000000
0.038298 0.080000 0.106387 1.000000
0.038298 0.080000 0.108063 1.000000
0.038298 0.080000 0.109738 1.000000
0.038298 0.080000 0.111414 1.000000
0.038298 0.080000 0.113089 1.000000
0.038298 0.080000 0.114764 1.000000
0.038298 0.080000 0.116440 1.000000
0.038298 0.080000 0.118115 1.000000
0.038298 0.080000 0.119791 1.000000
0.038298 0.080000 0.121466 1.000000
0.038298 0.080000 0.123141 1.000000
0.038298 0.080000 0.124817 1.000000
0.038298 0.080000 0.126492 1.000000
0.038298 0.080000 0.128168 1.000000
0.038298 0.080000 0.129843 1.000000
0.038298 0.080000 0.131518 1.000000
0.038298 0.080000 0.133194 1.000000
0.038298 0.080000 0.134869 1.000000
0.038298 0.080000 0.136545 1.000000
0.038298 0.080000 0.138220 1.000000
0.038298 0.080000 0.139895 1.000000
0.038298 0.080000 0.141571 1.000000
0.038298 0.080000 0.143246 1.000000
0.038298 0.080000 0.144921 1.000000
0.038298 0.080000 0.146597 1.000000
0.038298 0.080000 0.148272 1.000000
0.038298 0.080000 0.149948 1.000000
0.038298 0.080000 0.151623 1.000000
0.038298 0.080000 0.153298 1.000000
0.038298 0.080000 0.154974 1.000000
0.038298 0.080000 0.156649 1.000000
0.038298 0.080000 0.158325 1.000000
0.038298 0.080000 0.160000 1.000000
0.040000 0.080000 -0.160000 1.000000
0.040000 0.080000 -0.158325 1.000000
0.040000 0.080000 -0.156649 1.000000
0.040000 0.080000 -0.154974 1.000000
0.040000 0.080000 -0.153298 1.000000
0.040000 0.080000 -0.151623 1.000000
0.040000 0.080000 -0.149948 1.000000
0.040000 0.080000 -0.148272 1.000000
0.040000 0.080000 -0.146597 1.000000
0.040000 0.080000 -0.144921 1.000000
0.040000 0.080000 -0.143246 1.000000
0.040000 0.080000 -0.141571 1.000000
0.040000 0.080000 -0.139895 1.000000
0.040000 0.080000 -0.138220 1.000000
0.040000 0.080000 -0.136545 1.000000
0.040000 0.080000 -0.134869 1.000000
0.040000 0.080000 -0.133194 1.000000
0.040000 0.080000 -0.131518 1.000000
0.040000 0.080000 -0.129843 1.000000
0.040000 0.080000 -0.128168 1.000000
0.040000 0.080000 -0.126492 1.000000
0.040000 0.080000 -0.124817 1.000000
0.040000 0.080000 -0.123141 1.000000
0.040000 0.080000 -0.121466 1.000000
0.040000 0.080000 -0.119791 1.000000
0.040000 0.080000 -0.118115 1.000000
0.040000 0.080000 -0.116440 1.000000
0.040000 0.080000 -0.114764 1.000000
0.040000 0.080000 -0.113089 1.000000
0.040000 0.080000 -0.111414 1.000000
0.040000 0.080000 -0.109738 1.000000
0.040000 0.080000 -0.108063 1.000000
0.040000 0.080000 -0.106387 1.000000
0.040000 0.080000 -0.104712 1.000000
0.040000 0.080000 -0.103037 1.000000
0.040000 0.080000 -0.101361 1.000000
0.040000 0.080000 -0.099686 1.000000
0.040000 0.080000 -0.098010 1.000000
0.040000 0.080000 -0.096335 1.000000
0.040000 0.080000 -0.094660 1.000000
0.040000 0.080000 -0.092984 1.000000
0.040000 0.080000 -0.091309 1.000000
0.040000 0.080000 -0.089634 1.000000
0.040000 0.080000 -0.087958 1.000000
0.040000 0.080000 -0.086283 1.000000
0.040000 0.080000 -0.084607 1.000000
0.040000 0.080000 -0.082932 1.000000
0.040000 0.080000 -0.081257 1.000000
0.040000 0.080000 -0.079581 1.000000
0.040000 0.080000 -0.077906 1.000000
0.040000 0.080000 -0.076230 1.000000
0.040000 0.080000 -0.074555 1.000000
0.040000 0.080000 -0.072880 1.000000
0.040000 0.080000 -0.071204 1.000000
0.040000 0.080000 -0.069529 1.000000
0.040000 0.080000 -0.067853 1.000000
0.040000 0.080000 -0.066178 1.000000
0.040000 0.080000 -0.064503 1.000000
0.040000 0.080000 -0.062827 1.000000
0.040000 0.080000 -0.061152 1.000000
0.040000 0.080000 -0.059476 1.000000
0.040000 0.080000 -0.057801 1.000000
0.040000 0.080000 -0.056126 1.000000
0.040000 0.080000 -0.054450 1.000000
0.040000 0.080000 -0.052775 1.000000
0.040000 0.080000 -0.051099 1.000000
0.040000 0.080000 -0.049424 1.000000
0.040000 0.080000 -0.047749 1.000000
0.040000 0.080000 -0.046073 1.000000
0.040000 0.080000 -0.044398 1.000000
0.040000 0.080000 -0.042723 1.000000
0.040000 0.080000 -0.041047 1.000000
0.040000 0.080000 -0.039372 1.000000
0.040000 0.080000 -0.037696 1.000000
0.040000 0.080000 -0.036021 1.000000
0.040000 0.080000 -0.034346 1.000000
0.040000 0.080000 -0.032670 1.000000
0.040000 0.080000 -0.030995 1.000000
0.040000 0.080000 -0.029319 1.000000
0.040000 0.080000 -0.027644 1.000000
0.040000 0.080000 -0.025969 1.000000
0.040000 0.080000 -0.024293 1.000000
0.040000 0.080000 -0.022618 1.000000
0.040000 0.080000 -0.020942 1.000000
0.040000 0.080000 -0.019267 1.000000
0.040000 0.080000 -0.017592 1.000000
0.040000 0.080000 -0.015916 1.000000
0.040000 0.080000 -0.014241 1.000000
0.040000 0.080000 -0.012565 1.000000
0.040000 0.080000 -0.010890 1.000000
0.040000 0.080000 -0.009215 1.000000
0.040000 0.080000 -0.007539 1.000000
0.040000 0.080000 -0.005864 1.000000
0.040000 0.080000 -0.004188 1.000000
0.040000 0.080000 -0.002513 1.000000
0.040000 0.080000 -0.000838 1.000000
0.040000 0.080000 0.000838 1.000000
0.040000 0.080000 0.002513 1.000000
0.040000 0.080000 0.004188 1.000000
0.040000 0.080000 0.005864 1.000000
0.040000 0.080000 0.007539 1.000000
0.040000 0.080000 0.009215 1.000000
0.040000 0.080000 0.010890 1.000000
0.040000 0.080000 0.012565 1.000000
0.040000 0.080000 0.014241 1.000000
0.040000 0.080000 0.015916 1.000000
0.040000 0.080000 0.017592 1.000000
0.040000 0.080000 0.019267 1.000000
0.040000 0.080000 0.020942 1.000000
0.040000 0.080000 0.022618 1.000000
0.040000 0.080000 0.024293 1.000000
0.040000 0.080000 0.025969 1.000000
0.040000 0.080000 0.027644 1.000000
0.040000 0.080000 0.029319 1.000000
0.040000 0.080000 0.030995 1.000000
0.040000 0.080000 0.032670 1.000000
0.040000 0.080000 0.034346 1.000000
0.040000 0.080000 0.036021 1.000000
0.040000 0.080000 0.037696 1.000000
0.040000 0.080000 0.039372 1.000000
0.040000 0.080000 0.041047 1.000000
0.040000 0.080000 0.042723 1.000000
0.040000 0.080000 0.044398 1.000000
0.040000 0.080000 0.046073 1.000000
0.040000 0.080000 0.047749 1.000000
0.040000 0.080000 0.049424 1.000000
0.040000 0.080000 0.051099 1.000000
0.040000 0.080000 0.052775 1.000000
0.040000 0.080000 0.054450 1.000000
0.040000 0.080000 0.056126 1.000000
0.040000 0.080000 0.057801 1.000000
0.040000 0.080000 0.059476 1.000000
0.040000 0.080000 0.061152 1.000000
0.040000 0.080000 0.062827 1.000000
0.040000 0.080000 0.064503 1.000000
0.040000 0.080000 0.066178 1.000000
0.040000 0.080000 0.067853 1.000000
0.040000 0.080000 0.069529 1.000000
0.040000 0.080000 0.071204 1.000000
0.040000 0.080000 0.072880 1.000000
0.040000 0.080000 0.074555 1.000000
0.040000 0.080000 0.076230 1.000000
0.040000 0.080000 0.077906 1.000000
0.040000 0.080000 0.079581 1.000000
0.040000 0.080000 0.081257 1.000000
0.040000 0.080000 0.082932 1.000000
0.040000 0.080000 0.084607 1.000000
0.040000 0.080000 0.086283 1.000000
0.040000 0.080000 0.087958 1.000000
0.040000 0.080000 0.089634 1.000000
0.040000 0.080000 0.091309 1.000000
0.040000 0.080000 0.092984 1.000000
0.040000 0.080000 0.094660 1.000000
0.040000 0.080000 0.096335 1.000000
0.040000 0.080000 0.098010 1.000000
0.040000 0.080000 0.099686 1.000000
0.040000 0.080000 0.101361 1.000000
0.040000 0.080000 0.103037 1.000000
0.040000 0.080000 0.104712 1.000000
0.040000 0.080000 0.106387 1.000000
0.040000 0.080000 0.108063 1.000000
0.040000 0.080000 0.109738 1.000000
0.040000 0.080000 0.111414 1.000000
0.040000 0.080000 0.113089 1.000000
0.040000 0.080000 0.114764 1.000000
0.040000 0.080000 0.116440 1.000000
0.040000 0.080000 0.118115 1.000000
0.040000 0.080000 0.119791 1.000000
0.040000 0.080000 0.121466 1.000000
0.040000 0.080000 0.123141 1.000000
0.040000 0.080000 0.124817 1.000000
0.040000 0.080000 0.126492 1.000000
0.040000 0.080000 0.128168 1.000000
0.040000 0.080000 0.129843 1.000000
0.040000 0.080000 0.131518 1.000000
0.040000 0.080000 0.133194 1.000000
0.040000 0.080000 0.134869 1.000000
0.040000 0.080000 0.136545 1.000000
0.040000 0.080000 0.138220 1.000000
0.040000 0.080000 0.139895 1.000000
0.040000 0.080000 0.141571 1.000000
0.040000 0.080000 0.143246 1.000000
0.040000 0.080000 0.144921 1.000000
0.040000 0.080000 0.146597 1.000000
0.040000 0.080000 0.148272 1.000000
0.040000 0.080000 0.149948 1.000000
0.040000 0.080000 0.151623 1.000000
0.040000 0.080000 0.153298 1.000000
0.040000 0.080000 0.154974 1.000000
0.040000 0.080000 0.156649 1.000000
0.040000 0.080000 0.158325 1.000000
0.040000 0.080000 0.160000 1.000000
