-0.040000 0.000000 -0.160000 0.500000
-0.040000 0.000000 -0.158325 0.500000
-0.040000 0.000000 -0.156649 0.500000
-0.040000 0.000000 -0.154974 0.500000
-0.040000 0.000000 -0.153298 0.500000
-0.040000 0.000000 -0.151623 0.500000
-0.040000 0.000000 -0.149948 0.500000
-0.040000 0.000000 -0.148272 0.500000
-0.040000 0.000000 -0.146597 0.500000
-0.040000 0.000000 -0.144921 0.500000
-0.040000 0.000000 -0.143246 0.500000
-0.040000 0.000000 -0.141571 0.500000
-0.040000 0.000000 -0.139895 0.500000
-0.040000 0.000000 -0.138220 0.500000
-0.040000 0.000000 -0.136545 0.500000
-0.040000 0.000000 -0.134869 0.500000
-0.040000 0.000000 -0.133194 0.500000
-0.040000 0.000000 -0.131518 0.500000
-0.040000 0.000000 -0.129843 0.500000
-0.040000 0.000000 -0.128168 0.500000
-0.040000 0.000000 -0.126492 0.500000
-0.040000 0.000000 -0.124817 0.500000
-0.040000 0.000000 -0.123141 0.500000
-0.040000 0.000000 -0.121466 0.500000
-0.040000 0.000000 -0.119791 0.500000
-0.040000 0.000000 -0.118115 0.500000
-0.040000 0.000000 -0.116440 0.500000
-0.040000 0.000000 -0.114764 0.500000
-0.040000 0.000000 -0.113089 0.500000
-0.040000 0.000000 -0.111414 0.500000
-0.040000 0.000000 -0.109738 0.500000
-0.040000 0.000000 -0.108063 0.500000
-0.040000 0.000000 -0.106387 0.500000
-0.040000 0.000000 -0.104712 0.500000
-0.040000 0.000000 -0.103037 0.500000
-0.040000 0.000000 -0.101361 0.500000
-0.040000 0.000000 -0.099686 0.500000
-0.040000 0.000000 -0.098010 0.500000
-0.040000 0.000000 -0.096335 0.500000
-0.040000 0.000000 -0.094660 0.500000
-0.040000 0.000000 -0.092984 0.500000
-0.040000 0.000000 -0.091309 0.500000
-0.040000 0.000000 -0.089634 0.500000
-0.040000 0.000000 -0.087958 0.500000
-0.040000 0.000000 -0.086283 0.500000
-0.040000 0.000000 -0.084607 0.500000
-0.040000 0.000000 -0.082932 0.500000
-0.040000 0.000000 -0.081257 0.500000
-0.040000 0.000000 -0.079581 0.500000
-0.040000 0.000000 -0.077906 0.500000
-0.040000 0.000000 -0.076230 0.500000
-0.040000 0.000000 -0.074555 0.500000
-0.040000 0.000000 -0.072880 0.500000
-0.040000 0.000000 -0.071204 0.500000
-0.040000 0.000000 -0.069529 0.500000
-0.040000 0.000000 -0.067853 0.500000
-0.040000 0.000000 -0.066178 0.500000
-0.040000 0.000000 -0.064503 0.500000
-0.040000 0.000000 -0.062827 0.500000
-0.040000 0.000000 -0.061152 0.500000
-0.040000 0.000000 -0.059476 0.500000
-0.040000 0.000000 -0.057801 0.500000
-0.040000 0.000000 -0.056126 0.500000
-0.040000 0.000000 -0.054450 0.500000
-0.040000 0.000000 -0.052775 0.500000
-0.040000 0.000000 -0.051099 0.500000
-0.040000 0.000000 -0.049424 0.500000
-0.040000 0.000000 -0.047749 0.500000
-0.040000 0.000000 -0.046073 0.500000
-0.040000 0.000000 -0.044398 0.500000
-0.040000 0.000000 -0.042723 0.500000
-0.040000 0.000000 -0.041047 0.500000
-0.040000 0.000000 -0.039372 0.500000
-0.040000 0.000000 -0.037696 0.500000
-0.040000 0.000000 -0.036021 0.500000
-0.040000 0.000000 -0.034346 0.500000
-0.040000 0.000000 -0.032670 0.500000
-0.040000 0.000000 -0.030995 0.500000
-0.040000 0.000000 -0.029319 0.500000
-0.040000 0.000000 -0.027644 0.500000
-0.040000 0.000000 -0.025969 0.500000
-0.040000 0.000000 -0.024293 0.500000
-0.040000 0.000000 -0.022618 0.500000
-0.040000 0.000000 -0.020942 0.500000
-0.040000 0.000000 -0.019267 0.500000
-0.040000 0.000000 -0.017592 0.500000
-0.040000 0.000000 -0.015916 0.500000
-0.040000 0.000000 -0.014241 0.500000
-0.040000 0.000000 -0.012565 0.500000
-0.040000 0.000000 -0.010890 0.500000
-0.040000 0.000000 -0.009215 0.500000
-0.040000 0.000000 -0.007539 0.500000
-0.040000 0.000000 -0.005864 0.500000
-0.040000 0.000000 -0.004188 0.500000
-0.040000 0.000000 -0.002513 0.500000
-0.040000 0.000000 -0.000838 0.500000
-0.040000 0.000000 0.000838 0.500000
-0.040000 0.000000 0.002513 0.500000
-0.040000 0.000000 0.004188 0.500000
-0.040000 0.000000 0.005864 0.500000
-0.040000 0.000000 0.007539 0.500000
-0.040000 0.000000 0.009215 0.500000
-0.040000 0.000000 0.010890 0.500000
-0.040000 0.000000 0.012565 0.500000
-0.040000 0.000000 0.014241 0.500000
-0.040000 0.000000 0.015916 0.500000
-0.040000 0.000000 0.017592 0.500000
-0.040000 0.000000 0.019267 0.500000
-0.040000 0.000000 0.020942 0.500000
-0.040000 0.000000 0.022618 0.500000
-0.040000 0.000000 0.024293 0.500000
-0.040000 0.000000 0.025969 0.500000
-0.040000 0.000000 0.027644 0.500000
-0.040000 0.000000 0.029319 0.500000
-0.040000 0.000000 0.030995 0.500000
-0.040000 0.000000 0.032670 0.500000
-0.040000 0.000000 0.034346 0.500000
-0.040000 0.000000 0.036021 0.500000
-0.040000 0.000000 0.037696 0.500000
-0.040000 0.000000 0.039372 0.500000
-0.040000 0.000000 0.041047 0.500000
-0.040000 0.000000 0.042723 0.500000
-0.040000 0.000000 0.044398 0.500000
-0.040000 0.000000 0.046073 0.500000
-0.040000 0.000000 0.047749 0.500000
-0.040000 0.000000 0.049424 0.500000
-0.040000 0.000000 0.051099 0.500000
-0.040000 0.000000 0.052775 0.500000
-0.040000 0.000000 0.054450 0.500000
-0.040000 0.000000 0.056126 0.500000
-0.040000 0.000000 0.057801 0.500000
-0.040000 0.000000 0.059476 0.500000
-0.040000 0.000000 0.061152 0.500000
-0.040000 0.000000 0.062827 0.500000
-0.040000 0.000000 0.064503 0.500000
-0.040000 0.000000 0.066178 0.500000
-0.040000 0.000000 0.067853 0.500000
-0.040000 0.000000 0.069529 0.500000
-0.040000 0.000000 0.071204 0.500000
-0.040000 0.000000 0.072880 0.500000
-0.040000 0.000000 0.074555 0.500000
-0.040000 0.000000 0.076230 0.500000
-0.040000 0.000000 0.077906 0.500000
-0.040000 0.000000 0.079581 0.500000
-0.040000 0.000000 0.081257 0.500000
-0.040000 0.000000 0.082932 0.500000
-0.040000 0.000000 0.084607 0.500000
-0.040000 0.000000 0.086283 0.500000
-0.040000 0.000000 0.087958 0.500000
-0.040000 0.000000 0.089634 0.500000
-0.040000 0.000000 0.091309 0.500000
-0.040000 0.000000 0.092984 0.500000
-0.040000 0.000000 0.094660 0.500000
-0.040000 0.000000 0.096335 0.500000
-0.040000 0.000000 0.098010 0.500000
-0.040000 0.000000 0.099686 0.500000
-0.040000 0.000000 0.101361 0.500000
-0.040000 0.000000 0.103037 0.500000
-0.040000 0.000000 0.104712 0.500000
-0.040000 0.000000 0.106387 0.500000
-0.040000 0.000000 0.108063 0.500000
-0.040000 0.000000 0.109738 0.500000
-0.040000 0.000000 0.111414 0.500000
-0.040000 0.000000 0.113089 0.500000
-0.040000 0.000000 0.114764 0.500000
-0.040000 0.000000 0.116440 0.500000
-0.040000 0.000000 0.118115 0.500000
-0.040000 0.000000 0.119791 0.500000
-0.040000 0.000000 0.121466 0.500000
-0.040000 0.000000 0.123141 0.500000
-0.040000 0.000000 0.124817 0.500000
-0.040000 0.000000 0.126492 0.500000
-0.040000 0.000000 0.128168 0.500000
-0.040000 0.000000 0.129843 0.500000
-0.040000 0.000000 0.131518 0.500000
-0.040000 0.000000 0.133194 0.500000
-0.040000 0.000000 0.134869 0.500000
-0.040000 0.000000 0.136545 0.500000
-0.040000 0.000000 0.138220 0.500000
-0.040000 0.000000 0.139895 0.500000
-0.040000 0.000000 0.141571 0.500000
-0.040000 0.000000 0.143246 0.500000
-0.040000 0.000000 0.144921 0.500000
-0.040000 0.000000 0.146597 0.500000
-0.040000 0.000000 0.148272 0.500000
-0.040000 0.000000 0.149948 0.500000
-0.040000 0.000000 0.151623 0.500000
-0.040000 0.000000 0.153298 0.500000
-0.040000 0.000000 0.154974 0.500000
-0.040000 0.000000 0.156649 0.500000
-0.040000 0.000000 0.158325 0.500000
-0.040000 0.000000 0.160000 0.500000
-0.040000 0.001702 -0.160000 0.566643
-0.040000 0.001702 -0.158325 0.566643
-0.040000 0.001702 -0.156649 0.566643
-0.040000 0.001702 -0.154974 0.566643
-0.040000 0.001702 -0.153298 0.566643
-0.040000 0.001702 -0.151623 0.566643
-0.040000 0.001702 -0.149948 0.566643
-0.040000 0.001702 -0.148272 0.566643
-0.040000 0.001702 -0.146597 0.566643
-0.040000 0.001702 -0.144921 0.566643
-0.040000 0.001702 -0.143246 0.566643
-0.040000 0.001702 -0.141571 0.566643
-0.040000 0.001702 -0.139895 0.566643
-0.040000 0.001702 -0.138220 0.566643
-0.040000 0.001702 -0.136545 0.566643
-0.040000 0.001702 -0.134869 0.566643
-0.040000 0.001702 -0.133194 0.566643
-0.040000 0.001702 -0.131518 0.566643
-0.040000 0.001702 -0.129843 0.566643
-0.040000 0.001702 -0.128168 0.566643
-0.040000 0.001702 -0.126492 0.566643
-0.040000 0.001702 -0.124817 0.566643
-0.040000 0.001702 -0.123141 0.566643
-0.040000 0.001702 -0.121466 0.566643
-0.040000 0.001702 -0.119791 0.566643
-0.040000 0.001702 -0.118115 0.566643
-0.040000 0.001702 -0.116440 0.566643
-0.040000 0.001702 -0.114764 0.566643
-0.040000 0.001702 -0.113089 0.566643
-0.040000 0.001702 -0.111414 0.566643
-0.040000 0.001702 -0.109738 0.566643
-0.040000 0.001702 -0.108063 0.566643
-0.040000 0.001702 -0.106387 0.566643
-0.040000 0.001702 -0.104712 0.566643
-0.040000 0.001702 -0.103037 0.566643
-0.040000 0.001702 -0.101361 0.566643
-0.040000 0.001702 -0.099686 0.566643
-0.040000 0.001702 -0.098010 0.566643
-0.040000 0.001702 -0.096335 0.566643
-0.040000 0.001702 -0.094660 0.566643
-0.040000 0.001702 -0.092984 0.566643
-0.040000 0.001702 -0.091309 0.566643
-0.040000 0.001702 -0.089634 0.566643
-0.040000 0.001702 -0.087958 0.566643
-0.040000 0.001702 -0.086283 0.566643
-0.040000 0.001702 -0.084607 0.566643
-0.040000 0.001702 -0.082932 0.566643
-0.040000 0.001702 -0.081257 0.566643
-0.040000 0.001702 -0.079581 0.566643
-0.040000 0.001702 -0.077906 0.566643
-0.040000 0.001702 -0.076230 0.566643
-0.040000 0.001702 -0.074555 0.566643
-0.040000 0.001702 -0.072880 0.566643
-0.040000 0.001702 -0.071204 0.566643
-0.040000 0.001702 -0.069529 0.566643
-0.040000 0.001702 -0.067853 0.566643
-0.040000 0.001702 -0.066178 0.566643
-0.040000 0.001702 -0.064503 0.566643
-0.040000 0.001702 -0.062827 0.566643
-0.040000 0.001702 -0.061152 0.566643
-0.040000 0.001702 -0.059476 0.566643
-0.040000 0.001702 -0.057801 0.566643
-0.040000 0.001702 -0.056126 0.566643
-0.040000 0.001702 -0.054450 0.566643
-0.040000 0.001702 -0.052775 0.566643
-0.040000 0.001702 -0.051099 0.566643
-0.040000 0.001702 -0.049424 0.566643
-0.040000 0.001702 -0.047749 0.566643
-0.040000 0.001702 -0.046073 0.566643
-0.040000 0.001702 -0.044398 0.566643
-0.040000 0.001702 -0.042723 0.566643
-0.040000 0.001702 -0.041047 0.566643
-0.040000 0.001702 -0.039372 0.566643
-0.040000 0.001702 -0.037696 0.566643
-0.040000 0.001702 -0.036021 0.566643
-0.040000 0.001702 -0.034346 0.566643
-0.040000 0.001702 -0.032670 0.566643
-0.040000 0.001702 -0.030995 0.566643
-0.040000 0.001702 -0.029319 0.566643
-0.040000 0.001702 -0.027644 0.566643
-0.040000 0.001702 -0.025969 0.566643
-0.040000 0.001702 -0.024293 0.566643
-0.040000 0.001702 -0.022618 0.566643
-0.040000 0.001702 -0.020942 0.566643
-0.040000 0.001702 -0.019267 0.566643
-0.040000 0.001702 -0.017592 0.566643
-0.040000 0.001702 -0.015916 0.566643
-0.040000 0.001702 -0.014241 0.566643
-0.040000 0.001702 -0.012565 0.566643
-0.040000 0.001702 -0.010890 0.566643
-0.040000 0.001702 -0.009215 0.566643
-0.040000 0.001702 -0.007539 0.566643
-0.040000 0.001702 -0.005864 0.566643
-0.040000 0.001702 -0.004188 0.566643
-0.040000 0.001702 -0.002513 0.566643
-0.040000 0.001702 -0.000838 0.566643
-0.040000 0.001702 0.000838 0.566643
-0.040000 0.001702 0.002513 0.566643
-0.040000 0.001702 0.004188 0.566643
-0.040000 0.001702 0.005864 0.566643
-0.040000 0.001702 0.007539 0.566643
-0.040000 0.001702 0.009215 0.566643
-0.040000 0.001702 0.010890 0.566643
-0.040000 0.001702 0.012565 0.566643
-0.040000 0.001702 0.014241 0.566643
-0.040000 0.001702 0.015916 0.566643
-0.040000 0.001702 0.017592 0.566643
-0.040000 0.001702 0.019267 0.566643
-0.040000 0.001702 0.020942 0.566643
-0.040000 0.001702 0.022618 0.566643
-0.040000 0.001702 0.024293 0.566643
-0.040000 0.001702 0.025969 0.566643
-0.040000 0.001702 0.027644 0.566643
-0.040000 0.001702 0.029319 0.566643
-0.040000 0.001702 0.030995 0.566643
-0.040000 0.001702 0.032670 0.566643
-0.040000 0.001702 0.034346 0.566643
-0.040000 0.001702 0.036021 0.566643
-0.040000 0.001702 0.037696 0.566643
-0.040000 0.001702 0.039372 0.566643
-0.040000 0.001702 0.041047 0.566643
-0.040000 0.001702 0.042723 0.566643
-0.040000 0.001702 0.044398 0.566643
-0.040000 0.001702 0.046073 0.566643
-0.040000 0.001702 0.047749 0.566643
-0.040000 0.001702 0.049424 0.566643
-0.040000 0.001702 0.051099 0.566643
-0.040000 0.001702 0.052775 0.566643
-0.040000 0.001702 0.054450 0.566643
-0.040000 0.001702 0.056126 0.566643
-0.040000 0.001702 0.057801 0.566643
-0.040000 0.001702 0.059476 0.566643
-0.040000 0.001702 0.061152 0.566643
-0.040000 0.001702 0.062827 0.566643
-0.040000 0.001702 0.064503 0.566643
-0.040000 0.001702 0.066178 0.566643
-0.040000 0.001702 0.067853 0.566643
-0.040000 0.001702 0.069529 0.566643
-0.040000 0.001702 0.071204 0.566643
-0.040000 0.001702 0.072880 0.566643
-0.040000 0.001702 0.074555 0.566643
-0.040000 0.001702 0.076230 0.566643
-0.040000 0.001702 0.077906 0.566643
-0.040000 0.001702 0.079581 0.566643
-0.040000 0.001702 0.081257 0.566643
-0.040000 0.001702 0.082932 0.566643
-0.040000 0.001702 0.084607 0.566643
-0.040000 0.001702 0.086283 0.566643
-0.040000 0.001702 0.087958 0.566643
-0.040000 0.001702 0.089634 0.566643
-0.040000 0.001702 0.091309 0.566643
-0.040000 0.001702 0.092984 0.566643
-0.040000 0.001702 0.094660 0.566643
-0.040000 0.001702 0.096335 0.566643
-0.040000 0.001702 0.098010 0.566643
-0.040000 0.001702 0.099686 0.566643
-0.040000 0.001702 0.101361 0.566643
-0.040000 0.001702 0.103037 0.566643
-0.040000 0.001702 0.104712 0.566643
-0.040000 0.001702 0.106387 0.566643
-0.040000 0.001702 0.108063 0.566643
-0.040000 0.001702 0.109738 0.566643
-0.040000 0.001702 0.111414 0.566643
-0.040000 0.001702 0.113089 0.566643
-0.040000 0.001702 0.114764 0.566643
-0.040000 0.001702 0.116440 0.566643
-0.040000 0.001702 0.118115 0.566643
-0.040000 0.001702 0.119791 0.566643
-0.040000 0.001702 0.121466 0.566643
-0.040000 0.001702 0.123141 0.566643
-0.040000 0.001702 0.124817 0.566643
-0.040000 0.001702 0.126492 0.566643
-0.040000 0.001702 0.128168 0.566643
-0.040000 0.001702 0.129843 0.566643
-0.040000 0.001702 0.131518 0.566643
-0.040000 0.001702 0.133194 0.566643
-0.040000 0.001702 0.134869 0.566643
-0.040000 0.001702 0.136545 0.566643
-0.040000 0.001702 0.138220 0.566643
-0.040000 0.001702 0.139895 0.566643
-0.040000 0.001702 0.141571 0.566643
-0.040000 0.001702 0.143246 0.566643
-0.040000 0.001702 0.144921 0.566643
-0.040000 0.001702 0.146597 0.566643
-0.040000 0.001702 0.148272 0.566643
-0.040000 0.001702 0.149948 0.566643
-0.040000 0.001702 0.151623 0.566643
-0.040000 0.001702 0.153298 0.566643
-0.040000 0.001702 0.154974 0.566643
-0.040000 0.001702 0.156649 0.566643
-0.040000 0.001702 0.158325 0.566643
-0.040000 0.001702 0.160000 0.566643
-0.040000 0.003404 -0.160000 0.632098
-0.040000 0.003404 -0.158325 0.632098
-0.040000 0.003404 -0.156649 0.632098
-0.040000 0.003404 -0.154974 0.632098
-0.040000 0.003404 -0.153298 0.632098
-0.040000 0.003404 -0.151623 0.632098
-0.040000 0.003404 -0.149948 0.632098
-0.040000 0.003404 -0.148272 0.632098
-0.040000 0.003404 -0.146597 0.632098
-0.040000 0.003404 -0.144921 0.632098
-0.040000 0.003404 -0.143246 0.632098
-0.040000 0.003404 -0.141571 0.632098
-0.040000 0.003404 -0.139895 0.632098
-0.040000 0.003404 -0.138220 0.632098
-0.040000 0.003404 -0.136545 0.632098
-0.040000 0.003404 -0.134869 0.632098
-0.040000 0.003404 -0.133194 0.632098
-0.040000 0.003404 -0.131518 0.632098
-0.040000 0.003404 -0.129843 0.632098
-0.040000 0.003404 -0.128168 0.632098
-0.040000 0.003404 -0.126492 0.632098
-0.040000 0.003404 -0.124817 0.632098
-0.040000 0.003404 -0.123141 0.632098
-0.040000 0.003404 -0.121466 0.632098
-0.040000 0.003404 -0.119791 0.632098
-0.040000 0.003404 -0.118115 0.632098
-0.040000 0.003404 -0.116440 0.632098
-0.040000 0.003404 -0.114764 0.632098
-0.040000 0.003404 -0.113089 0.632098
-0.040000 0.003404 -0.111414 0.632098
-0.040000 0.003404 -0.109738 0.632098
-0.040000 0.003404 -0.108063 0.632098
-0.040000 0.003404 -0.106387 0.632098
-0.040000 0.003404 -0.104712 0.632098
-0.040000 0.003404 -0.103037 0.632098
-0.040000 0.003404 -0.101361 0.632098
-0.040000 0.003404 -0.099686 0.632098
-0.040000 0.003404 -0.098010 0.632098
-0.040000 0.003404 -0.096335 0.632098
-0.040000 0.003404 -0.094660 0.632098
-0.040000 0.003404 -0.092984 0.632098
-0.040000 0.003404 -0.091309 0.632098
-0.040000 0.003404 -0.089634 0.632098
-0.040000 0.003404 -0.087958 0.632098
-0.040000 0.003404 -0.086283 0.632098
-0.040000 0.003404 -0.084607 0.632098
-0.040000 0.003404 -0.082932 0.632098
-0.040000 0.003404 -0.081257 0.632098
-0.040000 0.003404 -0.079581 0.632098
-0.040000 0.003404 -0.077906 0.632098
-0.040000 0.003404 -0.076230 0.632098
-0.040000 0.003404 -0.074555 0.632098
-0.040000 0.003404 -0.072880 0.632098
-0.040000 0.003404 -0.071204 0.632098
-0.040000 0.003404 -0.069529 0.632098
-0.040000 0.003404 -0.067853 0.632098
-0.040000 0.003404 -0.066178 0.632098
-0.040000 0.003404 -0.064503 0.632098
-0.040000 0.003404 -0.062827 0.632098
-0.040000 0.003404 -0.061152 0.632098
-0.040000 0.003404 -0.059476 0.632098
-0.040000 0.003404 -0.057801 0.632098
-0.040000 0.003404 -0.056126 0.632098
-0.040000 0.003404 -0.054450 0.632098
-0.040000 0.003404 -0.052775 0.632098
-0.040000 0.003404 -0.051099 0.632098
-0.040000 0.003404 -0.049424 0.632098
-0.040000 0.003404 -0.047749 0.632098
-0.040000 0.003404 -0.046073 0.632098
-0.040000 0.003404 -0.044398 0.632098
-0.040000 0.003404 -0.042723 0.632098
-0.040000 0.003404 -0.041047 0.632098
-0.040000 0.003404 -0.039372 0.632098
-0.040000 0.003404 -0.037696 0.632098
-0.040000 0.003404 -0.036021 0.632098
-0.040000 0.003404 -0.034346 0.632098
-0.040000 0.003404 -0.032670 0.632098
-0.040000 0.003404 -0.030995 0.632098
-0.040000 0.003404 -0.029319 0.632098
-0.040000 0.003404 -0.027644 0.632098
-0.040000 0.003404 -0.025969 0.632098
-0.040000 0.003404 -0.024293 0.632098
-0.040000 0.003404 -0.022618 0.632098
-0.040000 0.003404 -0.020942 0.632098
-0.040000 0.003404 -0.019267 0.632098
-0.040000 0.003404 -0.017592 0.632098
-0.040000 0.003404 -0.015916 0.632098
-0.040000 0.003404 -0.014241 0.632098
-0.040000 0.003404 -0.012565 0.632098
-0.040000 0.003404 -0.010890 0.632098
-0.040000 0.003404 -0.009215 0.632098
-0.040000 0.003404 -0.007539 0.632098
-0.040000 0.003404 -0.005864 0.632098
-0.040000 0.003404 -0.004188 0.632098
-0.040000 0.003404 -0.002513 0.632098
-0.040000 0.003404 -0.000838 0.632098
-0.040000 0.003404 0.000838 0.632098
-0.040000 0.003404 0.002513 0.632098
-0.040000 0.003404 0.004188 0.632098
-0.040000 0.003404 0.005864 0.632098
-0.040000 0.003404 0.007539 0.632098
-0.040000 0.003404 0.009215 0.632098
-0.040000 0.003404 0.010890 0.632098
-0.040000 0.003404 0.012565 0.632098
-0.040000 0.003404 0.014241 0.632098
-0.040000 0.003404 0.015916 0.632098
-0.040000 0.003404 0.017592 0.632098
-0.040000 0.003404 0.019267 0.632098
-0.040000 0.003404 0.020942 0.632098
-0.040000 0.003404 0.022618 0.632098
-0.040000 0.003404 0.024293 0.632098
-0.040000 0.003404 0.025969 0.632098
-0.040000 0.003404 0.027644 0.632098
-0.040000 0.003404 0.029319 0.632098
-0.040000 0.003404 0.030995 0.632098
-0.040000 0.003404 0.032670 0.632098
-0.040000 0.003404 0.034346 0.632098
-0.040000 0.003404 0.036021 0.632098
-0.040000 0.003404 0.037696 0.632098
-0.040000 0.003404 0.039372 0.632098
-0.040000 0.003404 0.041047 0.632098
-0.040000 0.003404 0.042723 0.632098
-0.040000 0.003404 0.044398 0.632098
-0.040000 0.003404 0.046073 0.632098
-0.040000 0.003404 0.047749 0.632098
-0.040000 0.003404 0.049424 0.632098
-0.040000 0.003404 0.051099 0.632098
-0.040000 0.003404 0.052775 0.632098
-0.040000 0.003404 0.054450 0.632098
-0.040000 0.003404 0.056126 0.632098
-0.040000 0.003404 0.057801 0.632098
-0.040000 0.003404 0.059476 0.632098
-0.040000 0.003404 0.061152 0.632098
-0.040000 0.003404 0.062827 0.632098
-0.040000 0.003404 0.064503 0.632098
-0.040000 0.003404 0.066178 0.632098
-0.040000 0.003404 0.067853 0.632098
-0.040000 0.003404 0.069529 0.632098
-0.040000 0.003404 0.071204 0.632098
-0.040000 0.003404 0.072880 0.632098
-0.040000 0.003404 0.074555 0.632098
-0.040000 0.003404 0.076230 0.632098
-0.040000 0.003404 0.077906 0.632098
-0.040000 0.003404 0.079581 0.632098
-0.040000 0.003404 0.081257 0.632098
-0.040000 0.003404 0.082932 0.632098
-0.040000 0.003404 0.084607 0.632098
-0.040000 0.003404 0.086283 0.632098
-0.040000 0.003404 0.087958 0.632098
-0.040000 0.003404 0.089634 0.632098
-0.040000 0.003404 0.091309 0.632098
-0.040000 0.003404 0.092984 0.632098
-0.040000 0.003404 0.094660 0.632098
-0.040000 0.003404 0.096335 0.632098
-0.040000 0.003404 0.098010 0.632098
-0.040000 0.003404 0.099686 0.632098
-0.040000 0.003404 0.101361 0.632098
-0.040000 0.003404 0.103037 0.632098
-0.040000 0.003404 0.104712 0.632098
-0.040000 0.003404 0.106387 0.632098
-0.040000 0.003404 0.108063 0.632098
-0.040000 0.003404 0.109738 0.632098
-0.040000 0.003404 0.111414 0.632098
-0.040000 0.003404 0.113089 0.632098
-0.040000 0.003404 0.114764 0.632098
-0.040000 0.003404 0.116440 0.632098
-0.040000 0.003404 0.118115 0.632098
-0.040000 0.003404 0.119791 0.632098
-0.040000 0.003404 0.121466 0.632098
-0.040000 0.003404 0.123141 0.632098
-0.040000 0.003404 0.124817 0.632098
-0.040000 0.003404 0.126492 0.632098
-0.040000 0.003404 0.128168 0.632098
-0.040000 0.003404 0.129843 0.632098
-0.040000 0.003404 0.131518 0.632098
-0.040000 0.003404 0.133194 0.632098
-0.040000 0.003404 0.134869 0.632098
-0.040000 0.003404 0.136545 0.632098
-0.040000 0.003404 0.138220 0.632098
-0.040000 0.003404 0.139895 0.632098
-0.040000 0.003404 0.141571 0.632098
-0.040000 0.003404 0.143246 0.632098
-0.040000 0.003404 0.144921 0.632098
-0.040000 0.003404 0.146597 0.632098
-0.040000 0.003404 0.148272 0.632098
-0.040000 0.003404 0.149948 0.632098
-0.040000 0.003404 0.151623 0.632098
-0.040000 0.003404 0.153298 0.632098
-0.040000 0.003404 0.154974 0.632098
-0.040000 0.003404 0.156649 0.632098
-0.040000 0.003404 0.158325 0.632098
-0.040000 0.003404 0.160000 0.632098
-0.040000 0.005106 -0.160000 0.695195
-0.040000 0.005106 -0.158325 0.695195
-0.040000 0.005106 -0.156649 0.695195
-0.040000 0.005106 -0.154974 0.695195
-0.040000 0.005106 -0.153298 0.695195
-0.040000 0.005106 -0.151623 0.695195
-0.040000 0.005106 -0.149948 0.695195
-0.040000 0.005106 -0.148272 0.695195
-0.040000 0.005106 -0.146597 0.695195
-0.040000 0.005106 -0.144921 0.695195
-0.040000 0.005106 -0.143246 0.695195
-0.040000 0.005106 -0.141571 0.695195
-0.040000 0.005106 -0.139895 0.695195
-0.040000 0.005106 -0.138220 0.695195
-0.040000 0.005106 -0.136545 0.695195
-0.040000 0.005106 -0.134869 0.695195
-0.040000 0.005106 -0.133194 0.695195
-0.040000 0.005106 -0.131518 0.695195
-0.040000 0.005106 -0.129843 0.695195
-0.040000 0.005106 -0.128168 0.695195
-0.040000 0.005106 -0.126492 0.695195
-0.040000 0.005106 -0.124817 0.695195
-0.040000 0.005106 -0.123141 0.695195
-0.040000 0.005106 -0.121466 0.695195
-0.040000 0.005106 -0.119791 0.695195
-0.040000 0.005106 -0.118115 0.695195
-0.040000 0.005106 -0.116440 0.695195
-0.040000 0.005106 -0.114764 0.695195
-0.040000 0.005106 -0.113089 0.695195
-0.040000 0.005106 -0.111414 0.695195
-0.040000 0.005106 -0.109738 0.695195
-0.040000 0.005106 -0.108063 0.695195
-0.040000 0.005106 -0.106387 0.695195
-0.040000 0.005106 -0.104712 0.695195
-0.040000 0.005106 -0.103037 0.695195
-0.040000 0.005106 -0.101361 0.695195
-0.040000 0.005106 -0.099686 0.695195
-0.040000 0.005106 -0.098010 0.695195
-0.040000 0.005106 -0.096335 0.695195
-0.040000 0.005106 -0.094660 0.695195
-0.040000 0.005106 -0.092984 0.695195
-0.040000 0.005106 -0.091309 0.695195
-0.040000 0.005106 -0.089634 0.695195
-0.040000 0.005106 -0.087958 0.695195
-0.040000 0.005106 -0.086283 0.695195
-0.040000 0.005106 -0.084607 0.695195
-0.040000 0.005106 -0.082932 0.695195
-0.040000 0.005106 -0.081257 0.695195
-0.040000 0.005106 -0.079581 0.695195
-0.040000 0.005106 -0.077906 0.695195
-0.040000 0.005106 -0.076230 0.695195
-0.040000 0.005106 -0.074555 0.695195
-0.040000 0.005106 -0.072880 0.695195
-0.040000 0.005106 -0.071204 0.695195
-0.040000 0.005106 -0.069529 0.695195
-0.040000 0.005106 -0.067853 0.695195
-0.040000 0.005106 -0.066178 0.695195
-0.040000 0.005106 -0.064503 0.695195
-0.040000 0.005106 -0.062827 0.695195
-0.040000 0.005106 -0.061152 0.695195
-0.040000 0.005106 -0.059476 0.695195
-0.040000 0.005106 -0.057801 0.695195
-0.040000 0.005106 -0.056126 0.695195
-0.040000 0.005106 -0.054450 0.695195
-0.040000 0.005106 -0.052775 0.695195
-0.040000 0.005106 -0.051099 0.695195
-0.040000 0.005106 -0.049424 0.695195
-0.040000 0.005106 -0.047749 0.695195
-0.040000 0.005106 -0.046073 0.695195
-0.040000 0.005106 -0.044398 0.695195
-0.040000 0.005106 -0.042723 0.695195
-0.040000 0.005106 -0.041047 0.695195
-0.040000 0.005106 -0.039372 0.695195
-0.040000 0.005106 -0.037696 0.695195
-0.040000 0.005106 -0.036021 0.695195
-0.040000 0.005106 -0.034346 0.695195
-0.040000 0.005106 -0.032670 0.695195
-0.040000 0.005106 -0.030995 0.695195
-0.040000 0.005106 -0.029319 0.695195
-0.040000 0.005106 -0.027644 0.695195
-0.040000 0.005106 -0.025969 0.695195
-0.040000 0.005106 -0.024293 0.695195
-0.040000 0.005106 -0.022618 0.695195
-0.040000 0.005106 -0.020942 0.695195
-0.040000 0.005106 -0.019267 0.695195
-0.040000 0.005106 -0.017592 0.695195
-0.040000 0.005106 -0.015916 0.695195
-0.040000 0.005106 -0.014241 0.695195
-0.040000 0.005106 -0.012565 0.695195
-0.040000 0.005106 -0.010890 0.695195
-0.040000 0.005106 -0.009215 0.695195
-0.040000 0.005106 -0.007539 0.695195
-0.040000 0.005106 -0.005864 0.695195
-0.040000 0.005106 -0.004188 0.695195
-0.040000 0.005106 -0.002513 0.695195
-0.040000 0.005106 -0.000838 0.695195
-0.040000 0.005106 0.000838 0.695195
-0.040000 0.005106 0.002513 0.695195
-0.040000 0.005106 0.004188 0.695195
-0.040000 0.005106 0.005864 0.695195
-0.040000 0.005106 0.007539 0.695195
-0.040000 0.005106 0.009215 0.695195
-0.040000 0.005106 0.010890 0.695195
-0.040000 0.005106 0.012565 0.695195
-0.040000 0.005106 0.014241 0.695195
-0.040000 0.005106 0.015916 0.695195
-0.040000 0.005106 0.017592 0.695195
-0.040000 0.005106 0.019267 0.695195
-0.040000 0.005106 0.020942 0.695195
-0.040000 0.005106 0.022618 0.695195
-0.040000 0.005106 0.024293 0.695195
-0.040000 0.005106 0.025969 0.695195
-0.040000 0.005106 0.027644 0.695195
-0.040000 0.005106 0.029319 0.695195
-0.040000 0.005106 0.030995 0.695195
-0.040000 0.005106 0.032670 0.695195
-0.040000 0.005106 0.034346 0.695195
-0.040000 0.005106 0.036021 0.695195
-0.040000 0.005106 0.037696 0.695195
-0.040000 0.005106 0.039372 0.695195
-0.040000 0.005106 0.041047 0.695195
-0.040000 0.005106 0.042723 0.695195
-0.040000 0.005106 0.044398 0.695195
-0.040000 0.005106 0.046073 0.695195
-0.040000 0.005106 0.047749 0.695195
-0.040000 0.005106 0.049424 0.695195
-0.040000 0.005106 0.051099 0.695195
-0.040000 0.005106 0.052775 0.695195
-0.040000 0.005106 0.054450 0.695195
-0.040000 0.005106 0.056126 0.695195
-0.040000 0.005106 0.057801 0.695195
-0.040000 0.005106 0.059476 0.695195
-0.040000 0.005106 0.061152 0.695195
-0.040000 0.005106 0.062827 0.695195
-0.040000 0.005106 0.064503 0.695195
-0.040000 0.005106 0.066178 0.695195
-0.040000 0.005106 0.067853 0.695195
-0.040000 0.005106 0.069529 0.695195
-0.040000 0.005106 0.071204 0.695195
-0.040000 0.005106 0.072880 0.695195
-0.040000 0.005106 0.074555 0.695195
-0.040000 0.005106 0.076230 0.695195
-0.040000 0.005106 0.077906 0.695195
-0.040000 0.005106 0.079581 0.695195
-0.040000 0.005106 0.081257 0.695195
-0.040000 0.005106 0.082932 0.695195
-0.040000 0.005106 0.084607 0.695195
-0.040000 0.005106 0.086283 0.695195
-0.040000 0.005106 0.087958 0.695195
-0.040000 0.005106 0.089634 0.695195
-0.040000 0.005106 0.091309 0.695195
-0.040000 0.005106 0.092984 0.695195
-0.040000 0.005106 0.094660 0.695195
-0.040000 0.005106 0.096335 0.695195
-0.040000 0.005106 0.098010 0.695195
-0.040000 0.005106 0.099686 0.695195
-0.040000 0.005106 0.101361 0.695195
-0.040000 0.005106 0.103037 0.695195
-0.040000 0.005106 0.104712 0.695195
-0.040000 0.005106 0.106387 0.695195
-0.040000 0.005106 0.108063 0.695195
-0.040000 0.005106 0.109738 0.695195
-0.040000 0.005106 0.111414 0.695195
-0.040000 0.005106 0.113089 0.695195
-0.040000 0.005106 0.114764 0.695195
-0.040000 0.005106 0.116440 0.695195
-0.040000 0.005106 0.118115 0.695195
-0.040000 0.005106 0.119791 0.695195
-0.040000 0.005106 0.121466 0.695195
-0.040000 0.005106 0.123141 0.695195
-0.040000 0.005106 0.124817 0.695195
-0.040000 0.005106 0.126492 0.695195
-0.040000 0.005106 0.128168 0.695195
-0.040000 0.005106 0.129843 0.695195
-0.040000 0.005106 0.131518 0.695195
-0.040000 0.005106 0.133194 0.695195
-0.040000 0.005106 0.134869 0.695195
-0.040000 0.005106 0.136545 0.695195
-0.040000 0.005106 0.138220 0.695195
-0.040000 0.005106 0.139895 0.695195
-0.040000 0.005106 0.141571 0.695195
-0.040000 0.005106 0.143246 0.695195
-0.040000 0.005106 0.144921 0.695195
-0.040000 0.005106 0.146597 0.695195
-0.040000 0.005106 0.148272 0.695195
-0.040000 0.005106 0.149948 0.695195
-0.040000 0.005106 0.151623 0.695195
-0.040000 0.005106 0.153298 0.695195
-0.040000 0.005106 0.154974 0.695195
-0.040000 0.005106 0.156649 0.695195
-0.040000 0.005106 0.158325 0.695195
-0.040000 0.005106 0.160000 0.695195
-0.040000 0.006809 -0.160000 0.754808
-0.040000 0.006809 -0.158325 0.754808
-0.040000 0.006809 -0.156649 0.754808
-0.040000 0.006809 -0.154974 0.754808
-0.040000 0.006809 -0.153298 0.754808
-0.040000 0.006809 -0.151623 0.754808
-0.040000 0.006809 -0.149948 0.754808
-0.040000 0.006809 -0.148272 0.754808
-0.040000 0.006809 -0.146597 0.754808
-0.040000 0.006809 -0.144921 0.754808
-0.040000 0.006809 -0.143246 0.754808
-0.040000 0.006809 -0.141571 0.754808
-0.040000 0.006809 -0.139895 0.754808
-0.040000 0.006809 -0.138220 0.754808
-0.040000 0.006809 -0.136545 0.754808
-0.040000 0.006809 -0.134869 0.754808
-0.040000 0.006809 -0.133194 0.754808
-0.040000 0.006809 -0.131518 0.754808
-0.040000 0.006809 -0.129843 0.754808
-0.040000 0.006809 -0.128168 0.754808
-0.040000 0.006809 -0.126492 0.754808
-0.040000 0.006809 -0.124817 0.754808
-0.040000 0.006809 -0.123141 0.754808
-0.040000 0.006809 -0.121466 0.754808
-0.040000 0.006809 -0.119791 0.754808
-0.040000 0.006809 -0.118115 0.754808
-0.040000 0.006809 -0.116440 0.754808
-0.040000 0.006809 -0.114764 0.754808
-0.040000 0.006809 -0.113089 0.754808
-0.040000 0.006809 -0.111414 0.754808
-0.040000 0.006809 -0.109738 0.754808
-0.040000 0.006809 -0.108063 0.754808
-0.040000 0.006809 -0.106387 0.754808
-0.040000 0.006809 -0.104712 0.754808
-0.040000 0.006809 -0.103037 0.754808
-0.040000 0.006809 -0.101361 0.754808
-0.040000 0.006809 -0.099686 0.754808
-0.040000 0.006809 -0.098010 0.754808
-0.040000 0.006809 -0.096335 0.754808
-0.040000 0.006809 -0.094660 0.754808
-0.040000 0.006809 -0.092984 0.754808
-0.040000 0.006809 -0.091309 0.754808
-0.040000 0.006809 -0.089634 0.754808
-0.040000 0.006809 -0.087958 0.754808
-0.040000 0.006809 -0.086283 0.754808
-0.040000 0.006809 -0.084607 0.754808
-0.040000 0.006809 -0.082932 0.754808
-0.040000 0.006809 -0.081257 0.754808
-0.040000 0.006809 -0.079581 0.754808
-0.040000 0.006809 -0.077906 0.754808
-0.040000 0.006809 -0.076230 0.754808
-0.040000 0.006809 -0.074555 0.754808
-0.040000 0.006809 -0.072880 0.754808
-0.040000 0.006809 -0.071204 0.754808
-0.040000 0.006809 -0.069529 0.754808
-0.040000 0.006809 -0.067853 0.754808
-0.040000 0.006809 -0.066178 0.754808
-0.040000 0.006809 -0.064503 0.754808
-0.040000 0.006809 -0.062827 0.754808
-0.040000 0.006809 -0.061152 0.754808
-0.040000 0.006809 -0.059476 0.754808
-0.040000 0.006809 -0.057801 0.754808
-0.040000 0.006809 -0.056126 0.754808
-0.040000 0.006809 -0.054450 0.754808
-0.040000 0.006809 -0.052775 0.754808
-0.040000 0.006809 -0.051099 0.754808
-0.040000 0.006809 -0.049424 0.754808
-0.040000 0.006809 -0.047749 0.754808
-0.040000 0.006809 -0.046073 0.754808
-0.040000 0.006809 -0.044398 0.754808
-0.040000 0.006809 -0.042723 0.754808
-0.040000 0.006809 -0.041047 0.754808
-0.040000 0.006809 -0.039372 0.754808
-0.040000 0.006809 -0.037696 0.754808
-0.040000 0.006809 -0.036021 0.754808
-0.040000 0.006809 -0.034346 0.754808
-0.040000 0.006809 -0.032670 0.754808
-0.040000 0.006809 -0.030995 0.754808
-0.040000 0.006809 -0.029319 0.754808
-0.040000 0.006809 -0.027644 0.754808
-0.040000 0.006809 -0.025969 0.754808
-0.040000 0.006809 -0.024293 0.754808
-0.040000 0.006809 -0.022618 0.754808
-0.040000 0.006809 -0.020942 0.754808
-0.040000 0.006809 -0.019267 0.754808
-0.040000 0.006809 -0.017592 0.754808
-0.040000 0.006809 -0.015916 0.754808
-0.040000 0.006809 -0.014241 0.754808
-0.040000 0.006809 -0.012565 0.754808
-0.040000 0.006809 -0.010890 0.754808
-0.040000 0.006809 -0.009215 0.754808
-0.040000 0.006809 -0.007539 0.754808
-0.040000 0.006809 -0.005864 0.754808
-0.040000 0.006809 -0.004188 0.754808
-0.040000 0.006809 -0.002513 0.754808
-0.040000 0.006809 -0.000838 0.754808
-0.040000 0.006809 0.000838 0.754808
-0.040000 0.006809 0.002513 0.754808
-0.040000 0.006809 0.004188 0.754808
-0.040000 0.006809 0.005864 0.754808
-0.040000 0.006809 0.007539 0.754808
-0.040000 0.006809 0.009215 0.754808
-0.040000 0.006809 0.010890 0.754808
-0.040000 0.006809 0.012565 0.754808
-0.040000 0.006809 0.014241 0.754808
-0.040000 0.006809 0.015916 0.754808
-0.040000 0.006809 0.017592 0.754808
-0.040000 0.006809 0.019267 0.754808
-0.040000 0.006809 0.020942 0.754808
-0.040000 0.006809 0.022618 0.754808
-0.040000 0.006809 0.024293 0.754808
-0.040000 0.006809 0.025969 0.754808
-0.040000 0.006809 0.027644 0.754808
-0.040000 0.006809 0.029319 0.754808
-0.040000 0.006809 0.030995 0.754808
-0.040000 0.006809 0.032670 0.754808
-0.040000 0.006809 0.034346 0.754808
-0.040000 0.006809 0.036021 0.754808
-0.040000 0.006809 0.037696 0.754808
-0.040000 0.006809 0.039372 0.754808
-0.040000 0.006809 0.041047 0.754808
-0.040000 0.006809 0.042723 0.754808
-0.040000 0.006809 0.044398 0.754808
-0.040000 0.006809 0.046073 0.754808
-0.040000 0.006809 0.047749 0.754808
-0.040000 0.006809 0.049424 0.754808
-0.040000 0.006809 0.051099 0.754808
-0.040000 0.006809 0.052775 0.754808
-0.040000 0.006809 0.054450 0.754808
-0.040000 0.006809 0.056126 0.754808
-0.040000 0.006809 0.057801 0.754808
-0.040000 0.006809 0.059476 0.754808
-0.040000 0.006809 0.061152 0.754808
-0.040000 0.006809 0.062827 0.754808
-0.040000 0.006809 0.064503 0.754808
-0.040000 0.006809 0.066178 0.754808
-0.040000 0.006809 0.067853 0.754808
-0.040000 0.006809 0.069529 0.754808
-0.040000 0.006809 0.071204 0.754808
-0.040000 0.006809 0.072880 0.754808
-0.040000 0.006809 0.074555 0.754808
-0.040000 0.006809 0.076230 0.754808
-0.040000 0.006809 0.077906 0.754808
-0.040000 0.006809 0.079581 0.754808
-0.040000 0.006809 0.081257 0.754808
-0.040000 0.006809 0.082932 0.754808
-0.040000 0.006809 0.084607 0.754808
-0.040000 0.006809 0.086283 0.754808
-0.040000 0.006809 0.087958 0.754808
-0.040000 0.006809 0.089634 0.754808
-0.040000 0.006809 0.091309 0.754808
-0.040000 0.006809 0.092984 0.754808
-0.040000 0.006809 0.094660 0.754808
-0.040000 0.006809 0.096335 0.754808
-0.040000 0.006809 0.098010 0.754808
-0.040000 0.006809 0.099686 0.754808
-0.040000 0.006809 0.101361 0.754808
-0.040000 0.006809 0.103037 0.754808
-0.040000 0.006809 0.104712 0.754808
-0.040000 0.006809 0.106387 0.754808
-0.040000 0.006809 0.108063 0.754808
-0.040000 0.006809 0.109738 0.754808
-0.040000 0.006809 0.111414 0.754808
-0.040000 0.006809 0.113089 0.754808
-0.040000 0.006809 0.114764 0.754808
-0.040000 0.006809 0.116440 0.754808
-0.040000 0.006809 0.118115 0.754808
-0.040000 0.006809 0.119791 0.754808
-0.040000 0.006809 0.121466 0.754808
-0.040000 0.006809 0.123141 0.754808
-0.040000 0.006809 0.124817 0.754808
-0.040000 0.006809 0.126492 0.754808
-0.040000 0.006809 0.128168 0.754808
-0.040000 0.006809 0.129843 0.754808
-0.040000 0.006809 0.131518 0.754808
-0.040000 0.006809 0.133194 0.754808
-0.040000 0.006809 0.134869 0.754808
-0.040000 0.006809 0.136545 0.754808
-0.040000 0.006809 0.138220 0.754808
-0.040000 0.006809 0.139895 0.754808
-0.040000 0.006809 0.141571 0.754808
-0.040000 0.006809 0.143246 0.754808
-0.040000 0.006809 0.144921 0.754808
-0.040000 0.006809 0.146597 0.754808
-0.040000 0.006809 0.148272 0.754808
-0.040000 0.006809 0.149948 0.754808
-0.040000 0.006809 0.151623 0.754808
-0.040000 0.006809 0.153298 0.754808
-0.040000 0.006809 0.154974 0.754808
-0.040000 0.006809 0.156649 0.754808
-0.040000 0.006809 0.158325 0.754808
-0.040000 0.006809 0.160000 0.754808
-0.040000 0.008511 -0.160000 0.809875
-0.040000 0.008511 -0.158325 0.809875
-0.040000 0.008511 -0.156649 0.809875
-0.040000 0.008511 -0.154974 0.809875
-0.040000 0.008511 -0.153298 0.809875
-0.040000 0.008511 -0.151623 0.809875
-0.040000 0.008511 -0.149948 0.809875
-0.040000 0.008511 -0.148272 0.809875
-0.040000 0.008511 -0.146597 0.809875
-0.040000 0.008511 -0.144921 0.809875
-0.040000 0.008511 -0.143246 0.809875
-0.040000 0.008511 -0.141571 0.809875
-0.040000 0.008511 -0.139895 0.809875
-0.040000 0.008511 -0.138220 0.809875
-0.040000 0.008511 -0.136545 0.809875
-0.040000 0.008511 -0.134869 0.809875
-0.040000 0.008511 -0.133194 0.809875
-0.040000 0.008511 -0.131518 0.809875
-0.040000 0.008511 -0.129843 0.809875
-0.040000 0.008511 -0.128168 0.809875
-0.040000 0.008511 -0.126492 0.809875
-0.040000 0.008511 -0.124817 0.809875
-0.040000 0.008511 -0.123141 0.809875
-0.040000 0.008511 -0.121466 0.809875
-0.040000 0.008511 -0.119791 0.809875
-0.040000 0.008511 -0.118115 0.809875
-0.040000 0.008511 -0.116440 0.809875
-0.040000 0.008511 -0.114764 0.809875
-0.040000 0.008511 -0.113089 0.809875
-0.040000 0.008511 -0.111414 0.809875
-0.040000 0.008511 -0.109738 0.809875
-0.040000 0.008511 -0.108063 0.809875
-0.040000 0.008511 -0.106387 0.809875
-0.040000 0.008511 -0.104712 0.809875
-0.040000 0.008511 -0.103037 0.809875
-0.040000 0.008511 -0.101361 0.809875
-0.040000 0.008511 -0.099686 0.809875
-0.040000 0.008511 -0.098010 0.809875
-0.040000 0.008511 -0.096335 0.809875
-0.040000 0.008511 -0.094660 0.809875
-0.040000 0.008511 -0.092984 0.809875
-0.040000 0.008511 -0.091309 0.809875
-0.040000 0.008511 -0.089634 0.809875
-0.040000 0.008511 -0.087958 0.809875
-0.040000 0.008511 -0.086283 0.809875
-0.040000 0.008511 -0.084607 0.809875
-0.040000 0.008511 -0.082932 0.809875
-0.040000 0.008511 -0.081257 0.809875
-0.040000 0.008511 -0.079581 0.809875
-0.040000 0.008511 -0.077906 0.809875
-0.040000 0.008511 -0.076230 0.809875
-0.040000 0.008511 -0.074555 0.809875
-0.040000 0.008511 -0.072880 0.809875
-0.040000 0.008511 -0.071204 0.809875
-0.040000 0.008511 -0.069529 0.809875
-0.040000 0.008511 -0.067853 0.809875
-0.040000 0.008511 -0.066178 0.809875
-0.040000 0.008511 -0.064503 0.809875
-0.040000 0.008511 -0.062827 0.809875
-0.040000 0.008511 -0.061152 0.809875
-0.040000 0.008511 -0.059476 0.809875
-0.040000 0.008511 -0.057801 0.809875
-0.040000 0.008511 -0.056126 0.809875
-0.040000 0.008511 -0.054450 0.809875
-0.040000 0.008511 -0.052775 0.809875
-0.040000 0.008511 -0.051099 0.809875
-0.040000 0.008511 -0.049424 0.809875
-0.040000 0.008511 -0.047749 0.809875
-0.040000 0.008511 -0.046073 0.809875
-0.040000 0.008511 -0.044398 0.809875
-0.040000 0.008511 -0.042723 0.809875
-0.040000 0.008511 -0.041047 0.809875
-0.040000 0.008511 -0.039372 0.809875
-0.040000 0.008511 -0.037696 0.809875
-0.040000 0.008511 -0.036021 0.809875
-0.040000 0.008511 -0.034346 0.809875
-0.040000 0.008511 -0.032670 0.809875
-0.040000 0.008511 -0.030995 0.809875
-0.040000 0.008511 -0.029319 0.809875
-0.040000 0.008511 -0.027644 0.809875
-0.040000 0.008511 -0.025969 0.809875
-0.040000 0.008511 -0.024293 0.809875
-0.040000 0.008511 -0.022618 0.809875
-0.040000 0.008511 -0.020942 0.809875
-0.040000 0.008511 -0.019267 0.809875
-0.040000 0.008511 -0.017592 0.809875
-0.040000 0.008511 -0.015916 0.809875
-0.040000 0.008511 -0.014241 0.809875
-0.040000 0.008511 -0.012565 0.809875
-0.040000 0.008511 -0.010890 0.809875
-0.040000 0.008511 -0.009215 0.809875
-0.040000 0.008511 -0.007539 0.809875
-0.040000 0.008511 -0.005864 0.809875
-0.040000 0.008511 -0.004188 0.809875
-0.040000 0.008511 -0.002513 0.809875
-0.040000 0.008511 -0.000838 0.809875
-0.040000 0.008511 0.000838 0.809875
-0.040000 0.008511 0.002513 0.809875
-0.040000 0.008511 0.004188 0.809875
-0.040000 0.008511 0.005864 0.809875
-0.040000 0.008511 0.007539 0.809875
-0.040000 0.008511 0.009215 0.809875
-0.040000 0.008511 0.010890 0.809875
-0.040000 0.008511 0.012565 0.809875
-0.040000 0.008511 0.014241 0.809875
-0.040000 0.008511 0.015916 0.809875
-0.040000 0.008511 0.017592 0.809875
-0.040000 0.008511 0.019267 0.809875
-0.040000 0.008511 0.020942 0.809875
-0.040000 0.008511 0.022618 0.809875
-0.040000 0.008511 0.024293 0.809875
-0.040000 0.008511 0.025969 0.809875
-0.040000 0.008511 0.027644 0.809875
-0.040000 0.008511 0.029319 0.809875
-0.040000 0.008511 0.030995 0.809875
-0.040000 0.008511 0.032670 0.809875
-0.040000 0.008511 0.034346 0.809875
-0.040000 0.008511 0.036021 0.809875
-0.040000 0.008511 0.037696 0.809875
-0.040000 0.008511 0.039372 0.809875
-0.040000 0.008511 0.041047 0.809875
-0.040000 0.008511 0.042723 0.809875
-0.040000 0.008511 0.044398 0.809875
-0.040000 0.008511 0.046073 0.809875
-0.040000 0.008511 0.047749 0.809875
-0.040000 0.008511 0.049424 0.809875
-0.040000 0.008511 0.051099 0.809875
-0.040000 0.008511 0.052775 0.809875
-0.040000 0.008511 0.054450 0.809875
-0.040000 0.008511 0.056126 0.809875
-0.040000 0.008511 0.057801 0.809875
-0.040000 0.008511 0.059476 0.809875
-0.040000 0.008511 0.061152 0.809875
-0.040000 0.008511 0.062827 0.809875
-0.040000 0.008511 0.064503 0.809875
-0.040000 0.008511 0.066178 0.809875
-0.040000 0.008511 0.067853 0.809875
-0.040000 0.008511 0.069529 0.809875
-0.040000 0.008511 0.071204 0.809875
-0.040000 0.008511 0.072880 0.809875
-0.040000 0.008511 0.074555 0.809875
-0.040000 0.008511 0.076230 0.809875
-0.040000 0.008511 0.077906 0.809875
-0.040000 0.008511 0.079581 0.809875
-0.040000 0.008511 0.081257 0.809875
-0.040000 0.008511 0.082932 0.809875
-0.040000 0.008511 0.084607 0.809875
-0.040000 0.008511 0.086283 0.809875
-0.040000 0.008511 0.087958 0.809875
-0.040000 0.008511 0.089634 0.809875
-0.040000 0.008511 0.091309 0.809875
-0.040000 0.008511 0.092984 0.809875
-0.040000 0.008511 0.094660 0.809875
-0.040000 0.008511 0.096335 0.809875
-0.040000 0.008511 0.098010 0.809875
-0.040000 0.008511 0.099686 0.809875
-0.040000 0.008511 0.101361 0.809875
-0.040000 0.008511 0.103037 0.809875
-0.040000 0.008511 0.104712 0.809875
-0.040000 0.008511 0.106387 0.809875
-0.040000 0.008511 0.108063 0.809875
-0.040000 0.008511 0.109738 0.809875
-0.040000 0.008511 0.111414 0.809875
-0.040000 0.008511 0.113089 0.809875
-0.040000 0.008511 0.114764 0.809875
-0.040000 0.008511 0.116440 0.809875
-0.040000 0.008511 0.118115 0.809875
-0.040000 0.008511 0.119791 0.809875
-0.040000 0.008511 0.121466 0.809875
-0.040000 0.008511 0.123141 0.809875
-0.040000 0.008511 0.124817 0.809875
-0.040000 0.008511 0.126492 0.809875
-0.040000 0.008511 0.128168 0.809875
-0.040000 0.008511 0.129843 0.809875
-0.040000 0.008511 0.131518 0.809875
-0.040000 0.008511 0.133194 0.809875
-0.040000 0.008511 0.134869 0.809875
-0.040000 0.008511 0.136545 0.809875
-0.040000 0.008511 0.138220 0.809875
-0.040000 0.008511 0.139895 0.809875
-0.040000 0.008511 0.141571 0.809875
-0.040000 0.008511 0.143246 0.809875
-0.040000 0.008511 0.144921 0.809875
-0.040000 0.008511 0.146597 0.809875
-0.040000 0.008511 0.148272 0.809875
-0.040000 0.008511 0.149948 0.809875
-0.040000 0.008511 0.151623 0.809875
-0.040000 0.008511 0.153298 0.809875
-0.040000 0.008511 0.154974 0.809875
-0.040000 0.008511 0.156649 0.809875
-0.040000 0.008511 0.158325 0.809875
-0.040000 0.008511 0.160000 0.809875
-0.040000 0.010213 -0.160000 0.859412
-0.040000 0.010213 -0.158325 0.859412
-0.040000 0.010213 -0.156649 0.859412
-0.040000 0.010213 -0.154974 0.859412
-0.040000 0.010213 -0.153298 0.859412
-0.040000 0.010213 -0.151623 0.859412
-0.040000 0.010213 -0.149948 0.859412
-0.040000 0.010213 -0.148272 0.859412
-0.040000 0.010213 -0.146597 0.859412
-0.040000 0.010213 -0.144921 0.859412
-0.040000 0.010213 -0.143246 0.859412
-0.040000 0.010213 -0.141571 0.859412
-0.040000 0.010213 -0.139895 0.859412
-0.040000 0.010213 -0.138220 0.859412
-0.040000 0.010213 -0.136545 0.859412
-0.040000 0.010213 -0.134869 0.859412
-0.040000 0.010213 -0.133194 0.859412
-0.040000 0.010213 -0.131518 0.859412
-0.040000 0.010213 -0.129843 0.859412
-0.040000 0.010213 -0.128168 0.859412
-0.040000 0.010213 -0.126492 0.859412
-0.040000 0.010213 -0.124817 0.859412
-0.040000 0.010213 -0.123141 0.859412
-0.040000 0.010213 -0.121466 0.859412
-0.040000 0.010213 -0.119791 0.859412
-0.040000 0.010213 -0.118115 0.859412
-0.040000 0.010213 -0.116440 0.859412
-0.040000 0.010213 -0.114764 0.859412
-0.040000 0.010213 -0.113089 0.859412
-0.040000 0.010213 -0.111414 0.859412
-0.040000 0.010213 -0.109738 0.859412
-0.040000 0.010213 -0.108063 0.859412
-0.040000 0.010213 -0.106387 0.859412
-0.040000 0.010213 -0.104712 0.859412
-0.040000 0.010213 -0.103037 0.859412
-0.040000 0.010213 -0.101361 0.859412
-0.040000 0.010213 -0.099686 0.859412
-0.040000 0.010213 -0.098010 0.859412
-0.040000 0.010213 -0.096335 0.859412
-0.040000 0.010213 -0.094660 0.859412
-0.040000 0.010213 -0.092984 0.859412
-0.040000 0.010213 -0.091309 0.859412
-0.040000 0.010213 -0.089634 0.859412
-0.040000 0.010213 -0.087958 0.859412
-0.040000 0.010213 -0.086283 0.859412
-0.040000 0.010213 -0.084607 0.859412
-0.040000 0.010213 -0.082932 0.859412
-0.040000 0.010213 -0.081257 0.859412
-0.040000 0.010213 -0.079581 0.859412
-0.040000 0.010213 -0.077906 0.859412
-0.040000 0.010213 -0.076230 0.859412
-0.040000 0.010213 -0.074555 0.859412
-0.040000 0.010213 -0.072880 0.859412
-0.040000 0.010213 -0.071204 0.859412
-0.040000 0.010213 -0.069529 0.859412
-0.040000 0.010213 -0.067853 0.859412
-0.040000 0.010213 -0.066178 0.859412
-0.040000 0.010213 -0.064503 0.859412
-0.040000 0.010213 -0.062827 0.859412
-0.040000 0.010213 -0.061152 0.859412
-0.040000 0.010213 -0.059476 0.859412
-0.040000 0.010213 -0.057801 0.859412
-0.040000 0.010213 -0.056126 0.859412
-0.040000 0.010213 -0.054450 0.859412
-0.040000 0.010213 -0.052775 0.859412
-0.040000 0.010213 -0.051099 0.859412
-0.040000 0.010213 -0.049424 0.859412
-0.040000 0.010213 -0.047749 0.859412
-0.040000 0.010213 -0.046073 0.859412
-0.040000 0.010213 -0.044398 0.859412
-0.040000 0.010213 -0.042723 0.859412
-0.040000 0.010213 -0.041047 0.859412
-0.040000 0.010213 -0.039372 0.859412
-0.040000 0.010213 -0.037696 0.859412
-0.040000 0.010213 -0.036021 0.859412
-0.040000 0.010213 -0.034346 0.859412
-0.040000 0.010213 -0.032670 0.859412
-0.040000 0.010213 -0.030995 0.859412
-0.040000 0.010213 -0.029319 0.859412
-0.040000 0.010213 -0.027644 0.859412
-0.040000 0.010213 -0.025969 0.859412
-0.040000 0.010213 -0.024293 0.859412
-0.040000 0.010213 -0.022618 0.859412
-0.040000 0.010213 -0.020942 0.859412
-0.040000 0.010213 -0.019267 0.859412
-0.040000 0.010213 -0.017592 0.859412
-0.040000 0.010213 -0.015916 0.859412
-0.040000 0.010213 -0.014241 0.859412
-0.040000 0.010213 -0.012565 0.859412
-0.040000 0.010213 -0.010890 0.859412
-0.040000 0.010213 -0.009215 0.859412
-0.040000 0.010213 -0.007539 0.859412
-0.040000 0.010213 -0.005864 0.859412
-0.040000 0.010213 -0.004188 0.859412
-0.040000 0.010213 -0.002513 0.859412
-0.040000 0.010213 -0.000838 0.859412
-0.040000 0.010213 0.000838 0.859412
-0.040000 0.010213 0.002513 0.859412
-0.040000 0.010213 0.004188 0.859412
-0.040000 0.010213 0.005864 0.859412
-0.040000 0.010213 0.007539 0.859412
-0.040000 0.010213 0.009215 0.859412
-0.040000 0.010213 0.010890 0.859412
-0.040000 0.010213 0.012565 0.859412
-0.040000 0.010213 0.014241 0.859412
-0.040000 0.010213 0.015916 0.859412
-0.040000 0.010213 0.017592 0.859412
-0.040000 0.010213 0.019267 0.859412
-0.040000 0.010213 0.020942 0.859412
-0.040000 0.010213 0.022618 0.859412
-0.040000 0.010213 0.024293 0.859412
-0.040000 0.010213 0.025969 0.859412
-0.040000 0.010213 0.027644 0.859412
-0.040000 0.010213 0.029319 0.859412
-0.040000 0.010213 0.030995 0.859412
-0.040000 0.010213 0.032670 0.859412
-0.040000 0.010213 0.034346 0.859412
-0.040000 0.010213 0.036021 0.859412
-0.040000 0.010213 0.037696 0.859412
-0.040000 0.010213 0.039372 0.859412
-0.040000 0.010213 0.041047 0.859412
-0.040000 0.010213 0.042723 0.859412
-0.040000 0.010213 0.044398 0.859412
-0.040000 0.010213 0.046073 0.859412
-0.040000 0.010213 0.047749 0.859412
-0.040000 0.010213 0.049424 0.859412
-0.040000 0.010213 0.051099 0.859412
-0.040000 0.010213 0.052775 0.859412
-0.040000 0.010213 0.054450 0.859412
-0.040000 0.010213 0.056126 0.859412
-0.040000 0.010213 0.057801 0.859412
-0.040000 0.010213 0.059476 0.859412
-0.040000 0.010213 0.061152 0.859412
-0.040000 0.010213 0.062827 0.859412
-0.040000 0.010213 0.064503 0.859412
-0.040000 0.010213 0.066178 0.859412
-0.040000 0.010213 0.067853 0.859412
-0.040000 0.010213 0.069529 0.859412
-0.040000 0.010213 0.071204 0.859412
-0.040000 0.010213 0.072880 0.859412
-0.040000 0.010213 0.074555 0.859412
-0.040000 0.010213 0.076230 0.859412
-0.040000 0.010213 0.077906 0.859412
-0.040000 0.010213 0.079581 0.859412
-0.040000 0.010213 0.081257 0.859412
-0.040000 0.010213 0.082932 0.859412
-0.040000 0.010213 0.084607 0.859412
-0.040000 0.010213 0.086283 0.859412
-0.040000 0.010213 0.087958 0.859412
-0.040000 0.010213 0.089634 0.859412
-0.040000 0.010213 0.091309 0.859412
-0.040000 0.010213 0.092984 0.859412
-0.040000 0.010213 0.094660 0.859412
-0.040000 0.010213 0.096335 0.859412
-0.040000 0.010213 0.098010 0.859412
-0.040000 0.010213 0.099686 0.859412
-0.040000 0.010213 0.101361 0.859412
-0.040000 0.010213 0.103037 0.859412
-0.040000 0.010213 0.104712 0.859412
-0.040000 0.010213 0.106387 0.859412
-0.040000 0.010213 0.108063 0.859412
-0.040000 0.010213 0.109738 0.859412
-0.040000 0.010213 0.111414 0.859412
-0.040000 0.010213 0.113089 0.859412
-0.040000 0.010213 0.114764 0.859412
-0.040000 0.010213 0.116440 0.859412
-0.040000 0.010213 0.118115 0.859412
-0.040000 0.010213 0.119791 0.859412
-0.040000 0.010213 0.121466 0.859412
-0.040000 0.010213 0.123141 0.859412
-0.040000 0.010213 0.124817 0.859412
-0.040000 0.010213 0.126492 0.859412
-0.040000 0.010213 0.128168 0.859412
-0.040000 0.010213 0.129843 0.859412
-0.040000 0.010213 0.131518 0.859412
-0.040000 0.010213 0.133194 0.859412
-0.040000 0.010213 0.134869 0.859412
-0.040000 0.010213 0.136545 0.859412
-0.040000 0.010213 0.138220 0.859412
-0.040000 0.010213 0.139895 0.859412
-0.040000 0.010213 0.141571 0.859412
-0.040000 0.010213 0.143246 0.859412
-0.040000 0.010213 0.144921 0.859412
-0.040000 0.010213 0.146597 0.859412
-0.040000 0.010213 0.148272 0.859412
-0.040000 0.010213 0.149948 0.859412
-0.040000 0.010213 0.151623 0.859412
-0.040000 0.010213 0.153298 0.859412
-0.040000 0.010213 0.154974 0.859412
-0.040000 0.010213 0.156649 0.859412
-0.040000 0.010213 0.158325 0.859412
-0.040000 0.010213 0.160000 0.859412
-0.040000 0.011915 -0.160000 0.902535
-0.040000 0.011915 -0.158325 0.902535
-0.040000 0.011915 -0.156649 0.902535
-0.040000 0.011915 -0.154974 0.902535
-0.040000 0.011915 -0.153298 0.902535
-0.040000 0.011915 -0.151623 0.902535
-0.040000 0.011915 -0.149948 0.902535
-0.040000 0.011915 -0.148272 0.902535
-0.040000 0.011915 -0.146597 0.902535
-0.040000 0.011915 -0.144921 0.902535
-0.040000 0.011915 -0.143246 0.902535
-0.040000 0.011915 -0.141571 0.902535
-0.040000 0.011915 -0.139895 0.902535
-0.040000 0.011915 -0.138220 0.902535
-0.040000 0.011915 -0.136545 0.902535
-0.040000 0.011915 -0.134869 0.902535
-0.040000 0.011915 -0.133194 0.902535
-0.040000 0.011915 -0.131518 0.902535
-0.040000 0.011915 -0.129843 0.902535
-0.040000 0.011915 -0.128168 0.902535
-0.040000 0.011915 -0.126492 0.902535
-0.040000 0.011915 -0.124817 0.902535
-0.040000 0.011915 -0.123141 0.902535
-0.040000 0.011915 -0.121466 0.902535
-0.040000 0.011915 -0.119791 0.902535
-0.040000 0.011915 -0.118115 0.902535
-0.040000 0.011915 -0.116440 0.902535
-0.040000 0.011915 -0.114764 0.902535
-0.040000 0.011915 -0.113089 0.902535
-0.040000 0.011915 -0.111414 0.902535
-0.040000 0.011915 -0.109738 0.902535
-0.040000 0.011915 -0.108063 0.902535
-0.040000 0.011915 -0.106387 0.902535
-0.040000 0.011915 -0.104712 0.902535
-0.040000 0.011915 -0.103037 0.902535
-0.040000 0.011915 -0.101361 0.902535
-0.040000 0.011915 -0.099686 0.902535
-0.040000 0.011915 -0.098010 0.902535
-0.040000 0.011915 -0.096335 0.902535
-0.040000 0.011915 -0.094660 0.902535
-0.040000 0.011915 -0.092984 0.902535
-0.040000 0.011915 -0.091309 0.902535
-0.040000 0.011915 -0.089634 0.902535
-0.040000 0.011915 -0.087958 0.902535
-0.040000 0.011915 -0.086283 0.902535
-0.040000 0.011915 -0.084607 0.902535
-0.040000 0.011915 -0.082932 0.902535
-0.040000 0.011915 -0.081257 0.902535
-0.040000 0.011915 -0.079581 0.902535
-0.040000 0.011915 -0.077906 0.902535
-0.040000 0.011915 -0.076230 0.902535
-0.040000 0.011915 -0.074555 0.902535
-0.040000 0.011915 -0.072880 0.902535
-0.040000 0.011915 -0.071204 0.902535
-0.040000 0.011915 -0.069529 0.902535
-0.040000 0.011915 -0.067853 0.902535
-0.040000 0.011915 -0.066178 0.902535
-0.040000 0.011915 -0.064503 0.902535
-0.040000 0.011915 -0.062827 0.902535
-0.040000 0.011915 -0.061152 0.902535
-0.040000 0.011915 -0.059476 0.902535
-0.040000 0.011915 -0.057801 0.902535
-0.040000 0.011915 -0.056126 0.902535
-0.040000 0.011915 -0.054450 0.902535
-0.040000 0.011915 -0.052775 0.902535
-0.040000 0.011915 -0.051099 0.902535
-0.040000 0.011915 -0.049424 0.902535
-0.040000 0.011915 -0.047749 0.902535
-0.040000 0.011915 -0.046073 0.902535
-0.040000 0.011915 -0.044398 0.902535
-0.040000 0.011915 -0.042723 0.902535
-0.040000 0.011915 -0.041047 0.902535
-0.040000 0.011915 -0.039372 0.902535
-0.040000 0.011915 -0.037696 0.902535
-0.040000 0.011915 -0.036021 0.902535
-0.040000 0.011915 -0.034346 0.902535
-0.040000 0.011915 -0.032670 0.902535
-0.040000 0.011915 -0.030995 0.902535
-0.040000 0.011915 -0.029319 0.902535
-0.040000 0.011915 -0.027644 0.902535
-0.040000 0.011915 -0.025969 0.902535
-0.040000 0.011915 -0.024293 0.902535
-0.040000 0.011915 -0.022618 0.902535
-0.040000 0.011915 -0.020942 0.902535
-0.040000 0.011915 -0.019267 0.902535
-0.040000 0.011915 -0.017592 0.902535
-0.040000 0.011915 -0.015916 0.902535
-0.040000 0.011915 -0.014241 0.902535
-0.040000 0.011915 -0.012565 0.902535
-0.040000 0.011915 -0.010890 0.902535
-0.040000 0.011915 -0.009215 0.902535
-0.040000 0.011915 -0.007539 0.902535
-0.040000 0.011915 -0.005864 0.902535
-0.040000 0.011915 -0.004188 0.902535
-0.040000 0.011915 -0.002513 0.902535
-0.040000 0.011915 -0.000838 0.902535
-0.040000 0.011915 0.000838 0.902535
-0.040000 0.011915 0.002513 0.902535
-0.040000 0.011915 0.004188 0.902535
-0.040000 0.011915 0.005864 0.902535
-0.040000 0.011915 0.007539 0.902535
-0.040000 0.011915 0.009215 0.902535
-0.040000 0.011915 0.010890 0.902535
-0.040000 0.011915 0.012565 0.902535
-0.040000 0.011915 0.014241 0.902535
-0.040000 0.011915 0.015916 0.902535
-0.040000 0.011915 0.017592 0.902535
-0.040000 0.011915 0.019267 0.902535
-0.040000 0.011915 0.020942 0.902535
-0.040000 0.011915 0.022618 0.902535
-0.040000 0.011915 0.024293 0.902535
-0.040000 0.011915 0.025969 0.902535
-0.040000 0.011915 0.027644 0.902535
-0.040000 0.011915 0.029319 0.902535
-0.040000 0.011915 0.030995 0.902535
-0.040000 0.011915 0.032670 0.902535
-0.040000 0.011915 0.034346 0.902535
-0.040000 0.011915 0.036021 0.902535
-0.040000 0.011915 0.037696 0.902535
-0.040000 0.011915 0.039372 0.902535
-0.040000 0.011915 0.041047 0.902535
-0.040000 0.011915 0.042723 0.902535
-0.040000 0.011915 0.044398 0.902535
-0.040000 0.011915 0.046073 0.902535
-0.040000 0.011915 0.047749 0.902535
-0.040000 0.011915 0.049424 0.902535
-0.040000 0.011915 0.051099 0.902535
-0.040000 0.011915 0.052775 0.902535
-0.040000 0.011915 0.054450 0.902535
-0.040000 0.011915 0.056126 0.902535
-0.040000 0.011915 0.057801 0.902535
-0.040000 0.011915 0.059476 0.902535
-0.040000 0.011915 0.061152 0.902535
-0.040000 0.011915 0.062827 0.902535
-0.040000 0.011915 0.064503 0.902535
-0.040000 0.011915 0.066178 0.902535
-0.040000 0.011915 0.067853 0.902535
-0.040000 0.011915 0.069529 0.902535
-0.040000 0.011915 0.071204 0.902535
-0.040000 0.011915 0.072880 0.902535
-0.040000 0.011915 0.074555 0.902535
-0.040000 0.011915 0.076230 0.902535
-0.040000 0.011915 0.077906 0.902535
-0.040000 0.011915 0.079581 0.902535
-0.040000 0.011915 0.081257 0.902535
-0.040000 0.011915 0.082932 0.902535
-0.040000 0.011915 0.084607 0.902535
-0.040000 0.011915 0.086283 0.902535
-0.040000 0.011915 0.087958 0.902535
-0.040000 0.011915 0.089634 0.902535
-0.040000 0.011915 0.091309 0.902535
-0.040000 0.011915 0.092984 0.902535
-0.040000 0.011915 0.094660 0.902535
-0.040000 0.011915 0.096335 0.902535
-0.040000 0.011915 0.098010 0.902535
-0.040000 0.011915 0.099686 0.902535
-0.040000 0.011915 0.101361 0.902535
-0.040000 0.011915 0.103037 0.902535
-0.040000 0.011915 0.104712 0.902535
-0.040000 0.011915 0.106387 0.902535
-0.040000 0.011915 0.108063 0.902535
-0.040000 0.011915 0.109738 0.902535
-0.040000 0.011915 0.111414 0.902535
-0.040000 0.011915 0.113089 0.902535
-0.040000 0.011915 0.114764 0.902535
-0.040000 0.011915 0.116440 0.902535
-0.040000 0.011915 0.118115 0.902535
-0.040000 0.011915 0.119791 0.902535
-0.040000 0.011915 0.121466 0.902535
-0.040000 0.011915 0.123141 0.902535
-0.040000 0.011915 0.124817 0.902535
-0.040000 0.011915 0.126492 0.902535
-0.040000 0.011915 0.128168 0.902535
-0.040000 0.011915 0.129843 0.902535
-0.040000 0.011915 0.131518 0.902535
-0.040000 0.011915 0.133194 0.902535
-0.040000 0.011915 0.134869 0.902535
-0.040000 0.011915 0.136545 0.902535
-0.040000 0.011915 0.138220 0.902535
-0.040000 0.011915 0.139895 0.902535
-0.040000 0.011915 0.141571 0.902535
-0.040000 0.011915 0.143246 0.902535
-0.040000 0.011915 0.144921 0.902535
-0.040000 0.011915 0.146597 0.902535
-0.040000 0.011915 0.148272 0.902535
-0.040000 0.011915 0.149948 0.902535
-0.040000 0.011915 0.151623 0.902535
-0.040000 0.011915 0.153298 0.902535
-0.040000 0.011915 0.154974 0.902535
-0.040000 0.011915 0.156649 0.902535
-0.040000 0.011915 0.158325 0.902535
-0.040000 0.011915 0.160000 0.902535
-0.040000 0.013617 -0.160000 0.938475
-0.040000 0.013617 -0.158325 0.938475
-0.040000 0.013617 -0.156649 0.938475
-0.040000 0.013617 -0.154974 0.938475
-0.040000 0.013617 -0.153298 0.938475
-0.040000 0.013617 -0.151623 0.938475
-0.040000 0.013617 -0.149948 0.938475
-0.040000 0.013617 -0.148272 0.938475
-0.040000 0.013617 -0.146597 0.938475
-0.040000 0.013617 -0.144921 0.938475
-0.040000 0.013617 -0.143246 0.938475
-0.040000 0.013617 -0.141571 0.938475
-0.040000 0.013617 -0.139895 0.938475
-0.040000 0.013617 -0.138220 0.938475
-0.040000 0.013617 -0.136545 0.938475
-0.040000 0.013617 -0.134869 0.938475
-0.040000 0.013617 -0.133194 0.938475
-0.040000 0.013617 -0.131518 0.938475
-0.040000 0.013617 -0.129843 0.938475
-0.040000 0.013617 -0.128168 0.938475
-0.040000 0.013617 -0.126492 0.938475
-0.040000 0.013617 -0.124817 0.938475
-0.040000 0.013617 -0.123141 0.938475
-0.040000 0.013617 -0.121466 0.938475
-0.040000 0.013617 -0.119791 0.938475
-0.040000 0.013617 -0.118115 0.938475
-0.040000 0.013617 -0.116440 0.938475
-0.040000 0.013617 -0.114764 0.938475
-0.040000 0.013617 -0.113089 0.938475
-0.040000 0.013617 -0.111414 0.938475
-0.040000 0.013617 -0.109738 0.938475
-0.040000 0.013617 -0.108063 0.938475
-0.040000 0.013617 -0.106387 0.938475
-0.040000 0.013617 -0.104712 0.938475
-0.040000 0.013617 -0.103037 0.938475
-0.040000 0.013617 -0.101361 0.938475
-0.040000 0.013617 -0.099686 0.938475
-0.040000 0.013617 -0.098010 0.938475
-0.040000 0.013617 -0.096335 0.938475
-0.040000 0.013617 -0.094660 0.938475
-0.040000 0.013617 -0.092984 0.938475
-0.040000 0.013617 -0.091309 0.938475
-0.040000 0.013617 -0.089634 0.938475
-0.040000 0.013617 -0.087958 0.938475
-0.040000 0.013617 -0.086283 0.938475
-0.040000 0.013617 -0.084607 0.938475
-0.040000 0.013617 -0.082932 0.938475
-0.040000 0.013617 -0.081257 0.938475
-0.040000 0.013617 -0.079581 0.938475
-0.040000 0.013617 -0.077906 0.938475
-0.040000 0.013617 -0.076230 0.938475
-0.040000 0.013617 -0.074555 0.938475
-0.040000 0.013617 -0.072880 0.938475
-0.040000 0.013617 -0.071204 0.938475
-0.040000 0.013617 -0.069529 0.938475
-0.040000 0.013617 -0.067853 0.938475
-0.040000 0.013617 -0.066178 0.938475
-0.040000 0.013617 -0.064503 0.938475
-0.040000 0.013617 -0.062827 0.938475
-0.040000 0.013617 -0.061152 0.938475
-0.040000 0.013617 -0.059476 0.938475
-0.040000 0.013617 -0.057801 0.938475
-0.040000 0.013617 -0.056126 0.938475
-0.040000 0.013617 -0.054450 0.938475
-0.040000 0.013617 -0.052775 0.938475
-0.040000 0.013617 -0.051099 0.938475
-0.040000 0.013617 -0.049424 0.938475
-0.040000 0.013617 -0.047749 0.938475
-0.040000 0.013617 -0.046073 0.938475
-0.040000 0.013617 -0.044398 0.938475
-0.040000 0.013617 -0.042723 0.938475
-0.040000 0.013617 -0.041047 0.938475
-0.040000 0.013617 -0.039372 0.938475
-0.040000 0.013617 -0.037696 0.938475
-0.040000 0.013617 -0.036021 0.938475
-0.040000 0.013617 -0.034346 0.938475
-0.040000 0.013617 -0.032670 0.938475
-0.040000 0.013617 -0.030995 0.938475
-0.040000 0.013617 -0.029319 0.938475
-0.040000 0.013617 -0.027644 0.938475
-0.040000 0.013617 -0.025969 0.938475
-0.040000 0.013617 -0.024293 0.938475
-0.040000 0.013617 -0.022618 0.938475
-0.040000 0.013617 -0.020942 0.938475
-0.040000 0.013617 -0.019267 0.938475
-0.040000 0.013617 -0.017592 0.938475
-0.040000 0.013617 -0.015916 0.938475
-0.040000 0.013617 -0.014241 0.938475
-0.040000 0.013617 -0.012565 0.938475
-0.040000 0.013617 -0.010890 0.938475
-0.040000 0.013617 -0.009215 0.938475
-0.040000 0.013617 -0.007539 0.938475
-0.040000 0.013617 -0.005864 0.938475
-0.040000 0.013617 -0.004188 0.938475
-0.040000 0.013617 -0.002513 0.938475
-0.040000 0.013617 -0.000838 0.938475
-0.040000 0.013617 0.000838 0.938475
-0.040000 0.013617 0.002513 0.938475
-0.040000 0.013617 0.004188 0.938475
-0.040000 0.013617 0.005864 0.938475
-0.040000 0.013617 0.007539 0.938475
-0.040000 0.013617 0.009215 0.938475
-0.040000 0.013617 0.010890 0.938475
-0.040000 0.013617 0.012565 0.938475
-0.040000 0.013617 0.014241 0.938475
-0.040000 0.013617 0.015916 0.938475
-0.040000 0.013617 0.017592 0.938475
-0.040000 0.013617 0.019267 0.938475
-0.040000 0.013617 0.020942 0.938475
-0.040000 0.013617 0.022618 0.938475
-0.040000 0.013617 0.024293 0.938475
-0.040000 0.013617 0.025969 0.938475
-0.040000 0.013617 0.027644 0.938475
-0.040000 0.013617 0.029319 0.938475
-0.040000 0.013617 0.030995 0.938475
-0.040000 0.013617 0.032670 0.938475
-0.040000 0.013617 0.034346 0.938475
-0.040000 0.013617 0.036021 0.938475
-0.040000 0.013617 0.037696 0.938475
-0.040000 0.013617 0.039372 0.938475
-0.040000 0.013617 0.041047 0.938475
-0.040000 0.013617 0.042723 0.938475
-0.040000 0.013617 0.044398 0.938475
-0.040000 0.013617 0.046073 0.938475
-0.040000 0.013617 0.047749 0.938475
-0.040000 0.013617 0.049424 0.938475
-0.040000 0.013617 0.051099 0.938475
-0.040000 0.013617 0.052775 0.938475
-0.040000 0.013617 0.054450 0.938475
-0.040000 0.013617 0.056126 0.938475
-0.040000 0.013617 0.057801 0.938475
-0.040000 0.013617 0.059476 0.938475
-0.040000 0.013617 0.061152 0.938475
-0.040000 0.013617 0.062827 0.938475
-0.040000 0.013617 0.064503 0.938475
-0.040000 0.013617 0.066178 0.938475
-0.040000 0.013617 0.067853 0.938475
-0.040000 0.013617 0.069529 0.938475
-0.040000 0.013617 0.071204 0.938475
-0.040000 0.013617 0.072880 0.938475
-0.040000 0.013617 0.074555 0.938475
-0.040000 0.013617 0.076230 0.938475
-0.040000 0.013617 0.077906 0.938475
-0.040000 0.013617 0.079581 0.938475
-0.040000 0.013617 0.081257 0.938475
-0.040000 0.013617 0.082932 0.938475
-0.040000 0.013617 0.084607 0.938475
-0.040000 0.013617 0.086283 0.938475
-0.040000 0.013617 0.087958 0.938475
-0.040000 0.013617 0.089634 0.938475
-0.040000 0.013617 0.091309 0.938475
-0.040000 0.013617 0.092984 0.938475
-0.040000 0.013617 0.094660 0.938475
-0.040000 0.013617 0.096335 0.938475
-0.040000 0.013617 0.098010 0.938475
-0.040000 0.013617 0.099686 0.938475
-0.040000 0.013617 0.101361 0.938475
-0.040000 0.013617 0.103037 0.938475
-0.040000 0.013617 0.104712 0.938475
-0.040000 0.013617 0.106387 0.938475
-0.040000 0.013617 0.108063 0.938475
-0.040000 0.013617 0.109738 0.938475
-0.040000 0.013617 0.111414 0.938475
-0.040000 0.013617 0.113089 0.938475
-0.040000 0.013617 0.114764 0.938475
-0.040000 0.013617 0.116440 0.938475
-0.040000 0.013617 0.118115 0.938475
-0.040000 0.013617 0.119791 0.938475
-0.040000 0.013617 0.121466 0.938475
-0.040000 0.013617 0.123141 0.938475
-0.040000 0.013617 0.124817 0.938475
-0.040000 0.013617 0.126492 0.938475
-0.040000 0.013617 0.128168 0.938475
-0.040000 0.013617 0.129843 0.938475
-0.040000 0.013617 0.131518 0.938475
-0.040000 0.013617 0.133194 0.938475
-0.040000 0.013617 0.134869 0.938475
-0.040000 0.013617 0.136545 0.938475
-0.040000 0.013617 0.138220 0.938475
-0.040000 0.013617 0.139895 0.938475
-0.040000 0.013617 0.141571 0.938475
-0.040000 0.013617 0.143246 0.938475
-0.040000 0.013617 0.144921 0.938475
-0.040000 0.013617 0.146597 0.938475
-0.040000 0.013617 0.148272 0.938475
-0.040000 0.013617 0.149948 0.938475
-0.040000 0.013617 0.151623 0.938475
-0.040000 0.013617 0.153298 0.938475
-0.040000 0.013617 0.154974 0.938475
-0.040000 0.013617 0.156649 0.938475
-0.040000 0.013617 0.158325 0.938475
-0.040000 0.013617 0.160000 0.938475
-0.040000 0.015319 -0.160000 0.966590
-0.040000 0.015319 -0.158325 0.966590
-0.040000 0.015319 -0.156649 0.966590
-0.040000 0.015319 -0.154974 0.966590
-0.040000 0.015319 -0.153298 0.966590
-0.040000 0.015319 -0.151623 0.966590
-0.040000 0.015319 -0.149948 0.966590
-0.040000 0.015319 -0.148272 0.966590
-0.040000 0.015319 -0.146597 0.966590
-0.040000 0.015319 -0.144921 0.966590
-0.040000 0.015319 -0.143246 0.966590
-0.040000 0.015319 -0.141571 0.966590
-0.040000 0.015319 -0.139895 0.966590
-0.040000 0.015319 -0.138220 0.966590
-0.040000 0.015319 -0.136545 0.966590
-0.040000 0.015319 -0.134869 0.966590
-0.040000 0.015319 -0.133194 0.966590
-0.040000 0.015319 -0.131518 0.966590
-0.040000 0.015319 -0.129843 0.966590
-0.040000 0.015319 -0.128168 0.966590
-0.040000 0.015319 -0.126492 0.966590
-0.040000 0.015319 -0.124817 0.966590
-0.040000 0.015319 -0.123141 0.966590
-0.040000 0.015319 -0.121466 0.966590
-0.040000 0.015319 -0.119791 0.966590
-0.040000 0.015319 -0.118115 0.966590
-0.040000 0.015319 -0.116440 0.966590
-0.040000 0.015319 -0.114764 0.966590
-0.040000 0.015319 -0.113089 0.966590
-0.040000 0.015319 -0.111414 0.966590
-0.040000 0.015319 -0.109738 0.966590
-0.040000 0.015319 -0.108063 0.966590
-0.040000 0.015319 -0.106387 0.966590
-0.040000 0.015319 -0.104712 0.966590
-0.040000 0.015319 -0.103037 0.966590
-0.040000 0.015319 -0.101361 0.966590
-0.040000 0.015319 -0.099686 0.966590
-0.040000 0.015319 -0.098010 0.966590
-0.040000 0.015319 -0.096335 0.966590
-0.040000 0.015319 -0.094660 0.966590
-0.040000 0.015319 -0.092984 0.966590
-0.040000 0.015319 -0.091309 0.966590
-0.040000 0.015319 -0.089634 0.966590
-0.040000 0.015319 -0.087958 0.966590
-0.040000 0.015319 -0.086283 0.966590
-0.040000 0.015319 -0.084607 0.966590
-0.040000 0.015319 -0.082932 0.966590
-0.040000 0.015319 -0.081257 0.966590
-0.040000 0.015319 -0.079581 0.966590
-0.040000 0.015319 -0.077906 0.966590
-0.040000 0.015319 -0.076230 0.966590
-0.040000 0.015319 -0.074555 0.966590
-0.040000 0.015319 -0.072880 0.966590
-0.040000 0.015319 -0.071204 0.966590
-0.040000 0.015319 -0.069529 0.966590
-0.040000 0.015319 -0.067853 0.966590
-0.040000 0.015319 -0.066178 0.966590
-0.040000 0.015319 -0.064503 0.966590
-0.040000 0.015319 -0.062827 0.966590
-0.040000 0.015319 -0.061152 0.966590
-0.040000 0.015319 -0.059476 0.966590
-0.040000 0.015319 -0.057801 0.966590
-0.040000 0.015319 -0.056126 0.966590
-0.040000 0.015319 -0.054450 0.966590
-0.040000 0.015319 -0.052775 0.966590
-0.040000 0.015319 -0.051099 0.966590
-0.040000 0.015319 -0.049424 0.966590
-0.040000 0.015319 -0.047749 0.966590
-0.040000 0.015319 -0.046073 0.966590
-0.040000 0.015319 -0.044398 0.966590
-0.040000 0.015319 -0.042723 0.966590
-0.040000 0.015319 -0.041047 0.966590
-0.040000 0.015319 -0.039372 0.966590
-0.040000 0.015319 -0.037696 0.966590
-0.040000 0.015319 -0.036021 0.966590
-0.040000 0.015319 -0.034346 0.966590
-0.040000 0.015319 -0.032670 0.966590
-0.040000 0.015319 -0.030995 0.966590
-0.040000 0.015319 -0.029319 0.966590
-0.040000 0.015319 -0.027644 0.966590
-0.040000 0.015319 -0.025969 0.966590
-0.040000 0.015319 -0.024293 0.966590
-0.040000 0.015319 -0.022618 0.966590
-0.040000 0.015319 -0.020942 0.966590
-0.040000 0.015319 -0.019267 0.966590
-0.040000 0.015319 -0.017592 0.966590
-0.040000 0.015319 -0.015916 0.966590
-0.040000 0.015319 -0.014241 0.966590
-0.040000 0.015319 -0.012565 0.966590
-0.040000 0.015319 -0.010890 0.966590
-0.040000 0.015319 -0.009215 0.966590
-0.040000 0.015319 -0.007539 0.966590
-0.040000 0.015319 -0.005864 0.966590
-0.040000 0.015319 -0.004188 0.966590
-0.040000 0.015319 -0.002513 0.966590
-0.040000 0.015319 -0.000838 0.966590
-0.040000 0.015319 0.000838 0.966590
-0.040000 0.015319 0.002513 0.966590
-0.040000 0.015319 0.004188 0.966590
-0.040000 0.015319 0.005864 0.966590
-0.040000 0.015319 0.007539 0.966590
-0.040000 0.015319 0.009215 0.966590
-0.040000 0.015319 0.010890 0.966590
-0.040000 0.015319 0.012565 0.966590
-0.040000 0.015319 0.014241 0.966590
-0.040000 0.015319 0.015916 0.966590
-0.040000 0.015319 0.017592 0.966590
-0.040000 0.015319 0.019267 0.966590
-0.040000 0.015319 0.020942 0.966590
-0.040000 0.015319 0.022618 0.966590
-0.040000 0.015319 0.024293 0.966590
-0.040000 0.015319 0.025969 0.966590
-0.040000 0.015319 0.027644 0.966590
-0.040000 0.015319 0.029319 0.966590
-0.040000 0.015319 0.030995 0.966590
-0.040000 0.015319 0.032670 0.966590
-0.040000 0.015319 0.034346 0.966590
-0.040000 0.015319 0.036021 0.966590
-0.040000 0.015319 0.037696 0.966590
-0.040000 0.015319 0.039372 0.966590
-0.040000 0.015319 0.041047 0.966590
-0.040000 0.015319 0.042723 0.966590
-0.040000 0.015319 0.044398 0.966590
-0.040000 0.015319 0.046073 0.966590
-0.040000 0.015319 0.047749 0.966590
-0.040000 0.015319 0.049424 0.966590
-0.040000 0.015319 0.051099 0.966590
-0.040000 0.015319 0.052775 0.966590
-0.040000 0.015319 0.054450 0.966590
-0.040000 0.015319 0.056126 0.966590
-0.040000 0.015319 0.057801 0.966590
-0.040000 0.015319 0.059476 0.966590
-0.040000 0.015319 0.061152 0.966590
-0.040000 0.015319 0.062827 0.966590
-0.040000 0.015319 0.064503 0.966590
-0.040000 0.015319 0.066178 0.966590
-0.040000 0.015319 0.067853 0.966590
-0.040000 0.015319 0.069529 0.966590
-0.040000 0.015319 0.071204 0.966590
-0.040000 0.015319 0.072880 0.966590
-0.040000 0.015319 0.074555 0.966590
-0.040000 0.015319 0.076230 0.966590
-0.040000 0.015319 0.077906 0.966590
-0.040000 0.015319 0.079581 0.966590
-0.040000 0.015319 0.081257 0.966590
-0.040000 0.015319 0.082932 0.966590
-0.040000 0.015319 0.084607 0.966590
-0.040000 0.015319 0.086283 0.966590
-0.040000 0.015319 0.087958 0.966590
-0.040000 0.015319 0.089634 0.966590
-0.040000 0.015319 0.091309 0.966590
-0.040000 0.015319 0.092984 0.966590
-0.040000 0.015319 0.094660 0.966590
-0.040000 0.015319 0.096335 0.966590
-0.040000 0.015319 0.098010 0.966590
-0.040000 0.015319 0.099686 0.966590
-0.040000 0.015319 0.101361 0.966590
-0.040000 0.015319 0.103037 0.966590
-0.040000 0.015319 0.104712 0.966590
-0.040000 0.015319 0.106387 0.966590
-0.040000 0.015319 0.108063 0.966590
-0.040000 0.015319 0.109738 0.966590
-0.040000 0.015319 0.111414 0.966590
-0.040000 0.015319 0.113089 0.966590
-0.040000 0.015319 0.114764 0.966590
-0.040000 0.015319 0.116440 0.966590
-0.040000 0.015319 0.118115 0.966590
-0.040000 0.015319 0.119791 0.966590
-0.040000 0.015319 0.121466 0.966590
-0.040000 0.015319 0.123141 0.966590
-0.040000 0.015319 0.124817 0.966590
-0.040000 0.015319 0.126492 0.966590
-0.040000 0.015319 0.128168 0.966590
-0.040000 0.015319 0.129843 0.966590
-0.040000 0.015319 0.131518 0.966590
-0.040000 0.015319 0.133194 0.966590
-0.040000 0.015319 0.134869 0.966590
-0.040000 0.015319 0.136545 0.966590
-0.040000 0.015319 0.138220 0.966590
-0.040000 0.015319 0.139895 0.966590
-0.040000 0.015319 0.141571 0.966590
-0.040000 0.015319 0.143246 0.966590
-0.040000 0.015319 0.144921 0.966590
-0.040000 0.015319 0.146597 0.966590
-0.040000 0.015319 0.148272 0.966590
-0.040000 0.015319 0.149948 0.966590
-0.040000 0.015319 0.151623 0.966590
-0.040000 0.015319 0.153298 0.966590
-0.040000 0.015319 0.154974 0.966590
-0.040000 0.015319 0.156649 0.966590
-0.040000 0.015319 0.158325 0.966590
-0.040000 0.015319 0.160000 0.966590
-0.040000 0.017021 -0.160000 0.986379
-0.040000 0.017021 -0.158325 0.986379
-0.040000 0.017021 -0.156649 0.986379
-0.040000 0.017021 -0.154974 0.986379
-0.040000 0.017021 -0.153298 0.986379
-0.040000 0.017021 -0.151623 0.986379
-0.040000 0.017021 -0.149948 0.986379
-0.040000 0.017021 -0.148272 0.986379
-0.040000 0.017021 -0.146597 0.986379
-0.040000 0.017021 -0.144921 0.986379
-0.040000 0.017021 -0.143246 0.986379
-0.040000 0.017021 -0.141571 0.986379
-0.040000 0.017021 -0.139895 0.986379
-0.040000 0.017021 -0.138220 0.986379
-0.040000 0.017021 -0.136545 0.986379
-0.040000 0.017021 -0.134869 0.986379
-0.040000 0.017021 -0.133194 0.986379
-0.040000 0.017021 -0.131518 0.986379
-0.040000 0.017021 -0.129843 0.986379
-0.040000 0.017021 -0.128168 0.986379
-0.040000 0.017021 -0.126492 0.986379
-0.040000 0.017021 -0.124817 0.986379
-0.040000 0.017021 -0.123141 0.986379
-0.040000 0.017021 -0.121466 0.986379
-0.040000 0.017021 -0.119791 0.986379
-0.040000 0.017021 -0.118115 0.986379
-0.040000 0.017021 -0.116440 0.986379
-0.040000 0.017021 -0.114764 0.986379
-0.040000 0.017021 -0.113089 0.986379
-0.040000 0.017021 -0.111414 0.986379
-0.040000 0.017021 -0.109738 0.986379
-0.040000 0.017021 -0.108063 0.986379
-0.040000 0.017021 -0.106387 0.986379
-0.040000 0.017021 -0.104712 0.986379
-0.040000 0.017021 -0.103037 0.986379
-0.040000 0.017021 -0.101361 0.986379
-0.040000 0.017021 -0.099686 0.986379
-0.040000 0.017021 -0.098010 0.986379
-0.040000 0.017021 -0.096335 0.986379
-0.040000 0.017021 -0.094660 0.986379
-0.040000 0.017021 -0.092984 0.986379
-0.040000 0.017021 -0.091309 0.986379
-0.040000 0.017021 -0.089634 0.986379
-0.040000 0.017021 -0.087958 0.986379
-0.040000 0.017021 -0.086283 0.986379
-0.040000 0.017021 -0.084607 0.986379
-0.040000 0.017021 -0.082932 0.986379
-0.040000 0.017021 -0.081257 0.986379
-0.040000 0.017021 -0.079581 0.986379
-0.040000 0.017021 -0.077906 0.986379
-0.040000 0.017021 -0.076230 0.986379
-0.040000 0.017021 -0.074555 0.986379
-0.040000 0.017021 -0.072880 0.986379
-0.040000 0.017021 -0.071204 0.986379
-0.040000 0.017021 -0.069529 0.986379
-0.040000 0.017021 -0.067853 0.986379
-0.040000 0.017021 -0.066178 0.986379
-0.040000 0.017021 -0.064503 0.986379
-0.040000 0.017021 -0.062827 0.986379
-0.040000 0.017021 -0.061152 0.986379
-0.040000 0.017021 -0.059476 0.986379
-0.040000 0.017021 -0.057801 0.986379
-0.040000 0.017021 -0.056126 0.986379
-0.040000 0.017021 -0.054450 0.986379
-0.040000 0.017021 -0.052775 0.986379
-0.040000 0.017021 -0.051099 0.986379
-0.040000 0.017021 -0.049424 0.986379
-0.040000 0.017021 -0.047749 0.986379
-0.040000 0.017021 -0.046073 0.986379
-0.040000 0.017021 -0.044398 0.986379
-0.040000 0.017021 -0.042723 0.986379
-0.040000 0.017021 -0.041047 0.986379
-0.040000 0.017021 -0.039372 0.986379
-0.040000 0.017021 -0.037696 0.986379
-0.040000 0.017021 -0.036021 0.986379
-0.040000 0.017021 -0.034346 0.986379
-0.040000 0.017021 -0.032670 0.986379
-0.040000 0.017021 -0.030995 0.986379
-0.040000 0.017021 -0.029319 0.986379
-0.040000 0.017021 -0.027644 0.986379
-0.040000 0.017021 -0.025969 0.986379
-0.040000 0.017021 -0.024293 0.986379
-0.040000 0.017021 -0.022618 0.986379
-0.040000 0.017021 -0.020942 0.986379
-0.040000 0.017021 -0.019267 0.986379
-0.040000 0.017021 -0.017592 0.986379
-0.040000 0.017021 -0.015916 0.986379
-0.040000 0.017021 -0.014241 0.986379
-0.040000 0.017021 -0.012565 0.986379
-0.040000 0.017021 -0.010890 0.986379
-0.040000 0.017021 -0.009215 0.986379
-0.040000 0.017021 -0.007539 0.986379
-0.040000 0.017021 -0.005864 0.986379
-0.040000 0.017021 -0.004188 0.986379
-0.040000 0.017021 -0.002513 0.986379
-0.040000 0.017021 -0.000838 0.986379
-0.040000 0.017021 0.000838 0.986379
-0.040000 0.017021 0.002513 0.986379
-0.040000 0.017021 0.004188 0.986379
-0.040000 0.017021 0.005864 0.986379
-0.040000 0.017021 0.007539 0.986379
-0.040000 0.017021 0.009215 0.986379
-0.040000 0.017021 0.010890 0.986379
-0.040000 0.017021 0.012565 0.986379
-0.040000 0.017021 0.014241 0.986379
-0.040000 0.017021 0.015916 0.986379
-0.040000 0.017021 0.017592 0.986379
-0.040000 0.017021 0.019267 0.986379
-0.040000 0.017021 0.020942 0.986379
-0.040000 0.017021 0.022618 0.986379
-0.040000 0.017021 0.024293 0.986379
-0.040000 0.017021 0.025969 0.986379
-0.040000 0.017021 0.027644 0.986379
-0.040000 0.017021 0.029319 0.986379
-0.040000 0.017021 0.030995 0.986379
-0.040000 0.017021 0.032670 0.986379
-0.040000 0.017021 0.034346 0.986379
-0.040000 0.017021 0.036021 0.986379
-0.040000 0.017021 0.037696 0.986379
-0.040000 0.017021 0.039372 0.986379
-0.040000 0.017021 0.041047 0.986379
-0.040000 0.017021 0.042723 0.986379
-0.040000 0.017021 0.044398 0.986379
-0.040000 0.017021 0.046073 0.986379
-0.040000 0.017021 0.047749 0.986379
-0.040000 0.017021 0.049424 0.986379
-0.040000 0.017021 0.051099 0.986379
-0.040000 0.017021 0.052775 0.986379
-0.040000 0.017021 0.054450 0.986379
-0.040000 0.017021 0.056126 0.986379
-0.040000 0.017021 0.057801 0.986379
-0.040000 0.017021 0.059476 0.986379
-0.040000 0.017021 0.061152 0.986379
-0.040000 0.017021 0.062827 0.986379
-0.040000 0.017021 0.064503 0.986379
-0.040000 0.017021 0.066178 0.986379
-0.040000 0.017021 0.067853 0.986379
-0.040000 0.017021 0.069529 0.986379
-0.040000 0.017021 0.071204 0.986379
-0.040000 0.017021 0.072880 0.986379
-0.040000 0.017021 0.074555 0.986379
-0.040000 0.017021 0.076230 0.986379
-0.040000 0.017021 0.077906 0.986379
-0.040000 0.017021 0.079581 0.986379
-0.040000 0.017021 0.081257 0.986379
-0.040000 0.017021 0.082932 0.986379
-0.040000 0.017021 0.084607 0.986379
-0.040000 0.017021 0.086283 0.986379
-0.040000 0.017021 0.087958 0.986379
-0.040000 0.017021 0.089634 0.986379
-0.040000 0.017021 0.091309 0.986379
-0.040000 0.017021 0.092984 0.986379
-0.040000 0.017021 0.094660 0.986379
-0.040000 0.017021 0.096335 0.986379
-0.040000 0.017021 0.098010 0.986379
-0.040000 0.017021 0.099686 0.986379
-0.040000 0.017021 0.101361 0.986379
-0.040000 0.017021 0.103037 0.986379
-0.040000 0.017021 0.104712 0.986379
-0.040000 0.017021 0.106387 0.986379
-0.040000 0.017021 0.108063 0.986379
-0.040000 0.017021 0.109738 0.986379
-0.040000 0.017021 0.111414 0.986379
-0.040000 0.017021 0.113089 0.986379
-0.040000 0.017021 0.114764 0.986379
-0.040000 0.017021 0.116440 0.986379
-0.040000 0.017021 0.118115 0.986379
-0.040000 0.017021 0.119791 0.986379
-0.040000 0.017021 0.121466 0.986379
-0.040000 0.017021 0.123141 0.986379
-0.040000 0.017021 0.124817 0.986379
-0.040000 0.017021 0.126492 0.986379
-0.040000 0.017021 0.128168 0.986379
-0.040000 0.017021 0.129843 0.986379
-0.040000 0.017021 0.131518 0.986379
-0.040000 0.017021 0.133194 0.986379
-0.040000 0.017021 0.134869 0.986379
-0.040000 0.017021 0.136545 0.986379
-0.040000 0.017021 0.138220 0.986379
-0.040000 0.017021 0.139895 0.986379
-0.040000 0.017021 0.141571 0.986379
-0.040000 0.017021 0.143246 0.986379
-0.040000 0.017021 0.144921 0.986379
-0.040000 0.017021 0.146597 0.986379
-0.040000 0.017021 0.148272 0.986379
-0.040000 0.017021 0.149948 0.986379
-0.040000 0.017021 0.151623 0.986379
-0.040000 0.017021 0.153298 0.986379
-0.040000 0.017021 0.154974 0.986379
-0.040000 0.017021 0.156649 0.986379
-0.040000 0.017021 0.158325 0.986379
-0.040000 0.017021 0.160000 0.986379
-0.040000 0.018723 -0.160000 0.997489
-0.040000 0.018723 -0.158325 0.997489
-0.040000 0.018723 -0.156649 0.997489
-0.040000 0.018723 -0.154974 0.997489
-0.040000 0.018723 -0.153298 0.997489
-0.040000 0.018723 -0.151623 0.997489
-0.040000 0.018723 -0.149948 0.997489
-0.040000 0.018723 -0.148272 0.997489
-0.040000 0.018723 -0.146597 0.997489
-0.040000 0.018723 -0.144921 0.997489
-0.040000 0.018723 -0.143246 0.997489
-0.040000 0.018723 -0.141571 0.997489
-0.040000 0.018723 -0.139895 0.997489
-0.040000 0.018723 -0.138220 0.997489
-0.040000 0.018723 -0.136545 0.997489
-0.040000 0.018723 -0.134869 0.997489
-0.040000 0.018723 -0.133194 0.997489
-0.040000 0.018723 -0.131518 0.997489
-0.040000 0.018723 -0.129843 0.997489
-0.040000 0.018723 -0.128168 0.997489
-0.040000 0.018723 -0.126492 0.997489
-0.040000 0.018723 -0.124817 0.997489
-0.040000 0.018723 -0.123141 0.997489
-0.040000 0.018723 -0.121466 0.997489
-0.040000 0.018723 -0.119791 0.997489
-0.040000 0.018723 -0.118115 0.997489
-0.040000 0.018723 -0.116440 0.997489
-0.040000 0.018723 -0.114764 0.997489
-0.040000 0.018723 -0.113089 0.997489
-0.040000 0.018723 -0.111414 0.997489
-0.040000 0.018723 -0.109738 0.997489
-0.040000 0.018723 -0.108063 0.997489
-0.040000 0.018723 -0.106387 0.997489
-0.040000 0.018723 -0.104712 0.997489
-0.040000 0.018723 -0.103037 0.997489
-0.040000 0.018723 -0.101361 0.997489
-0.040000 0.018723 -0.099686 0.997489
-0.040000 0.018723 -0.098010 0.997489
-0.040000 0.018723 -0.096335 0.997489
-0.040000 0.018723 -0.094660 0.997489
-0.040000 0.018723 -0.092984 0.997489
-0.040000 0.018723 -0.091309 0.997489
-0.040000 0.018723 -0.089634 0.997489
-0.040000 0.018723 -0.087958 0.997489
-0.040000 0.018723 -0.086283 0.997489
-0.040000 0.018723 -0.084607 0.997489
-0.040000 0.018723 -0.082932 0.997489
-0.040000 0.018723 -0.081257 0.997489
-0.040000 0.018723 -0.079581 0.997489
-0.040000 0.018723 -0.077906 0.997489
-0.040000 0.018723 -0.076230 0.997489
-0.040000 0.018723 -0.074555 0.997489
-0.040000 0.018723 -0.072880 0.997489
-0.040000 0.018723 -0.071204 0.997489
-0.040000 0.018723 -0.069529 0.997489
-0.040000 0.018723 -0.067853 0.997489
-0.040000 0.018723 -0.066178 0.997489
-0.040000 0.018723 -0.064503 0.997489
-0.040000 0.018723 -0.062827 0.997489
-0.040000 0.018723 -0.061152 0.997489
-0.040000 0.018723 -0.059476 0.997489
-0.040000 0.018723 -0.057801 0.997489
-0.040000 0.018723 -0.056126 0.997489
-0.040000 0.018723 -0.054450 0.997489
-0.040000 0.018723 -0.052775 0.997489
-0.040000 0.018723 -0.051099 0.997489
-0.040000 0.018723 -0.049424 0.997489
-0.040000 0.018723 -0.047749 0.997489
-0.040000 0.018723 -0.046073 0.997489
-0.040000 0.018723 -0.044398 0.997489
-0.040000 0.018723 -0.042723 0.997489
-0.040000 0.018723 -0.041047 0.997489
-0.040000 0.018723 -0.039372 0.997489
-0.040000 0.018723 -0.037696 0.997489
-0.040000 0.018723 -0.036021 0.997489
-0.040000 0.018723 -0.034346 0.997489
-0.040000 0.018723 -0.032670 0.997489
-0.040000 0.018723 -0.030995 0.997489
-0.040000 0.018723 -0.029319 0.997489
-0.040000 0.018723 -0.027644 0.997489
-0.040000 0.018723 -0.025969 0.997489
-0.040000 0.018723 -0.024293 0.997489
-0.040000 0.018723 -0.022618 0.997489
-0.040000 0.018723 -0.020942 0.997489
-0.040000 0.018723 -0.019267 0.997489
-0.040000 0.018723 -0.017592 0.997489
-0.040000 0.018723 -0.015916 0.997489
-0.040000 0.018723 -0.014241 0.997489
-0.040000 0.018723 -0.012565 0.997489
-0.040000 0.018723 -0.010890 0.997489
-0.040000 0.018723 -0.009215 0.997489
-0.040000 0.018723 -0.007539 0.997489
-0.040000 0.018723 -0.005864 0.997489
-0.040000 0.018723 -0.004188 0.997489
-0.040000 0.018723 -0.002513 0.997489
-0.040000 0.018723 -0.000838 0.997489
-0.040000 0.018723 0.000838 0.997489
-0.040000 0.018723 0.002513 0.997489
-0.040000 0.018723 0.004188 0.997489
-0.040000 0.018723 0.005864 0.997489
-0.040000 0.018723 0.007539 0.997489
-0.040000 0.018723 0.009215 0.997489
-0.040000 0.018723 0.010890 0.997489
-0.040000 0.018723 0.012565 0.997489
-0.040000 0.018723 0.014241 0.997489
-0.040000 0.018723 0.015916 0.997489
-0.040000 0.018723 0.017592 0.997489
-0.040000 0.018723 0.019267 0.997489
-0.040000 0.018723 0.020942 0.997489
-0.040000 0.018723 0.022618 0.997489
-0.040000 0.018723 0.024293 0.997489
-0.040000 0.018723 0.025969 0.997489
-0.040000 0.018723 0.027644 0.997489
-0.040000 0.018723 0.029319 0.997489
-0.040000 0.018723 0.030995 0.997489
-0.040000 0.018723 0.032670 0.997489
-0.040000 0.018723 0.034346 0.997489
-0.040000 0.018723 0.036021 0.997489
-0.040000 0.018723 0.037696 0.997489
-0.040000 0.018723 0.039372 0.997489
-0.040000 0.018723 0.041047 0.997489
-0.040000 0.018723 0.042723 0.997489
-0.040000 0.018723 0.044398 0.997489
-0.040000 0.018723 0.046073 0.997489
-0.040000 0.018723 0.047749 0.997489
-0.040000 0.018723 0.049424 0.997489
-0.040000 0.018723 0.051099 0.997489
-0.040000 0.018723 0.052775 0.997489
-0.040000 0.018723 0.054450 0.997489
-0.040000 0.018723 0.056126 0.997489
-0.040000 0.018723 0.057801 0.997489
-0.040000 0.018723 0.059476 0.997489
-0.040000 0.018723 0.061152 0.997489
-0.040000 0.018723 0.062827 0.997489
-0.040000 0.018723 0.064503 0.997489
-0.040000 0.018723 0.066178 0.997489
-0.040000 0.018723 0.067853 0.997489
-0.040000 0.018723 0.069529 0.997489
-0.040000 0.018723 0.071204 0.997489
-0.040000 0.018723 0.072880 0.997489
-0.040000 0.018723 0.074555 0.997489
-0.040000 0.018723 0.076230 0.997489
-0.040000 0.018723 0.077906 0.997489
-0.040000 0.018723 0.079581 0.997489
-0.040000 0.018723 0.081257 0.997489
-0.040000 0.018723 0.082932 0.997489
-0.040000 0.018723 0.084607 0.997489
-0.040000 0.018723 0.086283 0.997489
-0.040000 0.018723 0.087958 0.997489
-0.040000 0.018723 0.089634 0.997489
-0.040000 0.018723 0.091309 0.997489
-0.040000 0.018723 0.092984 0.997489
-0.040000 0.018723 0.094660 0.997489
-0.040000 0.018723 0.096335 0.997489
-0.040000 0.018723 0.098010 0.997489
-0.040000 0.018723 0.099686 0.997489
-0.040000 0.018723 0.101361 0.997489
-0.040000 0.018723 0.103037 0.997489
-0.040000 0.018723 0.104712 0.997489
-0.040000 0.018723 0.106387 0.997489
-0.040000 0.018723 0.108063 0.997489
-0.040000 0.018723 0.109738 0.997489
-0.040000 0.018723 0.111414 0.997489
-0.040000 0.018723 0.113089 0.997489
-0.040000 0.018723 0.114764 0.997489
-0.040000 0.018723 0.116440 0.997489
-0.040000 0.018723 0.118115 0.997489
-0.040000 0.018723 0.119791 0.997489
-0.040000 0.018723 0.121466 0.997489
-0.040000 0.018723 0.123141 0.997489
-0.040000 0.018723 0.124817 0.997489
-0.040000 0.018723 0.126492 0.997489
-0.040000 0.018723 0.128168 0.997489
-0.040000 0.018723 0.129843 0.997489
-0.040000 0.018723 0.131518 0.997489
-0.040000 0.018723 0.133194 0.997489
-0.040000 0.018723 0.134869 0.997489
-0.040000 0.018723 0.136545 0.997489
-0.040000 0.018723 0.138220 0.997489
-0.040000 0.018723 0.139895 0.997489
-0.040000 0.018723 0.141571 0.997489
-0.040000 0.018723 0.143246 0.997489
-0.040000 0.018723 0.144921 0.997489
-0.040000 0.018723 0.146597 0.997489
-0.040000 0.018723 0.148272 0.997489
-0.040000 0.018723 0.149948 0.997489
-0.040000 0.018723 0.151623 0.997489
-0.040000 0.018723 0.153298 0.997489
-0.040000 0.018723 0.154974 0.997489
-0.040000 0.018723 0.156649 0.997489
-0.040000 0.018723 0.158325 0.997489
-0.040000 0.018723 0.160000 0.997489
-0.040000 0.020426 -0.160000 0.999721
-0.040000 0.020426 -0.158325 0.999721
-0.040000 0.020426 -0.156649 0.999721
-0.040000 0.020426 -0.154974 0.999721
-0.040000 0.020426 -0.153298 0.999721
-0.040000 0.020426 -0.151623 0.999721
-0.040000 0.020426 -0.149948 0.999721
-0.040000 0.020426 -0.148272 0.999721
-0.040000 0.020426 -0.146597 0.999721
-0.040000 0.020426 -0.144921 0.999721
-0.040000 0.020426 -0.143246 0.999721
-0.040000 0.020426 -0.141571 0.999721
-0.040000 0.020426 -0.139895 0.999721
-0.040000 0.020426 -0.138220 0.999721
-0.040000 0.020426 -0.136545 0.999721
-0.040000 0.020426 -0.134869 0.999721
-0.040000 0.020426 -0.133194 0.999721
-0.040000 0.020426 -0.131518 0.999721
-0.040000 0.020426 -0.129843 0.999721
-0.040000 0.020426 -0.128168 0.999721
-0.040000 0.020426 -0.126492 0.999721
-0.040000 0.020426 -0.124817 0.999721
-0.040000 0.020426 -0.123141 0.999721
-0.040000 0.020426 -0.121466 0.999721
-0.040000 0.020426 -0.119791 0.999721
-0.040000 0.020426 -0.118115 0.999721
-0.040000 0.020426 -0.116440 0.999721
-0.040000 0.020426 -0.114764 0.999721
-0.040000 0.020426 -0.113089 0.999721
-0.040000 0.020426 -0.111414 0.999721
-0.040000 0.020426 -0.109738 0.999721
-0.040000 0.020426 -0.108063 0.999721
-0.040000 0.020426 -0.106387 0.999721
-0.040000 0.020426 -0.104712 0.999721
-0.040000 0.020426 -0.103037 0.999721
-0.040000 0.020426 -0.101361 0.999721
-0.040000 0.020426 -0.099686 0.999721
-0.040000 0.020426 -0.098010 0.999721
-0.040000 0.020426 -0.096335 0.999721
-0.040000 0.020426 -0.094660 0.999721
-0.040000 0.020426 -0.092984 0.999721
-0.040000 0.020426 -0.091309 0.999721
-0.040000 0.020426 -0.089634 0.999721
-0.040000 0.020426 -0.087958 0.999721
-0.040000 0.020426 -0.086283 0.999721
-0.040000 0.020426 -0.084607 0.999721
-0.040000 0.020426 -0.082932 0.999721
-0.040000 0.020426 -0.081257 0.999721
-0.040000 0.020426 -0.079581 0.999721
-0.040000 0.020426 -0.077906 0.999721
-0.040000 0.020426 -0.076230 0.999721
-0.040000 0.020426 -0.074555 0.999721
-0.040000 0.020426 -0.072880 0.999721
-0.040000 0.020426 -0.071204 0.999721
-0.040000 0.020426 -0.069529 0.999721
-0.040000 0.020426 -0.067853 0.999721
-0.040000 0.020426 -0.066178 0.999721
-0.040000 0.020426 -0.064503 0.999721
-0.040000 0.020426 -0.062827 0.999721
-0.040000 0.020426 -0.061152 0.999721
-0.040000 0.020426 -0.059476 0.999721
-0.040000 0.020426 -0.057801 0.999721
-0.040000 0.020426 -0.056126 0.999721
-0.040000 0.020426 -0.054450 0.999721
-0.040000 0.020426 -0.052775 0.999721
-0.040000 0.020426 -0.051099 0.999721
-0.040000 0.020426 -0.049424 0.999721
-0.040000 0.020426 -0.047749 0.999721
-0.040000 0.020426 -0.046073 0.999721
-0.040000 0.020426 -0.044398 0.999721
-0.040000 0.020426 -0.042723 0.999721
-0.040000 0.020426 -0.041047 0.999721
-0.040000 0.020426 -0.039372 0.999721
-0.040000 0.020426 -0.037696 0.999721
-0.040000 0.020426 -0.036021 0.999721
-0.040000 0.020426 -0.034346 0.999721
-0.040000 0.020426 -0.032670 0.999721
-0.040000 0.020426 -0.030995 0.999721
-0.040000 0.020426 -0.029319 0.999721
-0.040000 0.020426 -0.027644 0.999721
-0.040000 0.020426 -0.025969 0.999721
-0.040000 0.020426 -0.024293 0.999721
-0.040000 0.020426 -0.022618 0.999721
-0.040000 0.020426 -0.020942 0.999721
-0.040000 0.020426 -0.019267 0.999721
-0.040000 0.020426 -0.017592 0.999721
-0.040000 0.020426 -0.015916 0.999721
-0.040000 0.020426 -0.014241 0.999721
-0.040000 0.020426 -0.012565 0.999721
-0.040000 0.020426 -0.010890 0.999721
-0.040000 0.020426 -0.009215 0.999721
-0.040000 0.020426 -0.007539 0.999721
-0.040000 0.020426 -0.005864 0.999721
-0.040000 0.020426 -0.004188 0.999721
-0.040000 0.020426 -0.002513 0.999721
-0.040000 0.020426 -0.000838 0.999721
-0.040000 0.020426 0.000838 0.999721
-0.040000 0.020426 0.002513 0.999721
-0.040000 0.020426 0.004188 0.999721
-0.040000 0.020426 0.005864 0.999721
-0.040000 0.020426 0.007539 0.999721
-0.040000 0.020426 0.009215 0.999721
-0.040000 0.020426 0.010890 0.999721
-0.040000 0.020426 0.012565 0.999721
-0.040000 0.020426 0.014241 0.999721
-0.040000 0.020426 0.015916 0.999721
-0.040000 0.020426 0.017592 0.999721
-0.040000 0.020426 0.019267 0.999721
-0.040000 0.020426 0.020942 0.999721
-0.040000 0.020426 0.022618 0.999721
-0.040000 0.020426 0.024293 0.999721
-0.040000 0.020426 0.025969 0.999721
-0.040000 0.020426 0.027644 0.999721
-0.040000 0.020426 0.029319 0.999721
-0.040000 0.020426 0.030995 0.999721
-0.040000 0.020426 0.032670 0.999721
-0.040000 0.020426 0.034346 0.999721
-0.040000 0.020426 0.036021 0.999721
-0.040000 0.020426 0.037696 0.999721
-0.040000 0.020426 0.039372 0.999721
-0.040000 0.020426 0.041047 0.999721
-0.040000 0.020426 0.042723 0.999721
-0.040000 0.020426 0.044398 0.999721
-0.040000 0.020426 0.046073 0.999721
-0.040000 0.020426 0.047749 0.999721
-0.040000 0.020426 0.049424 0.999721
-0.040000 0.020426 0.051099 0.999721
-0.040000 0.020426 0.052775 0.999721
-0.040000 0.020426 0.054450 0.999721
-0.040000 0.020426 0.056126 0.999721
-0.040000 0.020426 0.057801 0.999721
-0.040000 0.020426 0.059476 0.999721
-0.040000 0.020426 0.061152 0.999721
-0.040000 0.020426 0.062827 0.999721
-0.040000 0.020426 0.064503 0.999721
-0.040000 0.020426 0.066178 0.999721
-0.040000 0.020426 0.067853 0.999721
-0.040000 0.020426 0.069529 0.999721
-0.040000 0.020426 0.071204 0.999721
-0.040000 0.020426 0.072880 0.999721
-0.040000 0.020426 0.074555 0.999721
-0.040000 0.020426 0.076230 0.999721
-0.040000 0.020426 0.077906 0.999721
-0.040000 0.020426 0.079581 0.999721
-0.040000 0.020426 0.081257 0.999721
-0.040000 0.020426 0.082932 0.999721
-0.040000 0.020426 0.084607 0.999721
-0.040000 0.020426 0.086283 0.999721
-0.040000 0.020426 0.087958 0.999721
-0.040000 0.020426 0.089634 0.999721
-0.040000 0.020426 0.091309 0.999721
-0.040000 0.020426 0.092984 0.999721
-0.040000 0.020426 0.094660 0.999721
-0.040000 0.020426 0.096335 0.999721
-0.040000 0.020426 0.098010 0.999721
-0.040000 0.020426 0.099686 0.999721
-0.040000 0.020426 0.101361 0.999721
-0.040000 0.020426 0.103037 0.999721
-0.040000 0.020426 0.104712 0.999721
-0.040000 0.020426 0.106387 0.999721
-0.040000 0.020426 0.108063 0.999721
-0.040000 0.020426 0.109738 0.999721
-0.040000 0.020426 0.111414 0.999721
-0.040000 0.020426 0.113089 0.999721
-0.040000 0.020426 0.114764 0.999721
-0.040000 0.020426 0.116440 0.999721
-0.040000 0.020426 0.118115 0.999721
-0.040000 0.020426 0.119791 0.999721
-0.040000 0.020426 0.121466 0.999721
-0.040000 0.020426 0.123141 0.999721
-0.040000 0.020426 0.124817 0.999721
-0.040000 0.020426 0.126492 0.999721
-0.040000 0.020426 0.128168 0.999721
-0.040000 0.020426 0.129843 0.999721
-0.040000 0.020426 0.131518 0.999721
-0.040000 0.020426 0.133194 0.999721
-0.040000 0.020426 0.134869 0.999721
-0.040000 0.020426 0.136545 0.999721
-0.040000 0.020426 0.138220 0.999721
-0.040000 0.020426 0.139895 0.999721
-0.040000 0.020426 0.141571 0.999721
-0.040000 0.020426 0.143246 0.999721
-0.040000 0.020426 0.144921 0.999721
-0.040000 0.020426 0.146597 0.999721
-0.040000 0.020426 0.148272 0.999721
-0.040000 0.020426 0.149948 0.999721
-0.040000 0.020426 0.151623 0.999721
-0.040000 0.020426 0.153298 0.999721
-0.040000 0.020426 0.154974 0.999721
-0.040000 0.020426 0.156649 0.999721
-0.040000 0.020426 0.158325 0.999721
-0.040000 0.020426 0.160000 0.999721
-0.040000 0.022128 -0.160000 0.993035
-0.040000 0.022128 -0.158325 0.993035
-0.040000 0.022128 -0.156649 0.993035
-0.040000 0.022128 -0.154974 0.993035
-0.040000 0.022128 -0.153298 0.993035
-0.040000 0.022128 -0.151623 0.993035
-0.040000 0.022128 -0.149948 0.993035
-0.040000 0.022128 -0.148272 0.993035
-0.040000 0.022128 -0.146597 0.993035
-0.040000 0.022128 -0.144921 0.993035
-0.040000 0.022128 -0.143246 0.993035
-0.040000 0.022128 -0.141571 0.993035
-0.040000 0.022128 -0.139895 0.993035
-0.040000 0.022128 -0.138220 0.993035
-0.040000 0.022128 -0.136545 0.993035
-0.040000 0.022128 -0.134869 0.993035
-0.040000 0.022128 -0.133194 0.993035
-0.040000 0.022128 -0.131518 0.993035
-0.040000 0.022128 -0.129843 0.993035
-0.040000 0.022128 -0.128168 0.993035
-0.040000 0.022128 -0.126492 0.993035
-0.040000 0.022128 -0.124817 0.993035
-0.040000 0.022128 -0.123141 0.993035
-0.040000 0.022128 -0.121466 0.993035
-0.040000 0.022128 -0.119791 0.993035
-0.040000 0.022128 -0.118115 0.993035
-0.040000 0.022128 -0.116440 0.993035
-0.040000 0.022128 -0.114764 0.993035
-0.040000 0.022128 -0.113089 0.993035
-0.040000 0.022128 -0.111414 0.993035
-0.040000 0.022128 -0.109738 0.993035
-0.040000 0.022128 -0.108063 0.993035
-0.040000 0.022128 -0.106387 0.993035
-0.040000 0.022128 -0.104712 0.993035
-0.040000 0.022128 -0.103037 0.993035
-0.040000 0.022128 -0.101361 0.993035
-0.040000 0.022128 -0.099686 0.993035
-0.040000 0.022128 -0.098010 0.993035
-0.040000 0.022128 -0.096335 0.993035
-0.040000 0.022128 -0.094660 0.993035
-0.040000 0.022128 -0.092984 0.993035
-0.040000 0.022128 -0.091309 0.993035
-0.040000 0.022128 -0.089634 0.993035
-0.040000 0.022128 -0.087958 0.993035
-0.040000 0.022128 -0.086283 0.993035
-0.040000 0.022128 -0.084607 0.993035
-0.040000 0.022128 -0.082932 0.993035
-0.040000 0.022128 -0.081257 0.993035
-0.040000 0.022128 -0.079581 0.993035
-0.040000 0.022128 -0.077906 0.993035
-0.040000 0.022128 -0.076230 0.993035
-0.040000 0.022128 -0.074555 0.993035
-0.040000 0.022128 -0.072880 0.993035
-0.040000 0.022128 -0.071204 0.993035
-0.040000 0.022128 -0.069529 0.993035
-0.040000 0.022128 -0.067853 0.993035
-0.040000 0.022128 -0.066178 0.993035
-0.040000 0.022128 -0.064503 0.993035
-0.040000 0.022128 -0.062827 0.993035
-0.040000 0.022128 -0.061152 0.993035
-0.040000 0.022128 -0.059476 0.993035
-0.040000 0.022128 -0.057801 0.993035
-0.040000 0.022128 -0.056126 0.993035
-0.040000 0.022128 -0.054450 0.993035
-0.040000 0.022128 -0.052775 0.993035
-0.040000 0.022128 -0.051099 0.993035
-0.040000 0.022128 -0.049424 0.993035
-0.040000 0.022128 -0.047749 0.993035
-0.040000 0.022128 -0.046073 0.993035
-0.040000 0.022128 -0.044398 0.993035
-0.040000 0.022128 -0.042723 0.993035
-0.040000 0.022128 -0.041047 0.993035
-0.040000 0.022128 -0.039372 0.993035
-0.040000 0.022128 -0.037696 0.993035
-0.040000 0.022128 -0.036021 0.993035
-0.040000 0.022128 -0.034346 0.993035
-0.040000 0.022128 -0.032670 0.993035
-0.040000 0.022128 -0.030995 0.993035
-0.040000 0.022128 -0.029319 0.993035
-0.040000 0.022128 -0.027644 0.993035
-0.040000 0.022128 -0.025969 0.993035
-0.040000 0.022128 -0.024293 0.993035
-0.040000 0.022128 -0.022618 0.993035
-0.040000 0.022128 -0.020942 0.993035
-0.040000 0.022128 -0.019267 0.993035
-0.040000 0.022128 -0.017592 0.993035
-0.040000 0.022128 -0.015916 0.993035
-0.040000 0.022128 -0.014241 0.993035
-0.040000 0.022128 -0.012565 0.993035
-0.040000 0.022128 -0.010890 0.993035
-0.040000 0.022128 -0.009215 0.993035
-0.040000 0.022128 -0.007539 0.993035
-0.040000 0.022128 -0.005864 0.993035
-0.040000 0.022128 -0.004188 0.993035
-0.040000 0.022128 -0.002513 0.993035
-0.040000 0.022128 -0.000838 0.993035
-0.040000 0.022128 0.000838 0.993035
-0.040000 0.022128 0.002513 0.993035
-0.040000 0.022128 0.004188 0.993035
-0.040000 0.022128 0.005864 0.993035
-0.040000 0.022128 0.007539 0.993035
-0.040000 0.022128 0.009215 0.993035
-0.040000 0.022128 0.010890 0.993035
-0.040000 0.022128 0.012565 0.993035
-0.040000 0.022128 0.014241 0.993035
-0.040000 0.022128 0.015916 0.993035
-0.040000 0.022128 0.017592 0.993035
-0.040000 0.022128 0.019267 0.993035
-0.040000 0.022128 0.020942 0.993035
-0.040000 0.022128 0.022618 0.993035
-0.040000 0.022128 0.024293 0.993035
-0.040000 0.022128 0.025969 0.993035
-0.040000 0.022128 0.027644 0.993035
-0.040000 0.022128 0.029319 0.993035
-0.040000 0.022128 0.030995 0.993035
-0.040000 0.022128 0.032670 0.993035
-0.040000 0.022128 0.034346 0.993035
-0.040000 0.022128 0.036021 0.993035
-0.040000 0.022128 0.037696 0.993035
-0.040000 0.022128 0.039372 0.993035
-0.040000 0.022128 0.041047 0.993035
-0.040000 0.022128 0.042723 0.993035
-0.040000 0.022128 0.044398 0.993035
-0.040000 0.022128 0.046073 0.993035
-0.040000 0.022128 0.047749 0.993035
-0.040000 0.022128 0.049424 0.993035
-0.040000 0.022128 0.051099 0.993035
-0.040000 0.022128 0.052775 0.993035
-0.040000 0.022128 0.054450 0.993035
-0.040000 0.022128 0.056126 0.993035
-0.040000 0.022128 0.057801 0.993035
-0.040000 0.022128 0.059476 0.993035
-0.040000 0.022128 0.061152 0.993035
-0.040000 0.022128 0.062827 0.993035
-0.040000 0.022128 0.064503 0.993035
-0.040000 0.022128 0.066178 0.993035
-0.040000 0.022128 0.067853 0.993035
-0.040000 0.022128 0.069529 0.993035
-0.040000 0.022128 0.071204 0.993035
-0.040000 0.022128 0.072880 0.993035
-0.040000 0.022128 0.074555 0.993035
-0.040000 0.022128 0.076230 0.993035
-0.040000 0.022128 0.077906 0.993035
-0.040000 0.022128 0.079581 0.993035
-0.040000 0.022128 0.081257 0.993035
-0.040000 0.022128 0.082932 0.993035
-0.040000 0.022128 0.084607 0.993035
-0.040000 0.022128 0.086283 0.993035
-0.040000 0.022128 0.087958 0.993035
-0.040000 0.022128 0.089634 0.993035
-0.040000 0.022128 0.091309 0.993035
-0.040000 0.022128 0.092984 0.993035
-0.040000 0.022128 0.094660 0.993035
-0.040000 0.022128 0.096335 0.993035
-0.040000 0.022128 0.098010 0.993035
-0.040000 0.022128 0.099686 0.993035
-0.040000 0.022128 0.101361 0.993035
-0.040000 0.022128 0.103037 0.993035
-0.040000 0.022128 0.104712 0.993035
-0.040000 0.022128 0.106387 0.993035
-0.040000 0.022128 0.108063 0.993035
-0.040000 0.022128 0.109738 0.993035
-0.040000 0.022128 0.111414 0.993035
-0.040000 0.022128 0.113089 0.993035
-0.040000 0.022128 0.114764 0.993035
-0.040000 0.022128 0.116440 0.993035
-0.040000 0.022128 0.118115 0.993035
-0.040000 0.022128 0.119791 0.993035
-0.040000 0.022128 0.121466 0.993035
-0.040000 0.022128 0.123141 0.993035
-0.040000 0.022128 0.124817 0.993035
-0.040000 0.022128 0.126492 0.993035
-0.040000 0.022128 0.128168 0.993035
-0.040000 0.022128 0.129843 0.993035
-0.040000 0.022128 0.131518 0.993035
-0.040000 0.022128 0.133194 0.993035
-0.040000 0.022128 0.134869 0.993035
-0.040000 0.022128 0.136545 0.993035
-0.040000 0.022128 0.138220 0.993035
-0.040000 0.022128 0.139895 0.993035
-0.040000 0.022128 0.141571 0.993035
-0.040000 0.022128 0.143246 0.993035
-0.040000 0.022128 0.144921 0.993035
-0.040000 0.022128 0.146597 0.993035
-0.040000 0.022128 0.148272 0.993035
-0.040000 0.022128 0.149948 0.993035
-0.040000 0.022128 0.151623 0.993035
-0.040000 0.022128 0.153298 0.993035
-0.040000 0.022128 0.154974 0.993035
-0.040000 0.022128 0.156649 0.993035
-0.040000 0.022128 0.158325 0.993035
-0.040000 0.022128 0.160000 0.993035
-0.040000 0.023830 -0.160000 0.977551
-0.040000 0.023830 -0.158325 0.977551
-0.040000 0.023830 -0.156649 0.977551
-0.040000 0.023830 -0.154974 0.977551
-0.040000 0.023830 -0.153298 0.977551
-0.040000 0.023830 -0.151623 0.977551
-0.040000 0.023830 -0.149948 0.977551
-0.040000 0.023830 -0.148272 0.977551
-0.040000 0.023830 -0.146597 0.977551
-0.040000 0.023830 -0.144921 0.977551
-0.040000 0.023830 -0.143246 0.977551
-0.040000 0.023830 -0.141571 0.977551
-0.040000 0.023830 -0.139895 0.977551
-0.040000 0.023830 -0.138220 0.977551
-0.040000 0.023830 -0.136545 0.977551
-0.040000 0.023830 -0.134869 0.977551
-0.040000 0.023830 -0.133194 0.977551
-0.040000 0.023830 -0.131518 0.977551
-0.040000 0.023830 -0.129843 0.977551
-0.040000 0.023830 -0.128168 0.977551
-0.040000 0.023830 -0.126492 0.977551
-0.040000 0.023830 -0.124817 0.977551
-0.040000 0.023830 -0.123141 0.977551
-0.040000 0.023830 -0.121466 0.977551
-0.040000 0.023830 -0.119791 0.977551
-0.040000 0.023830 -0.118115 0.977551
-0.040000 0.023830 -0.116440 0.977551
-0.040000 0.023830 -0.114764 0.977551
-0.040000 0.023830 -0.113089 0.977551
-0.040000 0.023830 -0.111414 0.977551
-0.040000 0.023830 -0.109738 0.977551
-0.040000 0.023830 -0.108063 0.977551
-0.040000 0.023830 -0.106387 0.977551
-0.040000 0.023830 -0.104712 0.977551
-0.040000 0.023830 -0.103037 0.977551
-0.040000 0.023830 -0.101361 0.977551
-0.040000 0.023830 -0.099686 0.977551
-0.040000 0.023830 -0.098010 0.977551
-0.040000 0.023830 -0.096335 0.977551
-0.040000 0.023830 -0.094660 0.977551
-0.040000 0.023830 -0.092984 0.977551
-0.040000 0.023830 -0.091309 0.977551
-0.040000 0.023830 -0.089634 0.977551
-0.040000 0.023830 -0.087958 0.977551
-0.040000 0.023830 -0.086283 0.977551
-0.040000 0.023830 -0.084607 0.977551
-0.040000 0.023830 -0.082932 0.977551
-0.040000 0.023830 -0.081257 0.977551
-0.040000 0.023830 -0.079581 0.977551
-0.040000 0.023830 -0.077906 0.977551
-0.040000 0.023830 -0.076230 0.977551
-0.040000 0.023830 -0.074555 0.977551
-0.040000 0.023830 -0.072880 0.977551
-0.040000 0.023830 -0.071204 0.977551
-0.040000 0.023830 -0.069529 0.977551
-0.040000 0.023830 -0.067853 0.977551
-0.040000 0.023830 -0.066178 0.977551
-0.040000 0.023830 -0.064503 0.977551
-0.040000 0.023830 -0.062827 0.977551
-0.040000 0.023830 -0.061152 0.977551
-0.040000 0.023830 -0.059476 0.977551
-0.040000 0.023830 -0.057801 0.977551
-0.040000 0.023830 -0.056126 0.977551
-0.040000 0.023830 -0.054450 0.977551
-0.040000 0.023830 -0.052775 0.977551
-0.040000 0.023830 -0.051099 0.977551
-0.040000 0.023830 -0.049424 0.977551
-0.040000 0.023830 -0.047749 0.977551
-0.040000 0.023830 -0.046073 0.977551
-0.040000 0.023830 -0.044398 0.977551
-0.040000 0.023830 -0.042723 0.977551
-0.040000 0.023830 -0.041047 0.977551
-0.040000 0.023830 -0.039372 0.977551
-0.040000 0.023830 -0.037696 0.977551
-0.040000 0.023830 -0.036021 0.977551
-0.040000 0.023830 -0.034346 0.977551
-0.040000 0.023830 -0.032670 0.977551
-0.040000 0.023830 -0.030995 0.977551
-0.040000 0.023830 -0.029319 0.977551
-0.040000 0.023830 -0.027644 0.977551
-0.040000 0.023830 -0.025969 0.977551
-0.040000 0.023830 -0.024293 0.977551
-0.040000 0.023830 -0.022618 0.977551
-0.040000 0.023830 -0.020942 0.977551
-0.040000 0.023830 -0.019267 0.977551
-0.040000 0.023830 -0.017592 0.977551
-0.040000 0.023830 -0.015916 0.977551
-0.040000 0.023830 -0.014241 0.977551
-0.040000 0.023830 -0.012565 0.977551
-0.040000 0.023830 -0.010890 0.977551
-0.040000 0.023830 -0.009215 0.977551
-0.040000 0.023830 -0.007539 0.977551
-0.040000 0.023830 -0.005864 0.977551
-0.040000 0.023830 -0.004188 0.977551
-0.040000 0.023830 -0.002513 0.977551
-0.040000 0.023830 -0.000838 0.977551
-0.040000 0.023830 0.000838 0.977551
-0.040000 0.023830 0.002513 0.977551
-0.040000 0.023830 0.004188 0.977551
-0.040000 0.023830 0.005864 0.977551
-0.040000 0.023830 0.007539 0.977551
-0.040000 0.023830 0.009215 0.977551
-0.040000 0.023830 0.010890 0.977551
-0.040000 0.023830 0.012565 0.977551
-0.040000 0.023830 0.014241 0.977551
-0.040000 0.023830 0.015916 0.977551
-0.040000 0.023830 0.017592 0.977551
-0.040000 0.023830 0.019267 0.977551
-0.040000 0.023830 0.020942 0.977551
-0.040000 0.023830 0.022618 0.977551
-0.040000 0.023830 0.024293 0.977551
-0.040000 0.023830 0.025969 0.977551
-0.040000 0.023830 0.027644 0.977551
-0.040000 0.023830 0.029319 0.977551
-0.040000 0.023830 0.030995 0.977551
-0.040000 0.023830 0.032670 0.977551
-0.040000 0.023830 0.034346 0.977551
-0.040000 0.023830 0.036021 0.977551
-0.040000 0.023830 0.037696 0.977551
-0.040000 0.023830 0.039372 0.977551
-0.040000 0.023830 0.041047 0.977551
-0.040000 0.023830 0.042723 0.977551
-0.040000 0.023830 0.044398 0.977551
-0.040000 0.023830 0.046073 0.977551
-0.040000 0.023830 0.047749 0.977551
-0.040000 0.023830 0.049424 0.977551
-0.040000 0.023830 0.051099 0.977551
-0.040000 0.023830 0.052775 0.977551
-0.040000 0.023830 0.054450 0.977551
-0.040000 0.023830 0.056126 0.977551
-0.040000 0.023830 0.057801 0.977551
-0.040000 0.023830 0.059476 0.977551
-0.040000 0.023830 0.061152 0.977551
-0.040000 0.023830 0.062827 0.977551
-0.040000 0.023830 0.064503 0.977551
-0.040000 0.023830 0.066178 0.977551
-0.040000 0.023830 0.067853 0.977551
-0.040000 0.023830 0.069529 0.977551
-0.040000 0.023830 0.071204 0.977551
-0.040000 0.023830 0.072880 0.977551
-0.040000 0.023830 0.074555 0.977551
-0.040000 0.023830 0.076230 0.977551
-0.040000 0.023830 0.077906 0.977551
-0.040000 0.023830 0.079581 0.977551
-0.040000 0.023830 0.081257 0.977551
-0.040000 0.023830 0.082932 0.977551
-0.040000 0.023830 0.084607 0.977551
-0.040000 0.023830 0.086283 0.977551
-0.040000 0.023830 0.087958 0.977551
-0.040000 0.023830 0.089634 0.977551
-0.040000 0.023830 0.091309 0.977551
-0.040000 0.023830 0.092984 0.977551
-0.040000 0.023830 0.094660 0.977551
-0.040000 0.023830 0.096335 0.977551
-0.040000 0.023830 0.098010 0.977551
-0.040000 0.023830 0.099686 0.977551
-0.040000 0.023830 0.101361 0.977551
-0.040000 0.023830 0.103037 0.977551
-0.040000 0.023830 0.104712 0.977551
-0.040000 0.023830 0.106387 0.977551
-0.040000 0.023830 0.108063 0.977551
-0.040000 0.023830 0.109738 0.977551
-0.040000 0.023830 0.111414 0.977551
-0.040000 0.023830 0.113089 0.977551
-0.040000 0.023830 0.114764 0.977551
-0.040000 0.023830 0.116440 0.977551
-0.040000 0.023830 0.118115 0.977551
-0.040000 0.023830 0.119791 0.977551
-0.040000 0.023830 0.121466 0.977551
-0.040000 0.023830 0.123141 0.977551
-0.040000 0.023830 0.124817 0.977551
-0.040000 0.023830 0.126492 0.977551
-0.040000 0.023830 0.128168 0.977551
-0.040000 0.023830 0.129843 0.977551
-0.040000 0.023830 0.131518 0.977551
-0.040000 0.023830 0.133194 0.977551
-0.040000 0.023830 0.134869 0.977551
-0.040000 0.023830 0.136545 0.977551
-0.040000 0.023830 0.138220 0.977551
-0.040000 0.023830 0.139895 0.977551
-0.040000 0.023830 0.141571 0.977551
-0.040000 0.023830 0.143246 0.977551
-0.040000 0.023830 0.144921 0.977551
-0.040000 0.023830 0.146597 0.977551
-0.040000 0.023830 0.148272 0.977551
-0.040000 0.023830 0.149948 0.977551
-0.040000 0.023830 0.151623 0.977551
-0.040000 0.023830 0.153298 0.977551
-0.040000 0.023830 0.154974 0.977551
-0.040000 0.023830 0.156649 0.977551
-0.040000 0.023830 0.158325 0.977551
-0.040000 0.023830 0.160000 0.977551
-0.040000 0.025532 -0.160000 0.953545
-0.040000 0.025532 -0.158325 0.953545
-0.040000 0.025532 -0.156649 0.953545
-0.040000 0.025532 -0.154974 0.953545
-0.040000 0.025532 -0.153298 0.953545
-0.040000 0.025532 -0.151623 0.953545
-0.040000 0.025532 -0.149948 0.953545
-0.040000 0.025532 -0.148272 0.953545
-0.040000 0.025532 -0.146597 0.953545
-0.040000 0.025532 -0.144921 0.953545
-0.040000 0.025532 -0.143246 0.953545
-0.040000 0.025532 -0.141571 0.953545
-0.040000 0.025532 -0.139895 0.953545
-0.040000 0.025532 -0.138220 0.953545
-0.040000 0.025532 -0.136545 0.953545
-0.040000 0.025532 -0.134869 0.953545
-0.040000 0.025532 -0.133194 0.953545
-0.040000 0.025532 -0.131518 0.953545
-0.040000 0.025532 -0.129843 0.953545
-0.040000 0.025532 -0.128168 0.953545
-0.040000 0.025532 -0.126492 0.953545
-0.040000 0.025532 -0.124817 0.953545
-0.040000 0.025532 -0.123141 0.953545
-0.040000 0.025532 -0.121466 0.953545
-0.040000 0.025532 -0.119791 0.953545
-0.040000 0.025532 -0.118115 0.953545
-0.040000 0.025532 -0.116440 0.953545
-0.040000 0.025532 -0.114764 0.953545
-0.040000 0.025532 -0.113089 0.953545
-0.040000 0.025532 -0.111414 0.953545
-0.040000 0.025532 -0.109738 0.953545
-0.040000 0.025532 -0.108063 0.953545
-0.040000 0.025532 -0.106387 0.953545
-0.040000 0.025532 -0.104712 0.953545
-0.040000 0.025532 -0.103037 0.953545
-0.040000 0.025532 -0.101361 0.953545
-0.040000 0.025532 -0.099686 0.953545
-0.040000 0.025532 -0.098010 0.953545
-0.040000 0.025532 -0.096335 0.953545
-0.040000 0.025532 -0.094660 0.953545
-0.040000 0.025532 -0.092984 0.953545
-0.040000 0.025532 -0.091309 0.953545
-0.040000 0.025532 -0.089634 0.953545
-0.040000 0.025532 -0.087958 0.953545
-0.040000 0.025532 -0.086283 0.953545
-0.040000 0.025532 -0.084607 0.953545
-0.040000 0.025532 -0.082932 0.953545
-0.040000 0.025532 -0.081257 0.953545
-0.040000 0.025532 -0.079581 0.953545
-0.040000 0.025532 -0.077906 0.953545
-0.040000 0.025532 -0.076230 0.953545
-0.040000 0.025532 -0.074555 0.953545
-0.040000 0.025532 -0.072880 0.953545
-0.040000 0.025532 -0.071204 0.953545
-0.040000 0.025532 -0.069529 0.953545
-0.040000 0.025532 -0.067853 0.953545
-0.040000 0.025532 -0.066178 0.953545
-0.040000 0.025532 -0.064503 0.953545
-0.040000 0.025532 -0.062827 0.953545
-0.040000 0.025532 -0.061152 0.953545
-0.040000 0.025532 -0.059476 0.953545
-0.040000 0.025532 -0.057801 0.953545
-0.040000 0.025532 -0.056126 0.953545
-0.040000 0.025532 -0.054450 0.953545
-0.040000 0.025532 -0.052775 0.953545
-0.040000 0.025532 -0.051099 0.953545
-0.040000 0.025532 -0.049424 0.953545
-0.040000 0.025532 -0.047749 0.953545
-0.040000 0.025532 -0.046073 0.953545
-0.040000 0.025532 -0.044398 0.953545
-0.040000 0.025532 -0.042723 0.953545
-0.040000 0.025532 -0.041047 0.953545
-0.040000 0.025532 -0.039372 0.953545
-0.040000 0.025532 -0.037696 0.953545
-0.040000 0.025532 -0.036021 0.953545
-0.040000 0.025532 -0.034346 0.953545
-0.040000 0.025532 -0.032670 0.953545
-0.040000 0.025532 -0.030995 0.953545
-0.040000 0.025532 -0.029319 0.953545
-0.040000 0.025532 -0.027644 0.953545
-0.040000 0.025532 -0.025969 0.953545
-0.040000 0.025532 -0.024293 0.953545
-0.040000 0.025532 -0.022618 0.953545
-0.040000 0.025532 -0.020942 0.953545
-0.040000 0.025532 -0.019267 0.953545
-0.040000 0.025532 -0.017592 0.953545
-0.040000 0.025532 -0.015916 0.953545
-0.040000 0.025532 -0.014241 0.953545
-0.040000 0.025532 -0.012565 0.953545
-0.040000 0.025532 -0.010890 0.953545
-0.040000 0.025532 -0.009215 0.953545
-0.040000 0.025532 -0.007539 0.953545
-0.040000 0.025532 -0.005864 0.953545
-0.040000 0.025532 -0.004188 0.953545
-0.040000 0.025532 -0.002513 0.953545
-0.040000 0.025532 -0.000838 0.953545
-0.040000 0.025532 0.000838 0.953545
-0.040000 0.025532 0.002513 0.953545
-0.040000 0.025532 0.004188 0.953545
-0.040000 0.025532 0.005864 0.953545
-0.040000 0.025532 0.007539 0.953545
-0.040000 0.025532 0.009215 0.953545
-0.040000 0.025532 0.010890 0.953545
-0.040000 0.025532 0.012565 0.953545
-0.040000 0.025532 0.014241 0.953545
-0.040000 0.025532 0.015916 0.953545
-0.040000 0.025532 0.017592 0.953545
-0.040000 0.025532 0.019267 0.953545
-0.040000 0.025532 0.020942 0.953545
-0.040000 0.025532 0.022618 0.953545
-0.040000 0.025532 0.024293 0.953545
-0.040000 0.025532 0.025969 0.953545
-0.040000 0.025532 0.027644 0.953545
-0.040000 0.025532 0.029319 0.953545
-0.040000 0.025532 0.030995 0.953545
-0.040000 0.025532 0.032670 0.953545
-0.040000 0.025532 0.034346 0.953545
-0.040000 0.025532 0.036021 0.953545
-0.040000 0.025532 0.037696 0.953545
-0.040000 0.025532 0.039372 0.953545
-0.040000 0.025532 0.041047 0.953545
-0.040000 0.025532 0.042723 0.953545
-0.040000 0.025532 0.044398 0.953545
-0.040000 0.025532 0.046073 0.953545
-0.040000 0.025532 0.047749 0.953545
-0.040000 0.025532 0.049424 0.953545
-0.040000 0.025532 0.051099 0.953545
-0.040000 0.025532 0.052775 0.953545
-0.040000 0.025532 0.054450 0.953545
-0.040000 0.025532 0.056126 0.953545
-0.040000 0.025532 0.057801 0.953545
-0.040000 0.025532 0.059476 0.953545
-0.040000 0.025532 0.061152 0.953545
-0.040000 0.025532 0.062827 0.953545
-0.040000 0.025532 0.064503 0.953545
-0.040000 0.025532 0.066178 0.953545
-0.040000 0.025532 0.067853 0.953545
-0.040000 0.025532 0.069529 0.953545
-0.040000 0.025532 0.071204 0.953545
-0.040000 0.025532 0.072880 0.953545
-0.040000 0.025532 0.074555 0.953545
-0.040000 0.025532 0.076230 0.953545
-0.040000 0.025532 0.077906 0.953545
-0.040000 0.025532 0.079581 0.953545
-0.040000 0.025532 0.081257 0.953545
-0.040000 0.025532 0.082932 0.953545
-0.040000 0.025532 0.084607 0.953545
-0.040000 0.025532 0.086283 0.953545
-0.040000 0.025532 0.087958 0.953545
-0.040000 0.025532 0.089634 0.953545
-0.040000 0.025532 0.091309 0.953545
-0.040000 0.025532 0.092984 0.953545
-0.040000 0.025532 0.094660 0.953545
-0.040000 0.025532 0.096335 0.953545
-0.040000 0.025532 0.098010 0.953545
-0.040000 0.025532 0.099686 0.953545
-0.040000 0.025532 0.101361 0.953545
-0.040000 0.025532 0.103037 0.953545
-0.040000 0.025532 0.104712 0.953545
-0.040000 0.025532 0.106387 0.953545
-0.040000 0.025532 0.108063 0.953545
-0.040000 0.025532 0.109738 0.953545
-0.040000 0.025532 0.111414 0.953545
-0.040000 0.025532 0.113089 0.953545
-0.040000 0.025532 0.114764 0.953545
-0.040000 0.025532 0.116440 0.953545
-0.040000 0.025532 0.118115 0.953545
-0.040000 0.025532 0.119791 0.953545
-0.040000 0.025532 0.121466 0.953545
-0.040000 0.025532 0.123141 0.953545
-0.040000 0.025532 0.124817 0.953545
-0.040000 0.025532 0.126492 0.953545
-0.040000 0.025532 0.128168 0.953545
-0.040000 0.025532 0.129843 0.953545
-0.040000 0.025532 0.131518 0.953545
-0.040000 0.025532 0.133194 0.953545
-0.040000 0.025532 0.134869 0.953545
-0.040000 0.025532 0.136545 0.953545
-0.040000 0.025532 0.138220 0.953545
-0.040000 0.025532 0.139895 0.953545
-0.040000 0.025532 0.141571 0.953545
-0.040000 0.025532 0.143246 0.953545
-0.040000 0.025532 0.144921 0.953545
-0.040000 0.025532 0.146597 0.953545
-0.040000 0.025532 0.148272 0.953545
-0.040000 0.025532 0.149948 0.953545
-0.040000 0.025532 0.151623 0.953545
-0.040000 0.025532 0.153298 0.953545
-0.040000 0.025532 0.154974 0.953545
-0.040000 0.025532 0.156649 0.953545
-0.040000 0.025532 0.158325 0.953545
-0.040000 0.025532 0.160000 0.953545
-0.040000 0.027234 -0.160000 0.921446
-0.040000 0.027234 -0.158325 0.921446
-0.040000 0.027234 -0.156649 0.921446
-0.040000 0.027234 -0.154974 0.921446
-0.040000 0.027234 -0.153298 0.921446
-0.040000 0.027234 -0.151623 0.921446
-0.040000 0.027234 -0.149948 0.921446
-0.040000 0.027234 -0.148272 0.921446
-0.040000 0.027234 -0.146597 0.921446
-0.040000 0.027234 -0.144921 0.921446
-0.040000 0.027234 -0.143246 0.921446
-0.040000 0.027234 -0.141571 0.921446
-0.040000 0.027234 -0.139895 0.921446
-0.040000 0.027234 -0.138220 0.921446
-0.040000 0.027234 -0.136545 0.921446
-0.040000 0.027234 -0.134869 0.921446
-0.040000 0.027234 -0.133194 0.921446
-0.040000 0.027234 -0.131518 0.921446
-0.040000 0.027234 -0.129843 0.921446
-0.040000 0.027234 -0.128168 0.921446
-0.040000 0.027234 -0.126492 0.921446
-0.040000 0.027234 -0.124817 0.921446
-0.040000 0.027234 -0.123141 0.921446
-0.040000 0.027234 -0.121466 0.921446
-0.040000 0.027234 -0.119791 0.921446
-0.040000 0.027234 -0.118115 0.921446
-0.040000 0.027234 -0.116440 0.921446
-0.040000 0.027234 -0.114764 0.921446
-0.040000 0.027234 -0.113089 0.921446
-0.040000 0.027234 -0.111414 0.921446
-0.040000 0.027234 -0.109738 0.921446
-0.040000 0.027234 -0.108063 0.921446
-0.040000 0.027234 -0.106387 0.921446
-0.040000 0.027234 -0.104712 0.921446
-0.040000 0.027234 -0.103037 0.921446
-0.040000 0.027234 -0.101361 0.921446
-0.040000 0.027234 -0.099686 0.921446
-0.040000 0.027234 -0.098010 0.921446
-0.040000 0.027234 -0.096335 0.921446
-0.040000 0.027234 -0.094660 0.921446
-0.040000 0.027234 -0.092984 0.921446
-0.040000 0.027234 -0.091309 0.921446
-0.040000 0.027234 -0.089634 0.921446
-0.040000 0.027234 -0.087958 0.921446
-0.040000 0.027234 -0.086283 0.921446
-0.040000 0.027234 -0.084607 0.921446
-0.040000 0.027234 -0.082932 0.921446
-0.040000 0.027234 -0.081257 0.921446
-0.040000 0.027234 -0.079581 0.921446
-0.040000 0.027234 -0.077906 0.921446
-0.040000 0.027234 -0.076230 0.921446
-0.040000 0.027234 -0.074555 0.921446
-0.040000 0.027234 -0.072880 0.921446
-0.040000 0.027234 -0.071204 0.921446
-0.040000 0.027234 -0.069529 0.921446
-0.040000 0.027234 -0.067853 0.921446
-0.040000 0.027234 -0.066178 0.921446
-0.040000 0.027234 -0.064503 0.921446
-0.040000 0.027234 -0.062827 0.921446
-0.040000 0.027234 -0.061152 0.921446
-0.040000 0.027234 -0.059476 0.921446
-0.040000 0.027234 -0.057801 0.921446
-0.040000 0.027234 -0.056126 0.921446
-0.040000 0.027234 -0.054450 0.921446
-0.040000 0.027234 -0.052775 0.921446
-0.040000 0.027234 -0.051099 0.921446
-0.040000 0.027234 -0.049424 0.921446
-0.040000 0.027234 -0.047749 0.921446
-0.040000 0.027234 -0.046073 0.921446
-0.040000 0.027234 -0.044398 0.921446
-0.040000 0.027234 -0.042723 0.921446
-0.040000 0.027234 -0.041047 0.921446
-0.040000 0.027234 -0.039372 0.921446
-0.040000 0.027234 -0.037696 0.921446
-0.040000 0.027234 -0.036021 0.921446
-0.040000 0.027234 -0.034346 0.921446
-0.040000 0.027234 -0.032670 0.921446
-0.040000 0.027234 -0.030995 0.921446
-0.040000 0.027234 -0.029319 0.921446
-0.040000 0.027234 -0.027644 0.921446
-0.040000 0.027234 -0.025969 0.921446
-0.040000 0.027234 -0.024293 0.921446
-0.040000 0.027234 -0.022618 0.921446
-0.040000 0.027234 -0.020942 0.921446
-0.040000 0.027234 -0.019267 0.921446
-0.040000 0.027234 -0.017592 0.921446
-0.040000 0.027234 -0.015916 0.921446
-0.040000 0.027234 -0.014241 0.921446
-0.040000 0.027234 -0.012565 0.921446
-0.040000 0.027234 -0.010890 0.921446
-0.040000 0.027234 -0.009215 0.921446
-0.040000 0.027234 -0.007539 0.921446
-0.040000 0.027234 -0.005864 0.921446
-0.040000 0.027234 -0.004188 0.921446
-0.040000 0.027234 -0.002513 0.921446
-0.040000 0.027234 -0.000838 0.921446
-0.040000 0.027234 0.000838 0.921446
-0.040000 0.027234 0.002513 0.921446
-0.040000 0.027234 0.004188 0.921446
-0.040000 0.027234 0.005864 0.921446
-0.040000 0.027234 0.007539 0.921446
-0.040000 0.027234 0.009215 0.921446
-0.040000 0.027234 0.010890 0.921446
-0.040000 0.027234 0.012565 0.921446
-0.040000 0.027234 0.014241 0.921446
-0.040000 0.027234 0.015916 0.921446
-0.040000 0.027234 0.017592 0.921446
-0.040000 0.027234 0.019267 0.921446
-0.040000 0.027234 0.020942 0.921446
-0.040000 0.027234 0.022618 0.921446
-0.040000 0.027234 0.024293 0.921446
-0.040000 0.027234 0.025969 0.921446
-0.040000 0.027234 0.027644 0.921446
-0.040000 0.027234 0.029319 0.921446
-0.040000 0.027234 0.030995 0.921446
-0.040000 0.027234 0.032670 0.921446
-0.040000 0.027234 0.034346 0.921446
-0.040000 0.027234 0.036021 0.921446
-0.040000 0.027234 0.037696 0.921446
-0.040000 0.027234 0.039372 0.921446
-0.040000 0.027234 0.041047 0.921446
-0.040000 0.027234 0.042723 0.921446
-0.040000 0.027234 0.044398 0.921446
-0.040000 0.027234 0.046073 0.921446
-0.040000 0.027234 0.047749 0.921446
-0.040000 0.027234 0.049424 0.921446
-0.040000 0.027234 0.051099 0.921446
-0.040000 0.027234 0.052775 0.921446
-0.040000 0.027234 0.054450 0.921446
-0.040000 0.027234 0.056126 0.921446
-0.040000 0.027234 0.057801 0.921446
-0.040000 0.027234 0.059476 0.921446
-0.040000 0.027234 0.061152 0.921446
-0.040000 0.027234 0.062827 0.921446
-0.040000 0.027234 0.064503 0.921446
-0.040000 0.027234 0.066178 0.921446
-0.040000 0.027234 0.067853 0.921446
-0.040000 0.027234 0.069529 0.921446
-0.040000 0.027234 0.071204 0.921446
-0.040000 0.027234 0.072880 0.921446
-0.040000 0.027234 0.074555 0.921446
-0.040000 0.027234 0.076230 0.921446
-0.040000 0.027234 0.077906 0.921446
-0.040000 0.027234 0.079581 0.921446
-0.040000 0.027234 0.081257 0.921446
-0.040000 0.027234 0.082932 0.921446
-0.040000 0.027234 0.084607 0.921446
-0.040000 0.027234 0.086283 0.921446
-0.040000 0.027234 0.087958 0.921446
-0.040000 0.027234 0.089634 0.921446
-0.040000 0.027234 0.091309 0.921446
-0.040000 0.027234 0.092984 0.921446
-0.040000 0.027234 0.094660 0.921446
-0.040000 0.027234 0.096335 0.921446
-0.040000 0.027234 0.098010 0.921446
-0.040000 0.027234 0.099686 0.921446
-0.040000 0.027234 0.101361 0.921446
-0.040000 0.027234 0.103037 0.921446
-0.040000 0.027234 0.104712 0.921446
-0.040000 0.027234 0.106387 0.921446
-0.040000 0.027234 0.108063 0.921446
-0.040000 0.027234 0.109738 0.921446
-0.040000 0.027234 0.111414 0.921446
-0.040000 0.027234 0.113089 0.921446
-0.040000 0.027234 0.114764 0.921446
-0.040000 0.027234 0.116440 0.921446
-0.040000 0.027234 0.118115 0.921446
-0.040000 0.027234 0.119791 0.921446
-0.040000 0.027234 0.121466 0.921446
-0.040000 0.027234 0.123141 0.921446
-0.040000 0.027234 0.124817 0.921446
-0.040000 0.027234 0.126492 0.921446
-0.040000 0.027234 0.128168 0.921446
-0.040000 0.027234 0.129843 0.921446
-0.040000 0.027234 0.131518 0.921446
-0.040000 0.027234 0.133194 0.921446
-0.040000 0.027234 0.134869 0.921446
-0.040000 0.027234 0.136545 0.921446
-0.040000 0.027234 0.138220 0.921446
-0.040000 0.027234 0.139895 0.921446
-0.040000 0.027234 0.141571 0.921446
-0.040000 0.027234 0.143246 0.921446
-0.040000 0.027234 0.144921 0.921446
-0.040000 0.027234 0.146597 0.921446
-0.040000 0.027234 0.148272 0.921446
-0.040000 0.027234 0.149948 0.921446
-0.040000 0.027234 0.151623 0.921446
-0.040000 0.027234 0.153298 0.921446
-0.040000 0.027234 0.154974 0.921446
-0.040000 0.027234 0.156649 0.921446
-0.040000 0.027234 0.158325 0.921446
-0.040000 0.027234 0.160000 0.921446
-0.040000 0.028936 -0.160000 0.881826
-0.040000 0.028936 -0.158325 0.881826
-0.040000 0.028936 -0.156649 0.881826
-0.040000 0.028936 -0.154974 0.881826
-0.040000 0.028936 -0.153298 0.881826
-0.040000 0.028936 -0.151623 0.881826
-0.040000 0.028936 -0.149948 0.881826
-0.040000 0.028936 -0.148272 0.881826
-0.040000 0.028936 -0.146597 0.881826
-0.040000 0.028936 -0.144921 0.881826
-0.040000 0.028936 -0.143246 0.881826
-0.040000 0.028936 -0.141571 0.881826
-0.040000 0.028936 -0.139895 0.881826
-0.040000 0.028936 -0.138220 0.881826
-0.040000 0.028936 -0.136545 0.881826
-0.040000 0.028936 -0.134869 0.881826
-0.040000 0.028936 -0.133194 0.881826
-0.040000 0.028936 -0.131518 0.881826
-0.040000 0.028936 -0.129843 0.881826
-0.040000 0.028936 -0.128168 0.881826
-0.040000 0.028936 -0.126492 0.881826
-0.040000 0.028936 -0.124817 0.881826
-0.040000 0.028936 -0.123141 0.881826
-0.040000 0.028936 -0.121466 0.881826
-0.040000 0.028936 -0.119791 0.881826
-0.040000 0.028936 -0.118115 0.881826
-0.040000 0.028936 -0.116440 0.881826
-0.040000 0.028936 -0.114764 0.881826
-0.040000 0.028936 -0.113089 0.881826
-0.040000 0.028936 -0.111414 0.881826
-0.040000 0.028936 -0.109738 0.881826
-0.040000 0.028936 -0.108063 0.881826
-0.040000 0.028936 -0.106387 0.881826
-0.040000 0.028936 -0.104712 0.881826
-0.040000 0.028936 -0.103037 0.881826
-0.040000 0.028936 -0.101361 0.881826
-0.040000 0.028936 -0.099686 0.881826
-0.040000 0.028936 -0.098010 0.881826
-0.040000 0.028936 -0.096335 0.881826
-0.040000 0.028936 -0.094660 0.881826
-0.040000 0.028936 -0.092984 0.881826
-0.040000 0.028936 -0.091309 0.881826
-0.040000 0.028936 -0.089634 0.881826
-0.040000 0.028936 -0.087958 0.881826
-0.040000 0.028936 -0.086283 0.881826
-0.040000 0.028936 -0.084607 0.881826
-0.040000 0.028936 -0.082932 0.881826
-0.040000 0.028936 -0.081257 0.881826
-0.040000 0.028936 -0.079581 0.881826
-0.040000 0.028936 -0.077906 0.881826
-0.040000 0.028936 -0.076230 0.881826
-0.040000 0.028936 -0.074555 0.881826
-0.040000 0.028936 -0.072880 0.881826
-0.040000 0.028936 -0.071204 0.881826
-0.040000 0.028936 -0.069529 0.881826
-0.040000 0.028936 -0.067853 0.881826
-0.040000 0.028936 -0.066178 0.881826
-0.040000 0.028936 -0.064503 0.881826
-0.040000 0.028936 -0.062827 0.881826
-0.040000 0.028936 -0.061152 0.881826
-0.040000 0.028936 -0.059476 0.881826
-0.040000 0.028936 -0.057801 0.881826
-0.040000 0.028936 -0.056126 0.881826
-0.040000 0.028936 -0.054450 0.881826
-0.040000 0.028936 -0.052775 0.881826
-0.040000 0.028936 -0.051099 0.881826
-0.040000 0.028936 -0.049424 0.881826
-0.040000 0.028936 -0.047749 0.881826
-0.040000 0.028936 -0.046073 0.881826
-0.040000 0.028936 -0.044398 0.881826
-0.040000 0.028936 -0.042723 0.881826
-0.040000 0.028936 -0.041047 0.881826
-0.040000 0.028936 -0.039372 0.881826
-0.040000 0.028936 -0.037696 0.881826
-0.040000 0.028936 -0.036021 0.881826
-0.040000 0.028936 -0.034346 0.881826
-0.040000 0.028936 -0.032670 0.881826
-0.040000 0.028936 -0.030995 0.881826
-0.040000 0.028936 -0.029319 0.881826
-0.040000 0.028936 -0.027644 0.881826
-0.040000 0.028936 -0.025969 0.881826
-0.040000 0.028936 -0.024293 0.881826
-0.040000 0.028936 -0.022618 0.881826
-0.040000 0.028936 -0.020942 0.881826
-0.040000 0.028936 -0.019267 0.881826
-0.040000 0.028936 -0.017592 0.881826
-0.040000 0.028936 -0.015916 0.881826
-0.040000 0.028936 -0.014241 0.881826
-0.040000 0.028936 -0.012565 0.881826
-0.040000 0.028936 -0.010890 0.881826
-0.040000 0.028936 -0.009215 0.881826
-0.040000 0.028936 -0.007539 0.881826
-0.040000 0.028936 -0.005864 0.881826
-0.040000 0.028936 -0.004188 0.881826
-0.040000 0.028936 -0.002513 0.881826
-0.040000 0.028936 -0.000838 0.881826
-0.040000 0.028936 0.000838 0.881826
-0.040000 0.028936 0.002513 0.881826
-0.040000 0.028936 0.004188 0.881826
-0.040000 0.028936 0.005864 0.881826
-0.040000 0.028936 0.007539 0.881826
-0.040000 0.028936 0.009215 0.881826
-0.040000 0.028936 0.010890 0.881826
-0.040000 0.028936 0.012565 0.881826
-0.040000 0.028936 0.014241 0.881826
-0.040000 0.028936 0.015916 0.881826
-0.040000 0.028936 0.017592 0.881826
-0.040000 0.028936 0.019267 0.881826
-0.040000 0.028936 0.020942 0.881826
-0.040000 0.028936 0.022618 0.881826
-0.040000 0.028936 0.024293 0.881826
-0.040000 0.028936 0.025969 0.881826
-0.040000 0.028936 0.027644 0.881826
-0.040000 0.028936 0.029319 0.881826
-0.040000 0.028936 0.030995 0.881826
-0.040000 0.028936 0.032670 0.881826
-0.040000 0.028936 0.034346 0.881826
-0.040000 0.028936 0.036021 0.881826
-0.040000 0.028936 0.037696 0.881826
-0.040000 0.028936 0.039372 0.881826
-0.040000 0.028936 0.041047 0.881826
-0.040000 0.028936 0.042723 0.881826
-0.040000 0.028936 0.044398 0.881826
-0.040000 0.028936 0.046073 0.881826
-0.040000 0.028936 0.047749 0.881826
-0.040000 0.028936 0.049424 0.881826
-0.040000 0.028936 0.051099 0.881826
-0.040000 0.028936 0.052775 0.881826
-0.040000 0.028936 0.054450 0.881826
-0.040000 0.028936 0.056126 0.881826
-0.040000 0.028936 0.057801 0.881826
-0.040000 0.028936 0.059476 0.881826
-0.040000 0.028936 0.061152 0.881826
-0.040000 0.028936 0.062827 0.881826
-0.040000 0.028936 0.064503 0.881826
-0.040000 0.028936 0.066178 0.881826
-0.040000 0.028936 0.067853 0.881826
-0.040000 0.028936 0.069529 0.881826
-0.040000 0.028936 0.071204 0.881826
-0.040000 0.028936 0.072880 0.881826
-0.040000 0.028936 0.074555 0.881826
-0.040000 0.028936 0.076230 0.881826
-0.040000 0.028936 0.077906 0.881826
-0.040000 0.028936 0.079581 0.881826
-0.040000 0.028936 0.081257 0.881826
-0.040000 0.028936 0.082932 0.881826
-0.040000 0.028936 0.084607 0.881826
-0.040000 0.028936 0.086283 0.881826
-0.040000 0.028936 0.087958 0.881826
-0.040000 0.028936 0.089634 0.881826
-0.040000 0.028936 0.091309 0.881826
-0.040000 0.028936 0.092984 0.881826
-0.040000 0.028936 0.094660 0.881826
-0.040000 0.028936 0.096335 0.881826
-0.040000 0.028936 0.098010 0.881826
-0.040000 0.028936 0.099686 0.881826
-0.040000 0.028936 0.101361 0.881826
-0.040000 0.028936 0.103037 0.881826
-0.040000 0.028936 0.104712 0.881826
-0.040000 0.028936 0.106387 0.881826
-0.040000 0.028936 0.108063 0.881826
-0.040000 0.028936 0.109738 0.881826
-0.040000 0.028936 0.111414 0.881826
-0.040000 0.028936 0.113089 0.881826
-0.040000 0.028936 0.114764 0.881826
-0.040000 0.028936 0.116440 0.881826
-0.040000 0.028936 0.118115 0.881826
-0.040000 0.028936 0.119791 0.881826
-0.040000 0.028936 0.121466 0.881826
-0.040000 0.028936 0.123141 0.881826
-0.040000 0.028936 0.124817 0.881826
-0.040000 0.028936 0.126492 0.881826
-0.040000 0.028936 0.128168 0.881826
-0.040000 0.028936 0.129843 0.881826
-0.040000 0.028936 0.131518 0.881826
-0.040000 0.028936 0.133194 0.881826
-0.040000 0.028936 0.134869 0.881826
-0.040000 0.028936 0.136545 0.881826
-0.040000 0.028936 0.138220 0.881826
-0.040000 0.028936 0.139895 0.881826
-0.040000 0.028936 0.141571 0.881826
-0.040000 0.028936 0.143246 0.881826
-0.040000 0.028936 0.144921 0.881826
-0.040000 0.028936 0.146597 0.881826
-0.040000 0.028936 0.148272 0.881826
-0.040000 0.028936 0.149948 0.881826
-0.040000 0.028936 0.151623 0.881826
-0.040000 0.028936 0.153298 0.881826
-0.040000 0.028936 0.154974 0.881826
-0.040000 0.028936 0.156649 0.881826
-0.040000 0.028936 0.158325 0.881826
-0.040000 0.028936 0.160000 0.881826
-0.040000 0.030638 -0.160000 0.835392
-0.040000 0.030638 -0.158325 0.835392
-0.040000 0.030638 -0.156649 0.835392
-0.040000 0.030638 -0.154974 0.835392
-0.040000 0.030638 -0.153298 0.835392
-0.040000 0.030638 -0.151623 0.835392
-0.040000 0.030638 -0.149948 0.835392
-0.040000 0.030638 -0.148272 0.835392
-0.040000 0.030638 -0.146597 0.835392
-0.040000 0.030638 -0.144921 0.835392
-0.040000 0.030638 -0.143246 0.835392
-0.040000 0.030638 -0.141571 0.835392
-0.040000 0.030638 -0.139895 0.835392
-0.040000 0.030638 -0.138220 0.835392
-0.040000 0.030638 -0.136545 0.835392
-0.040000 0.030638 -0.134869 0.835392
-0.040000 0.030638 -0.133194 0.835392
-0.040000 0.030638 -0.131518 0.835392
-0.040000 0.030638 -0.129843 0.835392
-0.040000 0.030638 -0.128168 0.835392
-0.040000 0.030638 -0.126492 0.835392
-0.040000 0.030638 -0.124817 0.835392
-0.040000 0.030638 -0.123141 0.835392
-0.040000 0.030638 -0.121466 0.835392
-0.040000 0.030638 -0.119791 0.835392
-0.040000 0.030638 -0.118115 0.835392
-0.040000 0.030638 -0.116440 0.835392
-0.040000 0.030638 -0.114764 0.835392
-0.040000 0.030638 -0.113089 0.835392
-0.040000 0.030638 -0.111414 0.835392
-0.040000 0.030638 -0.109738 0.835392
-0.040000 0.030638 -0.108063 0.835392
-0.040000 0.030638 -0.106387 0.835392
-0.040000 0.030638 -0.104712 0.835392
-0.040000 0.030638 -0.103037 0.835392
-0.040000 0.030638 -0.101361 0.835392
-0.040000 0.030638 -0.099686 0.835392
-0.040000 0.030638 -0.098010 0.835392
-0.040000 0.030638 -0.096335 0.835392
-0.040000 0.030638 -0.094660 0.835392
-0.040000 0.030638 -0.092984 0.835392
-0.040000 0.030638 -0.091309 0.835392
-0.040000 0.030638 -0.089634 0.835392
-0.040000 0.030638 -0.087958 0.835392
-0.040000 0.030638 -0.086283 0.835392
-0.040000 0.030638 -0.084607 0.835392
-0.040000 0.030638 -0.082932 0.835392
-0.040000 0.030638 -0.081257 0.835392
-0.040000 0.030638 -0.079581 0.835392
-0.040000 0.030638 -0.077906 0.835392
-0.040000 0.030638 -0.076230 0.835392
-0.040000 0.030638 -0.074555 0.835392
-0.040000 0.030638 -0.072880 0.835392
-0.040000 0.030638 -0.071204 0.835392
-0.040000 0.030638 -0.069529 0.835392
-0.040000 0.030638 -0.067853 0.835392
-0.040000 0.030638 -0.066178 0.835392
-0.040000 0.030638 -0.064503 0.835392
-0.040000 0.030638 -0.062827 0.835392
-0.040000 0.030638 -0.061152 0.835392
-0.040000 0.030638 -0.059476 0.835392
-0.040000 0.030638 -0.057801 0.835392
-0.040000 0.030638 -0.056126 0.835392
-0.040000 0.030638 -0.054450 0.835392
-0.040000 0.030638 -0.052775 0.835392
-0.040000 0.030638 -0.051099 0.835392
-0.040000 0.030638 -0.049424 0.835392
-0.040000 0.030638 -0.047749 0.835392
-0.040000 0.030638 -0.046073 0.835392
-0.040000 0.030638 -0.044398 0.835392
-0.040000 0.030638 -0.042723 0.835392
-0.040000 0.030638 -0.041047 0.835392
-0.040000 0.030638 -0.039372 0.835392
-0.040000 0.030638 -0.037696 0.835392
-0.040000 0.030638 -0.036021 0.835392
-0.040000 0.030638 -0.034346 0.835392
-0.040000 0.030638 -0.032670 0.835392
-0.040000 0.030638 -0.030995 0.835392
-0.040000 0.030638 -0.029319 0.835392
-0.040000 0.030638 -0.027644 0.835392
-0.040000 0.030638 -0.025969 0.835392
-0.040000 0.030638 -0.024293 0.835392
-0.040000 0.030638 -0.022618 0.835392
-0.040000 0.030638 -0.020942 0.835392
-0.040000 0.030638 -0.019267 0.835392
-0.040000 0.030638 -0.017592 0.835392
-0.040000 0.030638 -0.015916 0.835392
-0.040000 0.030638 -0.014241 0.835392
-0.040000 0.030638 -0.012565 0.835392
-0.040000 0.030638 -0.010890 0.835392
-0.040000 0.030638 -0.009215 0.835392
-0.040000 0.030638 -0.007539 0.835392
-0.040000 0.030638 -0.005864 0.835392
-0.040000 0.030638 -0.004188 0.835392
-0.040000 0.030638 -0.002513 0.835392
-0.040000 0.030638 -0.000838 0.835392
-0.040000 0.030638 0.000838 0.835392
-0.040000 0.030638 0.002513 0.835392
-0.040000 0.030638 0.004188 0.835392
-0.040000 0.030638 0.005864 0.835392
-0.040000 0.030638 0.007539 0.835392
-0.040000 0.030638 0.009215 0.835392
-0.040000 0.030638 0.010890 0.835392
-0.040000 0.030638 0.012565 0.835392
-0.040000 0.030638 0.014241 0.835392
-0.040000 0.030638 0.015916 0.835392
-0.040000 0.030638 0.017592 0.835392
-0.040000 0.030638 0.019267 0.835392
-0.040000 0.030638 0.020942 0.835392
-0.040000 0.030638 0.022618 0.835392
-0.040000 0.030638 0.024293 0.835392
-0.040000 0.030638 0.025969 0.835392
-0.040000 0.030638 0.027644 0.835392
-0.040000 0.030638 0.029319 0.835392
-0.040000 0.030638 0.030995 0.835392
-0.040000 0.030638 0.032670 0.835392
-0.040000 0.030638 0.034346 0.835392
-0.040000 0.030638 0.036021 0.835392
-0.040000 0.030638 0.037696 0.835392
-0.040000 0.030638 0.039372 0.835392
-0.040000 0.030638 0.041047 0.835392
-0.040000 0.030638 0.042723 0.835392
-0.040000 0.030638 0.044398 0.835392
-0.040000 0.030638 0.046073 0.835392
-0.040000 0.030638 0.047749 0.835392
-0.040000 0.030638 0.049424 0.835392
-0.040000 0.030638 0.051099 0.835392
-0.040000 0.030638 0.052775 0.835392
-0.040000 0.030638 0.054450 0.835392
-0.040000 0.030638 0.056126 0.835392
-0.040000 0.030638 0.057801 0.835392
-0.040000 0.030638 0.059476 0.835392
-0.040000 0.030638 0.061152 0.835392
-0.040000 0.030638 0.062827 0.835392
-0.040000 0.030638 0.064503 0.835392
-0.040000 0.030638 0.066178 0.835392
-0.040000 0.030638 0.067853 0.835392
-0.040000 0.030638 0.069529 0.835392
-0.040000 0.030638 0.071204 0.835392
-0.040000 0.030638 0.072880 0.835392
-0.040000 0.030638 0.074555 0.835392
-0.040000 0.030638 0.076230 0.835392
-0.040000 0.030638 0.077906 0.835392
-0.040000 0.030638 0.079581 0.835392
-0.040000 0.030638 0.081257 0.835392
-0.040000 0.030638 0.082932 0.835392
-0.040000 0.030638 0.084607 0.835392
-0.040000 0.030638 0.086283 0.835392
-0.040000 0.030638 0.087958 0.835392
-0.040000 0.030638 0.089634 0.835392
-0.040000 0.030638 0.091309 0.835392
-0.040000 0.030638 0.092984 0.835392
-0.040000 0.030638 0.094660 0.835392
-0.040000 0.030638 0.096335 0.835392
-0.040000 0.030638 0.098010 0.835392
-0.040000 0.030638 0.099686 0.835392
-0.040000 0.030638 0.101361 0.835392
-0.040000 0.030638 0.103037 0.835392
-0.040000 0.030638 0.104712 0.835392
-0.040000 0.030638 0.106387 0.835392
-0.040000 0.030638 0.108063 0.835392
-0.040000 0.030638 0.109738 0.835392
-0.040000 0.030638 0.111414 0.835392
-0.040000 0.030638 0.113089 0.835392
-0.040000 0.030638 0.114764 0.835392
-0.040000 0.030638 0.116440 0.835392
-0.040000 0.030638 0.118115 0.835392
-0.040000 0.030638 0.119791 0.835392
-0.040000 0.030638 0.121466 0.835392
-0.040000 0.030638 0.123141 0.835392
-0.040000 0.030638 0.124817 0.835392
-0.040000 0.030638 0.126492 0.835392
-0.040000 0.030638 0.128168 0.835392
-0.040000 0.030638 0.129843 0.835392
-0.040000 0.030638 0.131518 0.835392
-0.040000 0.030638 0.133194 0.835392
-0.040000 0.030638 0.134869 0.835392
-0.040000 0.030638 0.136545 0.835392
-0.040000 0.030638 0.138220 0.835392
-0.040000 0.030638 0.139895 0.835392
-0.040000 0.030638 0.141571 0.835392
-0.040000 0.030638 0.143246 0.835392
-0.040000 0.030638 0.144921 0.835392
-0.040000 0.030638 0.146597 0.835392
-0.040000 0.030638 0.148272 0.835392
-0.040000 0.030638 0.149948 0.835392
-0.040000 0.030638 0.151623 0.835392
-0.040000 0.030638 0.153298 0.835392
-0.040000 0.030638 0.154974 0.835392
-0.040000 0.030638 0.156649 0.835392
-0.040000 0.030638 0.158325 0.835392
-0.040000 0.030638 0.160000 0.835392
-0.040000 0.032340 -0.160000 0.782974
-0.040000 0.032340 -0.158325 0.782974
-0.040000 0.032340 -0.156649 0.782974
-0.040000 0.032340 -0.154974 0.782974
-0.040000 0.032340 -0.153298 0.782974
-0.040000 0.032340 -0.151623 0.782974
-0.040000 0.032340 -0.149948 0.782974
-0.040000 0.032340 -0.148272 0.782974
-0.040000 0.032340 -0.146597 0.782974
-0.040000 0.032340 -0.144921 0.782974
-0.040000 0.032340 -0.143246 0.782974
-0.040000 0.032340 -0.141571 0.782974
-0.040000 0.032340 -0.139895 0.782974
-0.040000 0.032340 -0.138220 0.782974
-0.040000 0.032340 -0.136545 0.782974
-0.040000 0.032340 -0.134869 0.782974
-0.040000 0.032340 -0.133194 0.782974
-0.040000 0.032340 -0.131518 0.782974
-0.040000 0.032340 -0.129843 0.782974
-0.040000 0.032340 -0.128168 0.782974
-0.040000 0.032340 -0.126492 0.782974
-0.040000 0.032340 -0.124817 0.782974
-0.040000 0.032340 -0.123141 0.782974
-0.040000 0.032340 -0.121466 0.782974
-0.040000 0.032340 -0.119791 0.782974
-0.040000 0.032340 -0.118115 0.782974
-0.040000 0.032340 -0.116440 0.782974
-0.040000 0.032340 -0.114764 0.782974
-0.040000 0.032340 -0.113089 0.782974
-0.040000 0.032340 -0.111414 0.782974
-0.040000 0.032340 -0.109738 0.782974
-0.040000 0.032340 -0.108063 0.782974
-0.040000 0.032340 -0.106387 0.782974
-0.040000 0.032340 -0.104712 0.782974
-0.040000 0.032340 -0.103037 0.782974
-0.040000 0.032340 -0.101361 0.782974
-0.040000 0.032340 -0.099686 0.782974
-0.040000 0.032340 -0.098010 0.782974
-0.040000 0.032340 -0.096335 0.782974
-0.040000 0.032340 -0.094660 0.782974
-0.040000 0.032340 -0.092984 0.782974
-0.040000 0.032340 -0.091309 0.782974
-0.040000 0.032340 -0.089634 0.782974
-0.040000 0.032340 -0.087958 0.782974
-0.040000 0.032340 -0.086283 0.782974
-0.040000 0.032340 -0.084607 0.782974
-0.040000 0.032340 -0.082932 0.782974
-0.040000 0.032340 -0.081257 0.782974
-0.040000 0.032340 -0.079581 0.782974
-0.040000 0.032340 -0.077906 0.782974
-0.040000 0.032340 -0.076230 0.782974
-0.040000 0.032340 -0.074555 0.782974
-0.040000 0.032340 -0.072880 0.782974
-0.040000 0.032340 -0.071204 0.782974
-0.040000 0.032340 -0.069529 0.782974
-0.040000 0.032340 -0.067853 0.782974
-0.040000 0.032340 -0.066178 0.782974
-0.040000 0.032340 -0.064503 0.782974
-0.040000 0.032340 -0.062827 0.782974
-0.040000 0.032340 -0.061152 0.782974
-0.040000 0.032340 -0.059476 0.782974
-0.040000 0.032340 -0.057801 0.782974
-0.040000 0.032340 -0.056126 0.782974
-0.040000 0.032340 -0.054450 0.782974
-0.040000 0.032340 -0.052775 0.782974
-0.040000 0.032340 -0.051099 0.782974
-0.040000 0.032340 -0.049424 0.782974
-0.040000 0.032340 -0.047749 0.782974
-0.040000 0.032340 -0.046073 0.782974
-0.040000 0.032340 -0.044398 0.782974
-0.040000 0.032340 -0.042723 0.782974
-0.040000 0.032340 -0.041047 0.782974
-0.040000 0.032340 -0.039372 0.782974
-0.040000 0.032340 -0.037696 0.782974
-0.040000 0.032340 -0.036021 0.782974
-0.040000 0.032340 -0.034346 0.782974
-0.040000 0.032340 -0.032670 0.782974
-0.040000 0.032340 -0.030995 0.782974
-0.040000 0.032340 -0.029319 0.782974
-0.040000 0.032340 -0.027644 0.782974
-0.040000 0.032340 -0.025969 0.782974
-0.040000 0.032340 -0.024293 0.782974
-0.040000 0.032340 -0.022618 0.782974
-0.040000 0.032340 -0.020942 0.782974
-0.040000 0.032340 -0.019267 0.782974
-0.040000 0.032340 -0.017592 0.782974
-0.040000 0.032340 -0.015916 0.782974
-0.040000 0.032340 -0.014241 0.782974
-0.040000 0.032340 -0.012565 0.782974
-0.040000 0.032340 -0.010890 0.782974
-0.040000 0.032340 -0.009215 0.782974
-0.040000 0.032340 -0.007539 0.782974
-0.040000 0.032340 -0.005864 0.782974
-0.040000 0.032340 -0.004188 0.782974
-0.040000 0.032340 -0.002513 0.782974
-0.040000 0.032340 -0.000838 0.782974
-0.040000 0.032340 0.000838 0.782974
-0.040000 0.032340 0.002513 0.782974
-0.040000 0.032340 0.004188 0.782974
-0.040000 0.032340 0.005864 0.782974
-0.040000 0.032340 0.007539 0.782974
-0.040000 0.032340 0.009215 0.782974
-0.040000 0.032340 0.010890 0.782974
-0.040000 0.032340 0.012565 0.782974
-0.040000 0.032340 0.014241 0.782974
-0.040000 0.032340 0.015916 0.782974
-0.040000 0.032340 0.017592 0.782974
-0.040000 0.032340 0.019267 0.782974
-0.040000 0.032340 0.020942 0.782974
-0.040000 0.032340 0.022618 0.782974
-0.040000 0.032340 0.024293 0.782974
-0.040000 0.032340 0.025969 0.782974
-0.040000 0.032340 0.027644 0.782974
-0.040000 0.032340 0.029319 0.782974
-0.040000 0.032340 0.030995 0.782974
-0.040000 0.032340 0.032670 0.782974
-0.040000 0.032340 0.034346 0.782974
-0.040000 0.032340 0.036021 0.782974
-0.040000 0.032340 0.037696 0.782974
-0.040000 0.032340 0.039372 0.782974
-0.040000 0.032340 0.041047 0.782974
-0.040000 0.032340 0.042723 0.782974
-0.040000 0.032340 0.044398 0.782974
-0.040000 0.032340 0.046073 0.782974
-0.040000 0.032340 0.047749 0.782974
-0.040000 0.032340 0.049424 0.782974
-0.040000 0.032340 0.051099 0.782974
-0.040000 0.032340 0.052775 0.782974
-0.040000 0.032340 0.054450 0.782974
-0.040000 0.032340 0.056126 0.782974
-0.040000 0.032340 0.057801 0.782974
-0.040000 0.032340 0.059476 0.782974
-0.040000 0.032340 0.061152 0.782974
-0.040000 0.032340 0.062827 0.782974
-0.040000 0.032340 0.064503 0.782974
-0.040000 0.032340 0.066178 0.782974
-0.040000 0.032340 0.067853 0.782974
-0.040000 0.032340 0.069529 0.782974
-0.040000 0.032340 0.071204 0.782974
-0.040000 0.032340 0.072880 0.782974
-0.040000 0.032340 0.074555 0.782974
-0.040000 0.032340 0.076230 0.782974
-0.040000 0.032340 0.077906 0.782974
-0.040000 0.032340 0.079581 0.782974
-0.040000 0.032340 0.081257 0.782974
-0.040000 0.032340 0.082932 0.782974
-0.040000 0.032340 0.084607 0.782974
-0.040000 0.032340 0.086283 0.782974
-0.040000 0.032340 0.087958 0.782974
-0.040000 0.032340 0.089634 0.782974
-0.040000 0.032340 0.091309 0.782974
-0.040000 0.032340 0.092984 0.782974
-0.040000 0.032340 0.094660 0.782974
-0.040000 0.032340 0.096335 0.782974
-0.040000 0.032340 0.098010 0.782974
-0.040000 0.032340 0.099686 0.782974
-0.040000 0.032340 0.101361 0.782974
-0.040000 0.032340 0.103037 0.782974
-0.040000 0.032340 0.104712 0.782974
-0.040000 0.032340 0.106387 0.782974
-0.040000 0.032340 0.108063 0.782974
-0.040000 0.032340 0.109738 0.782974
-0.040000 0.032340 0.111414 0.782974
-0.040000 0.032340 0.113089 0.782974
-0.040000 0.032340 0.114764 0.782974
-0.040000 0.032340 0.116440 0.782974
-0.040000 0.032340 0.118115 0.782974
-0.040000 0.032340 0.119791 0.782974
-0.040000 0.032340 0.121466 0.782974
-0.040000 0.032340 0.123141 0.782974
-0.040000 0.032340 0.124817 0.782974
-0.040000 0.032340 0.126492 0.782974
-0.040000 0.032340 0.128168 0.782974
-0.040000 0.032340 0.129843 0.782974
-0.040000 0.032340 0.131518 0.782974
-0.040000 0.032340 0.133194 0.782974
-0.040000 0.032340 0.134869 0.782974
-0.040000 0.032340 0.136545 0.782974
-0.040000 0.032340 0.138220 0.782974
-0.040000 0.032340 0.139895 0.782974
-0.040000 0.032340 0.141571 0.782974
-0.040000 0.032340 0.143246 0.782974
-0.040000 0.032340 0.144921 0.782974
-0.040000 0.032340 0.146597 0.782974
-0.040000 0.032340 0.148272 0.782974
-0.040000 0.032340 0.149948 0.782974
-0.040000 0.032340 0.151623 0.782974
-0.040000 0.032340 0.153298 0.782974
-0.040000 0.032340 0.154974 0.782974
-0.040000 0.032340 0.156649 0.782974
-0.040000 0.032340 0.158325 0.782974
-0.040000 0.032340 0.160000 0.782974
-0.040000 0.034043 -0.160000 0.725505
-0.040000 0.034043 -0.158325 0.725505
-0.040000 0.034043 -0.156649 0.725505
-0.040000 0.034043 -0.154974 0.725505
-0.040000 0.034043 -0.153298 0.725505
-0.040000 0.034043 -0.151623 0.725505
-0.040000 0.034043 -0.149948 0.725505
-0.040000 0.034043 -0.148272 0.725505
-0.040000 0.034043 -0.146597 0.725505
-0.040000 0.034043 -0.144921 0.725505
-0.040000 0.034043 -0.143246 0.725505
-0.040000 0.034043 -0.141571 0.725505
-0.040000 0.034043 -0.139895 0.725505
-0.040000 0.034043 -0.138220 0.725505
-0.040000 0.034043 -0.136545 0.725505
-0.040000 0.034043 -0.134869 0.725505
-0.040000 0.034043 -0.133194 0.725505
-0.040000 0.034043 -0.131518 0.725505
-0.040000 0.034043 -0.129843 0.725505
-0.040000 0.034043 -0.128168 0.725505
-0.040000 0.034043 -0.126492 0.725505
-0.040000 0.034043 -0.124817 0.725505
-0.040000 0.034043 -0.123141 0.725505
-0.040000 0.034043 -0.121466 0.725505
-0.040000 0.034043 -0.119791 0.725505
-0.040000 0.034043 -0.118115 0.725505
-0.040000 0.034043 -0.116440 0.725505
-0.040000 0.034043 -0.114764 0.725505
-0.040000 0.034043 -0.113089 0.725505
-0.040000 0.034043 -0.111414 0.725505
-0.040000 0.034043 -0.109738 0.725505
-0.040000 0.034043 -0.108063 0.725505
-0.040000 0.034043 -0.106387 0.725505
-0.040000 0.034043 -0.104712 0.725505
-0.040000 0.034043 -0.103037 0.725505
-0.040000 0.034043 -0.101361 0.725505
-0.040000 0.034043 -0.099686 0.725505
-0.040000 0.034043 -0.098010 0.725505
-0.040000 0.034043 -0.096335 0.725505
-0.040000 0.034043 -0.094660 0.725505
-0.040000 0.034043 -0.092984 0.725505
-0.040000 0.034043 -0.091309 0.725505
-0.040000 0.034043 -0.089634 0.725505
-0.040000 0.034043 -0.087958 0.725505
-0.040000 0.034043 -0.086283 0.725505
-0.040000 0.034043 -0.084607 0.725505
-0.040000 0.034043 -0.082932 0.725505
-0.040000 0.034043 -0.081257 0.725505
-0.040000 0.034043 -0.079581 0.725505
-0.040000 0.034043 -0.077906 0.725505
-0.040000 0.034043 -0.076230 0.725505
-0.040000 0.034043 -0.074555 0.725505
-0.040000 0.034043 -0.072880 0.725505
-0.040000 0.034043 -0.071204 0.725505
-0.040000 0.034043 -0.069529 0.725505
-0.040000 0.034043 -0.067853 0.725505
-0.040000 0.034043 -0.066178 0.725505
-0.040000 0.034043 -0.064503 0.725505
-0.040000 0.034043 -0.062827 0.725505
-0.040000 0.034043 -0.061152 0.725505
-0.040000 0.034043 -0.059476 0.725505
-0.040000 0.034043 -0.057801 0.725505
-0.040000 0.034043 -0.056126 0.725505
-0.040000 0.034043 -0.054450 0.725505
-0.040000 0.034043 -0.052775 0.725505
-0.040000 0.034043 -0.051099 0.725505
-0.040000 0.034043 -0.049424 0.725505
-0.040000 0.034043 -0.047749 0.725505
-0.040000 0.034043 -0.046073 0.725505
-0.040000 0.034043 -0.044398 0.725505
-0.040000 0.034043 -0.042723 0.725505
-0.040000 0.034043 -0.041047 0.725505
-0.040000 0.034043 -0.039372 0.725505
-0.040000 0.034043 -0.037696 0.725505
-0.040000 0.034043 -0.036021 0.725505
-0.040000 0.034043 -0.034346 0.725505
-0.040000 0.034043 -0.032670 0.725505
-0.040000 0.034043 -0.030995 0.725505
-0.040000 0.034043 -0.029319 0.725505
-0.040000 0.034043 -0.027644 0.725505
-0.040000 0.034043 -0.025969 0.725505
-0.040000 0.034043 -0.024293 0.725505
-0.040000 0.034043 -0.022618 0.725505
-0.040000 0.034043 -0.020942 0.725505
-0.040000 0.034043 -0.019267 0.725505
-0.040000 0.034043 -0.017592 0.725505
-0.040000 0.034043 -0.015916 0.725505
-0.040000 0.034043 -0.014241 0.725505
-0.040000 0.034043 -0.012565 0.725505
-0.040000 0.034043 -0.010890 0.725505
-0.040000 0.034043 -0.009215 0.725505
-0.040000 0.034043 -0.007539 0.725505
-0.040000 0.034043 -0.005864 0.725505
-0.040000 0.034043 -0.004188 0.725505
-0.040000 0.034043 -0.002513 0.725505
-0.040000 0.034043 -0.000838 0.725505
-0.040000 0.034043 0.000838 0.725505
-0.040000 0.034043 0.002513 0.725505
-0.040000 0.034043 0.004188 0.725505
-0.040000 0.034043 0.005864 0.725505
-0.040000 0.034043 0.007539 0.725505
-0.040000 0.034043 0.009215 0.725505
-0.040000 0.034043 0.010890 0.725505
-0.040000 0.034043 0.012565 0.725505
-0.040000 0.034043 0.014241 0.725505
-0.040000 0.034043 0.015916 0.725505
-0.040000 0.034043 0.017592 0.725505
-0.040000 0.034043 0.019267 0.725505
-0.040000 0.034043 0.020942 0.725505
-0.040000 0.034043 0.022618 0.725505
-0.040000 0.034043 0.024293 0.725505
-0.040000 0.034043 0.025969 0.725505
-0.040000 0.034043 0.027644 0.725505
-0.040000 0.034043 0.029319 0.725505
-0.040000 0.034043 0.030995 0.725505
-0.040000 0.034043 0.032670 0.725505
-0.040000 0.034043 0.034346 0.725505
-0.040000 0.034043 0.036021 0.725505
-0.040000 0.034043 0.037696 0.725505
-0.040000 0.034043 0.039372 0.725505
-0.040000 0.034043 0.041047 0.725505
-0.040000 0.034043 0.042723 0.725505
-0.040000 0.034043 0.044398 0.725505
-0.040000 0.034043 0.046073 0.725505
-0.040000 0.034043 0.047749 0.725505
-0.040000 0.034043 0.049424 0.725505
-0.040000 0.034043 0.051099 0.725505
-0.040000 0.034043 0.052775 0.725505
-0.040000 0.034043 0.054450 0.725505
-0.040000 0.034043 0.056126 0.725505
-0.040000 0.034043 0.057801 0.725505
-0.040000 0.034043 0.059476 0.725505
-0.040000 0.034043 0.061152 0.725505
-0.040000 0.034043 0.062827 0.725505
-0.040000 0.034043 0.064503 0.725505
-0.040000 0.034043 0.066178 0.725505
-0.040000 0.034043 0.067853 0.725505
-0.040000 0.034043 0.069529 0.725505
-0.040000 0.034043 0.071204 0.725505
-0.040000 0.034043 0.072880 0.725505
-0.040000 0.034043 0.074555 0.725505
-0.040000 0.034043 0.076230 0.725505
-0.040000 0.034043 0.077906 0.725505
-0.040000 0.034043 0.079581 0.725505
-0.040000 0.034043 0.081257 0.725505
-0.040000 0.034043 0.082932 0.725505
-0.040000 0.034043 0.084607 0.725505
-0.040000 0.034043 0.086283 0.725505
-0.040000 0.034043 0.087958 0.725505
-0.040000 0.034043 0.089634 0.725505
-0.040000 0.034043 0.091309 0.725505
-0.040000 0.034043 0.092984 0.725505
-0.040000 0.034043 0.094660 0.725505
-0.040000 0.034043 0.096335 0.725505
-0.040000 0.034043 0.098010 0.725505
-0.040000 0.034043 0.099686 0.725505
-0.040000 0.034043 0.101361 0.725505
-0.040000 0.034043 0.103037 0.725505
-0.040000 0.034043 0.104712 0.725505
-0.040000 0.034043 0.106387 0.725505
-0.040000 0.034043 0.108063 0.725505
-0.040000 0.034043 0.109738 0.725505
-0.040000 0.034043 0.111414 0.725505
-0.040000 0.034043 0.113089 0.725505
-0.040000 0.034043 0.114764 0.725505
-0.040000 0.034043 0.116440 0.725505
-0.040000 0.034043 0.118115 0.725505
-0.040000 0.034043 0.119791 0.725505
-0.040000 0.034043 0.121466 0.725505
-0.040000 0.034043 0.123141 0.725505
-0.040000 0.034043 0.124817 0.725505
-0.040000 0.034043 0.126492 0.725505
-0.040000 0.034043 0.128168 0.725505
-0.040000 0.034043 0.129843 0.725505
-0.040000 0.034043 0.131518 0.725505
-0.040000 0.034043 0.133194 0.725505
-0.040000 0.034043 0.134869 0.725505
-0.040000 0.034043 0.136545 0.725505
-0.040000 0.034043 0.138220 0.725505
-0.040000 0.034043 0.139895 0.725505
-0.040000 0.034043 0.141571 0.725505
-0.040000 0.034043 0.143246 0.725505
-0.040000 0.034043 0.144921 0.725505
-0.040000 0.034043 0.146597 0.725505
-0.040000 0.034043 0.148272 0.725505
-0.040000 0.034043 0.149948 0.725505
-0.040000 0.034043 0.151623 0.725505
-0.040000 0.034043 0.153298 0.725505
-0.040000 0.034043 0.154974 0.725505
-0.040000 0.034043 0.156649 0.725505
-0.040000 0.034043 0.158325 0.725505
-0.040000 0.034043 0.160000 0.725505
-0.040000 0.035745 -0.160000 0.664012
-0.040000 0.035745 -0.158325 0.664012
-0.040000 0.035745 -0.156649 0.664012
-0.040000 0.035745 -0.154974 0.664012
-0.040000 0.035745 -0.153298 0.664012
-0.040000 0.035745 -0.151623 0.664012
-0.040000 0.035745 -0.149948 0.664012
-0.040000 0.035745 -0.148272 0.664012
-0.040000 0.035745 -0.146597 0.664012
-0.040000 0.035745 -0.144921 0.664012
-0.040000 0.035745 -0.143246 0.664012
-0.040000 0.035745 -0.141571 0.664012
-0.040000 0.035745 -0.139895 0.664012
-0.040000 0.035745 -0.138220 0.664012
-0.040000 0.035745 -0.136545 0.664012
-0.040000 0.035745 -0.134869 0.664012
-0.040000 0.035745 -0.133194 0.664012
-0.040000 0.035745 -0.131518 0.664012
-0.040000 0.035745 -0.129843 0.664012
-0.040000 0.035745 -0.128168 0.664012
-0.040000 0.035745 -0.126492 0.664012
-0.040000 0.035745 -0.124817 0.664012
-0.040000 0.035745 -0.123141 0.664012
-0.040000 0.035745 -0.121466 0.664012
-0.040000 0.035745 -0.119791 0.664012
-0.040000 0.035745 -0.118115 0.664012
-0.040000 0.035745 -0.116440 0.664012
-0.040000 0.035745 -0.114764 0.664012
-0.040000 0.035745 -0.113089 0.664012
-0.040000 0.035745 -0.111414 0.664012
-0.040000 0.035745 -0.109738 0.664012
-0.040000 0.035745 -0.108063 0.664012
-0.040000 0.035745 -0.106387 0.664012
-0.040000 0.035745 -0.104712 0.664012
-0.040000 0.035745 -0.103037 0.664012
-0.040000 0.035745 -0.101361 0.664012
-0.040000 0.035745 -0.099686 0.664012
-0.040000 0.035745 -0.098010 0.664012
-0.040000 0.035745 -0.096335 0.664012
-0.040000 0.035745 -0.094660 0.664012
-0.040000 0.035745 -0.092984 0.664012
-0.040000 0.035745 -0.091309 0.664012
-0.040000 0.035745 -0.089634 0.664012
-0.040000 0.035745 -0.087958 0.664012
-0.040000 0.035745 -0.086283 0.664012
-0.040000 0.035745 -0.084607 0.664012
-0.040000 0.035745 -0.082932 0.664012
-0.040000 0.035745 -0.081257 0.664012
-0.040000 0.035745 -0.079581 0.664012
-0.040000 0.035745 -0.077906 0.664012
-0.040000 0.035745 -0.076230 0.664012
-0.040000 0.035745 -0.074555 0.664012
-0.040000 0.035745 -0.072880 0.664012
-0.040000 0.035745 -0.071204 0.664012
-0.040000 0.035745 -0.069529 0.664012
-0.040000 0.035745 -0.067853 0.664012
-0.040000 0.035745 -0.066178 0.664012
-0.040000 0.035745 -0.064503 0.664012
-0.040000 0.035745 -0.062827 0.664012
-0.040000 0.035745 -0.061152 0.664012
-0.040000 0.035745 -0.059476 0.664012
-0.040000 0.035745 -0.057801 0.664012
-0.040000 0.035745 -0.056126 0.664012
-0.040000 0.035745 -0.054450 0.664012
-0.040000 0.035745 -0.052775 0.664012
-0.040000 0.035745 -0.051099 0.664012
-0.040000 0.035745 -0.049424 0.664012
-0.040000 0.035745 -0.047749 0.664012
-0.040000 0.035745 -0.046073 0.664012
-0.040000 0.035745 -0.044398 0.664012
-0.040000 0.035745 -0.042723 0.664012
-0.040000 0.035745 -0.041047 0.664012
-0.040000 0.035745 -0.039372 0.664012
-0.040000 0.035745 -0.037696 0.664012
-0.040000 0.035745 -0.036021 0.664012
-0.040000 0.035745 -0.034346 0.664012
-0.040000 0.035745 -0.032670 0.664012
-0.040000 0.035745 -0.030995 0.664012
-0.040000 0.035745 -0.029319 0.664012
-0.040000 0.035745 -0.027644 0.664012
-0.040000 0.035745 -0.025969 0.664012
-0.040000 0.035745 -0.024293 0.664012
-0.040000 0.035745 -0.022618 0.664012
-0.040000 0.035745 -0.020942 0.664012
-0.040000 0.035745 -0.019267 0.664012
-0.040000 0.035745 -0.017592 0.664012
-0.040000 0.035745 -0.015916 0.664012
-0.040000 0.035745 -0.014241 0.664012
-0.040000 0.035745 -0.012565 0.664012
-0.040000 0.035745 -0.010890 0.664012
-0.040000 0.035745 -0.009215 0.664012
-0.040000 0.035745 -0.007539 0.664012
-0.040000 0.035745 -0.005864 0.664012
-0.040000 0.035745 -0.004188 0.664012
-0.040000 0.035745 -0.002513 0.664012
-0.040000 0.035745 -0.000838 0.664012
-0.040000 0.035745 0.000838 0.664012
-0.040000 0.035745 0.002513 0.664012
-0.040000 0.035745 0.004188 0.664012
-0.040000 0.035745 0.005864 0.664012
-0.040000 0.035745 0.007539 0.664012
-0.040000 0.035745 0.009215 0.664012
-0.040000 0.035745 0.010890 0.664012
-0.040000 0.035745 0.012565 0.664012
-0.040000 0.035745 0.014241 0.664012
-0.040000 0.035745 0.015916 0.664012
-0.040000 0.035745 0.017592 0.664012
-0.040000 0.035745 0.019267 0.664012
-0.040000 0.035745 0.020942 0.664012
-0.040000 0.035745 0.022618 0.664012
-0.040000 0.035745 0.024293 0.664012
-0.040000 0.035745 0.025969 0.664012
-0.040000 0.035745 0.027644 0.664012
-0.040000 0.035745 0.029319 0.664012
-0.040000 0.035745 0.030995 0.664012
-0.040000 0.035745 0.032670 0.664012
-0.040000 0.035745 0.034346 0.664012
-0.040000 0.035745 0.036021 0.664012
-0.040000 0.035745 0.037696 0.664012
-0.040000 0.035745 0.039372 0.664012
-0.040000 0.035745 0.041047 0.664012
-0.040000 0.035745 0.042723 0.664012
-0.040000 0.035745 0.044398 0.664012
-0.040000 0.035745 0.046073 0.664012
-0.040000 0.035745 0.047749 0.664012
-0.040000 0.035745 0.049424 0.664012
-0.040000 0.035745 0.051099 0.664012
-0.040000 0.035745 0.052775 0.664012
-0.040000 0.035745 0.054450 0.664012
-0.040000 0.035745 0.056126 0.664012
-0.040000 0.035745 0.057801 0.664012
-0.040000 0.035745 0.059476 0.664012
-0.040000 0.035745 0.061152 0.664012
-0.040000 0.035745 0.062827 0.664012
-0.040000 0.035745 0.064503 0.664012
-0.040000 0.035745 0.066178 0.664012
-0.040000 0.035745 0.067853 0.664012
-0.040000 0.035745 0.069529 0.664012
-0.040000 0.035745 0.071204 0.664012
-0.040000 0.035745 0.072880 0.664012
-0.040000 0.035745 0.074555 0.664012
-0.040000 0.035745 0.076230 0.664012
-0.040000 0.035745 0.077906 0.664012
-0.040000 0.035745 0.079581 0.664012
-0.040000 0.035745 0.081257 0.664012
-0.040000 0.035745 0.082932 0.664012
-0.040000 0.035745 0.084607 0.664012
-0.040000 0.035745 0.086283 0.664012
-0.040000 0.035745 0.087958 0.664012
-0.040000 0.035745 0.089634 0.664012
-0.040000 0.035745 0.091309 0.664012
-0.040000 0.035745 0.092984 0.664012
-0.040000 0.035745 0.094660 0.664012
-0.040000 0.035745 0.096335 0.664012
-0.040000 0.035745 0.098010 0.664012
-0.040000 0.035745 0.099686 0.664012
-0.040000 0.035745 0.101361 0.664012
-0.040000 0.035745 0.103037 0.664012
-0.040000 0.035745 0.104712 0.664012
-0.040000 0.035745 0.106387 0.664012
-0.040000 0.035745 0.108063 0.664012
-0.040000 0.035745 0.109738 0.664012
-0.040000 0.035745 0.111414 0.664012
-0.040000 0.035745 0.113089 0.664012
-0.040000 0.035745 0.114764 0.664012
-0.040000 0.035745 0.116440 0.664012
-0.040000 0.035745 0.118115 0.664012
-0.040000 0.035745 0.119791 0.664012
-0.040000 0.035745 0.121466 0.664012
-0.040000 0.035745 0.123141 0.664012
-0.040000 0.035745 0.124817 0.664012
-0.040000 0.035745 0.126492 0.664012
-0.040000 0.035745 0.128168 0.664012
-0.040000 0.035745 0.129843 0.664012
-0.040000 0.035745 0.131518 0.664012
-0.040000 0.035745 0.133194 0.664012
-0.040000 0.035745 0.134869 0.664012
-0.040000 0.035745 0.136545 0.664012
-0.040000 0.035745 0.138220 0.664012
-0.040000 0.035745 0.139895 0.664012
-0.040000 0.035745 0.141571 0.664012
-0.040000 0.035745 0.143246 0.664012
-0.040000 0.035745 0.144921 0.664012
-0.040000 0.035745 0.146597 0.664012
-0.040000 0.035745 0.148272 0.664012
-0.040000 0.035745 0.149948 0.664012
-0.040000 0.035745 0.151623 0.664012
-0.040000 0.035745 0.153298 0.664012
-0.040000 0.035745 0.154974 0.664012
-0.040000 0.035745 0.156649 0.664012
-0.040000 0.035745 0.158325 0.664012
-0.040000 0.035745 0.160000 0.664012
-0.040000 0.037447 -0.160000 0.599593
-0.040000 0.037447 -0.158325 0.599593
-0.040000 0.037447 -0.156649 0.599593
-0.040000 0.037447 -0.154974 0.599593
-0.040000 0.037447 -0.153298 0.599593
-0.040000 0.037447 -0.151623 0.599593
-0.040000 0.037447 -0.149948 0.599593
-0.040000 0.037447 -0.148272 0.599593
-0.040000 0.037447 -0.146597 0.599593
-0.040000 0.037447 -0.144921 0.599593
-0.040000 0.037447 -0.143246 0.599593
-0.040000 0.037447 -0.141571 0.599593
-0.040000 0.037447 -0.139895 0.599593
-0.040000 0.037447 -0.138220 0.599593
-0.040000 0.037447 -0.136545 0.599593
-0.040000 0.037447 -0.134869 0.599593
-0.040000 0.037447 -0.133194 0.599593
-0.040000 0.037447 -0.131518 0.599593
-0.040000 0.037447 -0.129843 0.599593
-0.040000 0.037447 -0.128168 0.599593
-0.040000 0.037447 -0.126492 0.599593
-0.040000 0.037447 -0.124817 0.599593
-0.040000 0.037447 -0.123141 0.599593
-0.040000 0.037447 -0.121466 0.599593
-0.040000 0.037447 -0.119791 0.599593
-0.040000 0.037447 -0.118115 0.599593
-0.040000 0.037447 -0.116440 0.599593
-0.040000 0.037447 -0.114764 0.599593
-0.040000 0.037447 -0.113089 0.599593
-0.040000 0.037447 -0.111414 0.599593
-0.040000 0.037447 -0.109738 0.599593
-0.040000 0.037447 -0.108063 0.599593
-0.040000 0.037447 -0.106387 0.599593
-0.040000 0.037447 -0.104712 0.599593
-0.040000 0.037447 -0.103037 0.599593
-0.040000 0.037447 -0.101361 0.599593
-0.040000 0.037447 -0.099686 0.599593
-0.040000 0.037447 -0.098010 0.599593
-0.040000 0.037447 -0.096335 0.599593
-0.040000 0.037447 -0.094660 0.599593
-0.040000 0.037447 -0.092984 0.599593
-0.040000 0.037447 -0.091309 0.599593
-0.040000 0.037447 -0.089634 0.599593
-0.040000 0.037447 -0.087958 0.599593
-0.040000 0.037447 -0.086283 0.599593
-0.040000 0.037447 -0.084607 0.599593
-0.040000 0.037447 -0.082932 0.599593
-0.040000 0.037447 -0.081257 0.599593
-0.040000 0.037447 -0.079581 0.599593
-0.040000 0.037447 -0.077906 0.599593
-0.040000 0.037447 -0.076230 0.599593
-0.040000 0.037447 -0.074555 0.599593
-0.040000 0.037447 -0.072880 0.599593
-0.040000 0.037447 -0.071204 0.599593
-0.040000 0.037447 -0.069529 0.599593
-0.040000 0.037447 -0.067853 0.599593
-0.040000 0.037447 -0.066178 0.599593
-0.040000 0.037447 -0.064503 0.599593
-0.040000 0.037447 -0.062827 0.599593
-0.040000 0.037447 -0.061152 0.599593
-0.040000 0.037447 -0.059476 0.599593
-0.040000 0.037447 -0.057801 0.599593
-0.040000 0.037447 -0.056126 0.599593
-0.040000 0.037447 -0.054450 0.599593
-0.040000 0.037447 -0.052775 0.599593
-0.040000 0.037447 -0.051099 0.599593
-0.040000 0.037447 -0.049424 0.599593
-0.040000 0.037447 -0.047749 0.599593
-0.040000 0.037447 -0.046073 0.599593
-0.040000 0.037447 -0.044398 0.599593
-0.040000 0.037447 -0.042723 0.599593
-0.040000 0.037447 -0.041047 0.599593
-0.040000 0.037447 -0.039372 0.599593
-0.040000 0.037447 -0.037696 0.599593
-0.040000 0.037447 -0.036021 0.599593
-0.040000 0.037447 -0.034346 0.599593
-0.040000 0.037447 -0.032670 0.599593
-0.040000 0.037447 -0.030995 0.599593
-0.040000 0.037447 -0.029319 0.599593
-0.040000 0.037447 -0.027644 0.599593
-0.040000 0.037447 -0.025969 0.599593
-0.040000 0.037447 -0.024293 0.599593
-0.040000 0.037447 -0.022618 0.599593
-0.040000 0.037447 -0.020942 0.599593
-0.040000 0.037447 -0.019267 0.599593
-0.040000 0.037447 -0.017592 0.599593
-0.040000 0.037447 -0.015916 0.599593
-0.040000 0.037447 -0.014241 0.599593
-0.040000 0.037447 -0.012565 0.599593
-0.040000 0.037447 -0.010890 0.599593
-0.040000 0.037447 -0.009215 0.599593
-0.040000 0.037447 -0.007539 0.599593
-0.040000 0.037447 -0.005864 0.599593
-0.040000 0.037447 -0.004188 0.599593
-0.040000 0.037447 -0.002513 0.599593
-0.040000 0.037447 -0.000838 0.599593
-0.040000 0.037447 0.000838 0.599593
-0.040000 0.037447 0.002513 0.599593
-0.040000 0.037447 0.004188 0.599593
-0.040000 0.037447 0.005864 0.599593
-0.040000 0.037447 0.007539 0.599593
-0.040000 0.037447 0.009215 0.599593
-0.040000 0.037447 0.010890 0.599593
-0.040000 0.037447 0.012565 0.599593
-0.040000 0.037447 0.014241 0.599593
-0.040000 0.037447 0.015916 0.599593
-0.040000 0.037447 0.017592 0.599593
-0.040000 0.037447 0.019267 0.599593
-0.040000 0.037447 0.020942 0.599593
-0.040000 0.037447 0.022618 0.599593
-0.040000 0.037447 0.024293 0.599593
-0.040000 0.037447 0.025969 0.599593
-0.040000 0.037447 0.027644 0.599593
-0.040000 0.037447 0.029319 0.599593
-0.040000 0.037447 0.030995 0.599593
-0.040000 0.037447 0.032670 0.599593
-0.040000 0.037447 0.034346 0.599593
-0.040000 0.037447 0.036021 0.599593
-0.040000 0.037447 0.037696 0.599593
-0.040000 0.037447 0.039372 0.599593
-0.040000 0.037447 0.041047 0.599593
-0.040000 0.037447 0.042723 0.599593
-0.040000 0.037447 0.044398 0.599593
-0.040000 0.037447 0.046073 0.599593
-0.040000 0.037447 0.047749 0.599593
-0.040000 0.037447 0.049424 0.599593
-0.040000 0.037447 0.051099 0.599593
-0.040000 0.037447 0.052775 0.599593
-0.040000 0.037447 0.054450 0.599593
-0.040000 0.037447 0.056126 0.599593
-0.040000 0.037447 0.057801 0.599593
-0.040000 0.037447 0.059476 0.599593
-0.040000 0.037447 0.061152 0.599593
-0.040000 0.037447 0.062827 0.599593
-0.040000 0.037447 0.064503 0.599593
-0.040000 0.037447 0.066178 0.599593
-0.040000 0.037447 0.067853 0.599593
-0.040000 0.037447 0.069529 0.599593
-0.040000 0.037447 0.071204 0.599593
-0.040000 0.037447 0.072880 0.599593
-0.040000 0.037447 0.074555 0.599593
-0.040000 0.037447 0.076230 0.599593
-0.040000 0.037447 0.077906 0.599593
-0.040000 0.037447 0.079581 0.599593
-0.040000 0.037447 0.081257 0.599593
-0.040000 0.037447 0.082932 0.599593
-0.040000 0.037447 0.084607 0.599593
-0.040000 0.037447 0.086283 0.599593
-0.040000 0.037447 0.087958 0.599593
-0.040000 0.037447 0.089634 0.599593
-0.040000 0.037447 0.091309 0.599593
-0.040000 0.037447 0.092984 0.599593
-0.040000 0.037447 0.094660 0.599593
-0.040000 0.037447 0.096335 0.599593
-0.040000 0.037447 0.098010 0.599593
-0.040000 0.037447 0.099686 0.599593
-0.040000 0.037447 0.101361 0.599593
-0.040000 0.037447 0.103037 0.599593
-0.040000 0.037447 0.104712 0.599593
-0.040000 0.037447 0.106387 0.599593
-0.040000 0.037447 0.108063 0.599593
-0.040000 0.037447 0.109738 0.599593
-0.040000 0.037447 0.111414 0.599593
-0.040000 0.037447 0.113089 0.599593
-0.040000 0.037447 0.114764 0.599593
-0.040000 0.037447 0.116440 0.599593
-0.040000 0.037447 0.118115 0.599593
-0.040000 0.037447 0.119791 0.599593
-0.040000 0.037447 0.121466 0.599593
-0.040000 0.037447 0.123141 0.599593
-0.040000 0.037447 0.124817 0.599593
-0.040000 0.037447 0.126492 0.599593
-0.040000 0.037447 0.128168 0.599593
-0.040000 0.037447 0.129843 0.599593
-0.040000 0.037447 0.131518 0.599593
-0.040000 0.037447 0.133194 0.599593
-0.040000 0.037447 0.134869 0.599593
-0.040000 0.037447 0.136545 0.599593
-0.040000 0.037447 0.138220 0.599593
-0.040000 0.037447 0.139895 0.599593
-0.040000 0.037447 0.141571 0.599593
-0.040000 0.037447 0.143246 0.599593
-0.040000 0.037447 0.144921 0.599593
-0.040000 0.037447 0.146597 0.599593
-0.040000 0.037447 0.148272 0.599593
-0.040000 0.037447 0.149948 0.599593
-0.040000 0.037447 0.151623 0.599593
-0.040000 0.037447 0.153298 0.599593
-0.040000 0.037447 0.154974 0.599593
-0.040000 0.037447 0.156649 0.599593
-0.040000 0.037447 0.158325 0.599593
-0.040000 0.037447 0.160000 0.599593
-0.040000 0.039149 -0.160000 0.533396
-0.040000 0.039149 -0.158325 0.533396
-0.040000 0.039149 -0.156649 0.533396
-0.040000 0.039149 -0.154974 0.533396
-0.040000 0.039149 -0.153298 0.533396
-0.040000 0.039149 -0.151623 0.533396
-0.040000 0.039149 -0.149948 0.533396
-0.040000 0.039149 -0.148272 0.533396
-0.040000 0.039149 -0.146597 0.533396
-0.040000 0.039149 -0.144921 0.533396
-0.040000 0.039149 -0.143246 0.533396
-0.040000 0.039149 -0.141571 0.533396
-0.040000 0.039149 -0.139895 0.533396
-0.040000 0.039149 -0.138220 0.533396
-0.040000 0.039149 -0.136545 0.533396
-0.040000 0.039149 -0.134869 0.533396
-0.040000 0.039149 -0.133194 0.533396
-0.040000 0.039149 -0.131518 0.533396
-0.040000 0.039149 -0.129843 0.533396
-0.040000 0.039149 -0.128168 0.533396
-0.040000 0.039149 -0.126492 0.533396
-0.040000 0.039149 -0.124817 0.533396
-0.040000 0.039149 -0.123141 0.533396
-0.040000 0.039149 -0.121466 0.533396
-0.040000 0.039149 -0.119791 0.533396
-0.040000 0.039149 -0.118115 0.533396
-0.040000 0.039149 -0.116440 0.533396
-0.040000 0.039149 -0.114764 0.533396
-0.040000 0.039149 -0.113089 0.533396
-0.040000 0.039149 -0.111414 0.533396
-0.040000 0.039149 -0.109738 0.533396
-0.040000 0.039149 -0.108063 0.533396
-0.040000 0.039149 -0.106387 0.533396
-0.040000 0.039149 -0.104712 0.533396
-0.040000 0.039149 -0.103037 0.533396
-0.040000 0.039149 -0.101361 0.533396
-0.040000 0.039149 -0.099686 0.533396
-0.040000 0.039149 -0.098010 0.533396
-0.040000 0.039149 -0.096335 0.533396
-0.040000 0.039149 -0.094660 0.533396
-0.040000 0.039149 -0.092984 0.533396
-0.040000 0.039149 -0.091309 0.533396
-0.040000 0.039149 -0.089634 0.533396
-0.040000 0.039149 -0.087958 0.533396
-0.040000 0.039149 -0.086283 0.533396
-0.040000 0.039149 -0.084607 0.533396
-0.040000 0.039149 -0.082932 0.533396
-0.040000 0.039149 -0.081257 0.533396
-0.040000 0.039149 -0.079581 0.533396
-0.040000 0.039149 -0.077906 0.533396
-0.040000 0.039149 -0.076230 0.533396
-0.040000 0.039149 -0.074555 0.533396
-0.040000 0.039149 -0.072880 0.533396
-0.040000 0.039149 -0.071204 0.533396
-0.040000 0.039149 -0.069529 0.533396
-0.040000 0.039149 -0.067853 0.533396
-0.040000 0.039149 -0.066178 0.533396
-0.040000 0.039149 -0.064503 0.533396
-0.040000 0.039149 -0.062827 0.533396
-0.040000 0.039149 -0.061152 0.533396
-0.040000 0.039149 -0.059476 0.533396
-0.040000 0.039149 -0.057801 0.533396
-0.040000 0.039149 -0.056126 0.533396
-0.040000 0.039149 -0.054450 0.533396
-0.040000 0.039149 -0.052775 0.533396
-0.040000 0.039149 -0.051099 0.533396
-0.040000 0.039149 -0.049424 0.533396
-0.040000 0.039149 -0.047749 0.533396
-0.040000 0.039149 -0.046073 0.533396
-0.040000 0.039149 -0.044398 0.533396
-0.040000 0.039149 -0.042723 0.533396
-0.040000 0.039149 -0.041047 0.533396
-0.040000 0.039149 -0.039372 0.533396
-0.040000 0.039149 -0.037696 0.533396
-0.040000 0.039149 -0.036021 0.533396
-0.040000 0.039149 -0.034346 0.533396
-0.040000 0.039149 -0.032670 0.533396
-0.040000 0.039149 -0.030995 0.533396
-0.040000 0.039149 -0.029319 0.533396
-0.040000 0.039149 -0.027644 0.533396
-0.040000 0.039149 -0.025969 0.533396
-0.040000 0.039149 -0.024293 0.533396
-0.040000 0.039149 -0.022618 0.533396
-0.040000 0.039149 -0.020942 0.533396
-0.040000 0.039149 -0.019267 0.533396
-0.040000 0.039149 -0.017592 0.533396
-0.040000 0.039149 -0.015916 0.533396
-0.040000 0.039149 -0.014241 0.533396
-0.040000 0.039149 -0.012565 0.533396
-0.040000 0.039149 -0.010890 0.533396
-0.040000 0.039149 -0.009215 0.533396
-0.040000 0.039149 -0.007539 0.533396
-0.040000 0.039149 -0.005864 0.533396
-0.040000 0.039149 -0.004188 0.533396
-0.040000 0.039149 -0.002513 0.533396
-0.040000 0.039149 -0.000838 0.533396
-0.040000 0.039149 0.000838 0.533396
-0.040000 0.039149 0.002513 0.533396
-0.040000 0.039149 0.004188 0.533396
-0.040000 0.039149 0.005864 0.533396
-0.040000 0.039149 0.007539 0.533396
-0.040000 0.039149 0.009215 0.533396
-0.040000 0.039149 0.010890 0.533396
-0.040000 0.039149 0.012565 0.533396
-0.040000 0.039149 0.014241 0.533396
-0.040000 0.039149 0.015916 0.533396
-0.040000 0.039149 0.017592 0.533396
-0.040000 0.039149 0.019267 0.533396
-0.040000 0.039149 0.020942 0.533396
-0.040000 0.039149 0.022618 0.533396
-0.040000 0.039149 0.024293 0.533396
-0.040000 0.039149 0.025969 0.533396
-0.040000 0.039149 0.027644 0.533396
-0.040000 0.039149 0.029319 0.533396
-0.040000 0.039149 0.030995 0.533396
-0.040000 0.039149 0.032670 0.533396
-0.040000 0.039149 0.034346 0.533396
-0.040000 0.039149 0.036021 0.533396
-0.040000 0.039149 0.037696 0.533396
-0.040000 0.039149 0.039372 0.533396
-0.040000 0.039149 0.041047 0.533396
-0.040000 0.039149 0.042723 0.533396
-0.040000 0.039149 0.044398 0.533396
-0.040000 0.039149 0.046073 0.533396
-0.040000 0.039149 0.047749 0.533396
-0.040000 0.039149 0.049424 0.533396
-0.040000 0.039149 0.051099 0.533396
-0.040000 0.039149 0.052775 0.533396
-0.040000 0.039149 0.054450 0.533396
-0.040000 0.039149 0.056126 0.533396
-0.040000 0.039149 0.057801 0.533396
-0.040000 0.039149 0.059476 0.533396
-0.040000 0.039149 0.061152 0.533396
-0.040000 0.039149 0.062827 0.533396
-0.040000 0.039149 0.064503 0.533396
-0.040000 0.039149 0.066178 0.533396
-0.040000 0.039149 0.067853 0.533396
-0.040000 0.039149 0.069529 0.533396
-0.040000 0.039149 0.071204 0.533396
-0.040000 0.039149 0.072880 0.533396
-0.040000 0.039149 0.074555 0.533396
-0.040000 0.039149 0.076230 0.533396
-0.040000 0.039149 0.077906 0.533396
-0.040000 0.039149 0.079581 0.533396
-0.040000 0.039149 0.081257 0.533396
-0.040000 0.039149 0.082932 0.533396
-0.040000 0.039149 0.084607 0.533396
-0.040000 0.039149 0.086283 0.533396
-0.040000 0.039149 0.087958 0.533396
-0.040000 0.039149 0.089634 0.533396
-0.040000 0.039149 0.091309 0.533396
-0.040000 0.039149 0.092984 0.533396
-0.040000 0.039149 0.094660 0.533396
-0.040000 0.039149 0.096335 0.533396
-0.040000 0.039149 0.098010 0.533396
-0.040000 0.039149 0.099686 0.533396
-0.040000 0.039149 0.101361 0.533396
-0.040000 0.039149 0.103037 0.533396
-0.040000 0.039149 0.104712 0.533396
-0.040000 0.039149 0.106387 0.533396
-0.040000 0.039149 0.108063 0.533396
-0.040000 0.039149 0.109738 0.533396
-0.040000 0.039149 0.111414 0.533396
-0.040000 0.039149 0.113089 0.533396
-0.040000 0.039149 0.114764 0.533396
-0.040000 0.039149 0.116440 0.533396
-0.040000 0.039149 0.118115 0.533396
-0.040000 0.039149 0.119791 0.533396
-0.040000 0.039149 0.121466 0.533396
-0.040000 0.039149 0.123141 0.533396
-0.040000 0.039149 0.124817 0.533396
-0.040000 0.039149 0.126492 0.533396
-0.040000 0.039149 0.128168 0.533396
-0.040000 0.039149 0.129843 0.533396
-0.040000 0.039149 0.131518 0.533396
-0.040000 0.039149 0.133194 0.533396
-0.040000 0.039149 0.134869 0.533396
-0.040000 0.039149 0.136545 0.533396
-0.040000 0.039149 0.138220 0.533396
-0.040000 0.039149 0.139895 0.533396
-0.040000 0.039149 0.141571 0.533396
-0.040000 0.039149 0.143246 0.533396
-0.040000 0.039149 0.144921 0.533396
-0.040000 0.039149 0.146597 0.533396
-0.040000 0.039149 0.148272 0.533396
-0.040000 0.039149 0.149948 0.533396
-0.040000 0.039149 0.151623 0.533396
-0.040000 0.039149 0.153298 0.533396
-0.040000 0.039149 0.154974 0.533396
-0.040000 0.039149 0.156649 0.533396
-0.040000 0.039149 0.158325 0.533396
-0.040000 0.039149 0.160000 0.533396
-0.040000 0.040851 -0.160000 0.466604
-0.040000 0.040851 -0.158325 0.466604
-0.040000 0.040851 -0.156649 0.466604
-0.040000 0.040851 -0.154974 0.466604
-0.040000 0.040851 -0.153298 0.466604
-0.040000 0.040851 -0.151623 0.466604
-0.040000 0.040851 -0.149948 0.466604
-0.040000 0.040851 -0.148272 0.466604
-0.040000 0.040851 -0.146597 0.466604
-0.040000 0.040851 -0.144921 0.466604
-0.040000 0.040851 -0.143246 0.466604
-0.040000 0.040851 -0.141571 0.466604
-0.040000 0.040851 -0.139895 0.466604
-0.040000 0.040851 -0.138220 0.466604
-0.040000 0.040851 -0.136545 0.466604
-0.040000 0.040851 -0.134869 0.466604
-0.040000 0.040851 -0.133194 0.466604
-0.040000 0.040851 -0.131518 0.466604
-0.040000 0.040851 -0.129843 0.466604
-0.040000 0.040851 -0.128168 0.466604
-0.040000 0.040851 -0.126492 0.466604
-0.040000 0.040851 -0.124817 0.466604
-0.040000 0.040851 -0.123141 0.466604
-0.040000 0.040851 -0.121466 0.466604
-0.040000 0.040851 -0.119791 0.466604
-0.040000 0.040851 -0.118115 0.466604
-0.040000 0.040851 -0.116440 0.466604
-0.040000 0.040851 -0.114764 0.466604
-0.040000 0.040851 -0.113089 0.466604
-0.040000 0.040851 -0.111414 0.466604
-0.040000 0.040851 -0.109738 0.466604
-0.040000 0.040851 -0.108063 0.466604
-0.040000 0.040851 -0.106387 0.466604
-0.040000 0.040851 -0.104712 0.466604
-0.040000 0.040851 -0.103037 0.466604
-0.040000 0.040851 -0.101361 0.466604
-0.040000 0.040851 -0.099686 0.466604
-0.040000 0.040851 -0.098010 0.466604
-0.040000 0.040851 -0.096335 0.466604
-0.040000 0.040851 -0.094660 0.466604
-0.040000 0.040851 -0.092984 0.466604
-0.040000 0.040851 -0.091309 0.466604
-0.040000 0.040851 -0.089634 0.466604
-0.040000 0.040851 -0.087958 0.466604
-0.040000 0.040851 -0.086283 0.466604
-0.040000 0.040851 -0.084607 0.466604
-0.040000 0.040851 -0.082932 0.466604
-0.040000 0.040851 -0.081257 0.466604
-0.040000 0.040851 -0.079581 0.466604
-0.040000 0.040851 -0.077906 0.466604
-0.040000 0.040851 -0.076230 0.466604
-0.040000 0.040851 -0.074555 0.466604
-0.040000 0.040851 -0.072880 0.466604
-0.040000 0.040851 -0.071204 0.466604
-0.040000 0.040851 -0.069529 0.466604
-0.040000 0.040851 -0.067853 0.466604
-0.040000 0.040851 -0.066178 0.466604
-0.040000 0.040851 -0.064503 0.466604
-0.040000 0.040851 -0.062827 0.466604
-0.040000 0.040851 -0.061152 0.466604
-0.040000 0.040851 -0.059476 0.466604
-0.040000 0.040851 -0.057801 0.466604
-0.040000 0.040851 -0.056126 0.466604
-0.040000 0.040851 -0.054450 0.466604
-0.040000 0.040851 -0.052775 0.466604
-0.040000 0.040851 -0.051099 0.466604
-0.040000 0.040851 -0.049424 0.466604
-0.040000 0.040851 -0.047749 0.466604
-0.040000 0.040851 -0.046073 0.466604
-0.040000 0.040851 -0.044398 0.466604
-0.040000 0.040851 -0.042723 0.466604
-0.040000 0.040851 -0.041047 0.466604
-0.040000 0.040851 -0.039372 0.466604
-0.040000 0.040851 -0.037696 0.466604
-0.040000 0.040851 -0.036021 0.466604
-0.040000 0.040851 -0.034346 0.466604
-0.040000 0.040851 -0.032670 0.466604
-0.040000 0.040851 -0.030995 0.466604
-0.040000 0.040851 -0.029319 0.466604
-0.040000 0.040851 -0.027644 0.466604
-0.040000 0.040851 -0.025969 0.466604
-0.040000 0.040851 -0.024293 0.466604
-0.040000 0.040851 -0.022618 0.466604
-0.040000 0.040851 -0.020942 0.466604
-0.040000 0.040851 -0.019267 0.466604
-0.040000 0.040851 -0.017592 0.466604
-0.040000 0.040851 -0.015916 0.466604
-0.040000 0.040851 -0.014241 0.466604
-0.040000 0.040851 -0.012565 0.466604
-0.040000 0.040851 -0.010890 0.466604
-0.040000 0.040851 -0.009215 0.466604
-0.040000 0.040851 -0.007539 0.466604
-0.040000 0.040851 -0.005864 0.466604
-0.040000 0.040851 -0.004188 0.466604
-0.040000 0.040851 -0.002513 0.466604
-0.040000 0.040851 -0.000838 0.466604
-0.040000 0.040851 0.000838 0.466604
-0.040000 0.040851 0.002513 0.466604
-0.040000 0.040851 0.004188 0.466604
-0.040000 0.040851 0.005864 0.466604
-0.040000 0.040851 0.007539 0.466604
-0.040000 0.040851 0.009215 0.466604
-0.040000 0.040851 0.010890 0.466604
-0.040000 0.040851 0.012565 0.466604
-0.040000 0.040851 0.014241 0.466604
-0.040000 0.040851 0.015916 0.466604
-0.040000 0.040851 0.017592 0.466604
-0.040000 0.040851 0.019267 0.466604
-0.040000 0.040851 0.020942 0.466604
-0.040000 0.040851 0.022618 0.466604
-0.040000 0.040851 0.024293 0.466604
-0.040000 0.040851 0.025969 0.466604
-0.040000 0.040851 0.027644 0.466604
-0.040000 0.040851 0.029319 0.466604
-0.040000 0.040851 0.030995 0.466604
-0.040000 0.040851 0.032670 0.466604
-0.040000 0.040851 0.034346 0.466604
-0.040000 0.040851 0.036021 0.466604
-0.040000 0.040851 0.037696 0.466604
-0.040000 0.040851 0.039372 0.466604
-0.040000 0.040851 0.041047 0.466604
-0.040000 0.040851 0.042723 0.466604
-0.040000 0.040851 0.044398 0.466604
-0.040000 0.040851 0.046073 0.466604
-0.040000 0.040851 0.047749 0.466604
-0.040000 0.040851 0.049424 0.466604
-0.040000 0.040851 0.051099 0.466604
-0.040000 0.040851 0.052775 0.466604
-0.040000 0.040851 0.054450 0.466604
-0.040000 0.040851 0.056126 0.466604
-0.040000 0.040851 0.057801 0.466604
-0.040000 0.040851 0.059476 0.466604
-0.040000 0.040851 0.061152 0.466604
-0.040000 0.040851 0.062827 0.466604
-0.040000 0.040851 0.064503 0.466604
-0.040000 0.040851 0.066178 0.466604
-0.040000 0.040851 0.067853 0.466604
-0.040000 0.040851 0.069529 0.466604
-0.040000 0.040851 0.071204 0.466604
-0.040000 0.040851 0.072880 0.466604
-0.040000 0.040851 0.074555 0.466604
-0.040000 0.040851 0.076230 0.466604
-0.040000 0.040851 0.077906 0.466604
-0.040000 0.040851 0.079581 0.466604
-0.040000 0.040851 0.081257 0.466604
-0.040000 0.040851 0.082932 0.466604
-0.040000 0.040851 0.084607 0.466604
-0.040000 0.040851 0.086283 0.466604
-0.040000 0.040851 0.087958 0.466604
-0.040000 0.040851 0.089634 0.466604
-0.040000 0.040851 0.091309 0.466604
-0.040000 0.040851 0.092984 0.466604
-0.040000 0.040851 0.094660 0.466604
-0.040000 0.040851 0.096335 0.466604
-0.040000 0.040851 0.098010 0.466604
-0.040000 0.040851 0.099686 0.466604
-0.040000 0.040851 0.101361 0.466604
-0.040000 0.040851 0.103037 0.466604
-0.040000 0.040851 0.104712 0.466604
-0.040000 0.040851 0.106387 0.466604
-0.040000 0.040851 0.108063 0.466604
-0.040000 0.040851 0.109738 0.466604
-0.040000 0.040851 0.111414 0.466604
-0.040000 0.040851 0.113089 0.466604
-0.040000 0.040851 0.114764 0.466604
-0.040000 0.040851 0.116440 0.466604
-0.040000 0.040851 0.118115 0.466604
-0.040000 0.040851 0.119791 0.466604
-0.040000 0.040851 0.121466 0.466604
-0.040000 0.040851 0.123141 0.466604
-0.040000 0.040851 0.124817 0.466604
-0.040000 0.040851 0.126492 0.466604
-0.040000 0.040851 0.128168 0.466604
-0.040000 0.040851 0.129843 0.466604
-0.040000 0.040851 0.131518 0.466604
-0.040000 0.040851 0.133194 0.466604
-0.040000 0.040851 0.134869 0.466604
-0.040000 0.040851 0.136545 0.466604
-0.040000 0.040851 0.138220 0.466604
-0.040000 0.040851 0.139895 0.466604
-0.040000 0.040851 0.141571 0.466604
-0.040000 0.040851 0.143246 0.466604
-0.040000 0.040851 0.144921 0.466604
-0.040000 0.040851 0.146597 0.466604
-0.040000 0.040851 0.148272 0.466604
-0.040000 0.040851 0.149948 0.466604
-0.040000 0.040851 0.151623 0.466604
-0.040000 0.040851 0.153298 0.466604
-0.040000 0.040851 0.154974 0.466604
-0.040000 0.040851 0.156649 0.466604
-0.040000 0.040851 0.158325 0.466604
-0.040000 0.040851 0.160000 0.466604
-0.040000 0.042553 -0.160000 0.400407
-0.040000 0.042553 -0.158325 0.400407
-0.040000 0.042553 -0.156649 0.400407
-0.040000 0.042553 -0.154974 0.400407
-0.040000 0.042553 -0.153298 0.400407
-0.040000 0.042553 -0.151623 0.400407
-0.040000 0.042553 -0.149948 0.400407
-0.040000 0.042553 -0.148272 0.400407
-0.040000 0.042553 -0.146597 0.400407
-0.040000 0.042553 -0.144921 0.400407
-0.040000 0.042553 -0.143246 0.400407
-0.040000 0.042553 -0.141571 0.400407
-0.040000 0.042553 -0.139895 0.400407
-0.040000 0.042553 -0.138220 0.400407
-0.040000 0.042553 -0.136545 0.400407
-0.040000 0.042553 -0.134869 0.400407
-0.040000 0.042553 -0.133194 0.400407
-0.040000 0.042553 -0.131518 0.400407
-0.040000 0.042553 -0.129843 0.400407
-0.040000 0.042553 -0.128168 0.400407
-0.040000 0.042553 -0.126492 0.400407
-0.040000 0.042553 -0.124817 0.400407
-0.040000 0.042553 -0.123141 0.400407
-0.040000 0.042553 -0.121466 0.400407
-0.040000 0.042553 -0.119791 0.400407
-0.040000 0.042553 -0.118115 0.400407
-0.040000 0.042553 -0.116440 0.400407
-0.040000 0.042553 -0.114764 0.400407
-0.040000 0.042553 -0.113089 0.400407
-0.040000 0.042553 -0.111414 0.400407
-0.040000 0.042553 -0.109738 0.400407
-0.040000 0.042553 -0.108063 0.400407
-0.040000 0.042553 -0.106387 0.400407
-0.040000 0.042553 -0.104712 0.400407
-0.040000 0.042553 -0.103037 0.400407
-0.040000 0.042553 -0.101361 0.400407
-0.040000 0.042553 -0.099686 0.400407
-0.040000 0.042553 -0.098010 0.400407
-0.040000 0.042553 -0.096335 0.400407
-0.040000 0.042553 -0.094660 0.400407
-0.040000 0.042553 -0.092984 0.400407
-0.040000 0.042553 -0.091309 0.400407
-0.040000 0.042553 -0.089634 0.400407
-0.040000 0.042553 -0.087958 0.400407
-0.040000 0.042553 -0.086283 0.400407
-0.040000 0.042553 -0.084607 0.400407
-0.040000 0.042553 -0.082932 0.400407
-0.040000 0.042553 -0.081257 0.400407
-0.040000 0.042553 -0.079581 0.400407
-0.040000 0.042553 -0.077906 0.400407
-0.040000 0.042553 -0.076230 0.400407
-0.040000 0.042553 -0.074555 0.400407
-0.040000 0.042553 -0.072880 0.400407
-0.040000 0.042553 -0.071204 0.400407
-0.040000 0.042553 -0.069529 0.400407
-0.040000 0.042553 -0.067853 0.400407
-0.040000 0.042553 -0.066178 0.400407
-0.040000 0.042553 -0.064503 0.400407
-0.040000 0.042553 -0.062827 0.400407
-0.040000 0.042553 -0.061152 0.400407
-0.040000 0.042553 -0.059476 0.400407
-0.040000 0.042553 -0.057801 0.400407
-0.040000 0.042553 -0.056126 0.400407
-0.040000 0.042553 -0.054450 0.400407
-0.040000 0.042553 -0.052775 0.400407
-0.040000 0.042553 -0.051099 0.400407
-0.040000 0.042553 -0.049424 0.400407
-0.040000 0.042553 -0.047749 0.400407
-0.040000 0.042553 -0.046073 0.400407
-0.040000 0.042553 -0.044398 0.400407
-0.040000 0.042553 -0.042723 0.400407
-0.040000 0.042553 -0.041047 0.400407
-0.040000 0.042553 -0.039372 0.400407
-0.040000 0.042553 -0.037696 0.400407
-0.040000 0.042553 -0.036021 0.400407
-0.040000 0.042553 -0.034346 0.400407
-0.040000 0.042553 -0.032670 0.400407
-0.040000 0.042553 -0.030995 0.400407
-0.040000 0.042553 -0.029319 0.400407
-0.040000 0.042553 -0.027644 0.400407
-0.040000 0.042553 -0.025969 0.400407
-0.040000 0.042553 -0.024293 0.400407
-0.040000 0.042553 -0.022618 0.400407
-0.040000 0.042553 -0.020942 0.400407
-0.040000 0.042553 -0.019267 0.400407
-0.040000 0.042553 -0.017592 0.400407
-0.040000 0.042553 -0.015916 0.400407
-0.040000 0.042553 -0.014241 0.400407
-0.040000 0.042553 -0.012565 0.400407
-0.040000 0.042553 -0.010890 0.400407
-0.040000 0.042553 -0.009215 0.400407
-0.040000 0.042553 -0.007539 0.400407
-0.040000 0.042553 -0.005864 0.400407
-0.040000 0.042553 -0.004188 0.400407
-0.040000 0.042553 -0.002513 0.400407
-0.040000 0.042553 -0.000838 0.400407
-0.040000 0.042553 0.000838 0.400407
-0.040000 0.042553 0.002513 0.400407
-0.040000 0.042553 0.004188 0.400407
-0.040000 0.042553 0.005864 0.400407
-0.040000 0.042553 0.007539 0.400407
-0.040000 0.042553 0.009215 0.400407
-0.040000 0.042553 0.010890 0.400407
-0.040000 0.042553 0.012565 0.400407
-0.040000 0.042553 0.014241 0.400407
-0.040000 0.042553 0.015916 0.400407
-0.040000 0.042553 0.017592 0.400407
-0.040000 0.042553 0.019267 0.400407
-0.040000 0.042553 0.020942 0.400407
-0.040000 0.042553 0.022618 0.400407
-0.040000 0.042553 0.024293 0.400407
-0.040000 0.042553 0.025969 0.400407
-0.040000 0.042553 0.027644 0.400407
-0.040000 0.042553 0.029319 0.400407
-0.040000 0.042553 0.030995 0.400407
-0.040000 0.042553 0.032670 0.400407
-0.040000 0.042553 0.034346 0.400407
-0.040000 0.042553 0.036021 0.400407
-0.040000 0.042553 0.037696 0.400407
-0.040000 0.042553 0.039372 0.400407
-0.040000 0.042553 0.041047 0.400407
-0.040000 0.042553 0.042723 0.400407
-0.040000 0.042553 0.044398 0.400407
-0.040000 0.042553 0.046073 0.400407
-0.040000 0.042553 0.047749 0.400407
-0.040000 0.042553 0.049424 0.400407
-0.040000 0.042553 0.051099 0.400407
-0.040000 0.042553 0.052775 0.400407
-0.040000 0.042553 0.054450 0.400407
-0.040000 0.042553 0.056126 0.400407
-0.040000 0.042553 0.057801 0.400407
-0.040000 0.042553 0.059476 0.400407
-0.040000 0.042553 0.061152 0.400407
-0.040000 0.042553 0.062827 0.400407
-0.040000 0.042553 0.064503 0.400407
-0.040000 0.042553 0.066178 0.400407
-0.040000 0.042553 0.067853 0.400407
-0.040000 0.042553 0.069529 0.400407
-0.040000 0.042553 0.071204 0.400407
-0.040000 0.042553 0.072880 0.400407
-0.040000 0.042553 0.074555 0.400407
-0.040000 0.042553 0.076230 0.400407
-0.040000 0.042553 0.077906 0.400407
-0.040000 0.042553 0.079581 0.400407
-0.040000 0.042553 0.081257 0.400407
-0.040000 0.042553 0.082932 0.400407
-0.040000 0.042553 0.084607 0.400407
-0.040000 0.042553 0.086283 0.400407
-0.040000 0.042553 0.087958 0.400407
-0.040000 0.042553 0.089634 0.400407
-0.040000 0.042553 0.091309 0.400407
-0.040000 0.042553 0.092984 0.400407
-0.040000 0.042553 0.094660 0.400407
-0.040000 0.042553 0.096335 0.400407
-0.040000 0.042553 0.098010 0.400407
-0.040000 0.042553 0.099686 0.400407
-0.040000 0.042553 0.101361 0.400407
-0.040000 0.042553 0.103037 0.400407
-0.040000 0.042553 0.104712 0.400407
-0.040000 0.042553 0.106387 0.400407
-0.040000 0.042553 0.108063 0.400407
-0.040000 0.042553 0.109738 0.400407
-0.040000 0.042553 0.111414 0.400407
-0.040000 0.042553 0.113089 0.400407
-0.040000 0.042553 0.114764 0.400407
-0.040000 0.042553 0.116440 0.400407
-0.040000 0.042553 0.118115 0.400407
-0.040000 0.042553 0.119791 0.400407
-0.040000 0.042553 0.121466 0.400407
-0.040000 0.042553 0.123141 0.400407
-0.040000 0.042553 0.124817 0.400407
-0.040000 0.042553 0.126492 0.400407
-0.040000 0.042553 0.128168 0.400407
-0.040000 0.042553 0.129843 0.400407
-0.040000 0.042553 0.131518 0.400407
-0.040000 0.042553 0.133194 0.400407
-0.040000 0.042553 0.134869 0.400407
-0.040000 0.042553 0.136545 0.400407
-0.040000 0.042553 0.138220 0.400407
-0.040000 0.042553 0.139895 0.400407
-0.040000 0.042553 0.141571 0.400407
-0.040000 0.042553 0.143246 0.400407
-0.040000 0.042553 0.144921 0.400407
-0.040000 0.042553 0.146597 0.400407
-0.040000 0.042553 0.148272 0.400407
-0.040000 0.042553 0.149948 0.400407
-0.040000 0.042553 0.151623 0.400407
-0.040000 0.042553 0.153298 0.400407
-0.040000 0.042553 0.154974 0.400407
-0.040000 0.042553 0.156649 0.400407
-0.040000 0.042553 0.158325 0.400407
-0.040000 0.042553 0.160000 0.400407
-0.040000 0.044255 -0.160000 0.335988
-0.040000 0.044255 -0.158325 0.335988
-0.040000 0.044255 -0.156649 0.335988
-0.040000 0.044255 -0.154974 0.335988
-0.040000 0.044255 -0.153298 0.335988
-0.040000 0.044255 -0.151623 0.335988
-0.040000 0.044255 -0.149948 0.335988
-0.040000 0.044255 -0.148272 0.335988
-0.040000 0.044255 -0.146597 0.335988
-0.040000 0.044255 -0.144921 0.335988
-0.040000 0.044255 -0.143246 0.335988
-0.040000 0.044255 -0.141571 0.335988
-0.040000 0.044255 -0.139895 0.335988
-0.040000 0.044255 -0.138220 0.335988
-0.040000 0.044255 -0.136545 0.335988
-0.040000 0.044255 -0.134869 0.335988
-0.040000 0.044255 -0.133194 0.335988
-0.040000 0.044255 -0.131518 0.335988
-0.040000 0.044255 -0.129843 0.335988
-0.040000 0.044255 -0.128168 0.335988
-0.040000 0.044255 -0.126492 0.335988
-0.040000 0.044255 -0.124817 0.335988
-0.040000 0.044255 -0.123141 0.335988
-0.040000 0.044255 -0.121466 0.335988
-0.040000 0.044255 -0.119791 0.335988
-0.040000 0.044255 -0.118115 0.335988
-0.040000 0.044255 -0.116440 0.335988
-0.040000 0.044255 -0.114764 0.335988
-0.040000 0.044255 -0.113089 0.335988
-0.040000 0.044255 -0.111414 0.335988
-0.040000 0.044255 -0.109738 0.335988
-0.040000 0.044255 -0.108063 0.335988
-0.040000 0.044255 -0.106387 0.335988
-0.040000 0.044255 -0.104712 0.335988
-0.040000 0.044255 -0.103037 0.335988
-0.040000 0.044255 -0.101361 0.335988
-0.040000 0.044255 -0.099686 0.335988
-0.040000 0.044255 -0.098010 0.335988
-0.040000 0.044255 -0.096335 0.335988
-0.040000 0.044255 -0.094660 0.335988
-0.040000 0.044255 -0.092984 0.335988
-0.040000 0.044255 -0.091309 0.335988
-0.040000 0.044255 -0.089634 0.335988
-0.040000 0.044255 -0.087958 0.335988
-0.040000 0.044255 -0.086283 0.335988
-0.040000 0.044255 -0.084607 0.335988
-0.040000 0.044255 -0.082932 0.335988
-0.040000 0.044255 -0.081257 0.335988
-0.040000 0.044255 -0.079581 0.335988
-0.040000 0.044255 -0.077906 0.335988
-0.040000 0.044255 -0.076230 0.335988
-0.040000 0.044255 -0.074555 0.335988
-0.040000 0.044255 -0.072880 0.335988
-0.040000 0.044255 -0.071204 0.335988
-0.040000 0.044255 -0.069529 0.335988
-0.040000 0.044255 -0.067853 0.335988
-0.040000 0.044255 -0.066178 0.335988
-0.040000 0.044255 -0.064503 0.335988
-0.040000 0.044255 -0.062827 0.335988
-0.040000 0.044255 -0.061152 0.335988
-0.040000 0.044255 -0.059476 0.335988
-0.040000 0.044255 -0.057801 0.335988
-0.040000 0.044255 -0.056126 0.335988
-0.040000 0.044255 -0.054450 0.335988
-0.040000 0.044255 -0.052775 0.335988
-0.040000 0.044255 -0.051099 0.335988
-0.040000 0.044255 -0.049424 0.335988
-0.040000 0.044255 -0.047749 0.335988
-0.040000 0.044255 -0.046073 0.335988
-0.040000 0.044255 -0.044398 0.335988
-0.040000 0.044255 -0.042723 0.335988
-0.040000 0.044255 -0.041047 0.335988
-0.040000 0.044255 -0.039372 0.335988
-0.040000 0.044255 -0.037696 0.335988
-0.040000 0.044255 -0.036021 0.335988
-0.040000 0.044255 -0.034346 0.335988
-0.040000 0.044255 -0.032670 0.335988
-0.040000 0.044255 -0.030995 0.335988
-0.040000 0.044255 -0.029319 0.335988
-0.040000 0.044255 -0.027644 0.335988
-0.040000 0.044255 -0.025969 0.335988
-0.040000 0.044255 -0.024293 0.335988
-0.040000 0.044255 -0.022618 0.335988
-0.040000 0.044255 -0.020942 0.335988
-0.040000 0.044255 -0.019267 0.335988
-0.040000 0.044255 -0.017592 0.335988
-0.040000 0.044255 -0.015916 0.335988
-0.040000 0.044255 -0.014241 0.335988
-0.040000 0.044255 -0.012565 0.335988
-0.040000 0.044255 -0.010890 0.335988
-0.040000 0.044255 -0.009215 0.335988
-0.040000 0.044255 -0.007539 0.335988
-0.040000 0.044255 -0.005864 0.335988
-0.040000 0.044255 -0.004188 0.335988
-0.040000 0.044255 -0.002513 0.335988
-0.040000 0.044255 -0.000838 0.335988
-0.040000 0.044255 0.000838 0.335988
-0.040000 0.044255 0.002513 0.335988
-0.040000 0.044255 0.004188 0.335988
-0.040000 0.044255 0.005864 0.335988
-0.040000 0.044255 0.007539 0.335988
-0.040000 0.044255 0.009215 0.335988
-0.040000 0.044255 0.010890 0.335988
-0.040000 0.044255 0.012565 0.335988
-0.040000 0.044255 0.014241 0.335988
-0.040000 0.044255 0.015916 0.335988
-0.040000 0.044255 0.017592 0.335988
-0.040000 0.044255 0.019267 0.335988
-0.040000 0.044255 0.020942 0.335988
-0.040000 0.044255 0.022618 0.335988
-0.040000 0.044255 0.024293 0.335988
-0.040000 0.044255 0.025969 0.335988
-0.040000 0.044255 0.027644 0.335988
-0.040000 0.044255 0.029319 0.335988
-0.040000 0.044255 0.030995 0.335988
-0.040000 0.044255 0.032670 0.335988
-0.040000 0.044255 0.034346 0.335988
-0.040000 0.044255 0.036021 0.335988
-0.040000 0.044255 0.037696 0.335988
-0.040000 0.044255 0.039372 0.335988
-0.040000 0.044255 0.041047 0.335988
-0.040000 0.044255 0.042723 0.335988
-0.040000 0.044255 0.044398 0.335988
-0.040000 0.044255 0.046073 0.335988
-0.040000 0.044255 0.047749 0.335988
-0.040000 0.044255 0.049424 0.335988
-0.040000 0.044255 0.051099 0.335988
-0.040000 0.044255 0.052775 0.335988
-0.040000 0.044255 0.054450 0.335988
-0.040000 0.044255 0.056126 0.335988
-0.040000 0.044255 0.057801 0.335988
-0.040000 0.044255 0.059476 0.335988
-0.040000 0.044255 0.061152 0.335988
-0.040000 0.044255 0.062827 0.335988
-0.040000 0.044255 0.064503 0.335988
-0.040000 0.044255 0.066178 0.335988
-0.040000 0.044255 0.067853 0.335988
-0.040000 0.044255 0.069529 0.335988
-0.040000 0.044255 0.071204 0.335988
-0.040000 0.044255 0.072880 0.335988
-0.040000 0.044255 0.074555 0.335988
-0.040000 0.044255 0.076230 0.335988
-0.040000 0.044255 0.077906 0.335988
-0.040000 0.044255 0.079581 0.335988
-0.040000 0.044255 0.081257 0.335988
-0.040000 0.044255 0.082932 0.335988
-0.040000 0.044255 0.084607 0.335988
-0.040000 0.044255 0.086283 0.335988
-0.040000 0.044255 0.087958 0.335988
-0.040000 0.044255 0.089634 0.335988
-0.040000 0.044255 0.091309 0.335988
-0.040000 0.044255 0.092984 0.335988
-0.040000 0.044255 0.094660 0.335988
-0.040000 0.044255 0.096335 0.335988
-0.040000 0.044255 0.098010 0.335988
-0.040000 0.044255 0.099686 0.335988
-0.040000 0.044255 0.101361 0.335988
-0.040000 0.044255 0.103037 0.335988
-0.040000 0.044255 0.104712 0.335988
-0.040000 0.044255 0.106387 0.335988
-0.040000 0.044255 0.108063 0.335988
-0.040000 0.044255 0.109738 0.335988
-0.040000 0.044255 0.111414 0.335988
-0.040000 0.044255 0.113089 0.335988
-0.040000 0.044255 0.114764 0.335988
-0.040000 0.044255 0.116440 0.335988
-0.040000 0.044255 0.118115 0.335988
-0.040000 0.044255 0.119791 0.335988
-0.040000 0.044255 0.121466 0.335988
-0.040000 0.044255 0.123141 0.335988
-0.040000 0.044255 0.124817 0.335988
-0.040000 0.044255 0.126492 0.335988
-0.040000 0.044255 0.128168 0.335988
-0.040000 0.044255 0.129843 0.335988
-0.040000 0.044255 0.131518 0.335988
-0.040000 0.044255 0.133194 0.335988
-0.040000 0.044255 0.134869 0.335988
-0.040000 0.044255 0.136545 0.335988
-0.040000 0.044255 0.138220 0.335988
-0.040000 0.044255 0.139895 0.335988
-0.040000 0.044255 0.141571 0.335988
-0.040000 0.044255 0.143246 0.335988
-0.040000 0.044255 0.144921 0.335988
-0.040000 0.044255 0.146597 0.335988
-0.040000 0.044255 0.148272 0.335988
-0.040000 0.044255 0.149948 0.335988
-0.040000 0.044255 0.151623 0.335988
-0.040000 0.044255 0.153298 0.335988
-0.040000 0.044255 0.154974 0.335988
-0.040000 0.044255 0.156649 0.335988
-0.040000 0.044255 0.158325 0.335988
-0.040000 0.044255 0.160000 0.335988
-0.040000 0.045957 -0.160000 0.274495
-0.040000 0.045957 -0.158325 0.274495
-0.040000 0.045957 -0.156649 0.274495
-0.040000 0.045957 -0.154974 0.274495
-0.040000 0.045957 -0.153298 0.274495
-0.040000 0.045957 -0.151623 0.274495
-0.040000 0.045957 -0.149948 0.274495
-0.040000 0.045957 -0.148272 0.274495
-0.040000 0.045957 -0.146597 0.274495
-0.040000 0.045957 -0.144921 0.274495
-0.040000 0.045957 -0.143246 0.274495
-0.040000 0.045957 -0.141571 0.274495
-0.040000 0.045957 -0.139895 0.274495
-0.040000 0.045957 -0.138220 0.274495
-0.040000 0.045957 -0.136545 0.274495
-0.040000 0.045957 -0.134869 0.274495
-0.040000 0.045957 -0.133194 0.274495
-0.040000 0.045957 -0.131518 0.274495
-0.040000 0.045957 -0.129843 0.274495
-0.040000 0.045957 -0.128168 0.274495
-0.040000 0.045957 -0.126492 0.274495
-0.040000 0.045957 -0.124817 0.274495
-0.040000 0.045957 -0.123141 0.274495
-0.040000 0.045957 -0.121466 0.274495
-0.040000 0.045957 -0.119791 0.274495
-0.040000 0.045957 -0.118115 0.274495
-0.040000 0.045957 -0.116440 0.274495
-0.040000 0.045957 -0.114764 0.274495
-0.040000 0.045957 -0.113089 0.274495
-0.040000 0.045957 -0.111414 0.274495
-0.040000 0.045957 -0.109738 0.274495
-0.040000 0.045957 -0.108063 0.274495
-0.040000 0.045957 -0.106387 0.274495
-0.040000 0.045957 -0.104712 0.274495
-0.040000 0.045957 -0.103037 0.274495
-0.040000 0.045957 -0.101361 0.274495
-0.040000 0.045957 -0.099686 0.274495
-0.040000 0.045957 -0.098010 0.274495
-0.040000 0.045957 -0.096335 0.274495
-0.040000 0.045957 -0.094660 0.274495
-0.040000 0.045957 -0.092984 0.274495
-0.040000 0.045957 -0.091309 0.274495
-0.040000 0.045957 -0.089634 0.274495
-0.040000 0.045957 -0.087958 0.274495
-0.040000 0.045957 -0.086283 0.274495
-0.040000 0.045957 -0.084607 0.274495
-0.040000 0.045957 -0.082932 0.274495
-0.040000 0.045957 -0.081257 0.274495
-0.040000 0.045957 -0.079581 0.274495
-0.040000 0.045957 -0.077906 0.274495
-0.040000 0.045957 -0.076230 0.274495
-0.040000 0.045957 -0.074555 0.274495
-0.040000 0.045957 -0.072880 0.274495
-0.040000 0.045957 -0.071204 0.274495
-0.040000 0.045957 -0.069529 0.274495
-0.040000 0.045957 -0.067853 0.274495
-0.040000 0.045957 -0.066178 0.274495
-0.040000 0.045957 -0.064503 0.274495
-0.040000 0.045957 -0.062827 0.274495
-0.040000 0.045957 -0.061152 0.274495
-0.040000 0.045957 -0.059476 0.274495
-0.040000 0.045957 -0.057801 0.274495
-0.040000 0.045957 -0.056126 0.274495
-0.040000 0.045957 -0.054450 0.274495
-0.040000 0.045957 -0.052775 0.274495
-0.040000 0.045957 -0.051099 0.274495
-0.040000 0.045957 -0.049424 0.274495
-0.040000 0.045957 -0.047749 0.274495
-0.040000 0.045957 -0.046073 0.274495
-0.040000 0.045957 -0.044398 0.274495
-0.040000 0.045957 -0.042723 0.274495
-0.040000 0.045957 -0.041047 0.274495
-0.040000 0.045957 -0.039372 0.274495
-0.040000 0.045957 -0.037696 0.274495
-0.040000 0.045957 -0.036021 0.274495
-0.040000 0.045957 -0.034346 0.274495
-0.040000 0.045957 -0.032670 0.274495
-0.040000 0.045957 -0.030995 0.274495
-0.040000 0.045957 -0.029319 0.274495
-0.040000 0.045957 -0.027644 0.274495
-0.040000 0.045957 -0.025969 0.274495
-0.040000 0.045957 -0.024293 0.274495
-0.040000 0.045957 -0.022618 0.274495
-0.040000 0.045957 -0.020942 0.274495
-0.040000 0.045957 -0.019267 0.274495
-0.040000 0.045957 -0.017592 0.274495
-0.040000 0.045957 -0.015916 0.274495
-0.040000 0.045957 -0.014241 0.274495
-0.040000 0.045957 -0.012565 0.274495
-0.040000 0.045957 -0.010890 0.274495
-0.040000 0.045957 -0.009215 0.274495
-0.040000 0.045957 -0.007539 0.274495
-0.040000 0.045957 -0.005864 0.274495
-0.040000 0.045957 -0.004188 0.274495
-0.040000 0.045957 -0.002513 0.274495
-0.040000 0.045957 -0.000838 0.274495
-0.040000 0.045957 0.000838 0.274495
-0.040000 0.045957 0.002513 0.274495
-0.040000 0.045957 0.004188 0.274495
-0.040000 0.045957 0.005864 0.274495
-0.040000 0.045957 0.007539 0.274495
-0.040000 0.045957 0.009215 0.274495
-0.040000 0.045957 0.010890 0.274495
-0.040000 0.045957 0.012565 0.274495
-0.040000 0.045957 0.014241 0.274495
-0.040000 0.045957 0.015916 0.274495
-0.040000 0.045957 0.017592 0.274495
-0.040000 0.045957 0.019267 0.274495
-0.040000 0.045957 0.020942 0.274495
-0.040000 0.045957 0.022618 0.274495
-0.040000 0.045957 0.024293 0.274495
-0.040000 0.045957 0.025969 0.274495
-0.040000 0.045957 0.027644 0.274495
-0.040000 0.045957 0.029319 0.274495
-0.040000 0.045957 0.030995 0.274495
-0.040000 0.045957 0.032670 0.274495
-0.040000 0.045957 0.034346 0.274495
-0.040000 0.045957 0.036021 0.274495
-0.040000 0.045957 0.037696 0.274495
-0.040000 0.045957 0.039372 0.274495
-0.040000 0.045957 0.041047 0.274495
-0.040000 0.045957 0.042723 0.274495
-0.040000 0.045957 0.044398 0.274495
-0.040000 0.045957 0.046073 0.274495
-0.040000 0.045957 0.047749 0.274495
-0.040000 0.045957 0.049424 0.274495
-0.040000 0.045957 0.051099 0.274495
-0.040000 0.045957 0.052775 0.274495
-0.040000 0.045957 0.054450 0.274495
-0.040000 0.045957 0.056126 0.274495
-0.040000 0.045957 0.057801 0.274495
-0.040000 0.045957 0.059476 0.274495
-0.040000 0.045957 0.061152 0.274495
-0.040000 0.045957 0.062827 0.274495
-0.040000 0.045957 0.064503 0.274495
-0.040000 0.045957 0.066178 0.274495
-0.040000 0.045957 0.067853 0.274495
-0.040000 0.045957 0.069529 0.274495
-0.040000 0.045957 0.071204 0.274495
-0.040000 0.045957 0.072880 0.274495
-0.040000 0.045957 0.074555 0.274495
-0.040000 0.045957 0.076230 0.274495
-0.040000 0.045957 0.077906 0.274495
-0.040000 0.045957 0.079581 0.274495
-0.040000 0.045957 0.081257 0.274495
-0.040000 0.045957 0.082932 0.274495
-0.040000 0.045957 0.084607 0.274495
-0.040000 0.045957 0.086283 0.274495
-0.040000 0.045957 0.087958 0.274495
-0.040000 0.045957 0.089634 0.274495
-0.040000 0.045957 0.091309 0.274495
-0.040000 0.045957 0.092984 0.274495
-0.040000 0.045957 0.094660 0.274495
-0.040000 0.045957 0.096335 0.274495
-0.040000 0.045957 0.098010 0.274495
-0.040000 0.045957 0.099686 0.274495
-0.040000 0.045957 0.101361 0.274495
-0.040000 0.045957 0.103037 0.274495
-0.040000 0.045957 0.104712 0.274495
-0.040000 0.045957 0.106387 0.274495
-0.040000 0.045957 0.108063 0.274495
-0.040000 0.045957 0.109738 0.274495
-0.040000 0.045957 0.111414 0.274495
-0.040000 0.045957 0.113089 0.274495
-0.040000 0.045957 0.114764 0.274495
-0.040000 0.045957 0.116440 0.274495
-0.040000 0.045957 0.118115 0.274495
-0.040000 0.045957 0.119791 0.274495
-0.040000 0.045957 0.121466 0.274495
-0.040000 0.045957 0.123141 0.274495
-0.040000 0.045957 0.124817 0.274495
-0.040000 0.045957 0.126492 0.274495
-0.040000 0.045957 0.128168 0.274495
-0.040000 0.045957 0.129843 0.274495
-0.040000 0.045957 0.131518 0.274495
-0.040000 0.045957 0.133194 0.274495
-0.040000 0.045957 0.134869 0.274495
-0.040000 0.045957 0.136545 0.274495
-0.040000 0.045957 0.138220 0.274495
-0.040000 0.045957 0.139895 0.274495
-0.040000 0.045957 0.141571 0.274495
-0.040000 0.045957 0.143246 0.274495
-0.040000 0.045957 0.144921 0.274495
-0.040000 0.045957 0.146597 0.274495
-0.040000 0.045957 0.148272 0.274495
-0.040000 0.045957 0.149948 0.274495
-0.040000 0.045957 0.151623 0.274495
-0.040000 0.045957 0.153298 0.274495
-0.040000 0.045957 0.154974 0.274495
-0.040000 0.045957 0.156649 0.274495
-0.040000 0.045957 0.158325 0.274495
-0.040000 0.045957 0.160000 0.274495
-0.040000 0.047660 -0.160000 0.217026
-0.040000 0.047660 -0.158325 0.217026
-0.040000 0.047660 -0.156649 0.217026
-0.040000 0.047660 -0.154974 0.217026
-0.040000 0.047660 -0.153298 0.217026
-0.040000 0.047660 -0.151623 0.217026
-0.040000 0.047660 -0.149948 0.217026
-0.040000 0.047660 -0.148272 0.217026
-0.040000 0.047660 -0.146597 0.217026
-0.040000 0.047660 -0.144921 0.217026
-0.040000 0.047660 -0.143246 0.217026
-0.040000 0.047660 -0.141571 0.217026
-0.040000 0.047660 -0.139895 0.217026
-0.040000 0.047660 -0.138220 0.217026
-0.040000 0.047660 -0.136545 0.217026
-0.040000 0.047660 -0.134869 0.217026
-0.040000 0.047660 -0.133194 0.217026
-0.040000 0.047660 -0.131518 0.217026
-0.040000 0.047660 -0.129843 0.217026
-0.040000 0.047660 -0.128168 0.217026
-0.040000 0.047660 -0.126492 0.217026
-0.040000 0.047660 -0.124817 0.217026
-0.040000 0.047660 -0.123141 0.217026
-0.040000 0.047660 -0.121466 0.217026
-0.040000 0.047660 -0.119791 0.217026
-0.040000 0.047660 -0.118115 0.217026
-0.040000 0.047660 -0.116440 0.217026
-0.040000 0.047660 -0.114764 0.217026
-0.040000 0.047660 -0.113089 0.217026
-0.040000 0.047660 -0.111414 0.217026
-0.040000 0.047660 -0.109738 0.217026
-0.040000 0.047660 -0.108063 0.217026
-0.040000 0.047660 -0.106387 0.217026
-0.040000 0.047660 -0.104712 0.217026
-0.040000 0.047660 -0.103037 0.217026
-0.040000 0.047660 -0.101361 0.217026
-0.040000 0.047660 -0.099686 0.217026
-0.040000 0.047660 -0.098010 0.217026
-0.040000 0.047660 -0.096335 0.217026
-0.040000 0.047660 -0.094660 0.217026
-0.040000 0.047660 -0.092984 0.217026
-0.040000 0.047660 -0.091309 0.217026
-0.040000 0.047660 -0.089634 0.217026
-0.040000 0.047660 -0.087958 0.217026
-0.040000 0.047660 -0.086283 0.217026
-0.040000 0.047660 -0.084607 0.217026
-0.040000 0.047660 -0.082932 0.217026
-0.040000 0.047660 -0.081257 0.217026
-0.040000 0.047660 -0.079581 0.217026
-0.040000 0.047660 -0.077906 0.217026
-0.040000 0.047660 -0.076230 0.217026
-0.040000 0.047660 -0.074555 0.217026
-0.040000 0.047660 -0.072880 0.217026
-0.040000 0.047660 -0.071204 0.217026
-0.040000 0.047660 -0.069529 0.217026
-0.040000 0.047660 -0.067853 0.217026
-0.040000 0.047660 -0.066178 0.217026
-0.040000 0.047660 -0.064503 0.217026
-0.040000 0.047660 -0.062827 0.217026
-0.040000 0.047660 -0.061152 0.217026
-0.040000 0.047660 -0.059476 0.217026
-0.040000 0.047660 -0.057801 0.217026
-0.040000 0.047660 -0.056126 0.217026
-0.040000 0.047660 -0.054450 0.217026
-0.040000 0.047660 -0.052775 0.217026
-0.040000 0.047660 -0.051099 0.217026
-0.040000 0.047660 -0.049424 0.217026
-0.040000 0.047660 -0.047749 0.217026
-0.040000 0.047660 -0.046073 0.217026
-0.040000 0.047660 -0.044398 0.217026
-0.040000 0.047660 -0.042723 0.217026
-0.040000 0.047660 -0.041047 0.217026
-0.040000 0.047660 -0.039372 0.217026
-0.040000 0.047660 -0.037696 0.217026
-0.040000 0.047660 -0.036021 0.217026
-0.040000 0.047660 -0.034346 0.217026
-0.040000 0.047660 -0.032670 0.217026
-0.040000 0.047660 -0.030995 0.217026
-0.040000 0.047660 -0.029319 0.217026
-0.040000 0.047660 -0.027644 0.217026
-0.040000 0.047660 -0.025969 0.217026
-0.040000 0.047660 -0.024293 0.217026
-0.040000 0.047660 -0.022618 0.217026
-0.040000 0.047660 -0.020942 0.217026
-0.040000 0.047660 -0.019267 0.217026
-0.040000 0.047660 -0.017592 0.217026
-0.040000 0.047660 -0.015916 0.217026
-0.040000 0.047660 -0.014241 0.217026
-0.040000 0.047660 -0.012565 0.217026
-0.040000 0.047660 -0.010890 0.217026
-0.040000 0.047660 -0.009215 0.217026
-0.040000 0.047660 -0.007539 0.217026
-0.040000 0.047660 -0.005864 0.217026
-0.040000 0.047660 -0.004188 0.217026
-0.040000 0.047660 -0.002513 0.217026
-0.040000 0.047660 -0.000838 0.217026
-0.040000 0.047660 0.000838 0.217026
-0.040000 0.047660 0.002513 0.217026
-0.040000 0.047660 0.004188 0.217026
-0.040000 0.047660 0.005864 0.217026
-0.040000 0.047660 0.007539 0.217026
-0.040000 0.047660 0.009215 0.217026
-0.040000 0.047660 0.010890 0.217026
-0.040000 0.047660 0.012565 0.217026
-0.040000 0.047660 0.014241 0.217026
-0.040000 0.047660 0.015916 0.217026
-0.040000 0.047660 0.017592 0.217026
-0.040000 0.047660 0.019267 0.217026
-0.040000 0.047660 0.020942 0.217026
-0.040000 0.047660 0.022618 0.217026
-0.040000 0.047660 0.024293 0.217026
-0.040000 0.047660 0.025969 0.217026
-0.040000 0.047660 0.027644 0.217026
-0.040000 0.047660 0.029319 0.217026
-0.040000 0.047660 0.030995 0.217026
-0.040000 0.047660 0.032670 0.217026
-0.040000 0.047660 0.034346 0.217026
-0.040000 0.047660 0.036021 0.217026
-0.040000 0.047660 0.037696 0.217026
-0.040000 0.047660 0.039372 0.217026
-0.040000 0.047660 0.041047 0.217026
-0.040000 0.047660 0.042723 0.217026
-0.040000 0.047660 0.044398 0.217026
-0.040000 0.047660 0.046073 0.217026
-0.040000 0.047660 0.047749 0.217026
-0.040000 0.047660 0.049424 0.217026
-0.040000 0.047660 0.051099 0.217026
-0.040000 0.047660 0.052775 0.217026
-0.040000 0.047660 0.054450 0.217026
-0.040000 0.047660 0.056126 0.217026
-0.040000 0.047660 0.057801 0.217026
-0.040000 0.047660 0.059476 0.217026
-0.040000 0.047660 0.061152 0.217026
-0.040000 0.047660 0.062827 0.217026
-0.040000 0.047660 0.064503 0.217026
-0.040000 0.047660 0.066178 0.217026
-0.040000 0.047660 0.067853 0.217026
-0.040000 0.047660 0.069529 0.217026
-0.040000 0.047660 0.071204 0.217026
-0.040000 0.047660 0.072880 0.217026
-0.040000 0.047660 0.074555 0.217026
-0.040000 0.047660 0.076230 0.217026
-0.040000 0.047660 0.077906 0.217026
-0.040000 0.047660 0.079581 0.217026
-0.040000 0.047660 0.081257 0.217026
-0.040000 0.047660 0.082932 0.217026
-0.040000 0.047660 0.084607 0.217026
-0.040000 0.047660 0.086283 0.217026
-0.040000 0.047660 0.087958 0.217026
-0.040000 0.047660 0.089634 0.217026
-0.040000 0.047660 0.091309 0.217026
-0.040000 0.047660 0.092984 0.217026
-0.040000 0.047660 0.094660 0.217026
-0.040000 0.047660 0.096335 0.217026
-0.040000 0.047660 0.098010 0.217026
-0.040000 0.047660 0.099686 0.217026
-0.040000 0.047660 0.101361 0.217026
-0.040000 0.047660 0.103037 0.217026
-0.040000 0.047660 0.104712 0.217026
-0.040000 0.047660 0.106387 0.217026
-0.040000 0.047660 0.108063 0.217026
-0.040000 0.047660 0.109738 0.217026
-0.040000 0.047660 0.111414 0.217026
-0.040000 0.047660 0.113089 0.217026
-0.040000 0.047660 0.114764 0.217026
-0.040000 0.047660 0.116440 0.217026
-0.040000 0.047660 0.118115 0.217026
-0.040000 0.047660 0.119791 0.217026
-0.040000 0.047660 0.121466 0.217026
-0.040000 0.047660 0.123141 0.217026
-0.040000 0.047660 0.124817 0.217026
-0.040000 0.047660 0.126492 0.217026
-0.040000 0.047660 0.128168 0.217026
-0.040000 0.047660 0.129843 0.217026
-0.040000 0.047660 0.131518 0.217026
-0.040000 0.047660 0.133194 0.217026
-0.040000 0.047660 0.134869 0.217026
-0.040000 0.047660 0.136545 0.217026
-0.040000 0.047660 0.138220 0.217026
-0.040000 0.047660 0.139895 0.217026
-0.040000 0.047660 0.141571 0.217026
-0.040000 0.047660 0.143246 0.217026
-0.040000 0.047660 0.144921 0.217026
-0.040000 0.047660 0.146597 0.217026
-0.040000 0.047660 0.148272 0.217026
-0.040000 0.047660 0.149948 0.217026
-0.040000 0.047660 0.151623 0.217026
-0.040000 0.047660 0.153298 0.217026
-0.040000 0.047660 0.154974 0.217026
-0.040000 0.047660 0.156649 0.217026
-0.040000 0.047660 0.158325 0.217026
-0.040000 0.047660 0.160000 0.217026
-0.040000 0.049362 -0.160000 0.164608
-0.040000 0.049362 -0.158325 0.164608
-0.040000 0.049362 -0.156649 0.164608
-0.040000 0.049362 -0.154974 0.164608
-0.040000 0.049362 -0.153298 0.164608
-0.040000 0.049362 -0.151623 0.164608
-0.040000 0.049362 -0.149948 0.164608
-0.040000 0.049362 -0.148272 0.164608
-0.040000 0.049362 -0.146597 0.164608
-0.040000 0.049362 -0.144921 0.164608
-0.040000 0.049362 -0.143246 0.164608
-0.040000 0.049362 -0.141571 0.164608
-0.040000 0.049362 -0.139895 0.164608
-0.040000 0.049362 -0.138220 0.164608
-0.040000 0.049362 -0.136545 0.164608
-0.040000 0.049362 -0.134869 0.164608
-0.040000 0.049362 -0.133194 0.164608
-0.040000 0.049362 -0.131518 0.164608
-0.040000 0.049362 -0.129843 0.164608
-0.040000 0.049362 -0.128168 0.164608
-0.040000 0.049362 -0.126492 0.164608
-0.040000 0.049362 -0.124817 0.164608
-0.040000 0.049362 -0.123141 0.164608
-0.040000 0.049362 -0.121466 0.164608
-0.040000 0.049362 -0.119791 0.164608
-0.040000 0.049362 -0.118115 0.164608
-0.040000 0.049362 -0.116440 0.164608
-0.040000 0.049362 -0.114764 0.164608
-0.040000 0.049362 -0.113089 0.164608
-0.040000 0.049362 -0.111414 0.164608
-0.040000 0.049362 -0.109738 0.164608
-0.040000 0.049362 -0.108063 0.164608
-0.040000 0.049362 -0.106387 0.164608
-0.040000 0.049362 -0.104712 0.164608
-0.040000 0.049362 -0.103037 0.164608
-0.040000 0.049362 -0.101361 0.164608
-0.040000 0.049362 -0.099686 0.164608
-0.040000 0.049362 -0.098010 0.164608
-0.040000 0.049362 -0.096335 0.164608
-0.040000 0.049362 -0.094660 0.164608
-0.040000 0.049362 -0.092984 0.164608
-0.040000 0.049362 -0.091309 0.164608
-0.040000 0.049362 -0.089634 0.164608
-0.040000 0.049362 -0.087958 0.164608
-0.040000 0.049362 -0.086283 0.164608
-0.040000 0.049362 -0.084607 0.164608
-0.040000 0.049362 -0.082932 0.164608
-0.040000 0.049362 -0.081257 0.164608
-0.040000 0.049362 -0.079581 0.164608
-0.040000 0.049362 -0.077906 0.164608
-0.040000 0.049362 -0.076230 0.164608
-0.040000 0.049362 -0.074555 0.164608
-0.040000 0.049362 -0.072880 0.164608
-0.040000 0.049362 -0.071204 0.164608
-0.040000 0.049362 -0.069529 0.164608
-0.040000 0.049362 -0.067853 0.164608
-0.040000 0.049362 -0.066178 0.164608
-0.040000 0.049362 -0.064503 0.164608
-0.040000 0.049362 -0.062827 0.164608
-0.040000 0.049362 -0.061152 0.164608
-0.040000 0.049362 -0.059476 0.164608
-0.040000 0.049362 -0.057801 0.164608
-0.040000 0.049362 -0.056126 0.164608
-0.040000 0.049362 -0.054450 0.164608
-0.040000 0.049362 -0.052775 0.164608
-0.040000 0.049362 -0.051099 0.164608
-0.040000 0.049362 -0.049424 0.164608
-0.040000 0.049362 -0.047749 0.164608
-0.040000 0.049362 -0.046073 0.164608
-0.040000 0.049362 -0.044398 0.164608
-0.040000 0.049362 -0.042723 0.164608
-0.040000 0.049362 -0.041047 0.164608
-0.040000 0.049362 -0.039372 0.164608
-0.040000 0.049362 -0.037696 0.164608
-0.040000 0.049362 -0.036021 0.164608
-0.040000 0.049362 -0.034346 0.164608
-0.040000 0.049362 -0.032670 0.164608
-0.040000 0.049362 -0.030995 0.164608
-0.040000 0.049362 -0.029319 0.164608
-0.040000 0.049362 -0.027644 0.164608
-0.040000 0.049362 -0.025969 0.164608
-0.040000 0.049362 -0.024293 0.164608
-0.040000 0.049362 -0.022618 0.164608
-0.040000 0.049362 -0.020942 0.164608
-0.040000 0.049362 -0.019267 0.164608
-0.040000 0.049362 -0.017592 0.164608
-0.040000 0.049362 -0.015916 0.164608
-0.040000 0.049362 -0.014241 0.164608
-0.040000 0.049362 -0.012565 0.164608
-0.040000 0.049362 -0.010890 0.164608
-0.040000 0.049362 -0.009215 0.164608
-0.040000 0.049362 -0.007539 0.164608
-0.040000 0.049362 -0.005864 0.164608
-0.040000 0.049362 -0.004188 0.164608
-0.040000 0.049362 -0.002513 0.164608
-0.040000 0.049362 -0.000838 0.164608
-0.040000 0.049362 0.000838 0.164608
-0.040000 0.049362 0.002513 0.164608
-0.040000 0.049362 0.004188 0.164608
-0.040000 0.049362 0.005864 0.164608
-0.040000 0.049362 0.007539 0.164608
-0.040000 0.049362 0.009215 0.164608
-0.040000 0.049362 0.010890 0.164608
-0.040000 0.049362 0.012565 0.164608
-0.040000 0.049362 0.014241 0.164608
-0.040000 0.049362 0.015916 0.164608
-0.040000 0.049362 0.017592 0.164608
-0.040000 0.049362 0.019267 0.164608
-0.040000 0.049362 0.020942 0.164608
-0.040000 0.049362 0.022618 0.164608
-0.040000 0.049362 0.024293 0.164608
-0.040000 0.049362 0.025969 0.164608
-0.040000 0.049362 0.027644 0.164608
-0.040000 0.049362 0.029319 0.164608
-0.040000 0.049362 0.030995 0.164608
-0.040000 0.049362 0.032670 0.164608
-0.040000 0.049362 0.034346 0.164608
-0.040000 0.049362 0.036021 0.164608
-0.040000 0.049362 0.037696 0.164608
-0.040000 0.049362 0.039372 0.164608
-0.040000 0.049362 0.041047 0.164608
-0.040000 0.049362 0.042723 0.164608
-0.040000 0.049362 0.044398 0.164608
-0.040000 0.049362 0.046073 0.164608
-0.040000 0.049362 0.047749 0.164608
-0.040000 0.049362 0.049424 0.164608
-0.040000 0.049362 0.051099 0.164608
-0.040000 0.049362 0.052775 0.164608
-0.040000 0.049362 0.054450 0.164608
-0.040000 0.049362 0.056126 0.164608
-0.040000 0.049362 0.057801 0.164608
-0.040000 0.049362 0.059476 0.164608
-0.040000 0.049362 0.061152 0.164608
-0.040000 0.049362 0.062827 0.164608
-0.040000 0.049362 0.064503 0.164608
-0.040000 0.049362 0.066178 0.164608
-0.040000 0.049362 0.067853 0.164608
-0.040000 0.049362 0.069529 0.164608
-0.040000 0.049362 0.071204 0.164608
-0.040000 0.049362 0.072880 0.164608
-0.040000 0.049362 0.074555 0.164608
-0.040000 0.049362 0.076230 0.164608
-0.040000 0.049362 0.077906 0.164608
-0.040000 0.049362 0.079581 0.164608
-0.040000 0.049362 0.081257 0.164608
-0.040000 0.049362 0.082932 0.164608
-0.040000 0.049362 0.084607 0.164608
-0.040000 0.049362 0.086283 0.164608
-0.040000 0.049362 0.087958 0.164608
-0.040000 0.049362 0.089634 0.164608
-0.040000 0.049362 0.091309 0.164608
-0.040000 0.049362 0.092984 0.164608
-0.040000 0.049362 0.094660 0.164608
-0.040000 0.049362 0.096335 0.164608
-0.040000 0.049362 0.098010 0.164608
-0.040000 0.049362 0.099686 0.164608
-0.040000 0.049362 0.101361 0.164608
-0.040000 0.049362 0.103037 0.164608
-0.040000 0.049362 0.104712 0.164608
-0.040000 0.049362 0.106387 0.164608
-0.040000 0.049362 0.108063 0.164608
-0.040000 0.049362 0.109738 0.164608
-0.040000 0.049362 0.111414 0.164608
-0.040000 0.049362 0.113089 0.164608
-0.040000 0.049362 0.114764 0.164608
-0.040000 0.049362 0.116440 0.164608
-0.040000 0.049362 0.118115 0.164608
-0.040000 0.049362 0.119791 0.164608
-0.040000 0.049362 0.121466 0.164608
-0.040000 0.049362 0.123141 0.164608
-0.040000 0.049362 0.124817 0.164608
-0.040000 0.049362 0.126492 0.164608
-0.040000 0.049362 0.128168 0.164608
-0.040000 0.049362 0.129843 0.164608
-0.040000 0.049362 0.131518 0.164608
-0.040000 0.049362 0.133194 0.164608
-0.040000 0.049362 0.134869 0.164608
-0.040000 0.049362 0.136545 0.164608
-0.040000 0.049362 0.138220 0.164608
-0.040000 0.049362 0.139895 0.164608
-0.040000 0.049362 0.141571 0.164608
-0.040000 0.049362 0.143246 0.164608
-0.040000 0.049362 0.144921 0.164608
-0.040000 0.049362 0.146597 0.164608
-0.040000 0.049362 0.148272 0.164608
-0.040000 0.049362 0.149948 0.164608
-0.040000 0.049362 0.151623 0.164608
-0.040000 0.049362 0.153298 0.164608
-0.040000 0.049362 0.154974 0.164608
-0.040000 0.049362 0.156649 0.164608
-0.040000 0.049362 0.158325 0.164608
-0.040000 0.049362 0.160000 0.164608
-0.040000 0.051064 -0.160000 0.118174
-0.040000 0.051064 -0.158325 0.118174
-0.040000 0.051064 -0.156649 0.118174
-0.040000 0.051064 -0.154974 0.118174
-0.040000 0.051064 -0.153298 0.118174
-0.040000 0.051064 -0.151623 0.118174
-0.040000 0.051064 -0.149948 0.118174
-0.040000 0.051064 -0.148272 0.118174
-0.040000 0.051064 -0.146597 0.118174
-0.040000 0.051064 -0.144921 0.118174
-0.040000 0.051064 -0.143246 0.118174
-0.040000 0.051064 -0.141571 0.118174
-0.040000 0.051064 -0.139895 0.118174
-0.040000 0.051064 -0.138220 0.118174
-0.040000 0.051064 -0.136545 0.118174
-0.040000 0.051064 -0.134869 0.118174
-0.040000 0.051064 -0.133194 0.118174
-0.040000 0.051064 -0.131518 0.118174
-0.040000 0.051064 -0.129843 0.118174
-0.040000 0.051064 -0.128168 0.118174
-0.040000 0.051064 -0.126492 0.118174
-0.040000 0.051064 -0.124817 0.118174
-0.040000 0.051064 -0.123141 0.118174
-0.040000 0.051064 -0.121466 0.118174
-0.040000 0.051064 -0.119791 0.118174
-0.040000 0.051064 -0.118115 0.118174
-0.040000 0.051064 -0.116440 0.118174
-0.040000 0.051064 -0.114764 0.118174
-0.040000 0.051064 -0.113089 0.118174
-0.040000 0.051064 -0.111414 0.118174
-0.040000 0.051064 -0.109738 0.118174
-0.040000 0.051064 -0.108063 0.118174
-0.040000 0.051064 -0.106387 0.118174
-0.040000 0.051064 -0.104712 0.118174
-0.040000 0.051064 -0.103037 0.118174
-0.040000 0.051064 -0.101361 0.118174
-0.040000 0.051064 -0.099686 0.118174
-0.040000 0.051064 -0.098010 0.118174
-0.040000 0.051064 -0.096335 0.118174
-0.040000 0.051064 -0.094660 0.118174
-0.040000 0.051064 -0.092984 0.118174
-0.040000 0.051064 -0.091309 0.118174
-0.040000 0.051064 -0.089634 0.118174
-0.040000 0.051064 -0.087958 0.118174
-0.040000 0.051064 -0.086283 0.118174
-0.040000 0.051064 -0.084607 0.118174
-0.040000 0.051064 -0.082932 0.118174
-0.040000 0.051064 -0.081257 0.118174
-0.040000 0.051064 -0.079581 0.118174
-0.040000 0.051064 -0.077906 0.118174
-0.040000 0.051064 -0.076230 0.118174
-0.040000 0.051064 -0.074555 0.118174
-0.040000 0.051064 -0.072880 0.118174
-0.040000 0.051064 -0.071204 0.118174
-0.040000 0.051064 -0.069529 0.118174
-0.040000 0.051064 -0.067853 0.118174
-0.040000 0.051064 -0.066178 0.118174
-0.040000 0.051064 -0.064503 0.118174
-0.040000 0.051064 -0.062827 0.118174
-0.040000 0.051064 -0.061152 0.118174
-0.040000 0.051064 -0.059476 0.118174
-0.040000 0.051064 -0.057801 0.118174
-0.040000 0.051064 -0.056126 0.118174
-0.040000 0.051064 -0.054450 0.118174
-0.040000 0.051064 -0.052775 0.118174
-0.040000 0.051064 -0.051099 0.118174
-0.040000 0.051064 -0.049424 0.118174
-0.040000 0.051064 -0.047749 0.118174
-0.040000 0.051064 -0.046073 0.118174
-0.040000 0.051064 -0.044398 0.118174
-0.040000 0.051064 -0.042723 0.118174
-0.040000 0.051064 -0.041047 0.118174
-0.040000 0.051064 -0.039372 0.118174
-0.040000 0.051064 -0.037696 0.118174
-0.040000 0.051064 -0.036021 0.118174
-0.040000 0.051064 -0.034346 0.118174
-0.040000 0.051064 -0.032670 0.118174
-0.040000 0.051064 -0.030995 0.118174
-0.040000 0.051064 -0.029319 0.118174
-0.040000 0.051064 -0.027644 0.118174
-0.040000 0.051064 -0.025969 0.118174
-0.040000 0.051064 -0.024293 0.118174
-0.040000 0.051064 -0.022618 0.118174
-0.040000 0.051064 -0.020942 0.118174
-0.040000 0.051064 -0.019267 0.118174
-0.040000 0.051064 -0.017592 0.118174
-0.040000 0.051064 -0.015916 0.118174
-0.040000 0.051064 -0.014241 0.118174
-0.040000 0.051064 -0.012565 0.118174
-0.040000 0.051064 -0.010890 0.118174
-0.040000 0.051064 -0.009215 0.118174
-0.040000 0.051064 -0.007539 0.118174
-0.040000 0.051064 -0.005864 0.118174
-0.040000 0.051064 -0.004188 0.118174
-0.040000 0.051064 -0.002513 0.118174
-0.040000 0.051064 -0.000838 0.118174
-0.040000 0.051064 0.000838 0.118174
-0.040000 0.051064 0.002513 0.118174
-0.040000 0.051064 0.004188 0.118174
-0.040000 0.051064 0.005864 0.118174
-0.040000 0.051064 0.007539 0.118174
-0.040000 0.051064 0.009215 0.118174
-0.040000 0.051064 0.010890 0.118174
-0.040000 0.051064 0.012565 0.118174
-0.040000 0.051064 0.014241 0.118174
-0.040000 0.051064 0.015916 0.118174
-0.040000 0.051064 0.017592 0.118174
-0.040000 0.051064 0.019267 0.118174
-0.040000 0.051064 0.020942 0.118174
-0.040000 0.051064 0.022618 0.118174
-0.040000 0.051064 0.024293 0.118174
-0.040000 0.051064 0.025969 0.118174
-0.040000 0.051064 0.027644 0.118174
-0.040000 0.051064 0.029319 0.118174
-0.040000 0.051064 0.030995 0.118174
-0.040000 0.051064 0.032670 0.118174
-0.040000 0.051064 0.034346 0.118174
-0.040000 0.051064 0.036021 0.118174
-0.040000 0.051064 0.037696 0.118174
-0.040000 0.051064 0.039372 0.118174
-0.040000 0.051064 0.041047 0.118174
-0.040000 0.051064 0.042723 0.118174
-0.040000 0.051064 0.044398 0.118174
-0.040000 0.051064 0.046073 0.118174
-0.040000 0.051064 0.047749 0.118174
-0.040000 0.051064 0.049424 0.118174
-0.040000 0.051064 0.051099 0.118174
-0.040000 0.051064 0.052775 0.118174
-0.040000 0.051064 0.054450 0.118174
-0.040000 0.051064 0.056126 0.118174
-0.040000 0.051064 0.057801 0.118174
-0.040000 0.051064 0.059476 0.118174
-0.040000 0.051064 0.061152 0.118174
-0.040000 0.051064 0.062827 0.118174
-0.040000 0.051064 0.064503 0.118174
-0.040000 0.051064 0.066178 0.118174
-0.040000 0.051064 0.067853 0.118174
-0.040000 0.051064 0.069529 0.118174
-0.040000 0.051064 0.071204 0.118174
-0.040000 0.051064 0.072880 0.118174
-0.040000 0.051064 0.074555 0.118174
-0.040000 0.051064 0.076230 0.118174
-0.040000 0.051064 0.077906 0.118174
-0.040000 0.051064 0.079581 0.118174
-0.040000 0.051064 0.081257 0.118174
-0.040000 0.051064 0.082932 0.118174
-0.040000 0.051064 0.084607 0.118174
-0.040000 0.051064 0.086283 0.118174
-0.040000 0.051064 0.087958 0.118174
-0.040000 0.051064 0.089634 0.118174
-0.040000 0.051064 0.091309 0.118174
-0.040000 0.051064 0.092984 0.118174
-0.040000 0.051064 0.094660 0.118174
-0.040000 0.051064 0.096335 0.118174
-0.040000 0.051064 0.098010 0.118174
-0.040000 0.051064 0.099686 0.118174
-0.040000 0.051064 0.101361 0.118174
-0.040000 0.051064 0.103037 0.118174
-0.040000 0.051064 0.104712 0.118174
-0.040000 0.051064 0.106387 0.118174
-0.040000 0.051064 0.108063 0.118174
-0.040000 0.051064 0.109738 0.118174
-0.040000 0.051064 0.111414 0.118174
-0.040000 0.051064 0.113089 0.118174
-0.040000 0.051064 0.114764 0.118174
-0.040000 0.051064 0.116440 0.118174
-0.040000 0.051064 0.118115 0.118174
-0.040000 0.051064 0.119791 0.118174
-0.040000 0.051064 0.121466 0.118174
-0.040000 0.051064 0.123141 0.118174
-0.040000 0.051064 0.124817 0.118174
-0.040000 0.051064 0.126492 0.118174
-0.040000 0.051064 0.128168 0.118174
-0.040000 0.051064 0.129843 0.118174
-0.040000 0.051064 0.131518 0.118174
-0.040000 0.051064 0.133194 0.118174
-0.040000 0.051064 0.134869 0.118174
-0.040000 0.051064 0.136545 0.118174
-0.040000 0.051064 0.138220 0.118174
-0.040000 0.051064 0.139895 0.118174
-0.040000 0.051064 0.141571 0.118174
-0.040000 0.051064 0.143246 0.118174
-0.040000 0.051064 0.144921 0.118174
-0.040000 0.051064 0.146597 0.118174
-0.040000 0.051064 0.148272 0.118174
-0.040000 0.051064 0.149948 0.118174
-0.040000 0.051064 0.151623 0.118174
-0.040000 0.051064 0.153298 0.118174
-0.040000 0.051064 0.154974 0.118174
-0.040000 0.051064 0.156649 0.118174
-0.040000 0.051064 0.158325 0.118174
-0.040000 0.051064 0.160000 0.118174
-0.040000 0.052766 -0.160000 0.078554
-0.040000 0.052766 -0.158325 0.078554
-0.040000 0.052766 -0.156649 0.078554
-0.040000 0.052766 -0.154974 0.078554
-0.040000 0.052766 -0.153298 0.078554
-0.040000 0.052766 -0.151623 0.078554
-0.040000 0.052766 -0.149948 0.078554
-0.040000 0.052766 -0.148272 0.078554
-0.040000 0.052766 -0.146597 0.078554
-0.040000 0.052766 -0.144921 0.078554
-0.040000 0.052766 -0.143246 0.078554
-0.040000 0.052766 -0.141571 0.078554
-0.040000 0.052766 -0.139895 0.078554
-0.040000 0.052766 -0.138220 0.078554
-0.040000 0.052766 -0.136545 0.078554
-0.040000 0.052766 -0.134869 0.078554
-0.040000 0.052766 -0.133194 0.078554
-0.040000 0.052766 -0.131518 0.078554
-0.040000 0.052766 -0.129843 0.078554
-0.040000 0.052766 -0.128168 0.078554
-0.040000 0.052766 -0.126492 0.078554
-0.040000 0.052766 -0.124817 0.078554
-0.040000 0.052766 -0.123141 0.078554
-0.040000 0.052766 -0.121466 0.078554
-0.040000 0.052766 -0.119791 0.078554
-0.040000 0.052766 -0.118115 0.078554
-0.040000 0.052766 -0.116440 0.078554
-0.040000 0.052766 -0.114764 0.078554
-0.040000 0.052766 -0.113089 0.078554
-0.040000 0.052766 -0.111414 0.078554
-0.040000 0.052766 -0.109738 0.078554
-0.040000 0.052766 -0.108063 0.078554
-0.040000 0.052766 -0.106387 0.078554
-0.040000 0.052766 -0.104712 0.078554
-0.040000 0.052766 -0.103037 0.078554
-0.040000 0.052766 -0.101361 0.078554
-0.040000 0.052766 -0.099686 0.078554
-0.040000 0.052766 -0.098010 0.078554
-0.040000 0.052766 -0.096335 0.078554
-0.040000 0.052766 -0.094660 0.078554
-0.040000 0.052766 -0.092984 0.078554
-0.040000 0.052766 -0.091309 0.078554
-0.040000 0.052766 -0.089634 0.078554
-0.040000 0.052766 -0.087958 0.078554
-0.040000 0.052766 -0.086283 0.078554
-0.040000 0.052766 -0.084607 0.078554
-0.040000 0.052766 -0.082932 0.078554
-0.040000 0.052766 -0.081257 0.078554
-0.040000 0.052766 -0.079581 0.078554
-0.040000 0.052766 -0.077906 0.078554
-0.040000 0.052766 -0.076230 0.078554
-0.040000 0.052766 -0.074555 0.078554
-0.040000 0.052766 -0.072880 0.078554
-0.040000 0.052766 -0.071204 0.078554
-0.040000 0.052766 -0.069529 0.078554
-0.040000 0.052766 -0.067853 0.078554
-0.040000 0.052766 -0.066178 0.078554
-0.040000 0.052766 -0.064503 0.078554
-0.040000 0.052766 -0.062827 0.078554
-0.040000 0.052766 -0.061152 0.078554
-0.040000 0.052766 -0.059476 0.078554
-0.040000 0.052766 -0.057801 0.078554
-0.040000 0.052766 -0.056126 0.078554
-0.040000 0.052766 -0.054450 0.078554
-0.040000 0.052766 -0.052775 0.078554
-0.040000 0.052766 -0.051099 0.078554
-0.040000 0.052766 -0.049424 0.078554
-0.040000 0.052766 -0.047749 0.078554
-0.040000 0.052766 -0.046073 0.078554
-0.040000 0.052766 -0.044398 0.078554
-0.040000 0.052766 -0.042723 0.078554
-0.040000 0.052766 -0.041047 0.078554
-0.040000 0.052766 -0.039372 0.078554
-0.040000 0.052766 -0.037696 0.078554
-0.040000 0.052766 -0.036021 0.078554
-0.040000 0.052766 -0.034346 0.078554
-0.040000 0.052766 -0.032670 0.078554
-0.040000 0.052766 -0.030995 0.078554
-0.040000 0.052766 -0.029319 0.078554
-0.040000 0.052766 -0.027644 0.078554
-0.040000 0.052766 -0.025969 0.078554
-0.040000 0.052766 -0.024293 0.078554
-0.040000 0.052766 -0.022618 0.078554
-0.040000 0.052766 -0.020942 0.078554
-0.040000 0.052766 -0.019267 0.078554
-0.040000 0.052766 -0.017592 0.078554
-0.040000 0.052766 -0.015916 0.078554
-0.040000 0.052766 -0.014241 0.078554
-0.040000 0.052766 -0.012565 0.078554
-0.040000 0.052766 -0.010890 0.078554
-0.040000 0.052766 -0.009215 0.078554
-0.040000 0.052766 -0.007539 0.078554
-0.040000 0.052766 -0.005864 0.078554
-0.040000 0.052766 -0.004188 0.078554
-0.040000 0.052766 -0.002513 0.078554
-0.040000 0.052766 -0.000838 0.078554
-0.040000 0.052766 0.000838 0.078554
-0.040000 0.052766 0.002513 0.078554
-0.040000 0.052766 0.004188 0.078554
-0.040000 0.052766 0.005864 0.078554
-0.040000 0.052766 0.007539 0.078554
-0.040000 0.052766 0.009215 0.078554
-0.040000 0.052766 0.010890 0.078554
-0.040000 0.052766 0.012565 0.078554
-0.040000 0.052766 0.014241 0.078554
-0.040000 0.052766 0.015916 0.078554
-0.040000 0.052766 0.017592 0.078554
-0.040000 0.052766 0.019267 0.078554
-0.040000 0.052766 0.020942 0.078554
-0.040000 0.052766 0.022618 0.078554
-0.040000 0.052766 0.024293 0.078554
-0.040000 0.052766 0.025969 0.078554
-0.040000 0.052766 0.027644 0.078554
-0.040000 0.052766 0.029319 0.078554
-0.040000 0.052766 0.030995 0.078554
-0.040000 0.052766 0.032670 0.078554
-0.040000 0.052766 0.034346 0.078554
-0.040000 0.052766 0.036021 0.078554
-0.040000 0.052766 0.037696 0.078554
-0.040000 0.052766 0.039372 0.078554
-0.040000 0.052766 0.041047 0.078554
-0.040000 0.052766 0.042723 0.078554
-0.040000 0.052766 0.044398 0.078554
-0.040000 0.052766 0.046073 0.078554
-0.040000 0.052766 0.047749 0.078554
-0.040000 0.052766 0.049424 0.078554
-0.040000 0.052766 0.051099 0.078554
-0.040000 0.052766 0.052775 0.078554
-0.040000 0.052766 0.054450 0.078554
-0.040000 0.052766 0.056126 0.078554
-0.040000 0.052766 0.057801 0.078554
-0.040000 0.052766 0.059476 0.078554
-0.040000 0.052766 0.061152 0.078554
-0.040000 0.052766 0.062827 0.078554
-0.040000 0.052766 0.064503 0.078554
-0.040000 0.052766 0.066178 0.078554
-0.040000 0.052766 0.067853 0.078554
-0.040000 0.052766 0.069529 0.078554
-0.040000 0.052766 0.071204 0.078554
-0.040000 0.052766 0.072880 0.078554
-0.040000 0.052766 0.074555 0.078554
-0.040000 0.052766 0.076230 0.078554
-0.040000 0.052766 0.077906 0.078554
-0.040000 0.052766 0.079581 0.078554
-0.040000 0.052766 0.081257 0.078554
-0.040000 0.052766 0.082932 0.078554
-0.040000 0.052766 0.084607 0.078554
-0.040000 0.052766 0.086283 0.078554
-0.040000 0.052766 0.087958 0.078554
-0.040000 0.052766 0.089634 0.078554
-0.040000 0.052766 0.091309 0.078554
-0.040000 0.052766 0.092984 0.078554
-0.040000 0.052766 0.094660 0.078554
-0.040000 0.052766 0.096335 0.078554
-0.040000 0.052766 0.098010 0.078554
-0.040000 0.052766 0.099686 0.078554
-0.040000 0.052766 0.101361 0.078554
-0.040000 0.052766 0.103037 0.078554
-0.040000 0.052766 0.104712 0.078554
-0.040000 0.052766 0.106387 0.078554
-0.040000 0.052766 0.108063 0.078554
-0.040000 0.052766 0.109738 0.078554
-0.040000 0.052766 0.111414 0.078554
-0.040000 0.052766 0.113089 0.078554
-0.040000 0.052766 0.114764 0.078554
-0.040000 0.052766 0.116440 0.078554
-0.040000 0.052766 0.118115 0.078554
-0.040000 0.052766 0.119791 0.078554
-0.040000 0.052766 0.121466 0.078554
-0.040000 0.052766 0.123141 0.078554
-0.040000 0.052766 0.124817 0.078554
-0.040000 0.052766 0.126492 0.078554
-0.040000 0.052766 0.128168 0.078554
-0.040000 0.052766 0.129843 0.078554
-0.040000 0.052766 0.131518 0.078554
-0.040000 0.052766 0.133194 0.078554
-0.040000 0.052766 0.134869 0.078554
-0.040000 0.052766 0.136545 0.078554
-0.040000 0.052766 0.138220 0.078554
-0.040000 0.052766 0.139895 0.078554
-0.040000 0.052766 0.141571 0.078554
-0.040000 0.052766 0.143246 0.078554
-0.040000 0.052766 0.144921 0.078554
-0.040000 0.052766 0.146597 0.078554
-0.040000 0.052766 0.148272 0.078554
-0.040000 0.052766 0.149948 0.078554
-0.040000 0.052766 0.151623 0.078554
-0.040000 0.052766 0.153298 0.078554
-0.040000 0.052766 0.154974 0.078554
-0.040000 0.052766 0.156649 0.078554
-0.040000 0.052766 0.158325 0.078554
-0.040000 0.052766 0.160000 0.078554
-0.040000 0.054468 -0.160000 0.046455
-0.040000 0.054468 -0.158325 0.046455
-0.040000 0.054468 -0.156649 0.046455
-0.040000 0.054468 -0.154974 0.046455
-0.040000 0.054468 -0.153298 0.046455
-0.040000 0.054468 -0.151623 0.046455
-0.040000 0.054468 -0.149948 0.046455
-0.040000 0.054468 -0.148272 0.046455
-0.040000 0.054468 -0.146597 0.046455
-0.040000 0.054468 -0.144921 0.046455
-0.040000 0.054468 -0.143246 0.046455
-0.040000 0.054468 -0.141571 0.046455
-0.040000 0.054468 -0.139895 0.046455
-0.040000 0.054468 -0.138220 0.046455
-0.040000 0.054468 -0.136545 0.046455
-0.040000 0.054468 -0.134869 0.046455
-0.040000 0.054468 -0.133194 0.046455
-0.040000 0.054468 -0.131518 0.046455
-0.040000 0.054468 -0.129843 0.046455
-0.040000 0.054468 -0.128168 0.046455
-0.040000 0.054468 -0.126492 0.046455
-0.040000 0.054468 -0.124817 0.046455
-0.040000 0.054468 -0.123141 0.046455
-0.040000 0.054468 -0.121466 0.046455
-0.040000 0.054468 -0.119791 0.046455
-0.040000 0.054468 -0.118115 0.046455
-0.040000 0.054468 -0.116440 0.046455
-0.040000 0.054468 -0.114764 0.046455
-0.040000 0.054468 -0.113089 0.046455
-0.040000 0.054468 -0.111414 0.046455
-0.040000 0.054468 -0.109738 0.046455
-0.040000 0.054468 -0.108063 0.046455
-0.040000 0.054468 -0.106387 0.046455
-0.040000 0.054468 -0.104712 0.046455
-0.040000 0.054468 -0.103037 0.046455
-0.040000 0.054468 -0.101361 0.046455
-0.040000 0.054468 -0.099686 0.046455
-0.040000 0.054468 -0.098010 0.046455
-0.040000 0.054468 -0.096335 0.046455
-0.040000 0.054468 -0.094660 0.046455
-0.040000 0.054468 -0.092984 0.046455
-0.040000 0.054468 -0.091309 0.046455
-0.040000 0.054468 -0.089634 0.046455
-0.040000 0.054468 -0.087958 0.046455
-0.040000 0.054468 -0.086283 0.046455
-0.040000 0.054468 -0.084607 0.046455
-0.040000 0.054468 -0.082932 0.046455
-0.040000 0.054468 -0.081257 0.046455
-0.040000 0.054468 -0.079581 0.046455
-0.040000 0.054468 -0.077906 0.046455
-0.040000 0.054468 -0.076230 0.046455
-0.040000 0.054468 -0.074555 0.046455
-0.040000 0.054468 -0.072880 0.046455
-0.040000 0.054468 -0.071204 0.046455
-0.040000 0.054468 -0.069529 0.046455
-0.040000 0.054468 -0.067853 0.046455
-0.040000 0.054468 -0.066178 0.046455
-0.040000 0.054468 -0.064503 0.046455
-0.040000 0.054468 -0.062827 0.046455
-0.040000 0.054468 -0.061152 0.046455
-0.040000 0.054468 -0.059476 0.046455
-0.040000 0.054468 -0.057801 0.046455
-0.040000 0.054468 -0.056126 0.046455
-0.040000 0.054468 -0.054450 0.046455
-0.040000 0.054468 -0.052775 0.046455
-0.040000 0.054468 -0.051099 0.046455
-0.040000 0.054468 -0.049424 0.046455
-0.040000 0.054468 -0.047749 0.046455
-0.040000 0.054468 -0.046073 0.046455
-0.040000 0.054468 -0.044398 0.046455
-0.040000 0.054468 -0.042723 0.046455
-0.040000 0.054468 -0.041047 0.046455
-0.040000 0.054468 -0.039372 0.046455
-0.040000 0.054468 -0.037696 0.046455
-0.040000 0.054468 -0.036021 0.046455
-0.040000 0.054468 -0.034346 0.046455
-0.040000 0.054468 -0.032670 0.046455
-0.040000 0.054468 -0.030995 0.046455
-0.040000 0.054468 -0.029319 0.046455
-0.040000 0.054468 -0.027644 0.046455
-0.040000 0.054468 -0.025969 0.046455
-0.040000 0.054468 -0.024293 0.046455
-0.040000 0.054468 -0.022618 0.046455
-0.040000 0.054468 -0.020942 0.046455
-0.040000 0.054468 -0.019267 0.046455
-0.040000 0.054468 -0.017592 0.046455
-0.040000 0.054468 -0.015916 0.046455
-0.040000 0.054468 -0.014241 0.046455
-0.040000 0.054468 -0.012565 0.046455
-0.040000 0.054468 -0.010890 0.046455
-0.040000 0.054468 -0.009215 0.046455
-0.040000 0.054468 -0.007539 0.046455
-0.040000 0.054468 -0.005864 0.046455
-0.040000 0.054468 -0.004188 0.046455
-0.040000 0.054468 -0.002513 0.046455
-0.040000 0.054468 -0.000838 0.046455
-0.040000 0.054468 0.000838 0.046455
-0.040000 0.054468 0.002513 0.046455
-0.040000 0.054468 0.004188 0.046455
-0.040000 0.054468 0.005864 0.046455
-0.040000 0.054468 0.007539 0.046455
-0.040000 0.054468 0.009215 0.046455
-0.040000 0.054468 0.010890 0.046455
-0.040000 0.054468 0.012565 0.046455
-0.040000 0.054468 0.014241 0.046455
-0.040000 0.054468 0.015916 0.046455
-0.040000 0.054468 0.017592 0.046455
-0.040000 0.054468 0.019267 0.046455
-0.040000 0.054468 0.020942 0.046455
-0.040000 0.054468 0.022618 0.046455
-0.040000 0.054468 0.024293 0.046455
-0.040000 0.054468 0.025969 0.046455
-0.040000 0.054468 0.027644 0.046455
-0.040000 0.054468 0.029319 0.046455
-0.040000 0.054468 0.030995 0.046455
-0.040000 0.054468 0.032670 0.046455
-0.040000 0.054468 0.034346 0.046455
-0.040000 0.054468 0.036021 0.046455
-0.040000 0.054468 0.037696 0.046455
-0.040000 0.054468 0.039372 0.046455
-0.040000 0.054468 0.041047 0.046455
-0.040000 0.054468 0.042723 0.046455
-0.040000 0.054468 0.044398 0.046455
-0.040000 0.054468 0.046073 0.046455
-0.040000 0.054468 0.047749 0.046455
-0.040000 0.054468 0.049424 0.046455
-0.040000 0.054468 0.051099 0.046455
-0.040000 0.054468 0.052775 0.046455
-0.040000 0.054468 0.054450 0.046455
-0.040000 0.054468 0.056126 0.046455
-0.040000 0.054468 0.057801 0.046455
-0.040000 0.054468 0.059476 0.046455
-0.040000 0.054468 0.061152 0.046455
-0.040000 0.054468 0.062827 0.046455
-0.040000 0.054468 0.064503 0.046455
-0.040000 0.054468 0.066178 0.046455
-0.040000 0.054468 0.067853 0.046455
-0.040000 0.054468 0.069529 0.046455
-0.040000 0.054468 0.071204 0.046455
-0.040000 0.054468 0.072880 0.046455
-0.040000 0.054468 0.074555 0.046455
-0.040000 0.054468 0.076230 0.046455
-0.040000 0.054468 0.077906 0.046455
-0.040000 0.054468 0.079581 0.046455
-0.040000 0.054468 0.081257 0.046455
-0.040000 0.054468 0.082932 0.046455
-0.040000 0.054468 0.084607 0.046455
-0.040000 0.054468 0.086283 0.046455
-0.040000 0.054468 0.087958 0.046455
-0.040000 0.054468 0.089634 0.046455
-0.040000 0.054468 0.091309 0.046455
-0.040000 0.054468 0.092984 0.046455
-0.040000 0.054468 0.094660 0.046455
-0.040000 0.054468 0.096335 0.046455
-0.040000 0.054468 0.098010 0.046455
-0.040000 0.054468 0.099686 0.046455
-0.040000 0.054468 0.101361 0.046455
-0.040000 0.054468 0.103037 0.046455
-0.040000 0.054468 0.104712 0.046455
-0.040000 0.054468 0.106387 0.046455
-0.040000 0.054468 0.108063 0.046455
-0.040000 0.054468 0.109738 0.046455
-0.040000 0.054468 0.111414 0.046455
-0.040000 0.054468 0.113089 0.046455
-0.040000 0.054468 0.114764 0.046455
-0.040000 0.054468 0.116440 0.046455
-0.040000 0.054468 0.118115 0.046455
-0.040000 0.054468 0.119791 0.046455
-0.040000 0.054468 0.121466 0.046455
-0.040000 0.054468 0.123141 0.046455
-0.040000 0.054468 0.124817 0.046455
-0.040000 0.054468 0.126492 0.046455
-0.040000 0.054468 0.128168 0.046455
-0.040000 0.054468 0.129843 0.046455
-0.040000 0.054468 0.131518 0.046455
-0.040000 0.054468 0.133194 0.046455
-0.040000 0.054468 0.134869 0.046455
-0.040000 0.054468 0.136545 0.046455
-0.040000 0.054468 0.138220 0.046455
-0.040000 0.054468 0.139895 0.046455
-0.040000 0.054468 0.141571 0.046455
-0.040000 0.054468 0.143246 0.046455
-0.040000 0.054468 0.144921 0.046455
-0.040000 0.054468 0.146597 0.046455
-0.040000 0.054468 0.148272 0.046455
-0.040000 0.054468 0.149948 0.046455
-0.040000 0.054468 0.151623 0.046455
-0.040000 0.054468 0.153298 0.046455
-0.040000 0.054468 0.154974 0.046455
-0.040000 0.054468 0.156649 0.046455
-0.040000 0.054468 0.158325 0.046455
-0.040000 0.054468 0.160000 0.046455
-0.040000 0.056170 -0.160000 0.022449
-0.040000 0.056170 -0.158325 0.022449
-0.040000 0.056170 -0.156649 0.022449
-0.040000 0.056170 -0.154974 0.022449
-0.040000 0.056170 -0.153298 0.022449
-0.040000 0.056170 -0.151623 0.022449
-0.040000 0.056170 -0.149948 0.022449
-0.040000 0.056170 -0.148272 0.022449
-0.040000 0.056170 -0.146597 0.022449
-0.040000 0.056170 -0.144921 0.022449
-0.040000 0.056170 -0.143246 0.022449
-0.040000 0.056170 -0.141571 0.022449
-0.040000 0.056170 -0.139895 0.022449
-0.040000 0.056170 -0.138220 0.022449
-0.040000 0.056170 -0.136545 0.022449
-0.040000 0.056170 -0.134869 0.022449
-0.040000 0.056170 -0.133194 0.022449
-0.040000 0.056170 -0.131518 0.022449
-0.040000 0.056170 -0.129843 0.022449
-0.040000 0.056170 -0.128168 0.022449
-0.040000 0.056170 -0.126492 0.022449
-0.040000 0.056170 -0.124817 0.022449
-0.040000 0.056170 -0.123141 0.022449
-0.040000 0.056170 -0.121466 0.022449
-0.040000 0.056170 -0.119791 0.022449
-0.040000 0.056170 -0.118115 0.022449
-0.040000 0.056170 -0.116440 0.022449
-0.040000 0.056170 -0.114764 0.022449
-0.040000 0.056170 -0.113089 0.022449
-0.040000 0.056170 -0.111414 0.022449
-0.040000 0.056170 -0.109738 0.022449
-0.040000 0.056170 -0.108063 0.022449
-0.040000 0.056170 -0.106387 0.022449
-0.040000 0.056170 -0.104712 0.022449
-0.040000 0.056170 -0.103037 0.022449
-0.040000 0.056170 -0.101361 0.022449
-0.040000 0.056170 -0.099686 0.022449
-0.040000 0.056170 -0.098010 0.022449
-0.040000 0.056170 -0.096335 0.022449
-0.040000 0.056170 -0.094660 0.022449
-0.040000 0.056170 -0.092984 0.022449
-0.040000 0.056170 -0.091309 0.022449
-0.040000 0.056170 -0.089634 0.022449
-0.040000 0.056170 -0.087958 0.022449
-0.040000 0.056170 -0.086283 0.022449
-0.040000 0.056170 -0.084607 0.022449
-0.040000 0.056170 -0.082932 0.022449
-0.040000 0.056170 -0.081257 0.022449
-0.040000 0.056170 -0.079581 0.022449
-0.040000 0.056170 -0.077906 0.022449
-0.040000 0.056170 -0.076230 0.022449
-0.040000 0.056170 -0.074555 0.022449
-0.040000 0.056170 -0.072880 0.022449
-0.040000 0.056170 -0.071204 0.022449
-0.040000 0.056170 -0.069529 0.022449
-0.040000 0.056170 -0.067853 0.022449
-0.040000 0.056170 -0.066178 0.022449
-0.040000 0.056170 -0.064503 0.022449
-0.040000 0.056170 -0.062827 0.022449
-0.040000 0.056170 -0.061152 0.022449
-0.040000 0.056170 -0.059476 0.022449
-0.040000 0.056170 -0.057801 0.022449
-0.040000 0.056170 -0.056126 0.022449
-0.040000 0.056170 -0.054450 0.022449
-0.040000 0.056170 -0.052775 0.022449
-0.040000 0.056170 -0.051099 0.022449
-0.040000 0.056170 -0.049424 0.022449
-0.040000 0.056170 -0.047749 0.022449
-0.040000 0.056170 -0.046073 0.022449
-0.040000 0.056170 -0.044398 0.022449
-0.040000 0.056170 -0.042723 0.022449
-0.040000 0.056170 -0.041047 0.022449
-0.040000 0.056170 -0.039372 0.022449
-0.040000 0.056170 -0.037696 0.022449
-0.040000 0.056170 -0.036021 0.022449
-0.040000 0.056170 -0.034346 0.022449
-0.040000 0.056170 -0.032670 0.022449
-0.040000 0.056170 -0.030995 0.022449
-0.040000 0.056170 -0.029319 0.022449
-0.040000 0.056170 -0.027644 0.022449
-0.040000 0.056170 -0.025969 0.022449
-0.040000 0.056170 -0.024293 0.022449
-0.040000 0.056170 -0.022618 0.022449
-0.040000 0.056170 -0.020942 0.022449
-0.040000 0.056170 -0.019267 0.022449
-0.040000 0.056170 -0.017592 0.022449
-0.040000 0.056170 -0.015916 0.022449
-0.040000 0.056170 -0.014241 0.022449
-0.040000 0.056170 -0.012565 0.022449
-0.040000 0.056170 -0.010890 0.022449
-0.040000 0.056170 -0.009215 0.022449
-0.040000 0.056170 -0.007539 0.022449
-0.040000 0.056170 -0.005864 0.022449
-0.040000 0.056170 -0.004188 0.022449
-0.040000 0.056170 -0.002513 0.022449
-0.040000 0.056170 -0.000838 0.022449
-0.040000 0.056170 0.000838 0.022449
-0.040000 0.056170 0.002513 0.022449
-0.040000 0.056170 0.004188 0.022449
-0.040000 0.056170 0.005864 0.022449
-0.040000 0.056170 0.007539 0.022449
-0.040000 0.056170 0.009215 0.022449
-0.040000 0.056170 0.010890 0.022449
-0.040000 0.056170 0.012565 0.022449
-0.040000 0.056170 0.014241 0.022449
-0.040000 0.056170 0.015916 0.022449
-0.040000 0.056170 0.017592 0.022449
-0.040000 0.056170 0.019267 0.022449
-0.040000 0.056170 0.020942 0.022449
-0.040000 0.056170 0.022618 0.022449
-0.040000 0.056170 0.024293 0.022449
-0.040000 0.056170 0.025969 0.022449
-0.040000 0.056170 0.027644 0.022449
-0.040000 0.056170 0.029319 0.022449
-0.040000 0.056170 0.030995 0.022449
-0.040000 0.056170 0.032670 0.022449
-0.040000 0.056170 0.034346 0.022449
-0.040000 0.056170 0.036021 0.022449
-0.040000 0.056170 0.037696 0.022449
-0.040000 0.056170 0.039372 0.022449
-0.040000 0.056170 0.041047 0.022449
-0.040000 0.056170 0.042723 0.022449
-0.040000 0.056170 0.044398 0.022449
-0.040000 0.056170 0.046073 0.022449
-0.040000 0.056170 0.047749 0.022449
-0.040000 0.056170 0.049424 0.022449
-0.040000 0.056170 0.051099 0.022449
-0.040000 0.056170 0.052775 0.022449
-0.040000 0.056170 0.054450 0.022449
-0.040000 0.056170 0.056126 0.022449
-0.040000 0.056170 0.057801 0.022449
-0.040000 0.056170 0.059476 0.022449
-0.040000 0.056170 0.061152 0.022449
-0.040000 0.056170 0.062827 0.022449
-0.040000 0.056170 0.064503 0.022449
-0.040000 0.056170 0.066178 0.022449
-0.040000 0.056170 0.067853 0.022449
-0.040000 0.056170 0.069529 0.022449
-0.040000 0.056170 0.071204 0.022449
-0.040000 0.056170 0.072880 0.022449
-0.040000 0.056170 0.074555 0.022449
-0.040000 0.056170 0.076230 0.022449
-0.040000 0.056170 0.077906 0.022449
-0.040000 0.056170 0.079581 0.022449
-0.040000 0.056170 0.081257 0.022449
-0.040000 0.056170 0.082932 0.022449
-0.040000 0.056170 0.084607 0.022449
-0.040000 0.056170 0.086283 0.022449
-0.040000 0.056170 0.087958 0.022449
-0.040000 0.056170 0.089634 0.022449
-0.040000 0.056170 0.091309 0.022449
-0.040000 0.056170 0.092984 0.022449
-0.040000 0.056170 0.094660 0.022449
-0.040000 0.056170 0.096335 0.022449
-0.040000 0.056170 0.098010 0.022449
-0.040000 0.056170 0.099686 0.022449
-0.040000 0.056170 0.101361 0.022449
-0.040000 0.056170 0.103037 0.022449
-0.040000 0.056170 0.104712 0.022449
-0.040000 0.056170 0.106387 0.022449
-0.040000 0.056170 0.108063 0.022449
-0.040000 0.056170 0.109738 0.022449
-0.040000 0.056170 0.111414 0.022449
-0.040000 0.056170 0.113089 0.022449
-0.040000 0.056170 0.114764 0.022449
-0.040000 0.056170 0.116440 0.022449
-0.040000 0.056170 0.118115 0.022449
-0.040000 0.056170 0.119791 0.022449
-0.040000 0.056170 0.121466 0.022449
-0.040000 0.056170 0.123141 0.022449
-0.040000 0.056170 0.124817 0.022449
-0.040000 0.056170 0.126492 0.022449
-0.040000 0.056170 0.128168 0.022449
-0.040000 0.056170 0.129843 0.022449
-0.040000 0.056170 0.131518 0.022449
-0.040000 0.056170 0.133194 0.022449
-0.040000 0.056170 0.134869 0.022449
-0.040000 0.056170 0.136545 0.022449
-0.040000 0.056170 0.138220 0.022449
-0.040000 0.056170 0.139895 0.022449
-0.040000 0.056170 0.141571 0.022449
-0.040000 0.056170 0.143246 0.022449
-0.040000 0.056170 0.144921 0.022449
-0.040000 0.056170 0.146597 0.022449
-0.040000 0.056170 0.148272 0.022449
-0.040000 0.056170 0.149948 0.022449
-0.040000 0.056170 0.151623 0.022449
-0.040000 0.056170 0.153298 0.022449
-0.040000 0.056170 0.154974 0.022449
-0.040000 0.056170 0.156649 0.022449
-0.040000 0.056170 0.158325 0.022449
-0.040000 0.056170 0.160000 0.022449
-0.040000 0.057872 -0.160000 0.006965
-0.040000 0.057872 -0.158325 0.006965
-0.040000 0.057872 -0.156649 0.006965
-0.040000 0.057872 -0.154974 0.006965
-0.040000 0.057872 -0.153298 0.006965
-0.040000 0.057872 -0.151623 0.006965
-0.040000 0.057872 -0.149948 0.006965
-0.040000 0.057872 -0.148272 0.006965
-0.040000 0.057872 -0.146597 0.006965
-0.040000 0.057872 -0.144921 0.006965
-0.040000 0.057872 -0.143246 0.006965
-0.040000 0.057872 -0.141571 0.006965
-0.040000 0.057872 -0.139895 0.006965
-0.040000 0.057872 -0.138220 0.006965
-0.040000 0.057872 -0.136545 0.006965
-0.040000 0.057872 -0.134869 0.006965
-0.040000 0.057872 -0.133194 0.006965
-0.040000 0.057872 -0.131518 0.006965
-0.040000 0.057872 -0.129843 0.006965
-0.040000 0.057872 -0.128168 0.006965
-0.040000 0.057872 -0.126492 0.006965
-0.040000 0.057872 -0.124817 0.006965
-0.040000 0.057872 -0.123141 0.006965
-0.040000 0.057872 -0.121466 0.006965
-0.040000 0.057872 -0.119791 0.006965
-0.040000 0.057872 -0.118115 0.006965
-0.040000 0.057872 -0.116440 0.006965
-0.040000 0.057872 -0.114764 0.006965
-0.040000 0.057872 -0.113089 0.006965
-0.040000 0.057872 -0.111414 0.006965
-0.040000 0.057872 -0.109738 0.006965
-0.040000 0.057872 -0.108063 0.006965
-0.040000 0.057872 -0.106387 0.006965
-0.040000 0.057872 -0.104712 0.006965
-0.040000 0.057872 -0.103037 0.006965
-0.040000 0.057872 -0.101361 0.006965
-0.040000 0.057872 -0.099686 0.006965
-0.040000 0.057872 -0.098010 0.006965
-0.040000 0.057872 -0.096335 0.006965
-0.040000 0.057872 -0.094660 0.006965
-0.040000 0.057872 -0.092984 0.006965
-0.040000 0.057872 -0.091309 0.006965
-0.040000 0.057872 -0.089634 0.006965
-0.040000 0.057872 -0.087958 0.006965
-0.040000 0.057872 -0.086283 0.006965
-0.040000 0.057872 -0.084607 0.006965
-0.040000 0.057872 -0.082932 0.006965
-0.040000 0.057872 -0.081257 0.006965
-0.040000 0.057872 -0.079581 0.006965
-0.040000 0.057872 -0.077906 0.006965
-0.040000 0.057872 -0.076230 0.006965
-0.040000 0.057872 -0.074555 0.006965
-0.040000 0.057872 -0.072880 0.006965
-0.040000 0.057872 -0.071204 0.006965
-0.040000 0.057872 -0.069529 0.006965
-0.040000 0.057872 -0.067853 0.006965
-0.040000 0.057872 -0.066178 0.006965
-0.040000 0.057872 -0.064503 0.006965
-0.040000 0.057872 -0.062827 0.006965
-0.040000 0.057872 -0.061152 0.006965
-0.040000 0.057872 -0.059476 0.006965
-0.040000 0.057872 -0.057801 0.006965
-0.040000 0.057872 -0.056126 0.006965
-0.040000 0.057872 -0.054450 0.006965
-0.040000 0.057872 -0.052775 0.006965
-0.040000 0.057872 -0.051099 0.006965
-0.040000 0.057872 -0.049424 0.006965
-0.040000 0.057872 -0.047749 0.006965
-0.040000 0.057872 -0.046073 0.006965
-0.040000 0.057872 -0.044398 0.006965
-0.040000 0.057872 -0.042723 0.006965
-0.040000 0.057872 -0.041047 0.006965
-0.040000 0.057872 -0.039372 0.006965
-0.040000 0.057872 -0.037696 0.006965
-0.040000 0.057872 -0.036021 0.006965
-0.040000 0.057872 -0.034346 0.006965
-0.040000 0.057872 -0.032670 0.006965
-0.040000 0.057872 -0.030995 0.006965
-0.040000 0.057872 -0.029319 0.006965
-0.040000 0.057872 -0.027644 0.006965
-0.040000 0.057872 -0.025969 0.006965
-0.040000 0.057872 -0.024293 0.006965
-0.040000 0.057872 -0.022618 0.006965
-0.040000 0.057872 -0.020942 0.006965
-0.040000 0.057872 -0.019267 0.006965
-0.040000 0.057872 -0.017592 0.006965
-0.040000 0.057872 -0.015916 0.006965
-0.040000 0.057872 -0.014241 0.006965
-0.040000 0.057872 -0.012565 0.006965
-0.040000 0.057872 -0.010890 0.006965
-0.040000 0.057872 -0.009215 0.006965
-0.040000 0.057872 -0.007539 0.006965
-0.040000 0.057872 -0.005864 0.006965
-0.040000 0.057872 -0.004188 0.006965
-0.040000 0.057872 -0.002513 0.006965
-0.040000 0.057872 -0.000838 0.006965
-0.040000 0.057872 0.000838 0.006965
-0.040000 0.057872 0.002513 0.006965
-0.040000 0.057872 0.004188 0.006965
-0.040000 0.057872 0.005864 0.006965
-0.040000 0.057872 0.007539 0.006965
-0.040000 0.057872 0.009215 0.006965
-0.040000 0.057872 0.010890 0.006965
-0.040000 0.057872 0.012565 0.006965
-0.040000 0.057872 0.014241 0.006965
-0.040000 0.057872 0.015916 0.006965
-0.040000 0.057872 0.017592 0.006965
-0.040000 0.057872 0.019267 0.006965
-0.040000 0.057872 0.020942 0.006965
-0.040000 0.057872 0.022618 0.006965
-0.040000 0.057872 0.024293 0.006965
-0.040000 0.057872 0.025969 0.006965
-0.040000 0.057872 0.027644 0.006965
-0.040000 0.057872 0.029319 0.006965
-0.040000 0.057872 0.030995 0.006965
-0.040000 0.057872 0.032670 0.006965
-0.040000 0.057872 0.034346 0.006965
-0.040000 0.057872 0.036021 0.006965
-0.040000 0.057872 0.037696 0.006965
-0.040000 0.057872 0.039372 0.006965
-0.040000 0.057872 0.041047 0.006965
-0.040000 0.057872 0.042723 0.006965
-0.040000 0.057872 0.044398 0.006965
-0.040000 0.057872 0.046073 0.006965
-0.040000 0.057872 0.047749 0.006965
-0.040000 0.057872 0.049424 0.006965
-0.040000 0.057872 0.051099 0.006965
-0.040000 0.057872 0.052775 0.006965
-0.040000 0.057872 0.054450 0.006965
-0.040000 0.057872 0.056126 0.006965
-0.040000 0.057872 0.057801 0.006965
-0.040000 0.057872 0.059476 0.006965
-0.040000 0.057872 0.061152 0.006965
-0.040000 0.057872 0.062827 0.006965
-0.040000 0.057872 0.064503 0.006965
-0.040000 0.057872 0.066178 0.006965
-0.040000 0.057872 0.067853 0.006965
-0.040000 0.057872 0.069529 0.006965
-0.040000 0.057872 0.071204 0.006965
-0.040000 0.057872 0.072880 0.006965
-0.040000 0.057872 0.074555 0.006965
-0.040000 0.057872 0.076230 0.006965
-0.040000 0.057872 0.077906 0.006965
-0.040000 0.057872 0.079581 0.006965
-0.040000 0.057872 0.081257 0.006965
-0.040000 0.057872 0.082932 0.006965
-0.040000 0.057872 0.084607 0.006965
-0.040000 0.057872 0.086283 0.006965
-0.040000 0.057872 0.087958 0.006965
-0.040000 0.057872 0.089634 0.006965
-0.040000 0.057872 0.091309 0.006965
-0.040000 0.057872 0.092984 0.006965
-0.040000 0.057872 0.094660 0.006965
-0.040000 0.057872 0.096335 0.006965
-0.040000 0.057872 0.098010 0.006965
-0.040000 0.057872 0.099686 0.006965
-0.040000 0.057872 0.101361 0.006965
-0.040000 0.057872 0.103037 0.006965
-0.040000 0.057872 0.104712 0.006965
-0.040000 0.057872 0.106387 0.006965
-0.040000 0.057872 0.108063 0.006965
-0.040000 0.057872 0.109738 0.006965
-0.040000 0.057872 0.111414 0.006965
-0.040000 0.057872 0.113089 0.006965
-0.040000 0.057872 0.114764 0.006965
-0.040000 0.057872 0.116440 0.006965
-0.040000 0.057872 0.118115 0.006965
-0.040000 0.057872 0.119791 0.006965
-0.040000 0.057872 0.121466 0.006965
-0.040000 0.057872 0.123141 0.006965
-0.040000 0.057872 0.124817 0.006965
-0.040000 0.057872 0.126492 0.006965
-0.040000 0.057872 0.128168 0.006965
-0.040000 0.057872 0.129843 0.006965
-0.040000 0.057872 0.131518 0.006965
-0.040000 0.057872 0.133194 0.006965
-0.040000 0.057872 0.134869 0.006965
-0.040000 0.057872 0.136545 0.006965
-0.040000 0.057872 0.138220 0.006965
-0.040000 0.057872 0.139895 0.006965
-0.040000 0.057872 0.141571 0.006965
-0.040000 0.057872 0.143246 0.006965
-0.040000 0.057872 0.144921 0.006965
-0.040000 0.057872 0.146597 0.006965
-0.040000 0.057872 0.148272 0.006965
-0.040000 0.057872 0.149948 0.006965
-0.040000 0.057872 0.151623 0.006965
-0.040000 0.057872 0.153298 0.006965
-0.040000 0.057872 0.154974 0.006965
-0.040000 0.057872 0.156649 0.006965
-0.040000 0.057872 0.158325 0.006965
-0.040000 0.057872 0.160000 0.006965
-0.040000 0.059574 -0.160000 0.000279
-0.040000 0.059574 -0.158325 0.000279
-0.040000 0.059574 -0.156649 0.000279
-0.040000 0.059574 -0.154974 0.000279
-0.040000 0.059574 -0.153298 0.000279
-0.040000 0.059574 -0.151623 0.000279
-0.040000 0.059574 -0.149948 0.000279
-0.040000 0.059574 -0.148272 0.000279
-0.040000 0.059574 -0.146597 0.000279
-0.040000 0.059574 -0.144921 0.000279
-0.040000 0.059574 -0.143246 0.000279
-0.040000 0.059574 -0.141571 0.000279
-0.040000 0.059574 -0.139895 0.000279
-0.040000 0.059574 -0.138220 0.000279
-0.040000 0.059574 -0.136545 0.000279
-0.040000 0.059574 -0.134869 0.000279
-0.040000 0.059574 -0.133194 0.000279
-0.040000 0.059574 -0.131518 0.000279
-0.040000 0.059574 -0.129843 0.000279
-0.040000 0.059574 -0.128168 0.000279
-0.040000 0.059574 -0.126492 0.000279
-0.040000 0.059574 -0.124817 0.000279
-0.040000 0.059574 -0.123141 0.000279
-0.040000 0.059574 -0.121466 0.000279
-0.040000 0.059574 -0.119791 0.000279
-0.040000 0.059574 -0.118115 0.000279
-0.040000 0.059574 -0.116440 0.000279
-0.040000 0.059574 -0.114764 0.000279
-0.040000 0.059574 -0.113089 0.000279
-0.040000 0.059574 -0.111414 0.000279
-0.040000 0.059574 -0.109738 0.000279
-0.040000 0.059574 -0.108063 0.000279
-0.040000 0.059574 -0.106387 0.000279
-0.040000 0.059574 -0.104712 0.000279
-0.040000 0.059574 -0.103037 0.000279
-0.040000 0.059574 -0.101361 0.000279
-0.040000 0.059574 -0.099686 0.000279
-0.040000 0.059574 -0.098010 0.000279
-0.040000 0.059574 -0.096335 0.000279
-0.040000 0.059574 -0.094660 0.000279
-0.040000 0.059574 -0.092984 0.000279
-0.040000 0.059574 -0.091309 0.000279
-0.040000 0.059574 -0.089634 0.000279
-0.040000 0.059574 -0.087958 0.000279
-0.040000 0.059574 -0.086283 0.000279
-0.040000 0.059574 -0.084607 0.000279
-0.040000 0.059574 -0.082932 0.000279
-0.040000 0.059574 -0.081257 0.000279
-0.040000 0.059574 -0.079581 0.000279
-0.040000 0.059574 -0.077906 0.000279
-0.040000 0.059574 -0.076230 0.000279
-0.040000 0.059574 -0.074555 0.000279
-0.040000 0.059574 -0.072880 0.000279
-0.040000 0.059574 -0.071204 0.000279
-0.040000 0.059574 -0.069529 0.000279
-0.040000 0.059574 -0.067853 0.000279
-0.040000 0.059574 -0.066178 0.000279
-0.040000 0.059574 -0.064503 0.000279
-0.040000 0.059574 -0.062827 0.000279
-0.040000 0.059574 -0.061152 0.000279
-0.040000 0.059574 -0.059476 0.000279
-0.040000 0.059574 -0.057801 0.000279
-0.040000 0.059574 -0.056126 0.000279
-0.040000 0.059574 -0.054450 0.000279
-0.040000 0.059574 -0.052775 0.000279
-0.040000 0.059574 -0.051099 0.000279
-0.040000 0.059574 -0.049424 0.000279
-0.040000 0.059574 -0.047749 0.000279
-0.040000 0.059574 -0.046073 0.000279
-0.040000 0.059574 -0.044398 0.000279
-0.040000 0.059574 -0.042723 0.000279
-0.040000 0.059574 -0.041047 0.000279
-0.040000 0.059574 -0.039372 0.000279
-0.040000 0.059574 -0.037696 0.000279
-0.040000 0.059574 -0.036021 0.000279
-0.040000 0.059574 -0.034346 0.000279
-0.040000 0.059574 -0.032670 0.000279
-0.040000 0.059574 -0.030995 0.000279
-0.040000 0.059574 -0.029319 0.000279
-0.040000 0.059574 -0.027644 0.000279
-0.040000 0.059574 -0.025969 0.000279
-0.040000 0.059574 -0.024293 0.000279
-0.040000 0.059574 -0.022618 0.000279
-0.040000 0.059574 -0.020942 0.000279
-0.040000 0.059574 -0.019267 0.000279
-0.040000 0.059574 -0.017592 0.000279
-0.040000 0.059574 -0.015916 0.000279
-0.040000 0.059574 -0.014241 0.000279
-0.040000 0.059574 -0.012565 0.000279
-0.040000 0.059574 -0.010890 0.000279
-0.040000 0.059574 -0.009215 0.000279
-0.040000 0.059574 -0.007539 0.000279
-0.040000 0.059574 -0.005864 0.000279
-0.040000 0.059574 -0.004188 0.000279
-0.040000 0.059574 -0.002513 0.000279
-0.040000 0.059574 -0.000838 0.000279
-0.040000 0.059574 0.000838 0.000279
-0.040000 0.059574 0.002513 0.000279
-0.040000 0.059574 0.004188 0.000279
-0.040000 0.059574 0.005864 0.000279
-0.040000 0.059574 0.007539 0.000279
-0.040000 0.059574 0.009215 0.000279
-0.040000 0.059574 0.010890 0.000279
-0.040000 0.059574 0.012565 0.000279
-0.040000 0.059574 0.014241 0.000279
-0.040000 0.059574 0.015916 0.000279
-0.040000 0.059574 0.017592 0.000279
-0.040000 0.059574 0.019267 0.000279
-0.040000 0.059574 0.020942 0.000279
-0.040000 0.059574 0.022618 0.000279
-0.040000 0.059574 0.024293 0.000279
-0.040000 0.059574 0.025969 0.000279
-0.040000 0.059574 0.027644 0.000279
-0.040000 0.059574 0.029319 0.000279
-0.040000 0.059574 0.030995 0.000279
-0.040000 0.059574 0.032670 0.000279
-0.040000 0.059574 0.034346 0.000279
-0.040000 0.059574 0.036021 0.000279
-0.040000 0.059574 0.037696 0.000279
-0.040000 0.059574 0.039372 0.000279
-0.040000 0.059574 0.041047 0.000279
-0.040000 0.059574 0.042723 0.000279
-0.040000 0.059574 0.044398 0.000279
-0.040000 0.059574 0.046073 0.000279
-0.040000 0.059574 0.047749 0.000279
-0.040000 0.059574 0.049424 0.000279
-0.040000 0.059574 0.051099 0.000279
-0.040000 0.059574 0.052775 0.000279
-0.040000 0.059574 0.054450 0.000279
-0.040000 0.059574 0.056126 0.000279
-0.040000 0.059574 0.057801 0.000279
-0.040000 0.059574 0.059476 0.000279
-0.040000 0.059574 0.061152 0.000279
-0.040000 0.059574 0.062827 0.000279
-0.040000 0.059574 0.064503 0.000279
-0.040000 0.059574 0.066178 0.000279
-0.040000 0.059574 0.067853 0.000279
-0.040000 0.059574 0.069529 0.000279
-0.040000 0.059574 0.071204 0.000279
-0.040000 0.059574 0.072880 0.000279
-0.040000 0.059574 0.074555 0.000279
-0.040000 0.059574 0.076230 0.000279
-0.040000 0.059574 0.077906 0.000279
-0.040000 0.059574 0.079581 0.000279
-0.040000 0.059574 0.081257 0.000279
-0.040000 0.059574 0.082932 0.000279
-0.040000 0.059574 0.084607 0.000279
-0.040000 0.059574 0.086283 0.000279
-0.040000 0.059574 0.087958 0.000279
-0.040000 0.059574 0.089634 0.000279
-0.040000 0.059574 0.091309 0.000279
-0.040000 0.059574 0.092984 0.000279
-0.040000 0.059574 0.094660 0.000279
-0.040000 0.059574 0.096335 0.000279
-0.040000 0.059574 0.098010 0.000279
-0.040000 0.059574 0.099686 0.000279
-0.040000 0.059574 0.101361 0.000279
-0.040000 0.059574 0.103037 0.000279
-0.040000 0.059574 0.104712 0.000279
-0.040000 0.059574 0.106387 0.000279
-0.040000 0.059574 0.108063 0.000279
-0.040000 0.059574 0.109738 0.000279
-0.040000 0.059574 0.111414 0.000279
-0.040000 0.059574 0.113089 0.000279
-0.040000 0.059574 0.114764 0.000279
-0.040000 0.059574 0.116440 0.000279
-0.040000 0.059574 0.118115 0.000279
-0.040000 0.059574 0.119791 0.000279
-0.040000 0.059574 0.121466 0.000279
-0.040000 0.059574 0.123141 0.000279
-0.040000 0.059574 0.124817 0.000279
-0.040000 0.059574 0.126492 0.000279
-0.040000 0.059574 0.128168 0.000279
-0.040000 0.059574 0.129843 0.000279
-0.040000 0.059574 0.131518 0.000279
-0.040000 0.059574 0.133194 0.000279
-0.040000 0.059574 0.134869 0.000279
-0.040000 0.059574 0.136545 0.000279
-0.040000 0.059574 0.138220 0.000279
-0.040000 0.059574 0.139895 0.000279
-0.040000 0.059574 0.141571 0.000279
-0.040000 0.059574 0.143246 0.000279
-0.040000 0.059574 0.144921 0.000279
-0.040000 0.059574 0.146597 0.000279
-0.040000 0.059574 0.148272 0.000279
-0.040000 0.059574 0.149948 0.000279
-0.040000 0.059574 0.151623 0.000279
-0.040000 0.059574 0.153298 0.000279
-0.040000 0.059574 0.154974 0.000279
-0.040000 0.059574 0.156649 0.000279
-0.040000 0.059574 0.158325 0.000279
-0.040000 0.059574 0.160000 0.000279
-0.040000 0.061277 -0.160000 0.002511
-0.040000 0.061277 -0.158325 0.002511
-0.040000 0.061277 -0.156649 0.002511
-0.040000 0.061277 -0.154974 0.002511
-0.040000 0.061277 -0.153298 0.002511
-0.040000 0.061277 -0.151623 0.002511
-0.040000 0.061277 -0.149948 0.002511
-0.040000 0.061277 -0.148272 0.002511
-0.040000 0.061277 -0.146597 0.002511
-0.040000 0.061277 -0.144921 0.002511
-0.040000 0.061277 -0.143246 0.002511
-0.040000 0.061277 -0.141571 0.002511
-0.040000 0.061277 -0.139895 0.002511
-0.040000 0.061277 -0.138220 0.002511
-0.040000 0.061277 -0.136545 0.002511
-0.040000 0.061277 -0.134869 0.002511
-0.040000 0.061277 -0.133194 0.002511
-0.040000 0.061277 -0.131518 0.002511
-0.040000 0.061277 -0.129843 0.002511
-0.040000 0.061277 -0.128168 0.002511
-0.040000 0.061277 -0.126492 0.002511
-0.040000 0.061277 -0.124817 0.002511
-0.040000 0.061277 -0.123141 0.002511
-0.040000 0.061277 -0.121466 0.002511
-0.040000 0.061277 -0.119791 0.002511
-0.040000 0.061277 -0.118115 0.002511
-0.040000 0.061277 -0.116440 0.002511
-0.040000 0.061277 -0.114764 0.002511
-0.040000 0.061277 -0.113089 0.002511
-0.040000 0.061277 -0.111414 0.002511
-0.040000 0.061277 -0.109738 0.002511
-0.040000 0.061277 -0.108063 0.002511
-0.040000 0.061277 -0.106387 0.002511
-0.040000 0.061277 -0.104712 0.002511
-0.040000 0.061277 -0.103037 0.002511
-0.040000 0.061277 -0.101361 0.002511
-0.040000 0.061277 -0.099686 0.002511
-0.040000 0.061277 -0.098010 0.002511
-0.040000 0.061277 -0.096335 0.002511
-0.040000 0.061277 -0.094660 0.002511
-0.040000 0.061277 -0.092984 0.002511
-0.040000 0.061277 -0.091309 0.002511
-0.040000 0.061277 -0.089634 0.002511
-0.040000 0.061277 -0.087958 0.002511
-0.040000 0.061277 -0.086283 0.002511
-0.040000 0.061277 -0.084607 0.002511
-0.040000 0.061277 -0.082932 0.002511
-0.040000 0.061277 -0.081257 0.002511
-0.040000 0.061277 -0.079581 0.002511
-0.040000 0.061277 -0.077906 0.002511
-0.040000 0.061277 -0.076230 0.002511
-0.040000 0.061277 -0.074555 0.002511
-0.040000 0.061277 -0.072880 0.002511
-0.040000 0.061277 -0.071204 0.002511
-0.040000 0.061277 -0.069529 0.002511
-0.040000 0.061277 -0.067853 0.002511
-0.040000 0.061277 -0.066178 0.002511
-0.040000 0.061277 -0.064503 0.002511
-0.040000 0.061277 -0.062827 0.002511
-0.040000 0.061277 -0.061152 0.002511
-0.040000 0.061277 -0.059476 0.002511
-0.040000 0.061277 -0.057801 0.002511
-0.040000 0.061277 -0.056126 0.002511
-0.040000 0.061277 -0.054450 0.002511
-0.040000 0.061277 -0.052775 0.002511
-0.040000 0.061277 -0.051099 0.002511
-0.040000 0.061277 -0.049424 0.002511
-0.040000 0.061277 -0.047749 0.002511
-0.040000 0.061277 -0.046073 0.002511
-0.040000 0.061277 -0.044398 0.002511
-0.040000 0.061277 -0.042723 0.002511
-0.040000 0.061277 -0.041047 0.002511
-0.040000 0.061277 -0.039372 0.002511
-0.040000 0.061277 -0.037696 0.002511
-0.040000 0.061277 -0.036021 0.002511
-0.040000 0.061277 -0.034346 0.002511
-0.040000 0.061277 -0.032670 0.002511
-0.040000 0.061277 -0.030995 0.002511
-0.040000 0.061277 -0.029319 0.002511
-0.040000 0.061277 -0.027644 0.002511
-0.040000 0.061277 -0.025969 0.002511
-0.040000 0.061277 -0.024293 0.002511
-0.040000 0.061277 -0.022618 0.002511
-0.040000 0.061277 -0.020942 0.002511
-0.040000 0.061277 -0.019267 0.002511
-0.040000 0.061277 -0.017592 0.002511
-0.040000 0.061277 -0.015916 0.002511
-0.040000 0.061277 -0.014241 0.002511
-0.040000 0.061277 -0.012565 0.002511
-0.040000 0.061277 -0.010890 0.002511
-0.040000 0.061277 -0.009215 0.002511
-0.040000 0.061277 -0.007539 0.002511
-0.040000 0.061277 -0.005864 0.002511
-0.040000 0.061277 -0.004188 0.002511
-0.040000 0.061277 -0.002513 0.002511
-0.040000 0.061277 -0.000838 0.002511
-0.040000 0.061277 0.000838 0.002511
-0.040000 0.061277 0.002513 0.002511
-0.040000 0.061277 0.004188 0.002511
-0.040000 0.061277 0.005864 0.002511
-0.040000 0.061277 0.007539 0.002511
-0.040000 0.061277 0.009215 0.002511
-0.040000 0.061277 0.010890 0.002511
-0.040000 0.061277 0.012565 0.002511
-0.040000 0.061277 0.014241 0.002511
-0.040000 0.061277 0.015916 0.002511
-0.040000 0.061277 0.017592 0.002511
-0.040000 0.061277 0.019267 0.002511
-0.040000 0.061277 0.020942 0.002511
-0.040000 0.061277 0.022618 0.002511
-0.040000 0.061277 0.024293 0.002511
-0.040000 0.061277 0.025969 0.002511
-0.040000 0.061277 0.027644 0.002511
-0.040000 0.061277 0.029319 0.002511
-0.040000 0.061277 0.030995 0.002511
-0.040000 0.061277 0.032670 0.002511
-0.040000 0.061277 0.034346 0.002511
-0.040000 0.061277 0.036021 0.002511
-0.040000 0.061277 0.037696 0.002511
-0.040000 0.061277 0.039372 0.002511
-0.040000 0.061277 0.041047 0.002511
-0.040000 0.061277 0.042723 0.002511
-0.040000 0.061277 0.044398 0.002511
-0.040000 0.061277 0.046073 0.002511
-0.040000 0.061277 0.047749 0.002511
-0.040000 0.061277 0.049424 0.002511
-0.040000 0.061277 0.051099 0.002511
-0.040000 0.061277 0.052775 0.002511
-0.040000 0.061277 0.054450 0.002511
-0.040000 0.061277 0.056126 0.002511
-0.040000 0.061277 0.057801 0.002511
-0.040000 0.061277 0.059476 0.002511
-0.040000 0.061277 0.061152 0.002511
-0.040000 0.061277 0.062827 0.002511
-0.040000 0.061277 0.064503 0.002511
-0.040000 0.061277 0.066178 0.002511
-0.040000 0.061277 0.067853 0.002511
-0.040000 0.061277 0.069529 0.002511
-0.040000 0.061277 0.071204 0.002511
-0.040000 0.061277 0.072880 0.002511
-0.040000 0.061277 0.074555 0.002511
-0.040000 0.061277 0.076230 0.002511
-0.040000 0.061277 0.077906 0.002511
-0.040000 0.061277 0.079581 0.002511
-0.040000 0.061277 0.081257 0.002511
-0.040000 0.061277 0.082932 0.002511
-0.040000 0.061277 0.084607 0.002511
-0.040000 0.061277 0.086283 0.002511
-0.040000 0.061277 0.087958 0.002511
-0.040000 0.061277 0.089634 0.002511
-0.040000 0.061277 0.091309 0.002511
-0.040000 0.061277 0.092984 0.002511
-0.040000 0.061277 0.094660 0.002511
-0.040000 0.061277 0.096335 0.002511
-0.040000 0.061277 0.098010 0.002511
-0.040000 0.061277 0.099686 0.002511
-0.040000 0.061277 0.101361 0.002511
-0.040000 0.061277 0.103037 0.002511
-0.040000 0.061277 0.104712 0.002511
-0.040000 0.061277 0.106387 0.002511
-0.040000 0.061277 0.108063 0.002511
-0.040000 0.061277 0.109738 0.002511
-0.040000 0.061277 0.111414 0.002511
-0.040000 0.061277 0.113089 0.002511
-0.040000 0.061277 0.114764 0.002511
-0.040000 0.061277 0.116440 0.002511
-0.040000 0.061277 0.118115 0.002511
-0.040000 0.061277 0.119791 0.002511
-0.040000 0.061277 0.121466 0.002511
-0.040000 0.061277 0.123141 0.002511
-0.040000 0.061277 0.124817 0.002511
-0.040000 0.061277 0.126492 0.002511
-0.040000 0.061277 0.128168 0.002511
-0.040000 0.061277 0.129843 0.002511
-0.040000 0.061277 0.131518 0.002511
-0.040000 0.061277 0.133194 0.002511
-0.040000 0.061277 0.134869 0.002511
-0.040000 0.061277 0.136545 0.002511
-0.040000 0.061277 0.138220 0.002511
-0.040000 0.061277 0.139895 0.002511
-0.040000 0.061277 0.141571 0.002511
-0.040000 0.061277 0.143246 0.002511
-0.040000 0.061277 0.144921 0.002511
-0.040000 0.061277 0.146597 0.002511
-0.040000 0.061277 0.148272 0.002511
-0.040000 0.061277 0.149948 0.002511
-0.040000 0.061277 0.151623 0.002511
-0.040000 0.061277 0.153298 0.002511
-0.040000 0.061277 0.154974 0.002511
-0.040000 0.061277 0.156649 0.002511
-0.040000 0.061277 0.158325 0.002511
-0.040000 0.061277 0.160000 0.002511
-0.040000 0.062979 -0.160000 0.013621
-0.040000 0.062979 -0.158325 0.013621
-0.040000 0.062979 -0.156649 0.013621
-0.040000 0.062979 -0.154974 0.013621
-0.040000 0.062979 -0.153298 0.013621
-0.040000 0.062979 -0.151623 0.013621
-0.040000 0.062979 -0.149948 0.013621
-0.040000 0.062979 -0.148272 0.013621
-0.040000 0.062979 -0.146597 0.013621
-0.040000 0.062979 -0.144921 0.013621
-0.040000 0.062979 -0.143246 0.013621
-0.040000 0.062979 -0.141571 0.013621
-0.040000 0.062979 -0.139895 0.013621
-0.040000 0.062979 -0.138220 0.013621
-0.040000 0.062979 -0.136545 0.013621
-0.040000 0.062979 -0.134869 0.013621
-0.040000 0.062979 -0.133194 0.013621
-0.040000 0.062979 -0.131518 0.013621
-0.040000 0.062979 -0.129843 0.013621
-0.040000 0.062979 -0.128168 0.013621
-0.040000 0.062979 -0.126492 0.013621
-0.040000 0.062979 -0.124817 0.013621
-0.040000 0.062979 -0.123141 0.013621
-0.040000 0.062979 -0.121466 0.013621
-0.040000 0.062979 -0.119791 0.013621
-0.040000 0.062979 -0.118115 0.013621
-0.040000 0.062979 -0.116440 0.013621
-0.040000 0.062979 -0.114764 0.013621
-0.040000 0.062979 -0.113089 0.013621
-0.040000 0.062979 -0.111414 0.013621
-0.040000 0.062979 -0.109738 0.013621
-0.040000 0.062979 -0.108063 0.013621
-0.040000 0.062979 -0.106387 0.013621
-0.040000 0.062979 -0.104712 0.013621
-0.040000 0.062979 -0.103037 0.013621
-0.040000 0.062979 -0.101361 0.013621
-0.040000 0.062979 -0.099686 0.013621
-0.040000 0.062979 -0.098010 0.013621
-0.040000 0.062979 -0.096335 0.013621
-0.040000 0.062979 -0.094660 0.013621
-0.040000 0.062979 -0.092984 0.013621
-0.040000 0.062979 -0.091309 0.013621
-0.040000 0.062979 -0.089634 0.013621
-0.040000 0.062979 -0.087958 0.013621
-0.040000 0.062979 -0.086283 0.013621
-0.040000 0.062979 -0.084607 0.013621
-0.040000 0.062979 -0.082932 0.013621
-0.040000 0.062979 -0.081257 0.013621
-0.040000 0.062979 -0.079581 0.013621
-0.040000 0.062979 -0.077906 0.013621
-0.040000 0.062979 -0.076230 0.013621
-0.040000 0.062979 -0.074555 0.013621
-0.040000 0.062979 -0.072880 0.013621
-0.040000 0.062979 -0.071204 0.013621
-0.040000 0.062979 -0.069529 0.013621
-0.040000 0.062979 -0.067853 0.013621
-0.040000 0.062979 -0.066178 0.013621
-0.040000 0.062979 -0.064503 0.013621
-0.040000 0.062979 -0.062827 0.013621
-0.040000 0.062979 -0.061152 0.013621
-0.040000 0.062979 -0.059476 0.013621
-0.040000 0.062979 -0.057801 0.013621
-0.040000 0.062979 -0.056126 0.013621
-0.040000 0.062979 -0.054450 0.013621
-0.040000 0.062979 -0.052775 0.013621
-0.040000 0.062979 -0.051099 0.013621
-0.040000 0.062979 -0.049424 0.013621
-0.040000 0.062979 -0.047749 0.013621
-0.040000 0.062979 -0.046073 0.013621
-0.040000 0.062979 -0.044398 0.013621
-0.040000 0.062979 -0.042723 0.013621
-0.040000 0.062979 -0.041047 0.013621
-0.040000 0.062979 -0.039372 0.013621
-0.040000 0.062979 -0.037696 0.013621
-0.040000 0.062979 -0.036021 0.013621
-0.040000 0.062979 -0.034346 0.013621
-0.040000 0.062979 -0.032670 0.013621
-0.040000 0.062979 -0.030995 0.013621
-0.040000 0.062979 -0.029319 0.013621
-0.040000 0.062979 -0.027644 0.013621
-0.040000 0.062979 -0.025969 0.013621
-0.040000 0.062979 -0.024293 0.013621
-0.040000 0.062979 -0.022618 0.013621
-0.040000 0.062979 -0.020942 0.013621
-0.040000 0.062979 -0.019267 0.013621
-0.040000 0.062979 -0.017592 0.013621
-0.040000 0.062979 -0.015916 0.013621
-0.040000 0.062979 -0.014241 0.013621
-0.040000 0.062979 -0.012565 0.013621
-0.040000 0.062979 -0.010890 0.013621
-0.040000 0.062979 -0.009215 0.013621
-0.040000 0.062979 -0.007539 0.013621
-0.040000 0.062979 -0.005864 0.013621
-0.040000 0.062979 -0.004188 0.013621
-0.040000 0.062979 -0.002513 0.013621
-0.040000 0.062979 -0.000838 0.013621
-0.040000 0.062979 0.000838 0.013621
-0.040000 0.062979 0.002513 0.013621
-0.040000 0.062979 0.004188 0.013621
-0.040000 0.062979 0.005864 0.013621
-0.040000 0.062979 0.007539 0.013621
-0.040000 0.062979 0.009215 0.013621
-0.040000 0.062979 0.010890 0.013621
-0.040000 0.062979 0.012565 0.013621
-0.040000 0.062979 0.014241 0.013621
-0.040000 0.062979 0.015916 0.013621
-0.040000 0.062979 0.017592 0.013621
-0.040000 0.062979 0.019267 0.013621
-0.040000 0.062979 0.020942 0.013621
-0.040000 0.062979 0.022618 0.013621
-0.040000 0.062979 0.024293 0.013621
-0.040000 0.062979 0.025969 0.013621
-0.040000 0.062979 0.027644 0.013621
-0.040000 0.062979 0.029319 0.013621
-0.040000 0.062979 0.030995 0.013621
-0.040000 0.062979 0.032670 0.013621
-0.040000 0.062979 0.034346 0.013621
-0.040000 0.062979 0.036021 0.013621
-0.040000 0.062979 0.037696 0.013621
-0.040000 0.062979 0.039372 0.013621
-0.040000 0.062979 0.041047 0.013621
-0.040000 0.062979 0.042723 0.013621
-0.040000 0.062979 0.044398 0.013621
-0.040000 0.062979 0.046073 0.013621
-0.040000 0.062979 0.047749 0.013621
-0.040000 0.062979 0.049424 0.013621
-0.040000 0.062979 0.051099 0.013621
-0.040000 0.062979 0.052775 0.013621
-0.040000 0.062979 0.054450 0.013621
-0.040000 0.062979 0.056126 0.013621
-0.040000 0.062979 0.057801 0.013621
-0.040000 0.062979 0.059476 0.013621
-0.040000 0.062979 0.061152 0.013621
-0.040000 0.062979 0.062827 0.013621
-0.040000 0.062979 0.064503 0.013621
-0.040000 0.062979 0.066178 0.013621
-0.040000 0.062979 0.067853 0.013621
-0.040000 0.062979 0.069529 0.013621
-0.040000 0.062979 0.071204 0.013621
-0.040000 0.062979 0.072880 0.013621
-0.040000 0.062979 0.074555 0.013621
-0.040000 0.062979 0.076230 0.013621
-0.040000 0.062979 0.077906 0.013621
-0.040000 0.062979 0.079581 0.013621
-0.040000 0.062979 0.081257 0.013621
-0.040000 0.062979 0.082932 0.013621
-0.040000 0.062979 0.084607 0.013621
-0.040000 0.062979 0.086283 0.013621
-0.040000 0.062979 0.087958 0.013621
-0.040000 0.062979 0.089634 0.013621
-0.040000 0.062979 0.091309 0.013621
-0.040000 0.062979 0.092984 0.013621
-0.040000 0.062979 0.094660 0.013621
-0.040000 0.062979 0.096335 0.013621
-0.040000 0.062979 0.098010 0.013621
-0.040000 0.062979 0.099686 0.013621
-0.040000 0.062979 0.101361 0.013621
-0.040000 0.062979 0.103037 0.013621
-0.040000 0.062979 0.104712 0.013621
-0.040000 0.062979 0.106387 0.013621
-0.040000 0.062979 0.108063 0.013621
-0.040000 0.062979 0.109738 0.013621
-0.040000 0.062979 0.111414 0.013621
-0.040000 0.062979 0.113089 0.013621
-0.040000 0.062979 0.114764 0.013621
-0.040000 0.062979 0.116440 0.013621
-0.040000 0.062979 0.118115 0.013621
-0.040000 0.062979 0.119791 0.013621
-0.040000 0.062979 0.121466 0.013621
-0.040000 0.062979 0.123141 0.013621
-0.040000 0.062979 0.124817 0.013621
-0.040000 0.062979 0.126492 0.013621
-0.040000 0.062979 0.128168 0.013621
-0.040000 0.062979 0.129843 0.013621
-0.040000 0.062979 0.131518 0.013621
-0.040000 0.062979 0.133194 0.013621
-0.040000 0.062979 0.134869 0.013621
-0.040000 0.062979 0.136545 0.013621
-0.040000 0.062979 0.138220 0.013621
-0.040000 0.062979 0.139895 0.013621
-0.040000 0.062979 0.141571 0.013621
-0.040000 0.062979 0.143246 0.013621
-0.040000 0.062979 0.144921 0.013621
-0.040000 0.062979 0.146597 0.013621
-0.040000 0.062979 0.148272 0.013621
-0.040000 0.062979 0.149948 0.013621
-0.040000 0.062979 0.151623 0.013621
-0.040000 0.062979 0.153298 0.013621
-0.040000 0.062979 0.154974 0.013621
-0.040000 0.062979 0.156649 0.013621
-0.040000 0.062979 0.158325 0.013621
-0.040000 0.062979 0.160000 0.013621
-0.040000 0.064681 -0.160000 0.033410
-0.040000 0.064681 -0.158325 0.033410
-0.040000 0.064681 -0.156649 0.033410
-0.040000 0.064681 -0.154974 0.033410
-0.040000 0.064681 -0.153298 0.033410
-0.040000 0.064681 -0.151623 0.033410
-0.040000 0.064681 -0.149948 0.033410
-0.040000 0.064681 -0.148272 0.033410
-0.040000 0.064681 -0.146597 0.033410
-0.040000 0.064681 -0.144921 0.033410
-0.040000 0.064681 -0.143246 0.033410
-0.040000 0.064681 -0.141571 0.033410
-0.040000 0.064681 -0.139895 0.033410
-0.040000 0.064681 -0.138220 0.033410
-0.040000 0.064681 -0.136545 0.033410
-0.040000 0.064681 -0.134869 0.033410
-0.040000 0.064681 -0.133194 0.033410
-0.040000 0.064681 -0.131518 0.033410
-0.040000 0.064681 -0.129843 0.033410
-0.040000 0.064681 -0.128168 0.033410
-0.040000 0.064681 -0.126492 0.033410
-0.040000 0.064681 -0.124817 0.033410
-0.040000 0.064681 -0.123141 0.033410
-0.040000 0.064681 -0.121466 0.033410
-0.040000 0.064681 -0.119791 0.033410
-0.040000 0.064681 -0.118115 0.033410
-0.040000 0.064681 -0.116440 0.033410
-0.040000 0.064681 -0.114764 0.033410
-0.040000 0.064681 -0.113089 0.033410
-0.040000 0.064681 -0.111414 0.033410
-0.040000 0.064681 -0.109738 0.033410
-0.040000 0.064681 -0.108063 0.033410
-0.040000 0.064681 -0.106387 0.033410
-0.040000 0.064681 -0.104712 0.033410
-0.040000 0.064681 -0.103037 0.033410
-0.040000 0.064681 -0.101361 0.033410
-0.040000 0.064681 -0.099686 0.033410
-0.040000 0.064681 -0.098010 0.033410
-0.040000 0.064681 -0.096335 0.033410
-0.040000 0.064681 -0.094660 0.033410
-0.040000 0.064681 -0.092984 0.033410
-0.040000 0.064681 -0.091309 0.033410
-0.040000 0.064681 -0.089634 0.033410
-0.040000 0.064681 -0.087958 0.033410
-0.040000 0.064681 -0.086283 0.033410
-0.040000 0.064681 -0.084607 0.033410
-0.040000 0.064681 -0.082932 0.033410
-0.040000 0.064681 -0.081257 0.033410
-0.040000 0.064681 -0.079581 0.033410
-0.040000 0.064681 -0.077906 0.033410
-0.040000 0.064681 -0.076230 0.033410
-0.040000 0.064681 -0.074555 0.033410
-0.040000 0.064681 -0.072880 0.033410
-0.040000 0.064681 -0.071204 0.033410
-0.040000 0.064681 -0.069529 0.033410
-0.040000 0.064681 -0.067853 0.033410
-0.040000 0.064681 -0.066178 0.033410
-0.040000 0.064681 -0.064503 0.033410
-0.040000 0.064681 -0.062827 0.033410
-0.040000 0.064681 -0.061152 0.033410
-0.040000 0.064681 -0.059476 0.033410
-0.040000 0.064681 -0.057801 0.033410
-0.040000 0.064681 -0.056126 0.033410
-0.040000 0.064681 -0.054450 0.033410
-0.040000 0.064681 -0.052775 0.033410
-0.040000 0.064681 -0.051099 0.033410
-0.040000 0.064681 -0.049424 0.033410
-0.040000 0.064681 -0.047749 0.033410
-0.040000 0.064681 -0.046073 0.033410
-0.040000 0.064681 -0.044398 0.033410
-0.040000 0.064681 -0.042723 0.033410
-0.040000 0.064681 -0.041047 0.033410
-0.040000 0.064681 -0.039372 0.033410
-0.040000 0.064681 -0.037696 0.033410
-0.040000 0.064681 -0.036021 0.033410
-0.040000 0.064681 -0.034346 0.033410
-0.040000 0.064681 -0.032670 0.033410
-0.040000 0.064681 -0.030995 0.033410
-0.040000 0.064681 -0.029319 0.033410
-0.040000 0.064681 -0.027644 0.033410
-0.040000 0.064681 -0.025969 0.033410
-0.040000 0.064681 -0.024293 0.033410
-0.040000 0.064681 -0.022618 0.033410
-0.040000 0.064681 -0.020942 0.033410
-0.040000 0.064681 -0.019267 0.033410
-0.040000 0.064681 -0.017592 0.033410
-0.040000 0.064681 -0.015916 0.033410
-0.040000 0.064681 -0.014241 0.033410
-0.040000 0.064681 -0.012565 0.033410
-0.040000 0.064681 -0.010890 0.033410
-0.040000 0.064681 -0.009215 0.033410
-0.040000 0.064681 -0.007539 0.033410
-0.040000 0.064681 -0.005864 0.033410
-0.040000 0.064681 -0.004188 0.033410
-0.040000 0.064681 -0.002513 0.033410
-0.040000 0.064681 -0.000838 0.033410
-0.040000 0.064681 0.000838 0.033410
-0.040000 0.064681 0.002513 0.033410
-0.040000 0.064681 0.004188 0.033410
-0.040000 0.064681 0.005864 0.033410
-0.040000 0.064681 0.007539 0.033410
-0.040000 0.064681 0.009215 0.033410
-0.040000 0.064681 0.010890 0.033410
-0.040000 0.064681 0.012565 0.033410
-0.040000 0.064681 0.014241 0.033410
-0.040000 0.064681 0.015916 0.033410
-0.040000 0.064681 0.017592 0.033410
-0.040000 0.064681 0.019267 0.033410
-0.040000 0.064681 0.020942 0.033410
-0.040000 0.064681 0.022618 0.033410
-0.040000 0.064681 0.024293 0.033410
-0.040000 0.064681 0.025969 0.033410
-0.040000 0.064681 0.027644 0.033410
-0.040000 0.064681 0.029319 0.033410
-0.040000 0.064681 0.030995 0.033410
-0.040000 0.064681 0.032670 0.033410
-0.040000 0.064681 0.034346 0.033410
-0.040000 0.064681 0.036021 0.033410
-0.040000 0.064681 0.037696 0.033410
-0.040000 0.064681 0.039372 0.033410
-0.040000 0.064681 0.041047 0.033410
-0.040000 0.064681 0.042723 0.033410
-0.040000 0.064681 0.044398 0.033410
-0.040000 0.064681 0.046073 0.033410
-0.040000 0.064681 0.047749 0.033410
-0.040000 0.064681 0.049424 0.033410
-0.040000 0.064681 0.051099 0.033410
-0.040000 0.064681 0.052775 0.033410
-0.040000 0.064681 0.054450 0.033410
-0.040000 0.064681 0.056126 0.033410
-0.040000 0.064681 0.057801 0.033410
-0.040000 0.064681 0.059476 0.033410
-0.040000 0.064681 0.061152 0.033410
-0.040000 0.064681 0.062827 0.033410
-0.040000 0.064681 0.064503 0.033410
-0.040000 0.064681 0.066178 0.033410
-0.040000 0.064681 0.067853 0.033410
-0.040000 0.064681 0.069529 0.033410
-0.040000 0.064681 0.071204 0.033410
-0.040000 0.064681 0.072880 0.033410
-0.040000 0.064681 0.074555 0.033410
-0.040000 0.064681 0.076230 0.033410
-0.040000 0.064681 0.077906 0.033410
-0.040000 0.064681 0.079581 0.033410
-0.040000 0.064681 0.081257 0.033410
-0.040000 0.064681 0.082932 0.033410
-0.040000 0.064681 0.084607 0.033410
-0.040000 0.064681 0.086283 0.033410
-0.040000 0.064681 0.087958 0.033410
-0.040000 0.064681 0.089634 0.033410
-0.040000 0.064681 0.091309 0.033410
-0.040000 0.064681 0.092984 0.033410
-0.040000 0.064681 0.094660 0.033410
-0.040000 0.064681 0.096335 0.033410
-0.040000 0.064681 0.098010 0.033410
-0.040000 0.064681 0.099686 0.033410
-0.040000 0.064681 0.101361 0.033410
-0.040000 0.064681 0.103037 0.033410
-0.040000 0.064681 0.104712 0.033410
-0.040000 0.064681 0.106387 0.033410
-0.040000 0.064681 0.108063 0.033410
-0.040000 0.064681 0.109738 0.033410
-0.040000 0.064681 0.111414 0.033410
-0.040000 0.064681 0.113089 0.033410
-0.040000 0.064681 0.114764 0.033410
-0.040000 0.064681 0.116440 0.033410
-0.040000 0.064681 0.118115 0.033410
-0.040000 0.064681 0.119791 0.033410
-0.040000 0.064681 0.121466 0.033410
-0.040000 0.064681 0.123141 0.033410
-0.040000 0.064681 0.124817 0.033410
-0.040000 0.064681 0.126492 0.033410
-0.040000 0.064681 0.128168 0.033410
-0.040000 0.064681 0.129843 0.033410
-0.040000 0.064681 0.131518 0.033410
-0.040000 0.064681 0.133194 0.033410
-0.040000 0.064681 0.134869 0.033410
-0.040000 0.064681 0.136545 0.033410
-0.040000 0.064681 0.138220 0.033410
-0.040000 0.064681 0.139895 0.033410
-0.040000 0.064681 0.141571 0.033410
-0.040000 0.064681 0.143246 0.033410
-0.040000 0.064681 0.144921 0.033410
-0.040000 0.064681 0.146597 0.033410
-0.040000 0.064681 0.148272 0.033410
-0.040000 0.064681 0.149948 0.033410
-0.040000 0.064681 0.151623 0.033410
-0.040000 0.064681 0.153298 0.033410
-0.040000 0.064681 0.154974 0.033410
-0.040000 0.064681 0.156649 0.033410
-0.040000 0.064681 0.158325 0.033410
-0.040000 0.064681 0.160000 0.033410
-0.040000 0.066383 -0.160000 0.061525
-0.040000 0.066383 -0.158325 0.061525
-0.040000 0.066383 -0.156649 0.061525
-0.040000 0.066383 -0.154974 0.061525
-0.040000 0.066383 -0.153298 0.061525
-0.040000 0.066383 -0.151623 0.061525
-0.040000 0.066383 -0.149948 0.061525
-0.040000 0.066383 -0.148272 0.061525
-0.040000 0.066383 -0.146597 0.061525
-0.040000 0.066383 -0.144921 0.061525
-0.040000 0.066383 -0.143246 0.061525
-0.040000 0.066383 -0.141571 0.061525
-0.040000 0.066383 -0.139895 0.061525
-0.040000 0.066383 -0.138220 0.061525
-0.040000 0.066383 -0.136545 0.061525
-0.040000 0.066383 -0.134869 0.061525
-0.040000 0.066383 -0.133194 0.061525
-0.040000 0.066383 -0.131518 0.061525
-0.040000 0.066383 -0.129843 0.061525
-0.040000 0.066383 -0.128168 0.061525
-0.040000 0.066383 -0.126492 0.061525
-0.040000 0.066383 -0.124817 0.061525
-0.040000 0.066383 -0.123141 0.061525
-0.040000 0.066383 -0.121466 0.061525
-0.040000 0.066383 -0.119791 0.061525
-0.040000 0.066383 -0.118115 0.061525
-0.040000 0.066383 -0.116440 0.061525
-0.040000 0.066383 -0.114764 0.061525
-0.040000 0.066383 -0.113089 0.061525
-0.040000 0.066383 -0.111414 0.061525
-0.040000 0.066383 -0.109738 0.061525
-0.040000 0.066383 -0.108063 0.061525
-0.040000 0.066383 -0.106387 0.061525
-0.040000 0.066383 -0.104712 0.061525
-0.040000 0.066383 -0.103037 0.061525
-0.040000 0.066383 -0.101361 0.061525
-0.040000 0.066383 -0.099686 0.061525
-0.040000 0.066383 -0.098010 0.061525
-0.040000 0.066383 -0.096335 0.061525
-0.040000 0.066383 -0.094660 0.061525
-0.040000 0.066383 -0.092984 0.061525
-0.040000 0.066383 -0.091309 0.061525
-0.040000 0.066383 -0.089634 0.061525
-0.040000 0.066383 -0.087958 0.061525
-0.040000 0.066383 -0.086283 0.061525
-0.040000 0.066383 -0.084607 0.061525
-0.040000 0.066383 -0.082932 0.061525
-0.040000 0.066383 -0.081257 0.061525
-0.040000 0.066383 -0.079581 0.061525
-0.040000 0.066383 -0.077906 0.061525
-0.040000 0.066383 -0.076230 0.061525
-0.040000 0.066383 -0.074555 0.061525
-0.040000 0.066383 -0.072880 0.061525
-0.040000 0.066383 -0.071204 0.061525
-0.040000 0.066383 -0.069529 0.061525
-0.040000 0.066383 -0.067853 0.061525
-0.040000 0.066383 -0.066178 0.061525
-0.040000 0.066383 -0.064503 0.061525
-0.040000 0.066383 -0.062827 0.061525
-0.040000 0.066383 -0.061152 0.061525
-0.040000 0.066383 -0.059476 0.061525
-0.040000 0.066383 -0.057801 0.061525
-0.040000 0.066383 -0.056126 0.061525
-0.040000 0.066383 -0.054450 0.061525
-0.040000 0.066383 -0.052775 0.061525
-0.040000 0.066383 -0.051099 0.061525
-0.040000 0.066383 -0.049424 0.061525
-0.040000 0.066383 -0.047749 0.061525
-0.040000 0.066383 -0.046073 0.061525
-0.040000 0.066383 -0.044398 0.061525
-0.040000 0.066383 -0.042723 0.061525
-0.040000 0.066383 -0.041047 0.061525
-0.040000 0.066383 -0.039372 0.061525
-0.040000 0.066383 -0.037696 0.061525
-0.040000 0.066383 -0.036021 0.061525
-0.040000 0.066383 -0.034346 0.061525
-0.040000 0.066383 -0.032670 0.061525
-0.040000 0.066383 -0.030995 0.061525
-0.040000 0.066383 -0.029319 0.061525
-0.040000 0.066383 -0.027644 0.061525
-0.040000 0.066383 -0.025969 0.061525
-0.040000 0.066383 -0.024293 0.061525
-0.040000 0.066383 -0.022618 0.061525
-0.040000 0.066383 -0.020942 0.061525
-0.040000 0.066383 -0.019267 0.061525
-0.040000 0.066383 -0.017592 0.061525
-0.040000 0.066383 -0.015916 0.061525
-0.040000 0.066383 -0.014241 0.061525
-0.040000 0.066383 -0.012565 0.061525
-0.040000 0.066383 -0.010890 0.061525
-0.040000 0.066383 -0.009215 0.061525
-0.040000 0.066383 -0.007539 0.061525
-0.040000 0.066383 -0.005864 0.061525
-0.040000 0.066383 -0.004188 0.061525
-0.040000 0.066383 -0.002513 0.061525
-0.040000 0.066383 -0.000838 0.061525
-0.040000 0.066383 0.000838 0.061525
-0.040000 0.066383 0.002513 0.061525
-0.040000 0.066383 0.004188 0.061525
-0.040000 0.066383 0.005864 0.061525
-0.040000 0.066383 0.007539 0.061525
-0.040000 0.066383 0.009215 0.061525
-0.040000 0.066383 0.010890 0.061525
-0.040000 0.066383 0.012565 0.061525
-0.040000 0.066383 0.014241 0.061525
-0.040000 0.066383 0.015916 0.061525
-0.040000 0.066383 0.017592 0.061525
-0.040000 0.066383 0.019267 0.061525
-0.040000 0.066383 0.020942 0.061525
-0.040000 0.066383 0.022618 0.061525
-0.040000 0.066383 0.024293 0.061525
-0.040000 0.066383 0.025969 0.061525
-0.040000 0.066383 0.027644 0.061525
-0.040000 0.066383 0.029319 0.061525
-0.040000 0.066383 0.030995 0.061525
-0.040000 0.066383 0.032670 0.061525
-0.040000 0.066383 0.034346 0.061525
-0.040000 0.066383 0.036021 0.061525
-0.040000 0.066383 0.037696 0.061525
-0.040000 0.066383 0.039372 0.061525
-0.040000 0.066383 0.041047 0.061525
-0.040000 0.066383 0.042723 0.061525
-0.040000 0.066383 0.044398 0.061525
-0.040000 0.066383 0.046073 0.061525
-0.040000 0.066383 0.047749 0.061525
-0.040000 0.066383 0.049424 0.061525
-0.040000 0.066383 0.051099 0.061525
-0.040000 0.066383 0.052775 0.061525
-0.040000 0.066383 0.054450 0.061525
-0.040000 0.066383 0.056126 0.061525
-0.040000 0.066383 0.057801 0.061525
-0.040000 0.066383 0.059476 0.061525
-0.040000 0.066383 0.061152 0.061525
-0.040000 0.066383 0.062827 0.061525
-0.040000 0.066383 0.064503 0.061525
-0.040000 0.066383 0.066178 0.061525
-0.040000 0.066383 0.067853 0.061525
-0.040000 0.066383 0.069529 0.061525
-0.040000 0.066383 0.071204 0.061525
-0.040000 0.066383 0.072880 0.061525
-0.040000 0.066383 0.074555 0.061525
-0.040000 0.066383 0.076230 0.061525
-0.040000 0.066383 0.077906 0.061525
-0.040000 0.066383 0.079581 0.061525
-0.040000 0.066383 0.081257 0.061525
-0.040000 0.066383 0.082932 0.061525
-0.040000 0.066383 0.084607 0.061525
-0.040000 0.066383 0.086283 0.061525
-0.040000 0.066383 0.087958 0.061525
-0.040000 0.066383 0.089634 0.061525
-0.040000 0.066383 0.091309 0.061525
-0.040000 0.066383 0.092984 0.061525
-0.040000 0.066383 0.094660 0.061525
-0.040000 0.066383 0.096335 0.061525
-0.040000 0.066383 0.098010 0.061525
-0.040000 0.066383 0.099686 0.061525
-0.040000 0.066383 0.101361 0.061525
-0.040000 0.066383 0.103037 0.061525
-0.040000 0.066383 0.104712 0.061525
-0.040000 0.066383 0.106387 0.061525
-0.040000 0.066383 0.108063 0.061525
-0.040000 0.066383 0.109738 0.061525
-0.040000 0.066383 0.111414 0.061525
-0.040000 0.066383 0.113089 0.061525
-0.040000 0.066383 0.114764 0.061525
-0.040000 0.066383 0.116440 0.061525
-0.040000 0.066383 0.118115 0.061525
-0.040000 0.066383 0.119791 0.061525
-0.040000 0.066383 0.121466 0.061525
-0.040000 0.066383 0.123141 0.061525
-0.040000 0.066383 0.124817 0.061525
-0.040000 0.066383 0.126492 0.061525
-0.040000 0.066383 0.128168 0.061525
-0.040000 0.066383 0.129843 0.061525
-0.040000 0.066383 0.131518 0.061525
-0.040000 0.066383 0.133194 0.061525
-0.040000 0.066383 0.134869 0.061525
-0.040000 0.066383 0.136545 0.061525
-0.040000 0.066383 0.138220 0.061525
-0.040000 0.066383 0.139895 0.061525
-0.040000 0.066383 0.141571 0.061525
-0.040000 0.066383 0.143246 0.061525
-0.040000 0.066383 0.144921 0.061525
-0.040000 0.066383 0.146597 0.061525
-0.040000 0.066383 0.148272 0.061525
-0.040000 0.066383 0.149948 0.061525
-0.040000 0.066383 0.151623 0.061525
-0.040000 0.066383 0.153298 0.061525
-0.040000 0.066383 0.154974 0.061525
-0.040000 0.066383 0.156649 0.061525
-0.040000 0.066383 0.158325 0.061525
-0.040000 0.066383 0.160000 0.061525
-0.040000 0.068085 -0.160000 0.097465
-0.040000 0.068085 -0.158325 0.097465
-0.040000 0.068085 -0.156649 0.097465
-0.040000 0.068085 -0.154974 0.097465
-0.040000 0.068085 -0.153298 0.097465
-0.040000 0.068085 -0.151623 0.097465
-0.040000 0.068085 -0.149948 0.097465
-0.040000 0.068085 -0.148272 0.097465
-0.040000 0.068085 -0.146597 0.097465
-0.040000 0.068085 -0.144921 0.097465
-0.040000 0.068085 -0.143246 0.097465
-0.040000 0.068085 -0.141571 0.097465
-0.040000 0.068085 -0.139895 0.097465
-0.040000 0.068085 -0.138220 0.097465
-0.040000 0.068085 -0.136545 0.097465
-0.040000 0.068085 -0.134869 0.097465
-0.040000 0.068085 -0.133194 0.097465
-0.040000 0.068085 -0.131518 0.097465
-0.040000 0.068085 -0.129843 0.097465
-0.040000 0.068085 -0.128168 0.097465
-0.040000 0.068085 -0.126492 0.097465
-0.040000 0.068085 -0.124817 0.097465
-0.040000 0.068085 -0.123141 0.097465
-0.040000 0.068085 -0.121466 0.097465
-0.040000 0.068085 -0.119791 0.097465
-0.040000 0.068085 -0.118115 0.097465
-0.040000 0.068085 -0.116440 0.097465
-0.040000 0.068085 -0.114764 0.097465
-0.040000 0.068085 -0.113089 0.097465
-0.040000 0.068085 -0.111414 0.097465
-0.040000 0.068085 -0.109738 0.097465
-0.040000 0.068085 -0.108063 0.097465
-0.040000 0.068085 -0.106387 0.097465
-0.040000 0.068085 -0.104712 0.097465
-0.040000 0.068085 -0.103037 0.097465
-0.040000 0.068085 -0.101361 0.097465
-0.040000 0.068085 -0.099686 0.097465
-0.040000 0.068085 -0.098010 0.097465
-0.040000 0.068085 -0.096335 0.097465
-0.040000 0.068085 -0.094660 0.097465
-0.040000 0.068085 -0.092984 0.097465
-0.040000 0.068085 -0.091309 0.097465
-0.040000 0.068085 -0.089634 0.097465
-0.040000 0.068085 -0.087958 0.097465
-0.040000 0.068085 -0.086283 0.097465
-0.040000 0.068085 -0.084607 0.097465
-0.040000 0.068085 -0.082932 0.097465
-0.040000 0.068085 -0.081257 0.097465
-0.040000 0.068085 -0.079581 0.097465
-0.040000 0.068085 -0.077906 0.097465
-0.040000 0.068085 -0.076230 0.097465
-0.040000 0.068085 -0.074555 0.097465
-0.040000 0.068085 -0.072880 0.097465
-0.040000 0.068085 -0.071204 0.097465
-0.040000 0.068085 -0.069529 0.097465
-0.040000 0.068085 -0.067853 0.097465
-0.040000 0.068085 -0.066178 0.097465
-0.040000 0.068085 -0.064503 0.097465
-0.040000 0.068085 -0.062827 0.097465
-0.040000 0.068085 -0.061152 0.097465
-0.040000 0.068085 -0.059476 0.097465
-0.040000 0.068085 -0.057801 0.097465
-0.040000 0.068085 -0.056126 0.097465
-0.040000 0.068085 -0.054450 0.097465
-0.040000 0.068085 -0.052775 0.097465
-0.040000 0.068085 -0.051099 0.097465
-0.040000 0.068085 -0.049424 0.097465
-0.040000 0.068085 -0.047749 0.097465
-0.040000 0.068085 -0.046073 0.097465
-0.040000 0.068085 -0.044398 0.097465
-0.040000 0.068085 -0.042723 0.097465
-0.040000 0.068085 -0.041047 0.097465
-0.040000 0.068085 -0.039372 0.097465
-0.040000 0.068085 -0.037696 0.097465
-0.040000 0.068085 -0.036021 0.097465
-0.040000 0.068085 -0.034346 0.097465
-0.040000 0.068085 -0.032670 0.097465
-0.040000 0.068085 -0.030995 0.097465
-0.040000 0.068085 -0.029319 0.097465
-0.040000 0.068085 -0.027644 0.097465
-0.040000 0.068085 -0.025969 0.097465
-0.040000 0.068085 -0.024293 0.097465
-0.040000 0.068085 -0.022618 0.097465
-0.040000 0.068085 -0.020942 0.097465
-0.040000 0.068085 -0.019267 0.097465
-0.040000 0.068085 -0.017592 0.097465
-0.040000 0.068085 -0.015916 0.097465
-0.040000 0.068085 -0.014241 0.097465
-0.040000 0.068085 -0.012565 0.097465
-0.040000 0.068085 -0.010890 0.097465
-0.040000 0.068085 -0.009215 0.097465
-0.040000 0.068085 -0.007539 0.097465
-0.040000 0.068085 -0.005864 0.097465
-0.040000 0.068085 -0.004188 0.097465
-0.040000 0.068085 -0.002513 0.097465
-0.040000 0.068085 -0.000838 0.097465
-0.040000 0.068085 0.000838 0.097465
-0.040000 0.068085 0.002513 0.097465
-0.040000 0.068085 0.004188 0.097465
-0.040000 0.068085 0.005864 0.097465
-0.040000 0.068085 0.007539 0.097465
-0.040000 0.068085 0.009215 0.097465
-0.040000 0.068085 0.010890 0.097465
-0.040000 0.068085 0.012565 0.097465
-0.040000 0.068085 0.014241 0.097465
-0.040000 0.068085 0.015916 0.097465
-0.040000 0.068085 0.017592 0.097465
-0.040000 0.068085 0.019267 0.097465
-0.040000 0.068085 0.020942 0.097465
-0.040000 0.068085 0.022618 0.097465
-0.040000 0.068085 0.024293 0.097465
-0.040000 0.068085 0.025969 0.097465
-0.040000 0.068085 0.027644 0.097465
-0.040000 0.068085 0.029319 0.097465
-0.040000 0.068085 0.030995 0.097465
-0.040000 0.068085 0.032670 0.097465
-0.040000 0.068085 0.034346 0.097465
-0.040000 0.068085 0.036021 0.097465
-0.040000 0.068085 0.037696 0.097465
-0.040000 0.068085 0.039372 0.097465
-0.040000 0.068085 0.041047 0.097465
-0.040000 0.068085 0.042723 0.097465
-0.040000 0.068085 0.044398 0.097465
-0.040000 0.068085 0.046073 0.097465
-0.040000 0.068085 0.047749 0.097465
-0.040000 0.068085 0.049424 0.097465
-0.040000 0.068085 0.051099 0.097465
-0.040000 0.068085 0.052775 0.097465
-0.040000 0.068085 0.054450 0.097465
-0.040000 0.068085 0.056126 0.097465
-0.040000 0.068085 0.057801 0.097465
-0.040000 0.068085 0.059476 0.097465
-0.040000 0.068085 0.061152 0.097465
-0.040000 0.068085 0.062827 0.097465
-0.040000 0.068085 0.064503 0.097465
-0.040000 0.068085 0.066178 0.097465
-0.040000 0.068085 0.067853 0.097465
-0.040000 0.068085 0.069529 0.097465
-0.040000 0.068085 0.071204 0.097465
-0.040000 0.068085 0.072880 0.097465
-0.040000 0.068085 0.074555 0.097465
-0.040000 0.068085 0.076230 0.097465
-0.040000 0.068085 0.077906 0.097465
-0.040000 0.068085 0.079581 0.097465
-0.040000 0.068085 0.081257 0.097465
-0.040000 0.068085 0.082932 0.097465
-0.040000 0.068085 0.084607 0.097465
-0.040000 0.068085 0.086283 0.097465
-0.040000 0.068085 0.087958 0.097465
-0.040000 0.068085 0.089634 0.097465
-0.040000 0.068085 0.091309 0.097465
-0.040000 0.068085 0.092984 0.097465
-0.040000 0.068085 0.094660 0.097465
-0.040000 0.068085 0.096335 0.097465
-0.040000 0.068085 0.098010 0.097465
-0.040000 0.068085 0.099686 0.097465
-0.040000 0.068085 0.101361 0.097465
-0.040000 0.068085 0.103037 0.097465
-0.040000 0.068085 0.104712 0.097465
-0.040000 0.068085 0.106387 0.097465
-0.040000 0.068085 0.108063 0.097465
-0.040000 0.068085 0.109738 0.097465
-0.040000 0.068085 0.111414 0.097465
-0.040000 0.068085 0.113089 0.097465
-0.040000 0.068085 0.114764 0.097465
-0.040000 0.068085 0.116440 0.097465
-0.040000 0.068085 0.118115 0.097465
-0.040000 0.068085 0.119791 0.097465
-0.040000 0.068085 0.121466 0.097465
-0.040000 0.068085 0.123141 0.097465
-0.040000 0.068085 0.124817 0.097465
-0.040000 0.068085 0.126492 0.097465
-0.040000 0.068085 0.128168 0.097465
-0.040000 0.068085 0.129843 0.097465
-0.040000 0.068085 0.131518 0.097465
-0.040000 0.068085 0.133194 0.097465
-0.040000 0.068085 0.134869 0.097465
-0.040000 0.068085 0.136545 0.097465
-0.040000 0.068085 0.138220 0.097465
-0.040000 0.068085 0.139895 0.097465
-0.040000 0.068085 0.141571 0.097465
-0.040000 0.068085 0.143246 0.097465
-0.040000 0.068085 0.144921 0.097465
-0.040000 0.068085 0.146597 0.097465
-0.040000 0.068085 0.148272 0.097465
-0.040000 0.068085 0.149948 0.097465
-0.040000 0.068085 0.151623 0.097465
-0.040000 0.068085 0.153298 0.097465
-0.040000 0.068085 0.154974 0.097465
-0.040000 0.068085 0.156649 0.097465
-0.040000 0.068085 0.158325 0.097465
-0.040000 0.068085 0.160000 0.097465
-0.040000 0.069787 -0.160000 0.140588
-0.040000 0.069787 -0.158325 0.140588
-0.040000 0.069787 -0.156649 0.140588
-0.040000 0.069787 -0.154974 0.140588
-0.040000 0.069787 -0.153298 0.140588
-0.040000 0.069787 -0.151623 0.140588
-0.040000 0.069787 -0.149948 0.140588
-0.040000 0.069787 -0.148272 0.140588
-0.040000 0.069787 -0.146597 0.140588
-0.040000 0.069787 -0.144921 0.140588
-0.040000 0.069787 -0.143246 0.140588
-0.040000 0.069787 -0.141571 0.140588
-0.040000 0.069787 -0.139895 0.140588
-0.040000 0.069787 -0.138220 0.140588
-0.040000 0.069787 -0.136545 0.140588
-0.040000 0.069787 -0.134869 0.140588
-0.040000 0.069787 -0.133194 0.140588
-0.040000 0.069787 -0.131518 0.140588
-0.040000 0.069787 -0.129843 0.140588
-0.040000 0.069787 -0.128168 0.140588
-0.040000 0.069787 -0.126492 0.140588
-0.040000 0.069787 -0.124817 0.140588
-0.040000 0.069787 -0.123141 0.140588
-0.040000 0.069787 -0.121466 0.140588
-0.040000 0.069787 -0.119791 0.140588
-0.040000 0.069787 -0.118115 0.140588
-0.040000 0.069787 -0.116440 0.140588
-0.040000 0.069787 -0.114764 0.140588
-0.040000 0.069787 -0.113089 0.140588
-0.040000 0.069787 -0.111414 0.140588
-0.040000 0.069787 -0.109738 0.140588
-0.040000 0.069787 -0.108063 0.140588
-0.040000 0.069787 -0.106387 0.140588
-0.040000 0.069787 -0.104712 0.140588
-0.040000 0.069787 -0.103037 0.140588
-0.040000 0.069787 -0.101361 0.140588
-0.040000 0.069787 -0.099686 0.140588
-0.040000 0.069787 -0.098010 0.140588
-0.040000 0.069787 -0.096335 0.140588
-0.040000 0.069787 -0.094660 0.140588
-0.040000 0.069787 -0.092984 0.140588
-0.040000 0.069787 -0.091309 0.140588
-0.040000 0.069787 -0.089634 0.140588
-0.040000 0.069787 -0.087958 0.140588
-0.040000 0.069787 -0.086283 0.140588
-0.040000 0.069787 -0.084607 0.140588
-0.040000 0.069787 -0.082932 0.140588
-0.040000 0.069787 -0.081257 0.140588
-0.040000 0.069787 -0.079581 0.140588
-0.040000 0.069787 -0.077906 0.140588
-0.040000 0.069787 -0.076230 0.140588
-0.040000 0.069787 -0.074555 0.140588
-0.040000 0.069787 -0.072880 0.140588
-0.040000 0.069787 -0.071204 0.140588
-0.040000 0.069787 -0.069529 0.140588
-0.040000 0.069787 -0.067853 0.140588
-0.040000 0.069787 -0.066178 0.140588
-0.040000 0.069787 -0.064503 0.140588
-0.040000 0.069787 -0.062827 0.140588
-0.040000 0.069787 -0.061152 0.140588
-0.040000 0.069787 -0.059476 0.140588
-0.040000 0.069787 -0.057801 0.140588
-0.040000 0.069787 -0.056126 0.140588
-0.040000 0.069787 -0.054450 0.140588
-0.040000 0.069787 -0.052775 0.140588
-0.040000 0.069787 -0.051099 0.140588
-0.040000 0.069787 -0.049424 0.140588
-0.040000 0.069787 -0.047749 0.140588
-0.040000 0.069787 -0.046073 0.140588
-0.040000 0.069787 -0.044398 0.140588
-0.040000 0.069787 -0.042723 0.140588
-0.040000 0.069787 -0.041047 0.140588
-0.040000 0.069787 -0.039372 0.140588
-0.040000 0.069787 -0.037696 0.140588
-0.040000 0.069787 -0.036021 0.140588
-0.040000 0.069787 -0.034346 0.140588
-0.040000 0.069787 -0.032670 0.140588
-0.040000 0.069787 -0.030995 0.140588
-0.040000 0.069787 -0.029319 0.140588
-0.040000 0.069787 -0.027644 0.140588
-0.040000 0.069787 -0.025969 0.140588
-0.040000 0.069787 -0.024293 0.140588
-0.040000 0.069787 -0.022618 0.140588
-0.040000 0.069787 -0.020942 0.140588
-0.040000 0.069787 -0.019267 0.140588
-0.040000 0.069787 -0.017592 0.140588
-0.040000 0.069787 -0.015916 0.140588
-0.040000 0.069787 -0.014241 0.140588
-0.040000 0.069787 -0.012565 0.140588
-0.040000 0.069787 -0.010890 0.140588
-0.040000 0.069787 -0.009215 0.140588
-0.040000 0.069787 -0.007539 0.140588
-0.040000 0.069787 -0.005864 0.140588
-0.040000 0.069787 -0.004188 0.140588
-0.040000 0.069787 -0.002513 0.140588
-0.040000 0.069787 -0.000838 0.140588
-0.040000 0.069787 0.000838 0.140588
-0.040000 0.069787 0.002513 0.140588
-0.040000 0.069787 0.004188 0.140588
-0.040000 0.069787 0.005864 0.140588
-0.040000 0.069787 0.007539 0.140588
-0.040000 0.069787 0.009215 0.140588
-0.040000 0.069787 0.010890 0.140588
-0.040000 0.069787 0.012565 0.140588
-0.040000 0.069787 0.014241 0.140588
-0.040000 0.069787 0.015916 0.140588
-0.040000 0.069787 0.017592 0.140588
-0.040000 0.069787 0.019267 0.140588
-0.040000 0.069787 0.020942 0.140588
-0.040000 0.069787 0.022618 0.140588
-0.040000 0.069787 0.024293 0.140588
-0.040000 0.069787 0.025969 0.140588
-0.040000 0.069787 0.027644 0.140588
-0.040000 0.069787 0.029319 0.140588
-0.040000 0.069787 0.030995 0.140588
-0.040000 0.069787 0.032670 0.140588
-0.040000 0.069787 0.034346 0.140588
-0.040000 0.069787 0.036021 0.140588
-0.040000 0.069787 0.037696 0.140588
-0.040000 0.069787 0.039372 0.140588
-0.040000 0.069787 0.041047 0.140588
-0.040000 0.069787 0.042723 0.140588
-0.040000 0.069787 0.044398 0.140588
-0.040000 0.069787 0.046073 0.140588
-0.040000 0.069787 0.047749 0.140588
-0.040000 0.069787 0.049424 0.140588
-0.040000 0.069787 0.051099 0.140588
-0.040000 0.069787 0.052775 0.140588
-0.040000 0.069787 0.054450 0.140588
-0.040000 0.069787 0.056126 0.140588
-0.040000 0.069787 0.057801 0.140588
-0.040000 0.069787 0.059476 0.140588
-0.040000 0.069787 0.061152 0.140588
-0.040000 0.069787 0.062827 0.140588
-0.040000 0.069787 0.064503 0.140588
-0.040000 0.069787 0.066178 0.140588
-0.040000 0.069787 0.067853 0.140588
-0.040000 0.069787 0.069529 0.140588
-0.040000 0.069787 0.071204 0.140588
-0.040000 0.069787 0.072880 0.140588
-0.040000 0.069787 0.074555 0.140588
-0.040000 0.069787 0.076230 0.140588
-0.040000 0.069787 0.077906 0.140588
-0.040000 0.069787 0.079581 0.140588
-0.040000 0.069787 0.081257 0.140588
-0.040000 0.069787 0.082932 0.140588
-0.040000 0.069787 0.084607 0.140588
-0.040000 0.069787 0.086283 0.140588
-0.040000 0.069787 0.087958 0.140588
-0.040000 0.069787 0.089634 0.140588
-0.040000 0.069787 0.091309 0.140588
-0.040000 0.069787 0.092984 0.140588
-0.040000 0.069787 0.094660 0.140588
-0.040000 0.069787 0.096335 0.140588
-0.040000 0.069787 0.098010 0.140588
-0.040000 0.069787 0.099686 0.140588
-0.040000 0.069787 0.101361 0.140588
-0.040000 0.069787 0.103037 0.140588
-0.040000 0.069787 0.104712 0.140588
-0.040000 0.069787 0.106387 0.140588
-0.040000 0.069787 0.108063 0.140588
-0.040000 0.069787 0.109738 0.140588
-0.040000 0.069787 0.111414 0.140588
-0.040000 0.069787 0.113089 0.140588
-0.040000 0.069787 0.114764 0.140588
-0.040000 0.069787 0.116440 0.140588
-0.040000 0.069787 0.118115 0.140588
-0.040000 0.069787 0.119791 0.140588
-0.040000 0.069787 0.121466 0.140588
-0.040000 0.069787 0.123141 0.140588
-0.040000 0.069787 0.124817 0.140588
-0.040000 0.069787 0.126492 0.140588
-0.040000 0.069787 0.128168 0.140588
-0.040000 0.069787 0.129843 0.140588
-0.040000 0.069787 0.131518 0.140588
-0.040000 0.069787 0.133194 0.140588
-0.040000 0.069787 0.134869 0.140588
-0.040000 0.069787 0.136545 0.140588
-0.040000 0.069787 0.138220 0.140588
-0.040000 0.069787 0.139895 0.140588
-0.040000 0.069787 0.141571 0.140588
-0.040000 0.069787 0.143246 0.140588
-0.040000 0.069787 0.144921 0.140588
-0.040000 0.069787 0.146597 0.140588
-0.040000 0.069787 0.148272 0.140588
-0.040000 0.069787 0.149948 0.140588
-0.040000 0.069787 0.151623 0.140588
-0.040000 0.069787 0.153298 0.140588
-0.040000 0.069787 0.154974 0.140588
-0.040000 0.069787 0.156649 0.140588
-0.040000 0.069787 0.158325 0.140588
-0.040000 0.069787 0.160000 0.140588
-0.040000 0.071489 -0.160000 0.190125
-0.040000 0.071489 -0.158325 0.190125
-0.040000 0.071489 -0.156649 0.190125
-0.040000 0.071489 -0.154974 0.190125
-0.040000 0.071489 -0.153298 0.190125
-0.040000 0.071489 -0.151623 0.190125
-0.040000 0.071489 -0.149948 0.190125
-0.040000 0.071489 -0.148272 0.190125
-0.040000 0.071489 -0.146597 0.190125
-0.040000 0.071489 -0.144921 0.190125
-0.040000 0.071489 -0.143246 0.190125
-0.040000 0.071489 -0.141571 0.190125
-0.040000 0.071489 -0.139895 0.190125
-0.040000 0.071489 -0.138220 0.190125
-0.040000 0.071489 -0.136545 0.190125
-0.040000 0.071489 -0.134869 0.190125
-0.040000 0.071489 -0.133194 0.190125
-0.040000 0.071489 -0.131518 0.190125
-0.040000 0.071489 -0.129843 0.190125
-0.040000 0.071489 -0.128168 0.190125
-0.040000 0.071489 -0.126492 0.190125
-0.040000 0.071489 -0.124817 0.190125
-0.040000 0.071489 -0.123141 0.190125
-0.040000 0.071489 -0.121466 0.190125
-0.040000 0.071489 -0.119791 0.190125
-0.040000 0.071489 -0.118115 0.190125
-0.040000 0.071489 -0.116440 0.190125
-0.040000 0.071489 -0.114764 0.190125
-0.040000 0.071489 -0.113089 0.190125
-0.040000 0.071489 -0.111414 0.190125
-0.040000 0.071489 -0.109738 0.190125
-0.040000 0.071489 -0.108063 0.190125
-0.040000 0.071489 -0.106387 0.190125
-0.040000 0.071489 -0.104712 0.190125
-0.040000 0.071489 -0.103037 0.190125
-0.040000 0.071489 -0.101361 0.190125
-0.040000 0.071489 -0.099686 0.190125
-0.040000 0.071489 -0.098010 0.190125
-0.040000 0.071489 -0.096335 0.190125
-0.040000 0.071489 -0.094660 0.190125
-0.040000 0.071489 -0.092984 0.190125
-0.040000 0.071489 -0.091309 0.190125
-0.040000 0.071489 -0.089634 0.190125
-0.040000 0.071489 -0.087958 0.190125
-0.040000 0.071489 -0.086283 0.190125
-0.040000 0.071489 -0.084607 0.190125
-0.040000 0.071489 -0.082932 0.190125
-0.040000 0.071489 -0.081257 0.190125
-0.040000 0.071489 -0.079581 0.190125
-0.040000 0.071489 -0.077906 0.190125
-0.040000 0.071489 -0.076230 0.190125
-0.040000 0.071489 -0.074555 0.190125
-0.040000 0.071489 -0.072880 0.190125
-0.040000 0.071489 -0.071204 0.190125
-0.040000 0.071489 -0.069529 0.190125
-0.040000 0.071489 -0.067853 0.190125
-0.040000 0.071489 -0.066178 0.190125
-0.040000 0.071489 -0.064503 0.190125
-0.040000 0.071489 -0.062827 0.190125
-0.040000 0.071489 -0.061152 0.190125
-0.040000 0.071489 -0.059476 0.190125
-0.040000 0.071489 -0.057801 0.190125
-0.040000 0.071489 -0.056126 0.190125
-0.040000 0.071489 -0.054450 0.190125
-0.040000 0.071489 -0.052775 0.190125
-0.040000 0.071489 -0.051099 0.190125
-0.040000 0.071489 -0.049424 0.190125
-0.040000 0.071489 -0.047749 0.190125
-0.040000 0.071489 -0.046073 0.190125
-0.040000 0.071489 -0.044398 0.190125
-0.040000 0.071489 -0.042723 0.190125
-0.040000 0.071489 -0.041047 0.190125
-0.040000 0.071489 -0.039372 0.190125
-0.040000 0.071489 -0.037696 0.190125
-0.040000 0.071489 -0.036021 0.190125
-0.040000 0.071489 -0.034346 0.190125
-0.040000 0.071489 -0.032670 0.190125
-0.040000 0.071489 -0.030995 0.190125
-0.040000 0.071489 -0.029319 0.190125
-0.040000 0.071489 -0.027644 0.190125
-0.040000 0.071489 -0.025969 0.190125
-0.040000 0.071489 -0.024293 0.190125
-0.040000 0.071489 -0.022618 0.190125
-0.040000 0.071489 -0.020942 0.190125
-0.040000 0.071489 -0.019267 0.190125
-0.040000 0.071489 -0.017592 0.190125
-0.040000 0.071489 -0.015916 0.190125
-0.040000 0.071489 -0.014241 0.190125
-0.040000 0.071489 -0.012565 0.190125
-0.040000 0.071489 -0.010890 0.190125
-0.040000 0.071489 -0.009215 0.190125
-0.040000 0.071489 -0.007539 0.190125
-0.040000 0.071489 -0.005864 0.190125
-0.040000 0.071489 -0.004188 0.190125
-0.040000 0.071489 -0.002513 0.190125
-0.040000 0.071489 -0.000838 0.190125
-0.040000 0.071489 0.000838 0.190125
-0.040000 0.071489 0.002513 0.190125
-0.040000 0.071489 0.004188 0.190125
-0.040000 0.071489 0.005864 0.190125
-0.040000 0.071489 0.007539 0.190125
-0.040000 0.071489 0.009215 0.190125
-0.040000 0.071489 0.010890 0.190125
-0.040000 0.071489 0.012565 0.190125
-0.040000 0.071489 0.014241 0.190125
-0.040000 0.071489 0.015916 0.190125
-0.040000 0.071489 0.017592 0.190125
-0.040000 0.071489 0.019267 0.190125
-0.040000 0.071489 0.020942 0.190125
-0.040000 0.071489 0.022618 0.190125
-0.040000 0.071489 0.024293 0.190125
-0.040000 0.071489 0.025969 0.190125
-0.040000 0.071489 0.027644 0.190125
-0.040000 0.071489 0.029319 0.190125
-0.040000 0.071489 0.030995 0.190125
-0.040000 0.071489 0.032670 0.190125
-0.040000 0.071489 0.034346 0.190125
-0.040000 0.071489 0.036021 0.190125
-0.040000 0.071489 0.037696 0.190125
-0.040000 0.071489 0.039372 0.190125
-0.040000 0.071489 0.041047 0.190125
-0.040000 0.071489 0.042723 0.190125
-0.040000 0.071489 0.044398 0.190125
-0.040000 0.071489 0.046073 0.190125
-0.040000 0.071489 0.047749 0.190125
-0.040000 0.071489 0.049424 0.190125
-0.040000 0.071489 0.051099 0.190125
-0.040000 0.071489 0.052775 0.190125
-0.040000 0.071489 0.054450 0.190125
-0.040000 0.071489 0.056126 0.190125
-0.040000 0.071489 0.057801 0.190125
-0.040000 0.071489 0.059476 0.190125
-0.040000 0.071489 0.061152 0.190125
-0.040000 0.071489 0.062827 0.190125
-0.040000 0.071489 0.064503 0.190125
-0.040000 0.071489 0.066178 0.190125
-0.040000 0.071489 0.067853 0.190125
-0.040000 0.071489 0.069529 0.190125
-0.040000 0.071489 0.071204 0.190125
-0.040000 0.071489 0.072880 0.190125
-0.040000 0.071489 0.074555 0.190125
-0.040000 0.071489 0.076230 0.190125
-0.040000 0.071489 0.077906 0.190125
-0.040000 0.071489 0.079581 0.190125
-0.040000 0.071489 0.081257 0.190125
-0.040000 0.071489 0.082932 0.190125
-0.040000 0.071489 0.084607 0.190125
-0.040000 0.071489 0.086283 0.190125
-0.040000 0.071489 0.087958 0.190125
-0.040000 0.071489 0.089634 0.190125
-0.040000 0.071489 0.091309 0.190125
-0.040000 0.071489 0.092984 0.190125
-0.040000 0.071489 0.094660 0.190125
-0.040000 0.071489 0.096335 0.190125
-0.040000 0.071489 0.098010 0.190125
-0.040000 0.071489 0.099686 0.190125
-0.040000 0.071489 0.101361 0.190125
-0.040000 0.071489 0.103037 0.190125
-0.040000 0.071489 0.104712 0.190125
-0.040000 0.071489 0.106387 0.190125
-0.040000 0.071489 0.108063 0.190125
-0.040000 0.071489 0.109738 0.190125
-0.040000 0.071489 0.111414 0.190125
-0.040000 0.071489 0.113089 0.190125
-0.040000 0.071489 0.114764 0.190125
-0.040000 0.071489 0.116440 0.190125
-0.040000 0.071489 0.118115 0.190125
-0.040000 0.071489 0.119791 0.190125
-0.040000 0.071489 0.121466 0.190125
-0.040000 0.071489 0.123141 0.190125
-0.040000 0.071489 0.124817 0.190125
-0.040000 0.071489 0.126492 0.190125
-0.040000 0.071489 0.128168 0.190125
-0.040000 0.071489 0.129843 0.190125
-0.040000 0.071489 0.131518 0.190125
-0.040000 0.071489 0.133194 0.190125
-0.040000 0.071489 0.134869 0.190125
-0.040000 0.071489 0.136545 0.190125
-0.040000 0.071489 0.138220 0.190125
-0.040000 0.071489 0.139895 0.190125
-0.040000 0.071489 0.141571 0.190125
-0.040000 0.071489 0.143246 0.190125
-0.040000 0.071489 0.144921 0.190125
-0.040000 0.071489 0.146597 0.190125
-0.040000 0.071489 0.148272 0.190125
-0.040000 0.071489 0.149948 0.190125
-0.040000 0.071489 0.151623 0.190125
-0.040000 0.071489 0.153298 0.190125
-0.040000 0.071489 0.154974 0.190125
-0.040000 0.071489 0.156649 0.190125
-0.040000 0.071489 0.158325 0.190125
-0.040000 0.071489 0.160000 0.190125
-0.040000 0.073191 -0.160000 0.245192
-0.040000 0.073191 -0.158325 0.245192
-0.040000 0.073191 -0.156649 0.245192
-0.040000 0.073191 -0.154974 0.245192
-0.040000 0.073191 -0.153298 0.245192
-0.040000 0.073191 -0.151623 0.245192
-0.040000 0.073191 -0.149948 0.245192
-0.040000 0.073191 -0.148272 0.245192
-0.040000 0.073191 -0.146597 0.245192
-0.040000 0.073191 -0.144921 0.245192
-0.040000 0.073191 -0.143246 0.245192
-0.040000 0.073191 -0.141571 0.245192
-0.040000 0.073191 -0.139895 0.245192
-0.040000 0.073191 -0.138220 0.245192
-0.040000 0.073191 -0.136545 0.245192
-0.040000 0.073191 -0.134869 0.245192
-0.040000 0.073191 -0.133194 0.245192
-0.040000 0.073191 -0.131518 0.245192
-0.040000 0.073191 -0.129843 0.245192
-0.040000 0.073191 -0.128168 0.245192
-0.040000 0.073191 -0.126492 0.245192
-0.040000 0.073191 -0.124817 0.245192
-0.040000 0.073191 -0.123141 0.245192
-0.040000 0.073191 -0.121466 0.245192
-0.040000 0.073191 -0.119791 0.245192
-0.040000 0.073191 -0.118115 0.245192
-0.040000 0.073191 -0.116440 0.245192
-0.040000 0.073191 -0.114764 0.245192
-0.040000 0.073191 -0.113089 0.245192
-0.040000 0.073191 -0.111414 0.245192
-0.040000 0.073191 -0.109738 0.245192
-0.040000 0.073191 -0.108063 0.245192
-0.040000 0.073191 -0.106387 0.245192
-0.040000 0.073191 -0.104712 0.245192
-0.040000 0.073191 -0.103037 0.245192
-0.040000 0.073191 -0.101361 0.245192
-0.040000 0.073191 -0.099686 0.245192
-0.040000 0.073191 -0.098010 0.245192
-0.040000 0.073191 -0.096335 0.245192
-0.040000 0.073191 -0.094660 0.245192
-0.040000 0.073191 -0.092984 0.245192
-0.040000 0.073191 -0.091309 0.245192
-0.040000 0.073191 -0.089634 0.245192
-0.040000 0.073191 -0.087958 0.245192
-0.040000 0.073191 -0.086283 0.245192
-0.040000 0.073191 -0.084607 0.245192
-0.040000 0.073191 -0.082932 0.245192
-0.040000 0.073191 -0.081257 0.245192
-0.040000 0.073191 -0.079581 0.245192
-0.040000 0.073191 -0.077906 0.245192
-0.040000 0.073191 -0.076230 0.245192
-0.040000 0.073191 -0.074555 0.245192
-0.040000 0.073191 -0.072880 0.245192
-0.040000 0.073191 -0.071204 0.245192
-0.040000 0.073191 -0.069529 0.245192
-0.040000 0.073191 -0.067853 0.245192
-0.040000 0.073191 -0.066178 0.245192
-0.040000 0.073191 -0.064503 0.245192
-0.040000 0.073191 -0.062827 0.245192
-0.040000 0.073191 -0.061152 0.245192
-0.040000 0.073191 -0.059476 0.245192
-0.040000 0.073191 -0.057801 0.245192
-0.040000 0.073191 -0.056126 0.245192
-0.040000 0.073191 -0.054450 0.245192
-0.040000 0.073191 -0.052775 0.245192
-0.040000 0.073191 -0.051099 0.245192
-0.040000 0.073191 -0.049424 0.245192
-0.040000 0.073191 -0.047749 0.245192
-0.040000 0.073191 -0.046073 0.245192
-0.040000 0.073191 -0.044398 0.245192
-0.040000 0.073191 -0.042723 0.245192
-0.040000 0.073191 -0.041047 0.245192
-0.040000 0.073191 -0.039372 0.245192
-0.040000 0.073191 -0.037696 0.245192
-0.040000 0.073191 -0.036021 0.245192
-0.040000 0.073191 -0.034346 0.245192
-0.040000 0.073191 -0.032670 0.245192
-0.040000 0.073191 -0.030995 0.245192
-0.040000 0.073191 -0.029319 0.245192
-0.040000 0.073191 -0.027644 0.245192
-0.040000 0.073191 -0.025969 0.245192
-0.040000 0.073191 -0.024293 0.245192
-0.040000 0.073191 -0.022618 0.245192
-0.040000 0.073191 -0.020942 0.245192
-0.040000 0.073191 -0.019267 0.245192
-0.040000 0.073191 -0.017592 0.245192
-0.040000 0.073191 -0.015916 0.245192
-0.040000 0.073191 -0.014241 0.245192
-0.040000 0.073191 -0.012565 0.245192
-0.040000 0.073191 -0.010890 0.245192
-0.040000 0.073191 -0.009215 0.245192
-0.040000 0.073191 -0.007539 0.245192
-0.040000 0.073191 -0.005864 0.245192
-0.040000 0.073191 -0.004188 0.245192
-0.040000 0.073191 -0.002513 0.245192
-0.040000 0.073191 -0.000838 0.245192
-0.040000 0.073191 0.000838 0.245192
-0.040000 0.073191 0.002513 0.245192
-0.040000 0.073191 0.004188 0.245192
-0.040000 0.073191 0.005864 0.245192
-0.040000 0.073191 0.007539 0.245192
-0.040000 0.073191 0.009215 0.245192
-0.040000 0.073191 0.010890 0.245192
-0.040000 0.073191 0.012565 0.245192
-0.040000 0.073191 0.014241 0.245192
-0.040000 0.073191 0.015916 0.245192
-0.040000 0.073191 0.017592 0.245192
-0.040000 0.073191 0.019267 0.245192
-0.040000 0.073191 0.020942 0.245192
-0.040000 0.073191 0.022618 0.245192
-0.040000 0.073191 0.024293 0.245192
-0.040000 0.073191 0.025969 0.245192
-0.040000 0.073191 0.027644 0.245192
-0.040000 0.073191 0.029319 0.245192
-0.040000 0.073191 0.030995 0.245192
-0.040000 0.073191 0.032670 0.245192
-0.040000 0.073191 0.034346 0.245192
-0.040000 0.073191 0.036021 0.245192
-0.040000 0.073191 0.037696 0.245192
-0.040000 0.073191 0.039372 0.245192
-0.040000 0.073191 0.041047 0.245192
-0.040000 0.073191 0.042723 0.245192
-0.040000 0.073191 0.044398 0.245192
-0.040000 0.073191 0.046073 0.245192
-0.040000 0.073191 0.047749 0.245192
-0.040000 0.073191 0.049424 0.245192
-0.040000 0.073191 0.051099 0.245192
-0.040000 0.073191 0.052775 0.245192
-0.040000 0.073191 0.054450 0.245192
-0.040000 0.073191 0.056126 0.245192
-0.040000 0.073191 0.057801 0.245192
-0.040000 0.073191 0.059476 0.245192
-0.040000 0.073191 0.061152 0.245192
-0.040000 0.073191 0.062827 0.245192
-0.040000 0.073191 0.064503 0.245192
-0.040000 0.073191 0.066178 0.245192
-0.040000 0.073191 0.067853 0.245192
-0.040000 0.073191 0.069529 0.245192
-0.040000 0.073191 0.071204 0.245192
-0.040000 0.073191 0.072880 0.245192
-0.040000 0.073191 0.074555 0.245192
-0.040000 0.073191 0.076230 0.245192
-0.040000 0.073191 0.077906 0.245192
-0.040000 0.073191 0.079581 0.245192
-0.040000 0.073191 0.081257 0.245192
-0.040000 0.073191 0.082932 0.245192
-0.040000 0.073191 0.084607 0.245192
-0.040000 0.073191 0.086283 0.245192
-0.040000 0.073191 0.087958 0.245192
-0.040000 0.073191 0.089634 0.245192
-0.040000 0.073191 0.091309 0.245192
-0.040000 0.073191 0.092984 0.245192
-0.040000 0.073191 0.094660 0.245192
-0.040000 0.073191 0.096335 0.245192
-0.040000 0.073191 0.098010 0.245192
-0.040000 0.073191 0.099686 0.245192
-0.040000 0.073191 0.101361 0.245192
-0.040000 0.073191 0.103037 0.245192
-0.040000 0.073191 0.104712 0.245192
-0.040000 0.073191 0.106387 0.245192
-0.040000 0.073191 0.108063 0.245192
-0.040000 0.073191 0.109738 0.245192
-0.040000 0.073191 0.111414 0.245192
-0.040000 0.073191 0.113089 0.245192
-0.040000 0.073191 0.114764 0.245192
-0.040000 0.073191 0.116440 0.245192
-0.040000 0.073191 0.118115 0.245192
-0.040000 0.073191 0.119791 0.245192
-0.040000 0.073191 0.121466 0.245192
-0.040000 0.073191 0.123141 0.245192
-0.040000 0.073191 0.124817 0.245192
-0.040000 0.073191 0.126492 0.245192
-0.040000 0.073191 0.128168 0.245192
-0.040000 0.073191 0.129843 0.245192
-0.040000 0.073191 0.131518 0.245192
-0.040000 0.073191 0.133194 0.245192
-0.040000 0.073191 0.134869 0.245192
-0.040000 0.073191 0.136545 0.245192
-0.040000 0.073191 0.138220 0.245192
-0.040000 0.073191 0.139895 0.245192
-0.040000 0.073191 0.141571 0.245192
-0.040000 0.073191 0.143246 0.245192
-0.040000 0.073191 0.144921 0.245192
-0.040000 0.073191 0.146597 0.245192
-0.040000 0.073191 0.148272 0.245192
-0.040000 0.073191 0.149948 0.245192
-0.040000 0.073191 0.151623 0.245192
-0.040000 0.073191 0.153298 0.245192
-0.040000 0.073191 0.154974 0.245192
-0.040000 0.073191 0.156649 0.245192
-0.040000 0.073191 0.158325 0.245192
-0.040000 0.073191 0.160000 0.245192
-0.040000 0.074894 -0.160000 0.304805
-0.040000 0.074894 -0.158325 0.304805
-0.040000 0.074894 -0.156649 0.304805
-0.040000 0.074894 -0.154974 0.304805
-0.040000 0.074894 -0.153298 0.304805
-0.040000 0.074894 -0.151623 0.304805
-0.040000 0.074894 -0.149948 0.304805
-0.040000 0.074894 -0.148272 0.304805
-0.040000 0.074894 -0.146597 0.304805
-0.040000 0.074894 -0.144921 0.304805
-0.040000 0.074894 -0.143246 0.304805
-0.040000 0.074894 -0.141571 0.304805
-0.040000 0.074894 -0.139895 0.304805
-0.040000 0.074894 -0.138220 0.304805
-0.040000 0.074894 -0.136545 0.304805
-0.040000 0.074894 -0.134869 0.304805
-0.040000 0.074894 -0.133194 0.304805
-0.040000 0.074894 -0.131518 0.304805
-0.040000 0.074894 -0.129843 0.304805
-0.040000 0.074894 -0.128168 0.304805
-0.040000 0.074894 -0.126492 0.304805
-0.040000 0.074894 -0.124817 0.304805
-0.040000 0.074894 -0.123141 0.304805
-0.040000 0.074894 -0.121466 0.304805
-0.040000 0.074894 -0.119791 0.304805
-0.040000 0.074894 -0.118115 0.304805
-0.040000 0.074894 -0.116440 0.304805
-0.040000 0.074894 -0.114764 0.304805
-0.040000 0.074894 -0.113089 0.304805
-0.040000 0.074894 -0.111414 0.304805
-0.040000 0.074894 -0.109738 0.304805
-0.040000 0.074894 -0.108063 0.304805
-0.040000 0.074894 -0.106387 0.304805
-0.040000 0.074894 -0.104712 0.304805
-0.040000 0.074894 -0.103037 0.304805
-0.040000 0.074894 -0.101361 0.304805
-0.040000 0.074894 -0.099686 0.304805
-0.040000 0.074894 -0.098010 0.304805
-0.040000 0.074894 -0.096335 0.304805
-0.040000 0.074894 -0.094660 0.304805
-0.040000 0.074894 -0.092984 0.304805
-0.040000 0.074894 -0.091309 0.304805
-0.040000 0.074894 -0.089634 0.304805
-0.040000 0.074894 -0.087958 0.304805
-0.040000 0.074894 -0.086283 0.304805
-0.040000 0.074894 -0.084607 0.304805
-0.040000 0.074894 -0.082932 0.304805
-0.040000 0.074894 -0.081257 0.304805
-0.040000 0.074894 -0.079581 0.304805
-0.040000 0.074894 -0.077906 0.304805
-0.040000 0.074894 -0.076230 0.304805
-0.040000 0.074894 -0.074555 0.304805
-0.040000 0.074894 -0.072880 0.304805
-0.040000 0.074894 -0.071204 0.304805
-0.040000 0.074894 -0.069529 0.304805
-0.040000 0.074894 -0.067853 0.304805
-0.040000 0.074894 -0.066178 0.304805
-0.040000 0.074894 -0.064503 0.304805
-0.040000 0.074894 -0.062827 0.304805
-0.040000 0.074894 -0.061152 0.304805
-0.040000 0.074894 -0.059476 0.304805
-0.040000 0.074894 -0.057801 0.304805
-0.040000 0.074894 -0.056126 0.304805
-0.040000 0.074894 -0.054450 0.304805
-0.040000 0.074894 -0.052775 0.304805
-0.040000 0.074894 -0.051099 0.304805
-0.040000 0.074894 -0.049424 0.304805
-0.040000 0.074894 -0.047749 0.304805
-0.040000 0.074894 -0.046073 0.304805
-0.040000 0.074894 -0.044398 0.304805
-0.040000 0.074894 -0.042723 0.304805
-0.040000 0.074894 -0.041047 0.304805
-0.040000 0.074894 -0.039372 0.304805
-0.040000 0.074894 -0.037696 0.304805
-0.040000 0.074894 -0.036021 0.304805
-0.040000 0.074894 -0.034346 0.304805
-0.040000 0.074894 -0.032670 0.304805
-0.040000 0.074894 -0.030995 0.304805
-0.040000 0.074894 -0.029319 0.304805
-0.040000 0.074894 -0.027644 0.304805
-0.040000 0.074894 -0.025969 0.304805
-0.040000 0.074894 -0.024293 0.304805
-0.040000 0.074894 -0.022618 0.304805
-0.040000 0.074894 -0.020942 0.304805
-0.040000 0.074894 -0.019267 0.304805
-0.040000 0.074894 -0.017592 0.304805
-0.040000 0.074894 -0.015916 0.304805
-0.040000 0.074894 -0.014241 0.304805
-0.040000 0.074894 -0.012565 0.304805
-0.040000 0.074894 -0.010890 0.304805
-0.040000 0.074894 -0.009215 0.304805
-0.040000 0.074894 -0.007539 0.304805
-0.040000 0.074894 -0.005864 0.304805
-0.040000 0.074894 -0.004188 0.304805
-0.040000 0.074894 -0.002513 0.304805
-0.040000 0.074894 -0.000838 0.304805
-0.040000 0.074894 0.000838 0.304805
-0.040000 0.074894 0.002513 0.304805
-0.040000 0.074894 0.004188 0.304805
-0.040000 0.074894 0.005864 0.304805
-0.040000 0.074894 0.007539 0.304805
-0.040000 0.074894 0.009215 0.304805
-0.040000 0.074894 0.010890 0.304805
-0.040000 0.074894 0.012565 0.304805
-0.040000 0.074894 0.014241 0.304805
-0.040000 0.074894 0.015916 0.304805
-0.040000 0.074894 0.017592 0.304805
-0.040000 0.074894 0.019267 0.304805
-0.040000 0.074894 0.020942 0.304805
-0.040000 0.074894 0.022618 0.304805
-0.040000 0.074894 0.024293 0.304805
-0.040000 0.074894 0.025969 0.304805
-0.040000 0.074894 0.027644 0.304805
-0.040000 0.074894 0.029319 0.304805
-0.040000 0.074894 0.030995 0.304805
-0.040000 0.074894 0.032670 0.304805
-0.040000 0.074894 0.034346 0.304805
-0.040000 0.074894 0.036021 0.304805
-0.040000 0.074894 0.037696 0.304805
-0.040000 0.074894 0.039372 0.304805
-0.040000 0.074894 0.041047 0.304805
-0.040000 0.074894 0.042723 0.304805
-0.040000 0.074894 0.044398 0.304805
-0.040000 0.074894 0.046073 0.304805
-0.040000 0.074894 0.047749 0.304805
-0.040000 0.074894 0.049424 0.304805
-0.040000 0.074894 0.051099 0.304805
-0.040000 0.074894 0.052775 0.304805
-0.040000 0.074894 0.054450 0.304805
-0.040000 0.074894 0.056126 0.304805
-0.040000 0.074894 0.057801 0.304805
-0.040000 0.074894 0.059476 0.304805
-0.040000 0.074894 0.061152 0.304805
-0.040000 0.074894 0.062827 0.304805
-0.040000 0.074894 0.064503 0.304805
-0.040000 0.074894 0.066178 0.304805
-0.040000 0.074894 0.067853 0.304805
-0.040000 0.074894 0.069529 0.304805
-0.040000 0.074894 0.071204 0.304805
-0.040000 0.074894 0.072880 0.304805
-0.040000 0.074894 0.074555 0.304805
-0.040000 0.074894 0.076230 0.304805
-0.040000 0.074894 0.077906 0.304805
-0.040000 0.074894 0.079581 0.304805
-0.040000 0.074894 0.081257 0.304805
-0.040000 0.074894 0.082932 0.304805
-0.040000 0.074894 0.084607 0.304805
-0.040000 0.074894 0.086283 0.304805
-0.040000 0.074894 0.087958 0.304805
-0.040000 0.074894 0.089634 0.304805
-0.040000 0.074894 0.091309 0.304805
-0.040000 0.074894 0.092984 0.304805
-0.040000 0.074894 0.094660 0.304805
-0.040000 0.074894 0.096335 0.304805
-0.040000 0.074894 0.098010 0.304805
-0.040000 0.074894 0.099686 0.304805
-0.040000 0.074894 0.101361 0.304805
-0.040000 0.074894 0.103037 0.304805
-0.040000 0.074894 0.104712 0.304805
-0.040000 0.074894 0.106387 0.304805
-0.040000 0.074894 0.108063 0.304805
-0.040000 0.074894 0.109738 0.304805
-0.040000 0.074894 0.111414 0.304805
-0.040000 0.074894 0.113089 0.304805
-0.040000 0.074894 0.114764 0.304805
-0.040000 0.074894 0.116440 0.304805
-0.040000 0.074894 0.118115 0.304805
-0.040000 0.074894 0.119791 0.304805
-0.040000 0.074894 0.121466 0.304805
-0.040000 0.074894 0.123141 0.304805
-0.040000 0.074894 0.124817 0.304805
-0.040000 0.074894 0.126492 0.304805
-0.040000 0.074894 0.128168 0.304805
-0.040000 0.074894 0.129843 0.304805
-0.040000 0.074894 0.131518 0.304805
-0.040000 0.074894 0.133194 0.304805
-0.040000 0.074894 0.134869 0.304805
-0.040000 0.074894 0.136545 0.304805
-0.040000 0.074894 0.138220 0.304805
-0.040000 0.074894 0.139895 0.304805
-0.040000 0.074894 0.141571 0.304805
-0.040000 0.074894 0.143246 0.304805
-0.040000 0.074894 0.144921 0.304805
-0.040000 0.074894 0.146597 0.304805
-0.040000 0.074894 0.148272 0.304805
-0.040000 0.074894 0.149948 0.304805
-0.040000 0.074894 0.151623 0.304805
-0.040000 0.074894 0.153298 0.304805
-0.040000 0.074894 0.154974 0.304805
-0.040000 0.074894 0.156649 0.304805
-0.040000 0.074894 0.158325 0.304805
-0.040000 0.074894 0.160000 0.304805
-0.040000 0.076596 -0.160000 0.367902
-0.040000 0.076596 -0.158325 0.367902
-0.040000 0.076596 -0.156649 0.367902
-0.040000 0.076596 -0.154974 0.367902
-0.040000 0.076596 -0.153298 0.367902
-0.040000 0.076596 -0.151623 0.367902
-0.040000 0.076596 -0.149948 0.367902
-0.040000 0.076596 -0.148272 0.367902
-0.040000 0.076596 -0.146597 0.367902
-0.040000 0.076596 -0.144921 0.367902
-0.040000 0.076596 -0.143246 0.367902
-0.040000 0.076596 -0.141571 0.367902
-0.040000 0.076596 -0.139895 0.367902
-0.040000 0.076596 -0.138220 0.367902
-0.040000 0.076596 -0.136545 0.367902
-0.040000 0.076596 -0.134869 0.367902
-0.040000 0.076596 -0.133194 0.367902
-0.040000 0.076596 -0.131518 0.367902
-0.040000 0.076596 -0.129843 0.367902
-0.040000 0.076596 -0.128168 0.367902
-0.040000 0.076596 -0.126492 0.367902
-0.040000 0.076596 -0.124817 0.367902
-0.040000 0.076596 -0.123141 0.367902
-0.040000 0.076596 -0.121466 0.367902
-0.040000 0.076596 -0.119791 0.367902
-0.040000 0.076596 -0.118115 0.367902
-0.040000 0.076596 -0.116440 0.367902
-0.040000 0.076596 -0.114764 0.367902
-0.040000 0.076596 -0.113089 0.367902
-0.040000 0.076596 -0.111414 0.367902
-0.040000 0.076596 -0.109738 0.367902
-0.040000 0.076596 -0.108063 0.367902
-0.040000 0.076596 -0.106387 0.367902
-0.040000 0.076596 -0.104712 0.367902
-0.040000 0.076596 -0.103037 0.367902
-0.040000 0.076596 -0.101361 0.367902
-0.040000 0.076596 -0.099686 0.367902
-0.040000 0.076596 -0.098010 0.367902
-0.040000 0.076596 -0.096335 0.367902
-0.040000 0.076596 -0.094660 0.367902
-0.040000 0.076596 -0.092984 0.367902
-0.040000 0.076596 -0.091309 0.367902
-0.040000 0.076596 -0.089634 0.367902
-0.040000 0.076596 -0.087958 0.367902
-0.040000 0.076596 -0.086283 0.367902
-0.040000 0.076596 -0.084607 0.367902
-0.040000 0.076596 -0.082932 0.367902
-0.040000 0.076596 -0.081257 0.367902
-0.040000 0.076596 -0.079581 0.367902
-0.040000 0.076596 -0.077906 0.367902
-0.040000 0.076596 -0.076230 0.367902
-0.040000 0.076596 -0.074555 0.367902
-0.040000 0.076596 -0.072880 0.367902
-0.040000 0.076596 -0.071204 0.367902
-0.040000 0.076596 -0.069529 0.367902
-0.040000 0.076596 -0.067853 0.367902
-0.040000 0.076596 -0.066178 0.367902
-0.040000 0.076596 -0.064503 0.367902
-0.040000 0.076596 -0.062827 0.367902
-0.040000 0.076596 -0.061152 0.367902
-0.040000 0.076596 -0.059476 0.367902
-0.040000 0.076596 -0.057801 0.367902
-0.040000 0.076596 -0.056126 0.367902
-0.040000 0.076596 -0.054450 0.367902
-0.040000 0.076596 -0.052775 0.367902
-0.040000 0.076596 -0.051099 0.367902
-0.040000 0.076596 -0.049424 0.367902
-0.040000 0.076596 -0.047749 0.367902
-0.040000 0.076596 -0.046073 0.367902
-0.040000 0.076596 -0.044398 0.367902
-0.040000 0.076596 -0.042723 0.367902
-0.040000 0.076596 -0.041047 0.367902
-0.040000 0.076596 -0.039372 0.367902
-0.040000 0.076596 -0.037696 0.367902
-0.040000 0.076596 -0.036021 0.367902
-0.040000 0.076596 -0.034346 0.367902
-0.040000 0.076596 -0.032670 0.367902
-0.040000 0.076596 -0.030995 0.367902
-0.040000 0.076596 -0.029319 0.367902
-0.040000 0.076596 -0.027644 0.367902
-0.040000 0.076596 -0.025969 0.367902
-0.040000 0.076596 -0.024293 0.367902
-0.040000 0.076596 -0.022618 0.367902
-0.040000 0.076596 -0.020942 0.367902
-0.040000 0.076596 -0.019267 0.367902
-0.040000 0.076596 -0.017592 0.367902
-0.040000 0.076596 -0.015916 0.367902
-0.040000 0.076596 -0.014241 0.367902
-0.040000 0.076596 -0.012565 0.367902
-0.040000 0.076596 -0.010890 0.367902
-0.040000 0.076596 -0.009215 0.367902
-0.040000 0.076596 -0.007539 0.367902
-0.040000 0.076596 -0.005864 0.367902
-0.040000 0.076596 -0.004188 0.367902
-0.040000 0.076596 -0.002513 0.367902
-0.040000 0.076596 -0.000838 0.367902
-0.040000 0.076596 0.000838 0.367902
-0.040000 0.076596 0.002513 0.367902
-0.040000 0.076596 0.004188 0.367902
-0.040000 0.076596 0.005864 0.367902
-0.040000 0.076596 0.007539 0.367902
-0.040000 0.076596 0.009215 0.367902
-0.040000 0.076596 0.010890 0.367902
-0.040000 0.076596 0.012565 0.367902
-0.040000 0.076596 0.014241 0.367902
-0.040000 0.076596 0.015916 0.367902
-0.040000 0.076596 0.017592 0.367902
-0.040000 0.076596 0.019267 0.367902
-0.040000 0.076596 0.020942 0.367902
-0.040000 0.076596 0.022618 0.367902
-0.040000 0.076596 0.024293 0.367902
-0.040000 0.076596 0.025969 0.367902
-0.040000 0.076596 0.027644 0.367902
-0.040000 0.076596 0.029319 0.367902
-0.040000 0.076596 0.030995 0.367902
-0.040000 0.076596 0.032670 0.367902
-0.040000 0.076596 0.034346 0.367902
-0.040000 0.076596 0.036021 0.367902
-0.040000 0.076596 0.037696 0.367902
-0.040000 0.076596 0.039372 0.367902
-0.040000 0.076596 0.041047 0.367902
-0.040000 0.076596 0.042723 0.367902
-0.040000 0.076596 0.044398 0.367902
-0.040000 0.076596 0.046073 0.367902
-0.040000 0.076596 0.047749 0.367902
-0.040000 0.076596 0.049424 0.367902
-0.040000 0.076596 0.051099 0.367902
-0.040000 0.076596 0.052775 0.367902
-0.040000 0.076596 0.054450 0.367902
-0.040000 0.076596 0.056126 0.367902
-0.040000 0.076596 0.057801 0.367902
-0.040000 0.076596 0.059476 0.367902
-0.040000 0.076596 0.061152 0.367902
-0.040000 0.076596 0.062827 0.367902
-0.040000 0.076596 0.064503 0.367902
-0.040000 0.076596 0.066178 0.367902
-0.040000 0.076596 0.067853 0.367902
-0.040000 0.076596 0.069529 0.367902
-0.040000 0.076596 0.071204 0.367902
-0.040000 0.076596 0.072880 0.367902
-0.040000 0.076596 0.074555 0.367902
-0.040000 0.076596 0.076230 0.367902
-0.040000 0.076596 0.077906 0.367902
-0.040000 0.076596 0.079581 0.367902
-0.040000 0.076596 0.081257 0.367902
-0.040000 0.076596 0.082932 0.367902
-0.040000 0.076596 0.084607 0.367902
-0.040000 0.076596 0.086283 0.367902
-0.040000 0.076596 0.087958 0.367902
-0.040000 0.076596 0.089634 0.367902
-0.040000 0.076596 0.091309 0.367902
-0.040000 0.076596 0.092984 0.367902
-0.040000 0.076596 0.094660 0.367902
-0.040000 0.076596 0.096335 0.367902
-0.040000 0.076596 0.098010 0.367902
-0.040000 0.076596 0.099686 0.367902
-0.040000 0.076596 0.101361 0.367902
-0.040000 0.076596 0.103037 0.367902
-0.040000 0.076596 0.104712 0.367902
-0.040000 0.076596 0.106387 0.367902
-0.040000 0.076596 0.108063 0.367902
-0.040000 0.076596 0.109738 0.367902
-0.040000 0.076596 0.111414 0.367902
-0.040000 0.076596 0.113089 0.367902
-0.040000 0.076596 0.114764 0.367902
-0.040000 0.076596 0.116440 0.367902
-0.040000 0.076596 0.118115 0.367902
-0.040000 0.076596 0.119791 0.367902
-0.040000 0.076596 0.121466 0.367902
-0.040000 0.076596 0.123141 0.367902
-0.040000 0.076596 0.124817 0.367902
-0.040000 0.076596 0.126492 0.367902
-0.040000 0.076596 0.128168 0.367902
-0.040000 0.076596 0.129843 0.367902
-0.040000 0.076596 0.131518 0.367902
-0.040000 0.076596 0.133194 0.367902
-0.040000 0.076596 0.134869 0.367902
-0.040000 0.076596 0.136545 0.367902
-0.040000 0.076596 0.138220 0.367902
-0.040000 0.076596 0.139895 0.367902
-0.040000 0.076596 0.141571 0.367902
-0.040000 0.076596 0.143246 0.367902
-0.040000 0.076596 0.144921 0.367902
-0.040000 0.076596 0.146597 0.367902
-0.040000 0.076596 0.148272 0.367902
-0.040000 0.076596 0.149948 0.367902
-0.040000 0.076596 0.151623 0.367902
-0.040000 0.076596 0.153298 0.367902
-0.040000 0.076596 0.154974 0.367902
-0.040000 0.076596 0.156649 0.367902
-0.040000 0.076596 0.158325 0.367902
-0.040000 0.076596 0.160000 0.367902
-0.040000 0.078298 -0.160000 0.433357
-0.040000 0.078298 -0.158325 0.433357
-0.040000 0.078298 -0.156649 0.433357
-0.040000 0.078298 -0.154974 0.433357
-0.040000 0.078298 -0.153298 0.433357
-0.040000 0.078298 -0.151623 0.433357
-0.040000 0.078298 -0.149948 0.433357
-0.040000 0.078298 -0.148272 0.433357
-0.040000 0.078298 -0.146597 0.433357
-0.040000 0.078298 -0.144921 0.433357
-0.040000 0.078298 -0.143246 0.433357
-0.040000 0.078298 -0.141571 0.433357
-0.040000 0.078298 -0.139895 0.433357
-0.040000 0.078298 -0.138220 0.433357
-0.040000 0.078298 -0.136545 0.433357
-0.040000 0.078298 -0.134869 0.433357
-0.040000 0.078298 -0.133194 0.433357
-0.040000 0.078298 -0.131518 0.433357
-0.040000 0.078298 -0.129843 0.433357
-0.040000 0.078298 -0.128168 0.433357
-0.040000 0.078298 -0.126492 0.433357
-0.040000 0.078298 -0.124817 0.433357
-0.040000 0.078298 -0.123141 0.433357
-0.040000 0.078298 -0.121466 0.433357
-0.040000 0.078298 -0.119791 0.433357
-0.040000 0.078298 -0.118115 0.433357
-0.040000 0.078298 -0.116440 0.433357
-0.040000 0.078298 -0.114764 0.433357
-0.040000 0.078298 -0.113089 0.433357
-0.040000 0.078298 -0.111414 0.433357
-0.040000 0.078298 -0.109738 0.433357
-0.040000 0.078298 -0.108063 0.433357
-0.040000 0.078298 -0.106387 0.433357
-0.040000 0.078298 -0.104712 0.433357
-0.040000 0.078298 -0.103037 0.433357
-0.040000 0.078298 -0.101361 0.433357
-0.040000 0.078298 -0.099686 0.433357
-0.040000 0.078298 -0.098010 0.433357
-0.040000 0.078298 -0.096335 0.433357
-0.040000 0.078298 -0.094660 0.433357
-0.040000 0.078298 -0.092984 0.433357
-0.040000 0.078298 -0.091309 0.433357
-0.040000 0.078298 -0.089634 0.433357
-0.040000 0.078298 -0.087958 0.433357
-0.040000 0.078298 -0.086283 0.433357
-0.040000 0.078298 -0.084607 0.433357
-0.040000 0.078298 -0.082932 0.433357
-0.040000 0.078298 -0.081257 0.433357
-0.040000 0.078298 -0.079581 0.433357
-0.040000 0.078298 -0.077906 0.433357
-0.040000 0.078298 -0.076230 0.433357
-0.040000 0.078298 -0.074555 0.433357
-0.040000 0.078298 -0.072880 0.433357
-0.040000 0.078298 -0.071204 0.433357
-0.040000 0.078298 -0.069529 0.433357
-0.040000 0.078298 -0.067853 0.433357
-0.040000 0.078298 -0.066178 0.433357
-0.040000 0.078298 -0.064503 0.433357
-0.040000 0.078298 -0.062827 0.433357
-0.040000 0.078298 -0.061152 0.433357
-0.040000 0.078298 -0.059476 0.433357
-0.040000 0.078298 -0.057801 0.433357
-0.040000 0.078298 -0.056126 0.433357
-0.040000 0.078298 -0.054450 0.433357
-0.040000 0.078298 -0.052775 0.433357
-0.040000 0.078298 -0.051099 0.433357
-0.040000 0.078298 -0.049424 0.433357
-0.040000 0.078298 -0.047749 0.433357
-0.040000 0.078298 -0.046073 0.433357
-0.040000 0.078298 -0.044398 0.433357
-0.040000 0.078298 -0.042723 0.433357
-0.040000 0.078298 -0.041047 0.433357
-0.040000 0.078298 -0.039372 0.433357
-0.040000 0.078298 -0.037696 0.433357
-0.040000 0.078298 -0.036021 0.433357
-0.040000 0.078298 -0.034346 0.433357
-0.040000 0.078298 -0.032670 0.433357
-0.040000 0.078298 -0.030995 0.433357
-0.040000 0.078298 -0.029319 0.433357
-0.040000 0.078298 -0.027644 0.433357
-0.040000 0.078298 -0.025969 0.433357
-0.040000 0.078298 -0.024293 0.433357
-0.040000 0.078298 -0.022618 0.433357
-0.040000 0.078298 -0.020942 0.433357
-0.040000 0.078298 -0.019267 0.433357
-0.040000 0.078298 -0.017592 0.433357
-0.040000 0.078298 -0.015916 0.433357
-0.040000 0.078298 -0.014241 0.433357
-0.040000 0.078298 -0.012565 0.433357
-0.040000 0.078298 -0.010890 0.433357
-0.040000 0.078298 -0.009215 0.433357
-0.040000 0.078298 -0.007539 0.433357
-0.040000 0.078298 -0.005864 0.433357
-0.040000 0.078298 -0.004188 0.433357
-0.040000 0.078298 -0.002513 0.433357
-0.040000 0.078298 -0.000838 0.433357
-0.040000 0.078298 0.000838 0.433357
-0.040000 0.078298 0.002513 0.433357
-0.040000 0.078298 0.004188 0.433357
-0.040000 0.078298 0.005864 0.433357
-0.040000 0.078298 0.007539 0.433357
-0.040000 0.078298 0.009215 0.433357
-0.040000 0.078298 0.010890 0.433357
-0.040000 0.078298 0.012565 0.433357
-0.040000 0.078298 0.014241 0.433357
-0.040000 0.078298 0.015916 0.433357
-0.040000 0.078298 0.017592 0.433357
-0.040000 0.078298 0.019267 0.433357
-0.040000 0.078298 0.020942 0.433357
-0.040000 0.078298 0.022618 0.433357
-0.040000 0.078298 0.024293 0.433357
-0.040000 0.078298 0.025969 0.433357
-0.040000 0.078298 0.027644 0.433357
-0.040000 0.078298 0.029319 0.433357
-0.040000 0.078298 0.030995 0.433357
-0.040000 0.078298 0.032670 0.433357
-0.040000 0.078298 0.034346 0.433357
-0.040000 0.078298 0.036021 0.433357
-0.040000 0.078298 0.037696 0.433357
-0.040000 0.078298 0.039372 0.433357
-0.040000 0.078298 0.041047 0.433357
-0.040000 0.078298 0.042723 0.433357
-0.040000 0.078298 0.044398 0.433357
-0.040000 0.078298 0.046073 0.433357
-0.040000 0.078298 0.047749 0.433357
-0.040000 0.078298 0.049424 0.433357
-0.040000 0.078298 0.051099 0.433357
-0.040000 0.078298 0.052775 0.433357
-0.040000 0.078298 0.054450 0.433357
-0.040000 0.078298 0.056126 0.433357
-0.040000 0.078298 0.057801 0.433357
-0.040000 0.078298 0.059476 0.433357
-0.040000 0.078298 0.061152 0.433357
-0.040000 0.078298 0.062827 0.433357
-0.040000 0.078298 0.064503 0.433357
-0.040000 0.078298 0.066178 0.433357
-0.040000 0.078298 0.067853 0.433357
-0.040000 0.078298 0.069529 0.433357
-0.040000 0.078298 0.071204 0.433357
-0.040000 0.078298 0.072880 0.433357
-0.040000 0.078298 0.074555 0.433357
-0.040000 0.078298 0.076230 0.433357
-0.040000 0.078298 0.077906 0.433357
-0.040000 0.078298 0.079581 0.433357
-0.040000 0.078298 0.081257 0.433357
-0.040000 0.078298 0.082932 0.433357
-0.040000 0.078298 0.084607 0.433357
-0.040000 0.078298 0.086283 0.433357
-0.040000 0.078298 0.087958 0.433357
-0.040000 0.078298 0.089634 0.433357
-0.040000 0.078298 0.091309 0.433357
-0.040000 0.078298 0.092984 0.433357
-0.040000 0.078298 0.094660 0.433357
-0.040000 0.078298 0.096335 0.433357
-0.040000 0.078298 0.098010 0.433357
-0.040000 0.078298 0.099686 0.433357
-0.040000 0.078298 0.101361 0.433357
-0.040000 0.078298 0.103037 0.433357
-0.040000 0.078298 0.104712 0.433357
-0.040000 0.078298 0.106387 0.433357
-0.040000 0.078298 0.108063 0.433357
-0.040000 0.078298 0.109738 0.433357
-0.040000 0.078298 0.111414 0.433357
-0.040000 0.078298 0.113089 0.433357
-0.040000 0.078298 0.114764 0.433357
-0.040000 0.078298 0.116440 0.433357
-0.040000 0.078298 0.118115 0.433357
-0.040000 0.078298 0.119791 0.433357
-0.040000 0.078298 0.121466 0.433357
-0.040000 0.078298 0.123141 0.433357
-0.040000 0.078298 0.124817 0.433357
-0.040000 0.078298 0.126492 0.433357
-0.040000 0.078298 0.128168 0.433357
-0.040000 0.078298 0.129843 0.433357
-0.040000 0.078298 0.131518 0.433357
-0.040000 0.078298 0.133194 0.433357
-0.040000 0.078298 0.134869 0.433357
-0.040000 0.078298 0.136545 0.433357
-0.040000 0.078298 0.138220 0.433357
-0.040000 0.078298 0.139895 0.433357
-0.040000 0.078298 0.141571 0.433357
-0.040000 0.078298 0.143246 0.433357
-0.040000 0.078298 0.144921 0.433357
-0.040000 0.078298 0.146597 0.433357
-0.040000 0.078298 0.148272 0.433357
-0.040000 0.078298 0.149948 0.433357
-0.040000 0.078298 0.151623 0.433357
-0.040000 0.078298 0.153298 0.433357
-0.040000 0.078298 0.154974 0.433357
-0.040000 0.078298 0.156649 0.433357
-0.040000 0.078298 0.158325 0.433357
-0.040000 0.078298 0.160000 0.433357
-0.040000 0.080000 -0.160000 0.500000
-0.040000 0.080000 -0.158325 0.500000
-0.040000 0.080000 -0.156649 0.500000
-0.040000 0.080000 -0.154974 0.500000
-0.040000 0.080000 -0.153298 0.500000
-0.040000 0.080000 -0.151623 0.500000
-0.040000 0.080000 -0.149948 0.500000
-0.040000 0.080000 -0.148272 0.500000
-0.040000 0.080000 -0.146597 0.500000
-0.040000 0.080000 -0.144921 0.500000
-0.040000 0.080000 -0.143246 0.500000
-0.040000 0.080000 -0.141571 0.500000
-0.040000 0.080000 -0.139895 0.500000
-0.040000 0.080000 -0.138220 0.500000
-0.040000 0.080000 -0.136545 0.500000
-0.040000 0.080000 -0.134869 0.500000
-0.040000 0.080000 -0.133194 0.500000
-0.040000 0.080000 -0.131518 0.500000
-0.040000 0.080000 -0.129843 0.500000
-0.040000 0.080000 -0.128168 0.500000
-0.040000 0.080000 -0.126492 0.500000
-0.040000 0.080000 -0.124817 0.500000
-0.040000 0.080000 -0.123141 0.500000
-0.040000 0.080000 -0.121466 0.500000
-0.040000 0.080000 -0.119791 0.500000
-0.040000 0.080000 -0.118115 0.500000
-0.040000 0.080000 -0.116440 0.500000
-0.040000 0.080000 -0.114764 0.500000
-0.040000 0.080000 -0.113089 0.500000
-0.040000 0.080000 -0.111414 0.500000
-0.040000 0.080000 -0.109738 0.500000
-0.040000 0.080000 -0.108063 0.500000
-0.040000 0.080000 -0.106387 0.500000
-0.040000 0.080000 -0.104712 0.500000
-0.040000 0.080000 -0.103037 0.500000
-0.040000 0.080000 -0.101361 0.500000
-0.040000 0.080000 -0.099686 0.500000
-0.040000 0.080000 -0.098010 0.500000
-0.040000 0.080000 -0.096335 0.500000
-0.040000 0.080000 -0.094660 0.500000
-0.040000 0.080000 -0.092984 0.500000
-0.040000 0.080000 -0.091309 0.500000
-0.040000 0.080000 -0.089634 0.500000
-0.040000 0.080000 -0.087958 0.500000
-0.040000 0.080000 -0.086283 0.500000
-0.040000 0.080000 -0.084607 0.500000
-0.040000 0.080000 -0.082932 0.500000
-0.040000 0.080000 -0.081257 0.500000
-0.040000 0.080000 -0.079581 0.500000
-0.040000 0.080000 -0.077906 0.500000
-0.040000 0.080000 -0.076230 0.500000
-0.040000 0.080000 -0.074555 0.500000
-0.040000 0.080000 -0.072880 0.500000
-0.040000 0.080000 -0.071204 0.500000
-0.040000 0.080000 -0.069529 0.500000
-0.040000 0.080000 -0.067853 0.500000
-0.040000 0.080000 -0.066178 0.500000
-0.040000 0.080000 -0.064503 0.500000
-0.040000 0.080000 -0.062827 0.500000
-0.040000 0.080000 -0.061152 0.500000
-0.040000 0.080000 -0.059476 0.500000
-0.040000 0.080000 -0.057801 0.500000
-0.040000 0.080000 -0.056126 0.500000
-0.040000 0.080000 -0.054450 0.500000
-0.040000 0.080000 -0.052775 0.500000
-0.040000 0.080000 -0.051099 0.500000
-0.040000 0.080000 -0.049424 0.500000
-0.040000 0.080000 -0.047749 0.500000
-0.040000 0.080000 -0.046073 0.500000
-0.040000 0.080000 -0.044398 0.500000
-0.040000 0.080000 -0.042723 0.500000
-0.040000 0.080000 -0.041047 0.500000
-0.040000 0.080000 -0.039372 0.500000
-0.040000 0.080000 -0.037696 0.500000
-0.040000 0.080000 -0.036021 0.500000
-0.040000 0.080000 -0.034346 0.500000
-0.040000 0.080000 -0.032670 0.500000
-0.040000 0.080000 -0.030995 0.500000
-0.040000 0.080000 -0.029319 0.500000
-0.040000 0.080000 -0.027644 0.500000
-0.040000 0.080000 -0.025969 0.500000
-0.040000 0.080000 -0.024293 0.500000
-0.040000 0.080000 -0.022618 0.500000
-0.040000 0.080000 -0.020942 0.500000
-0.040000 0.080000 -0.019267 0.500000
-0.040000 0.080000 -0.017592 0.500000
-0.040000 0.080000 -0.015916 0.500000
-0.040000 0.080000 -0.014241 0.500000
-0.040000 0.080000 -0.012565 0.500000
-0.040000 0.080000 -0.010890 0.500000
-0.040000 0.080000 -0.009215 0.500000
-0.040000 0.080000 -0.007539 0.500000
-0.040000 0.080000 -0.005864 0.500000
-0.040000 0.080000 -0.004188 0.500000
-0.040000 0.080000 -0.002513 0.500000
-0.040000 0.080000 -0.000838 0.500000
-0.040000 0.080000 0.000838 0.500000
-0.040000 0.080000 0.002513 0.500000
-0.040000 0.080000 0.004188 0.500000
-0.040000 0.080000 0.005864 0.500000
-0.040000 0.080000 0.007539 0.500000
-0.040000 0.080000 0.009215 0.500000
-0.040000 0.080000 0.010890 0.500000
-0.040000 0.080000 0.012565 0.500000
-0.040000 0.080000 0.014241 0.500000
-0.040000 0.080000 0.015916 0.500000
-0.040000 0.080000 0.017592 0.500000
-0.040000 0.080000 0.019267 0.500000
-0.040000 0.080000 0.020942 0.500000
-0.040000 0.080000 0.022618 0.500000
-0.040000 0.080000 0.024293 0.500000
-0.040000 0.080000 0.025969 0.500000
-0.040000 0.080000 0.027644 0.500000
-0.040000 0.080000 0.029319 0.500000
-0.040000 0.080000 0.030995 0.500000
-0.040000 0.080000 0.032670 0.500000
-0.040000 0.080000 0.034346 0.500000
-0.040000 0.080000 0.036021 0.500000
-0.040000 0.080000 0.037696 0.500000
-0.040000 0.080000 0.039372 0.500000
-0.040000 0.080000 0.041047 0.500000
-0.040000 0.080000 0.042723 0.500000
-0.040000 0.080000 0.044398 0.500000
-0.040000 0.080000 0.046073 0.500000
-0.040000 0.080000 0.047749 0.500000
-0.040000 0.080000 0.049424 0.500000
-0.040000 0.080000 0.051099 0.500000
-0.040000 0.080000 0.052775 0.500000
-0.040000 0.080000 0.054450 0.500000
-0.040000 0.080000 0.056126 0.500000
-0.040000 0.080000 0.057801 0.500000
-0.040000 0.080000 0.059476 0.500000
-0.040000 0.080000 0.061152 0.500000
-0.040000 0.080000 0.062827 0.500000
-0.040000 0.080000 0.064503 0.500000
-0.040000 0.080000 0.066178 0.500000
-0.040000 0.080000 0.067853 0.500000
-0.040000 0.080000 0.069529 0.500000
-0.040000 0.080000 0.071204 0.500000
-0.040000 0.080000 0.072880 0.500000
-0.040000 0.080000 0.074555 0.500000
-0.040000 0.080000 0.076230 0.500000
-0.040000 0.080000 0.077906 0.500000
-0.040000 0.080000 0.079581 0.500000
-0.040000 0.080000 0.081257 0.500000
-0.040000 0.080000 0.082932 0.500000
-0.040000 0.080000 0.084607 0.500000
-0.040000 0.080000 0.086283 0.500000
-0.040000 0.080000 0.087958 0.500000
-0.040000 0.080000 0.089634 0.500000
-0.040000 0.080000 0.091309 0.500000
-0.040000 0.080000 0.092984 0.500000
-0.040000 0.080000 0.094660 0.500000
-0.040000 0.080000 0.096335 0.500000
-0.040000 0.080000 0.098010 0.500000
-0.040000 0.080000 0.099686 0.500000
-0.040000 0.080000 0.101361 0.500000
-0.040000 0.080000 0.103037 0.500000
-0.040000 0.080000 0.104712 0.500000
-0.040000 0.080000 0.106387 0.500000
-0.040000 0.080000 0.108063 0.500000
-0.040000 0.080000 0.109738 0.500000
-0.040000 0.080000 0.111414 0.500000
-0.040000 0.080000 0.113089 0.500000
-0.040000 0.080000 0.114764 0.500000
-0.040000 0.080000 0.116440 0.500000
-0.040000 0.080000 0.118115 0.500000
-0.040000 0.080000 0.119791 0.500000
-0.040000 0.080000 0.121466 0.500000
-0.040000 0.080000 0.123141 0.500000
-0.040000 0.080000 0.124817 0.500000
-0.040000 0.080000 0.126492 0.500000
-0.040000 0.080000 0.128168 0.500000
-0.040000 0.080000 0.129843 0.500000
-0.040000 0.080000 0.131518 0.500000
-0.040000 0.080000 0.133194 0.500000
-0.040000 0.080000 0.134869 0.500000
-0.040000 0.080000 0.136545 0.500000
-0.040000 0.080000 0.138220 0.500000
-0.040000 0.080000 0.139895 0.500000
-0.040000 0.080000 0.141571 0.500000
-0.040000 0.080000 0.143246 0.500000
-0.040000 0.080000 0.144921 0.500000
-0.040000 0.080000 0.146597 0.500000
-0.040000 0.080000 0.148272 0.500000
-0.040000 0.080000 0.149948 0.500000
-0.040000 0.080000 0.151623 0.500000
-0.040000 0.080000 0.153298 0.500000
-0.040000 0.080000 0.154974 0.500000
-0.040000 0.080000 0.156649 0.500000
-0.040000 0.080000 0.158325 0.500000
-0.040000 0.080000 0.160000 0.500000
